id,text,sentence,type
e1,Lausanne is a district of the Canton of Vaud.,Lausanne. District of the Canton of Vaud.,administration
e2,The district capital is the city of Lausanne.,The district capital is the city of Lausanne.,administration
e3,The district lies in the southern section of the canton and on the shore of Lake Geneva.,The district lies in the southern section of the canton and on the shore of Lake Geneva.,land_use
e4,"The district borders Échallens district to the north, Lavaux district to the east, Lake Geneva to the south, and Morges district to the west.","It borders to the north on the Échallens district, to the east on the Lavaux district, to the south on the lake, and to the west on the Morges district.",administration
e5,"The district's northwest corner touches Cossonay district for a short distance, and its northeast corner borders Oron district.","Its northwest corner also touches, for a short distance, the Cossonay district, and its northeast corner similarly borders the Oron district.",administration
e6,"With its 8300 ha area, Lausanne district is one of the smallest districts of the canton.","With its 8300 ha area, it is one of the smallest districts of the canton.",administration
e7,"The watercourses flowing to Lake Geneva from the southern slope belong to the Rhone catchment, the others to that of the Aare.","The watercourses flowing to Lake Geneva from the southern slope belong to the Rhone catchment, the others to that of the Aare.",climate_environment
e8,The Sorge and Mèbre rivers unite near Lake Geneva to form the Chamberonne.,"Flowing into Lake Geneva from west to east are: the Sorge and Mèbre, which unite near the lake to form the Chamberonne;",climate_environment
e9,"The Flon flows through the city of Lausanne and receives the Louve, its largest tributary","the Flon, which flows through the city of Lausanne and there receives the Louve, its largest tributary;",land_use
e10,The small Vuachère passes east of Lausanne,"the small Vuachère passing east of Lausanne, and finally the Paudèze with its tributaries Chandelard and Flon-Morand (the Chandelard and Paudèze spring in the Lavaux district).",land_use
e11,The Paudèze has tributaries Chandelard and Flon-Morand,"the small Vuachère passing east of Lausanne, and finally the Paudèze with its tributaries Chandelard and Flon-Morand (the Chandelard and Paudèze spring in the Lavaux district).",land_use
e12,The Chandelard and Paudèze spring in the Lavaux district,"the small Vuachère passing east of Lausanne, and finally the Paudèze with its tributaries Chandelard and Flon-Morand (the Chandelard and Paudèze spring in the Lavaux district).",land_use
e13,"In the northeastern section of the district draining into the Aare catchment, the only notable watercourse is the Talent","In the northeastern section of the district draining into the Aare catchment, the only notable watercourse is the Talent, which springs near Chalet à Gobet and flows into the Orbe (Thièle).",land_use
e14,The Talent springs near Chalet à Gobet and flows into the Orbe (Thièle),"In the northeastern section of the district draining into the Aare catchment, the only notable watercourse is the Talent, which springs near Chalet à Gobet and flows into the Orbe (Thièle).",land_use
e15,The Bressonnaz river flows into the Broye river.,"A small area in this region is also traversed by the Bressonnaz, which flows into the Broye.",land_use
e16,The valleys of the Mèbre and the Flon widen into larger plains in their lower courses.,"The valleys of some, such as the Mèbre and the Flon, widen into larger plains in their lower courses.",land_use
e17,The district's share of Lake Geneva's shore extends from the mouth of the Chamberonne to Paudex for 8 km.,"The district's share of Lake Geneva's shore, from the mouth of the Chamberonne to Paudex, extends for 8 km.",land_use
e18,"The Lausanne district comprises 3 circles: Romanel in the west and north; Lausanne in the middle, extending from the southwest to the northeast end of the district; and Pully in the southeast.","The Lausanne district comprises 3 circles: Romanel in the west and north; Lausanne in the middle, extending from the southwest to the northeast end of the district; and Pully in the southeast.",administration
e19,The Lausanne circle has an exclave (Les Vernands) within the Romanel circle.,The Lausanne circle also has an exclave (Les Vernands) within the Romanel circle.,administration
e20,"There are 12 municipalities distributed among the circles: Romanel circle includes Cheseaux, Crissier, Jouxtens-Mézery, Le Mont, Prilly, Renens, Romanel; Pully circle includes Belmont, Epalinges, Paudex, Pully.","There are 12 municipalities, as follows: in the Romanel circle: Cheseaux, Crissier, Jouxtens-Mézery, Le Mont, Prilly, Renens, Romanel; in the Pully circle: Belmont, Epalinges, Paudex, Pully;",administration
e21,The municipality of Lausanne covers nearly half the district by area,"and in the Lausanne circle only the nearly 4000 ha large municipality of Lausanne itself, which thus covers nearly half the district by area.",administration
e22,The city of Lausanne and its surroundings occupy an area of approximately 900 ha,"The city of Lausanne and its surroundings occupy an area of approximately 900 ha, which also includes the overwhelming majority of the district's inhabitants.",land_use
e23,Population growth is primarily concentrated in the city and surroundings.,"This growth is primarily concentrated in the city, while rural areas grow significantly slower.",demography
e24,Population development shows continuous growth in all sub-regions.,Population development shows continuous growth in all sub-regions.,demography
e25,"Population in the city and surroundings was 45,732 inhabitants in 1900.","In 1900, the city and surroundings had 45,732 inhabitants, the countryside 10,633, and the entire district 56,365 inhabitants.",demography
e26,"Population in the countryside was 10,633 inhabitants in 1900.","In 1900, the city and surroundings had 45,732 inhabitants, the countryside 10,633, and the entire district 56,365 inhabitants.",demography
e27,"Population in the entire district was 56,365 inhabitants in 1900.","In 1900, the city and surroundings had 45,732 inhabitants, the countryside 10,633, and the entire district 56,365 inhabitants.",demography
e28,"Population in the entire district was 41,076 inhabitants in 1888.","Comparing these numbers with earlier dates reveals a significant increase: in 1888, the entire district had 41,076 inhabitants, in 1880 there were 36,589, in 1870 about 32,377, and in 1860 only 26,790 inhabitants.",demography
e29,"Population in the entire district was 36,589 inhabitants in 1880.","Comparing these numbers with earlier dates reveals a significant increase: in 1888, the entire district had 41,076 inhabitants, in 1880 there were 36,589, in 1870 about 32,377, and in 1860 only 26,790 inhabitants.",demography
e30,"Population in the entire district was about 32,377 inhabitants in 1870.","Comparing these numbers with earlier dates reveals a significant increase: in 1888, the entire district had 41,076 inhabitants, in 1880 there were 36,589, in 1870 about 32,377, and in 1860 only 26,790 inhabitants.",demography
e31,"Population in the entire district was 26,790 inhabitants in 1860.","Comparing these numbers with earlier dates reveals a significant increase: in 1888, the entire district had 41,076 inhabitants, in 1880 there were 36,589, in 1870 about 32,377, and in 1860 only 26,790 inhabitants.",demography
e32,"The district's total population is 56,365 in 1900","The district’s total population of 56,365 includes a large majority of French speakers (44,120 people), while German (7,178) and Italian (3,568) speakers form significantly smaller groups; Romansh speakers (19) and other language groups (1,480) are present only in very small numbers.",demography
e33,"French speakers form the majority with 44,120 people in the district in 1900","The district’s total population of 56,365 includes a large majority of French speakers (44,120 people), while German (7,178) and Italian (3,568) speakers form significantly smaller groups; Romansh speakers (19) and other language groups (1,480) are present only in very small numbers.",demography
e34,"German speakers number 7,178 in the district in 1900","The district’s total population of 56,365 includes a large majority of French speakers (44,120 people), while German (7,178) and Italian (3,568) speakers form significantly smaller groups; Romansh speakers (19) and other language groups (1,480) are present only in very small numbers.",demography
e35,"Italian speakers number 3,568 in the district in 1900","The district’s total population of 56,365 includes a large majority of French speakers (44,120 people), while German (7,178) and Italian (3,568) speakers form significantly smaller groups; Romansh speakers (19) and other language groups (1,480) are present only in very small numbers.",demography
e36,Romansh speakers number 19 in the district in 1900,"The district’s total population of 56,365 includes a large majority of French speakers (44,120 people), while German (7,178) and Italian (3,568) speakers form significantly smaller groups; Romansh speakers (19) and other language groups (1,480) are present only in very small numbers.",demography
e37,"Other language groups number 1,480 in the district in 1900","The district’s total population of 56,365 includes a large majority of French speakers (44,120 people), while German (7,178) and Italian (3,568) speakers form significantly smaller groups; Romansh speakers (19) and other language groups (1,480) are present only in very small numbers.",demography
e38,"Reformed confession dominates with 45,215 persons in the district in 1900","Confessionally, the Reformed dominate with 45,215 persons, while 10,422 inhabitants are Catholic, the majority of whom live in the city.",demography
e39,"Catholics number 10,422 in the district in 1900, majority living in the city","Confessionally, the Reformed dominate with 45,215 persons, while 10,422 inhabitants are Catholic, the majority of whom live in the city.",demography
e40,There are 491 Jews in the district in 1900,Other groups include 491 Jews and 237 adherents of other faiths.,demography
e41,There are 237 adherents of other faiths in the district in 1900,Other groups include 491 Jews and 237 adherents of other faiths.,demography
e42,"The district comprises 4,205 houses and 12,076 households in 1900","Finally, the district comprises a total of 4,205 houses and 12,076 households, providing further insight into settlement structures and social organization.",settlement
e43,Numerous railway lines traverse the district radiating out from Lausanne in all directions,"Numerous railway lines traverse the district, radiating out from Lausanne in all directions.",transport
e44,"Railway lines include routes to Geneva-Lyon, Vallorbe (with a branch to the Vallée de Joux), Pontarlier-Paris, Yverdon-Neuchâtel, Fribourg-Bern (with a branch in Palézieux to Moudon-Payerne-Lyss), and Saint Maurice-Brig-Simplon","These include lines to Geneva-Lyon, Vallorbe (with a branch to the Vallée de Joux), Pontarlier-Paris, Yverdon-Neuchâtel, Fribourg-Bern (with a branch in Palézieux to Moudon-Payerne-Lyss), Saint Maurice-Brig-Simplon.",transport
e45,A narrow-gauge railway goes to Échallens-Bercher,A narrow-gauge railway goes to Échallens-Bercher,transport
e46,An electric tram runs to Le Chalet à Gobet-Moudon with a branch to Savigny,and an electric tram runs to Le Chalet à Gobet-Moudon (with a branch to Savigny).,transport
e47,There are city and suburban tramways as well as the funiculars Lausanne-Ouchy and Lausanne-Signal,"Additionally, there are city and suburban tramways as well as the funiculars Lausanne-Ouchy and Lausanne-Signal.",transport
e48,Ouchy harbor serves as a landing place for cargo and market ships,"The Ouchy harbor serves as a landing place for cargo and market ships and is a steamship station of the ""Compagnie générale de Navigation""; Pully also hosts a steamship station.",transport
e49,"Ouchy harbor is a steamship station of the ""Compagnie générale de Navigation""","The Ouchy harbor serves as a landing place for cargo and market ships and is a steamship station of the ""Compagnie générale de Navigation""; Pully also hosts a steamship station.",transport
e50,Pully hosts a steamship station,"The Ouchy harbor serves as a landing place for cargo and market ships and is a steamship station of the ""Compagnie générale de Navigation""; Pully also hosts a steamship station.",transport
e51,There are postal coach connections between Lausanne-Le Mont-Poliez Pittet and Lausanne-Belmont-Forel,There are postal coach connections between Lausanne-Le Mont-Poliez Pittet and Lausanne-Belmont-Forel.,transport
e52,Most rural inhabitants are mainly occupied with agriculture,The main occupation of most rural inhabitants is agriculture.,economy
e53,"The lower-lying southern section is dominated by gardening, meadows, fruit, vines, and vegetables","While the lower-lying southern section is dominated by gardening, meadows, fruit, vines, and vegetables, the noticeably higher northern section is largely forested.",land_use
e54,The noticeably higher northern section is largely forested,"While the lower-lying southern section is dominated by gardening, meadows, fruit, vines, and vegetables, the noticeably higher northern section is largely forested.",land_use
e55,The lower-lying southern and noticeably higher northern sections differ significantly in landscape,"Thus, these two areas also differ significantly in landscape.",land_use
e56,Cattle stock rose from 3230 in 1886 to 3624 in 1896 and then decreased to 3476 in 1901,The cattle stock initially rose from 3230 in 1886 to 3624 in 1896 and then slightly decreased to 3476 in 1901.,economy
e57,"Number of horses increased continuously, reaching 1527 in 1901","The number of horses increased continuously, reaching 1527 animals in 1901.",economy
e58,Pig farming rose from 3059 to 4121 animals and then decreased to 3684,Pig farming showed an initial strong rise from 3059 to 4121 animals but then decreased again to 3684.,economy
e59,Sheep numbers declined from 880 in 1886 to 416 in 1901,"In contrast, sheep numbers dramatically declined, more than halving from 880 in 1886 to just 416 in 1901.",economy
e60,Goat numbers increased slightly at first but then decreased,Goat numbers increased slightly at first but then also decreased.,economy
e61,Beehives fell from 1579 in 1886 to 1146 in 1896 and moderately recovered to 1233 by 1901,Beehives fell from 1579 in 1886 to 1146 in 1896 and showed moderate recovery to 1233 by 1901.,economy
e62,The city of Lausanne overwhelmingly dominates the district and most inhabitants engage in trade and crafts,"Since the city of Lausanne overwhelmingly dominates the district, most of its inhabitants naturally engage in trade and crafts.",economy
e63,"The city of Lausanne has numerous factories including chocolate, cigar, white goods, shoe factories, tanneries, breweries, foundries, and various machine factories","The city has numerous factories: chocolate, cigar, white goods, and shoe factories, tanneries, breweries, foundries, various machine factories.",economy
e64,There is a shipyard in Ouchy,"There is a shipyard in Ouchy, a cement and gypsum factory in Paudex, a ceramics factory in Renens, brickyards in Épalinges and Praz-Léchaud (near Les Croisettes), and breweries in La Rosiaz (above Pully) and Tivoli (Montbenon).",economy
e65,There is a cement and gypsum factory in Paudex,"There is a shipyard in Ouchy, a cement and gypsum factory in Paudex, a ceramics factory in Renens, brickyards in Épalinges and Praz-Léchaud (near Les Croisettes), and breweries in La Rosiaz (above Pully) and Tivoli (Montbenon).",economy
e66,There is a ceramics factory in Renens,"There is a shipyard in Ouchy, a cement and gypsum factory in Paudex, a ceramics factory in Renens, brickyards in Épalinges and Praz-Léchaud (near Les Croisettes), and breweries in La Rosiaz (above Pully) and Tivoli (Montbenon).",economy
e67,There are brickyards in Épalinges and Praz-Léchaud (near Les Croisettes),"There is a shipyard in Ouchy, a cement and gypsum factory in Paudex, a ceramics factory in Renens, brickyards in Épalinges and Praz-Léchaud (near Les Croisettes), and breweries in La Rosiaz (above Pully) and Tivoli (Montbenon).",economy
e68,There are breweries in La Rosiaz (above Pully) and Tivoli (Montbenon),"There is a shipyard in Ouchy, a cement and gypsum factory in Paudex, a ceramics factory in Renens, brickyards in Épalinges and Praz-Léchaud (near Les Croisettes), and breweries in La Rosiaz (above Pully) and Tivoli (Montbenon).",economy
e69,The Palaz houses the repair workshops and car sheds of the city tramway,The Palaz houses the repair workshops and car sheds of the city tramway; La Sallaz hosts a power station.,infrastructure
e70,La Sallaz hosts a power station,The Palaz houses the repair workshops and car sheds of the city tramway; La Sallaz hosts a power station.,infrastructure
e71,Below Belmont are coal mines,"Below Belmont are coal mines; near Crissier molasse quarries; near Le Mont, Pully, and Renens gravel pits.",economy
e72,Near Crissier are molasse quarries,"Below Belmont are coal mines; near Crissier molasse quarries; near Le Mont, Pully, and Renens gravel pits.",economy
e73,"Near Le Mont, Pully, and Renens are gravel pits","Below Belmont are coal mines; near Crissier molasse quarries; near Le Mont, Pully, and Renens gravel pits.",economy
e74,"Tourism and hotel industry in Lausanne and surroundings include Sauvabelin, Chailly, Vennes, Vers chez les Blancs, Le Chalet à Gobet, La Bérallaz, and Montherond","Tourism and hotel industry in Lausanne and surroundings include Sauvabelin, Chailly, Vennes, Vers chez les Blancs, Le Chalet à Gobet, La Bérallaz, and Montherond.",economy
e75,"Since 1873, the cantonal mental hospital Cery has been located on the grounds of the municipality of Prilly","Since 1873, the cantonal mental hospital Cery has been located on the grounds of the municipality of Prilly, explaining that municipality's relatively high population.",public_health
e76,"Lausanne is the capital of the canton of Vaud, the district and circle of Lausanne.","Capital of the canton of Vaud, the district and circle of Lausanne.",administration
e77,"The center of the old town stands on the foothills of the Jorat, 2 km north from the shore of Lake Geneva.","The center of the old town stands on the foothills of the Jorat, 2 km north from the shore of Lake Geneva; the post office building is 1.4 km north of the harbor.",settlement
e78,"The city stretches uninterruptedly down to the lake, where Ouchy forms one of its quarters.","The city stretches uninterruptedly down to the lake, where Ouchy forms one of its quarters.",settlement
e79,"The cathedral is located at 6° 38' 6"" E longitude and 46° 31' 24.1"" N latitude.","The cathedral is at 6° 38' 6"" E longitude from Greenwich and 46° 31' 24.1"" N latitude.",other
e80,The Louve flows into the Flon in the heart of the city,The Louve flows into the Flon in the heart of the city.,land_use
e81,"The Flon and Louve once flowed openly through the city, sometimes causing devastating floods, especially the Flon","Both once flowed openly through the city, sometimes causing devastating floods, especially the Flon;",climate_environment
e82,The Flon and Louve are today enclosed in long vaulted tunnels,"today, they are enclosed in long vaulted tunnels, over which several public squares have been created (Place du Tunnel, Place de la Riponne, Place du Pont, Place Centrale, Place Pépinet, and Place du Flon).",infrastructure
e83,Several public squares have been created over the tunnels enclosing the Flon and Louve,"today, they are enclosed in long vaulted tunnels, over which several public squares have been created (Place du Tunnel, Place de la Riponne, Place du Pont, Place Centrale, Place Pépinet, and Place du Flon).",construction
e84,"The Flon was canalized and received a paved bed with a masonry spillway between 1892 and 1899, finally flowing into the lake at Maladière.","Below the city, the Flon has been canalized; between 1892 and 1899, it received a paved bed with a masonry spillway and finally flows into the lake at Maladière.",infrastructure
e85,Flon and Louve now collect all the city's wastewater.,Flon and Louve now collect all the city's wastewater.,infrastructure
e86,"The scenic height of Signal overlooks Lausanne, with the Cité on its southern slopes toward the lake.","Overlooking Lausanne is the scenic height of Signal, on whose southern slopes toward the lake the Cité stands.",land_use
e87,The height of Bourg lies to the left of the Flon and extends over Montbenon.,"To the left of the Flon lies the height of Bourg, which extends over Montbenon,",land_use
e88,The height of Saint Laurent lies to the right of the Louve.,and to the right of the Louve is the height of Saint Laurent.,land_use
e89,"The ridges fall to the lake in stages, leaving space between them for various terrace levels.","These ridges fall to the lake in stages, leaving space between them for various terrace levels.",land_use
e90,"Near Cour rises the hill Mont Riond le Crêt, once thought to be an artificial mound due to its isolation and rounded shape.","Near Cour rises the hill Mont Riond le Crêt, which, due to its isolation and rounded shape, was once thought to be an artificial mound created by humans.",land_use
e91,"The municipality of Lausanne covers about 3885 ha, approximately half the district's area, and is the largest by area in Vaud except for some mountain municipalities.","The municipality of Lausanne, located almost in the middle of the district, covers about 3885 ha, approximately half the district's area, and is, except for some mountain municipalities, the largest by area in Vaud.",administration
e92,"The municipality of Lausanne stretches from the lakeshore to the central Jorat and extends 12.3 km from its southwest corner (mouth of the Chamberonne, 375 m) to the Montagne du Château (932 m) in the northeast corner.","It stretches from the lakeshore to the central Jorat and extends 12.3 km from its southwest corner (mouth of the Chamberonne, 375 m) to the Montagne du Château (932 m) in the northeast corner.",land_use
e93,The municipality includes a northwest-lying parcel of land enclosed within the Romanel circle that contains the settlement group Les Vernands.,It also includes a northwest-lying parcel of land enclosed within the Romanel circle that contains the settlement group Les Vernands.,settlement
e94,"The municipality of Épalinges divides Lausanne into two almost equal parts, a lower one in the southwest and an upper in the northeast.","Conversely, the municipality of Épalinges is so wedged into Lausanne that it divides it into two almost equal parts, a lower one in the southwest and an upper in the northeast.",administration
e95,"After the Reformation, lands once belonging to the Diocese of Lausanne came into the possession of the city of Lausanne.","The size and irregular shape of the municipality are explained by the fact that, after the Reformation, all these lands, once belonging to the Diocese of Lausanne, together with other properties (forest, vineyards, etc.), came into the city's possession (see also articles Dézaley, Jorat).",historical_background
e96,"The upper half of the municipality belongs to the Aare catchment, draining via the Talent and the Bressonnaz rivers.","The upper half of the municipality belongs to the Aare catchment, draining via the Talent (flowing to the Orbe) and the Bressonnaz (flowing to the Broye), while the lower half drains into Lake Geneva and the Rhone.",land_use
e97,The lower half of the municipality drains into Lake Geneva and the Rhone.,"The upper half of the municipality belongs to the Aare catchment, draining via the Talent (flowing to the Orbe) and the Bressonnaz (flowing to the Broye), while the lower half drains into Lake Geneva and the Rhone.",land_use
e98,"Important rivers in the basin include the Flon with the Louve, originating in Sept Fontaines (municipality of Épalinges), the Chamberonne, Vuachère, Flon-Morand, and the Chandelard in the east, which flows into the Paudèze.","Important rivers in this basin include the Flon with the Louve, originating in Sept Fontaines (municipality of Épalinges), the Chamberonne, Vuachère, Flon-Morand, and the Chandelard in the east, which flows into the Paudèze.",land_use
e99,"The municipality of Lausanne includes the city proper, the outer quarters of Cour, Ouchy, and La Pontaise, as well as the hamlets and groups of houses Vidy, La Chablière, Les Plaines du Loup, Vennes, Chailly, La Sallaz, Montblesson, Vers chez Les Blancs, Le Chalet à Gobet, Montherond, and (in the enclave of Romanel) Le Taulard.","Besides the city proper, the municipality of Lausanne also includes the outer quarters of Cour, Ouchy, and La Pontaise, as well as the hamlets and groups of houses Vidy, La Chablière, Les Plaines du Loup, Vennes, Chailly, La Sallaz, Montblesson, Vers chez Les Blancs, Le Chalet à Gobet, Montherond, and (in the enclave of Romanel) Le Taulard.",administration
e100,"Lausanne stands on two types of soil very different in composition, geological age, and origin: molasse and glacial debris.","The city of Lausanne stands on two types of soil very different in composition, geological age, and origin: molasse and glacial debris.",climate_environment
e101,The molasse was deposited in fresh water by a large river originating from the Alps.,"The molasse, consisting of soft sandstones, marly sandstones (called grappes in French), and marls, is Miocene in age (Burdigalian stage) and was deposited in fresh water, brought here once by a large river originating from the Alps.",climate_environment
e102,Numerous fossils have been found in the molasse.,Numerous fossils have been found in this molasse.,archaeology
e103,"Tropical temperatures prevailed in the region during remote times as evidenced by the flora including palms, camphor trees, and acacias","The flora of those remote times included palms, camphor trees, acacias, etc., which proves that tropical temperatures prevailed in our region then.",climate_environment
e104,Bone remains of rhinoceros and specimens of turtles were collected and are preserved in the cantonal natural history museum in Lausanne,The bone remains of rhinoceros and nice specimens of turtles collected here are preserved in the cantonal natural history museum in Lausanne.,archaeology
e105,"After the complete uplift of the Alps, Diluvial glaciers covered the molasse base several times with thick layers of surface or ground moraine material","Much later, i.e., only after the complete uplift of the Alps, did the Diluvial glaciers cover this molasse base several times with a thick layer of surface or ground moraine material.",climate_environment
e106,"East of a line running over Rosemont, the central station, the Scottish church, and Bellevue, the molasse layers dip Alpine inward and belong tectonically to the Alpine mountain system","East of a straight line running over Rosemont, the central station, the Scottish church, and Bellevue, the layers dip Alpine inward and thus belong tectonically to this mountain system, whereas the layers that carry the actual city west of this line lie horizontally.",land_use
e107,The molasse layers that carry the actual city west of the line lie horizontally,"East of a straight line running over Rosemont, the central station, the Scottish church, and Bellevue, the layers dip Alpine inward and thus belong tectonically to this mountain system, whereas the layers that carry the actual city west of this line lie horizontally.",land_use
e108,Charles the Bold mustered his troops on the parade ground of Plaine du Loup before marching toward Murten,"On this flat field (Plaine du Loup), Charles the Bold once mustered his troops before marching toward Murten.",military
e109,Molasse extends to the lakeshore and reappears at Ouchy,"That the molasse certainly extends to the lakeshore is shown by its reappearance at Ouchy, while otherwise between the lake and the northern foot of the Montbenon and Bourg heights it is everywhere covered with glacial debris and nowhere outcrops freely.",land_use
e110,Glacial deposits are found more or less massively and in isolated patches around and in Lausanne,"These glacial deposits can be found more or less massively and in isolated patches around and in Lausanne, but south of the city, they remain as a coherent cover.",climate_environment
e111,Glacial deposits south of Lausanne remain as a coherent cover,"These glacial deposits can be found more or less massively and in isolated patches around and in Lausanne, but south of the city, they remain as a coherent cover.",climate_environment
e112,An arm of the Rhone glacier pushed northward from Lausanne toward Lake Neuchâtel during one of the various glacial phases.,"During one of the various glacial phases, an arm of the Rhone glacier pushed northward from Lausanne toward Lake Neuchâtel.",climate_environment
e113,"After glacier retreat, surface waters of the Jorat gathered in two river channels and gradually eroded the thick glacial debris layer, breaking it up without completely removing it, leaving large remnants.","After the glacier retreated, surface waters of the Jorat gathered in two river channels and gradually eroded the thick glacial debris layer, breaking it up without completely removing it, so that large remnants still remain here and there (e.g., above La Pontaise).",climate_environment
e114,Two rivers initially formed their own small hydrographic systems until a lateral tributary of the more vigorously eroding Flon cut through the watershed ridge and diverted the Louve into the Flon.,"Initially, these two rivers each formed their own small hydrographic system until a lateral tributary of the more vigorously eroding Flon, following a well-known morphological law, cut through the watershed ridge between the two rivers and diverted the Louve into the Flon.",climate_environment
e115,"The incision called La Barre or Le Tunnel separated the Cité hill from the rest of the Jorat, forming an outlier or witness at the edges of tablelands.","This incision, called La Barre or Le Tunnel, separated the Cité hill from the rest of the Jorat, so it now forms an actual outlier or witness, as often found at the edges of tablelands.",land_use
e116,"Signal, rising north of the Cité, is one of the southern protrusions of the Jorat peneplain.","The height of Signal, rising north of the Cité, is one of the southern protrusions of the Jorat peneplain.",land_use
e117,"The two once deeply cut streams, Flon and Louve, now unite under Place de Pépinet.","The two once deeply cut streams, Flon and Louve, now unite under Place de Pépinet.",land_use
e118,"The Flon once flowed directly to Lake Geneva through a valley that has now disappeared, roughly corresponding to the direction of the railway tunnel between Lausanne and Ouchy.","From there, the Flon once flowed directly to Lake Geneva through a valley that has now disappeared, which roughly corresponded to the direction of the railway tunnel between Lausanne and Ouchy.",land_use
e119,"Remnants of old topographic features include the quarter La Pontaise and slopes toward the Flon, the Cité, the spur of Signal, and the gently sloping quarters Bugnion, Mont Repos, and surroundings of the hospital.","Remnants of the previously described old topographic features thus are: 1. the quarter La Pontaise and the slopes toward the Flon; 2. the Cité; 3. the spur of Signal; and 4. the gently sloping quarters Bugnion, Mont Repos, and the surroundings of the hospital.",land_use
e120,"The Rhone glacier made a new advance confined to the Lake Geneva basin, remained stationary for a long time, and deposited a lateral moraine forming the elongated hill ridge carrying the Bourg, Saint François, and Montbenon quarters.","Later, the Rhone glacier made a new advance, this time confined to the Lake Geneva basin, where it remained stationary for a long time and deposited a magnificent lateral moraine that now forms the elongated hill ridge carrying the Bourg, Saint François, and Montbenon quarters.",climate_environment
e121,"The lateral moraine blocked the Flon's direct path to Lake Geneva, forcing it to flow along the moraine ridge until it found a new outlet near Malley.","This subsequently blocked the Flon's direct path to the lake, forcing it to flow along the moraine ridge until it found a new outlet near Malley.",land_use
e122,"A ridge oriented perpendicularly to the other five topographic forms was added, showing all characteristic features of a moraine.","To the five topographic individual forms already mentioned, a sixth, a ridge oriented perpendicularly to the others, was added. This fifth ridge shows all characteristic features of a moraine.",land_use
e123,"The slopes of the ridge consist of glacial till, a structure prone to landslides that required prolonged engineering efforts to secure.","At its crest lie gravel and sand, into which the foundations of the houses on Rue de Bourg and above Montbenon are embedded, while the slopes consist of glacial till, a structure prone to landslides that engineers could only secure after prolonged efforts.",land_use
e124,The construction of Avenue de la Gare threatened a whole neighborhood with landslides.,"(For example, the construction of Avenue de la Gare threatened a whole neighborhood with landslides, and special caution was required during the breakthrough of Avenue Ruchonnet.)",construction
e125,Special caution was required during the breakthrough of Avenue Ruchonnet due to landslide risk.,"(For example, the construction of Avenue de la Gare threatened a whole neighborhood with landslides, and special caution was required during the breakthrough of Avenue Ruchonnet.)",construction
e126,"A second, less distinct moraine ridge deflects the Vuachère from a direct course into the lake as at the Flon","A second, less distinct moraine ridge, which similarly deflects the Vuachère from a direct course into the lake as at the Flon, runs from Pully and forms the small hill ridges of Château Sec and Mont Choisi.",land_use
e127,The moraine ridge runs from Pully and forms the small hill ridges of Château Sec and Mont Choisi,"A second, less distinct moraine ridge, which similarly deflects the Vuachère from a direct course into the lake as at the Flon, runs from Pully and forms the small hill ridges of Château Sec and Mont Choisi.",land_use
e128,The round summit of Mont Riond is a remnant of an old lateral moraine,"Also, the round summit of Mont Riond, so regularly shaped that some historians considered it an artificial tomb mound, is nothing but a remnant of an old lateral moraine.",land_use
e129,Gravel banks west of Mont Riond hill were deposited by glacier meltwaters flowing into a small side lake,"The slopes descending towards Ouchy bear a thick cover of ground moraine material, while the gravel banks west of Mont Riond hill were deposited by glacier meltwaters flowing into a small side lake.",climate_environment
e130,Three terraces at different heights were formed through three successive lowerings of Lake Geneva's level by a total of 30-35 m,"Through three successive lowerings of Lake Geneva's level by a total of 30-35 m, three terraces at different heights were formed, of which today only the upper one (Beau Regard and Beau Rivage left and right of Ouchy) is visible.",climate_environment
e131,Montoie cemetery lies on the former lakeshore of the upper terrace,On this former lakeshore now lies the Montoie cemetery.,land_use
e132,"Meteorological observations were conducted in Lausanne in 1763-1772 and 1783 by Dr. Fr. Verdeil, in 1841-1847 by Wartmann, and in 1854-1886 at the school for the blind by Professor Marguet and Director Hirzel.","Meteorological observations were conducted in Lausanne in 1763-1772 and 1783 by Dr. Fr. Verdeil, in 1841-1847 by Wartmann, and in 1854-1886 at the school for the blind by Professor Marguet and Director Hirzel.",climate_environment
e133,"Since 1887, the meteorological station at Champ de l’Air, located high above the city and under the direction of Prof. Dr. Henri Dufour (observer: D. Valet), has taken over meteorological observations.","Since 1887, the meteorological station at Champ de l’Air, located high above the city and under the direction of Prof. Dr. Henri Dufour (observer: D. Valet), has taken over this task.",climate_environment
e134,"Annual mean temperatures calculated from 25 years of observation (1874-1898) at Champ de l'Air, Saint François quarter, and Ouchy.","The annual mean temperatures, calculated from 25 years of observation (1874-1898), are 9.07°C at Champ de l'Air (554 m), 9.4°C in the Saint François quarter (498 m), and 10.6°C in Ouchy (376 m).",climate_environment
e135,Quarters of Lausanne facing Lake Geneva benefit from the lake's moderating influence on the climate of the shoreline landscapes.,"The quarters of Lausanne facing Lake Geneva benefit from the lake's moderating influence, as the water's heat radiation is considerable enough to noticeably affect the climate of the shoreline landscapes.",climate_environment
e136,"Seasonal mean temperatures are Winter 0.5°C, Spring 8.6°C, Summer 17.6°C, and Autumn 9.3°C.","Seasonal means are: Winter 0.5°, Spring 8.6°, Summer 17.6°, and Autumn 9.3°C.",climate_environment
e137,"Absolute temperature extremes recorded are -17.5°C on January 20, 1891 and 35°C on August 22, 1898, a difference of 52.5°C.","Absolute extremes are -17.5°C (January 20, 1891) and 35°C (August 22, 1898), a difference of 52.5°.",climate_environment
e138,"Temperature may fall below 0°C in seven months of the year, usually December, January, and February, generally in March and November, and exceptionally in October and April.","The temperature may fall below 0° in seven months of the year, usually December, January, and February, generally in March and November, and exceptionally in October and April.",climate_environment
e139,Temperature falls below 10° in May,It falls below 10° in May; stays sometimes and in July and August usually above 10°.,climate_environment
e140,Temperature stays sometimes above 10° in July and usually above 10° in August,It falls below 10° in May; stays sometimes and in July and August usually above 10°.,climate_environment
e141,Maximum temperatures occasionally exceed 10° in December and January,Maximum temperatures occasionally exceed 10° in December and January; remain above 20° in April and above 25° in May.,climate_environment
e142,Maximum temperatures remain above 20° in April,Maximum temperatures occasionally exceed 10° in December and January; remain above 20° in April and above 25° in May.,climate_environment
e143,Maximum temperatures remain above 25° in May,Maximum temperatures occasionally exceed 10° in December and January; remain above 20° in April and above 25° in May.,climate_environment
e144,"The Vaudaire wind often strongly dries but is usually short-lived and rarely affects Lausanne, usually not passing beyond Lavaux.","The Vaudaire (southeast wind or foehn), often strongly drying but usually short-lived, has a drying effect, although it rarely affects Lausanne, usually not passing beyond Lavaux.",climate_environment
e145,The dry season in Lausanne lasts from November to March.,The dry season lasts from November to March.,climate_environment
e146,"The Flon and Louve flooded due to heavy rainfall on June 14, 1899.","The heaviest 24-hour rainfalls were 95 mm (October 2, 1888) and 91 mm (June 14, 1899), the latter causing the Flon and Louve to flood.",climate_environment
e147,"The longest observed rain period lasted 14 days from February 9 to 22, 1879 in Lausanne.","The longest observed rain period lasted 14 days (February 9-22, 1879), with annual rainy days fluctuating from 115 to 165, averaging 147.",climate_environment
e148,"Annual rainy days in Lausanne fluctuate from 115 to 165, averaging 147 days.","The longest observed rain period lasted 14 days (February 9-22, 1879), with annual rainy days fluctuating from 115 to 165, averaging 147.",climate_environment
e149,"The longest dry period lasted 39 days from March 18 to April 26, 1893 in Lausanne.","The longest dry period lasted 39 days (March 18 - April 26, 1893).",climate_environment
e150,"The first snowfall varies from November 9 to December 14, averaging November 18 in Lausanne.","The first snowfall varies from November 9 to December 14, averaging November 18;",climate_environment
e151,"The last snow falls between February 28, 1889 and May 17, 1895, averaging March 29 in Lausanne.","the last snow falls between February 28 (1889) and May 17 (1895), averaging March 29.",climate_environment
e152,"There are generally 22 snowy days per year in Lausanne, mostly in December to March.","Generally, there are 22 snowy days per year, mostly in December-March.",climate_environment
e153,"Between 1874 and 1893, about 21 thunderstorms per year were recorded in Lausanne, ranging from 5 to 32 in individual years, most frequently in July, August, and June.","Between 1874-1893, about 21 thunderstorms per year were recorded (5-32 in individual years), most frequently in July, August, and June.",climate_environment
e154,Hail occurs 12 times in spring in Lausanne,"Hail occurs 12 times in spring, 15 times in summer, and 9 times in autumn.",climate_environment
e155,Hail occurs 15 times in summer in Lausanne,"Hail occurs 12 times in spring, 15 times in summer, and 9 times in autumn.",climate_environment
e156,Hail occurs 9 times in autumn in Lausanne,"Hail occurs 12 times in spring, 15 times in summer, and 9 times in autumn.",climate_environment
e157,"Relatively hail-free years were 1875, 1876, 1880, 1882, and 1890 in Lausanne","Relatively hail-free years were 1875, 1876, 1880, 1882, and 1890.",climate_environment
e158,"The clearest skies occur in March, September, and mid-July in Lausanne","The clearest skies occur in March, September, and mid-July, while November to January are usually overcast.",climate_environment
e159,November to January are usually overcast in Lausanne,"The clearest skies occur in March, September, and mid-July, while November to January are usually overcast.",climate_environment
e160,"The sunniest months are August, July, June, and May in Lausanne","The sunniest months are August (261 hours), July (254 hours), June (225 hours), and May (216 hours); the least sunny are December (54 hours or 22%) and January (71 hours).",climate_environment
e161,The least sunny months are December and January in Lausanne,"The sunniest months are August (261 hours), July (254 hours), June (225 hours), and May (216 hours); the least sunny are December (54 hours or 22%) and January (71 hours).",climate_environment
e162,Prevailing winds in the Swiss Plateau are southwest (vent) and northeast (bise).,"Prevailing winds, as everywhere in the Swiss Plateau, are southwest (locally called vent) and northeast (the so-called bise), which in Lausanne mostly blows from north-northwest.",climate_environment
e163,North and south winds blow about 42 days per year on average in Lausanne.,North and south winds blow about 42 days per year on average.,climate_environment
e164,The west wind or joran is a harbinger of bad weather in Lausanne.,The west wind or joran is a harbinger of bad weather;,climate_environment
e165,"The southeast wind vaudaire (foehn) is characterized by high temperature and extraordinary dryness, usually not extending beyond Cully and Lutry.","from the southeast blows the heavy and warm vaudaire (foehn of the region), characterized by high temperature and extraordinary dryness, usually not extending beyond Cully and Lutry.",climate_environment
e166,"Lausanne's climate is healthy, refreshing, and invigorating.","Overall, Lausanne's climate is healthy, refreshing, and invigorating.",climate_environment
e167,Lausanne is the natural center of an essentially agricultural canton,"In agricultural terms, the municipality of Lausanne is of great importance, as it forms the natural center of an essentially agricultural canton.",economy
e168,Lavaux and the Côte possess large and beautiful vineyards producing some of the canton’s most valued wines,"It also possesses large and beautiful vineyards in Lavaux and on the Côte, producing some of the canton’s most valued wines, and extensive forests in the Jorat, which provide considerable income.",economy
e169,The Jorat has extensive forests which provide considerable income,"It also possesses large and beautiful vineyards in Lavaux and on the Côte, producing some of the canton’s most valued wines, and extensive forests in the Jorat, which provide considerable income.",economy
e170,"The municipality of Lausanne covers a range from Lake Geneva shore to the heights of the Jorat, allowing travel within less than an hour from fig tree zones to fir forests and alpine pastures","The municipality, extending from the Lake Geneva shore (375 m) up to the heights of the Jorat (877 m), covers a range where one can travel within less than an hour from fig tree zones to fir forests and alpine pastures.",land_use
e171,Several agricultural institutions promote a wide variety of cultivation types in Lausanne,"Naturally, it suits a wide variety of cultivation types, further promoted by several agricultural institutions here.",economy
e172,Lausanne has been the Vaud central station for combating phylloxera for 15 years,Lausanne has also been the Vaud central station for combating phylloxera for 15 years.,public_health
e173,The agricultural institute issues daily weather reports to Vaud farmers and provides trusted advice,"The agricultural institute, which also handles meteorological observations, issues daily reports to Vaud farmers on expected weather and provides careful advice that is highly trusted.",economy
e174,The agricultural institute informs farmers about plant diseases and pests and educates them about best combat times and effective means,The agricultural institute informs farmers about plant diseases and pests and educates them about the best combat times and effective means.,public_health
e175,Agricultural use in Lausanne is strongly influenced by natural elevation and climatic conditions.,Agricultural use in Lausanne is strongly influenced by natural elevation and climatic conditions.,land_use
e176,The municipal area is divided among land uses with clear emphases.,"According to the 1888 cadastral survey, the total municipal area is divided among uses with clear emphases.",land_use
e177,"There were 2,253 property owners, 1,997 in the city and surroundings and 256 in Les Râpes and Les Vernands.","There were 2,253 property owners, 1,997 in the city and surroundings and 256 in Les Râpes and Les Vernands.",economy
e178,"In 1893, a special commission estimated the real estate sales value at 229 million Francs, of which 226 million fell in the city and surroundings, and 3 million in the countryside (Les Râpes and Les Vernands).","In 1893, a special commission estimated the real estate sales value at 229 million Francs, of which 226 million fell in the city and surroundings, and 3 million in the countryside (Les Râpes and Les Vernands).",economy
e179,"Climatic conditions on the lower slopes facing the lake are most favorable, allowing vines and numerous trees and shrubs of southern origin to thrive and yield well.","Furthermore, climatic conditions here are most favorable, allowing vines and numerous trees and shrubs of southern origin to thrive and yield well.",land_use
e180,Gardens around Lausanne and Vevey include many southern plant species grown successfully only at lakes in cisalpine Switzerland.,"Dr. H. Christ highlights in his ""Pflanzenleben der Schweiz"" (2nd edition Zurich 1882, p. 74) that gardens around Lausanne and Vevey include many southern plant species grown successfully only at lakes in cisalpine Switzerland.",land_use
e181,Laurus nobilis thrives perfectly in Vevey,"Laurus nobilis thrives perfectly in Vevey, Rosmarinus is nearly wild at Clarens; Phyllyrea and Viburnum tinus also grow.",land_use
e182,Rosmarinus is nearly wild at Clarens,"Laurus nobilis thrives perfectly in Vevey, Rosmarinus is nearly wild at Clarens; Phyllyrea and Viburnum tinus also grow.",land_use
e183,Phyllyrea and Viburnum tinus grow,"Laurus nobilis thrives perfectly in Vevey, Rosmarinus is nearly wild at Clarens; Phyllyrea and Viburnum tinus also grow.",land_use
e184,The noble Portuguese Azareiro has stood as a strong tree for many years near Ouchy,"But the most beautiful of these plants, which flourish uniquely, are the noble Portuguese Azareiro, which has stood as a strong tree for many years near Ouchy, and the regal Magnolia grandiflora.",land_use
e185,The regal Magnolia grandiflora flourishes uniquely near Ouchy and develops a thick trunk despite less branch spread than in the Insubrian lake zone,"But the most beautiful of these plants, which flourish uniquely, are the noble Portuguese Azareiro, which has stood as a strong tree for many years near Ouchy, and the regal Magnolia grandiflora. Though it does not spread its branches as widely as in the Insubrian lake zone, it nonetheless develops a thick trunk, and Carrard showed me seedlings that spontaneously sprouted unnoticed and without care in the gravel of his garden below Lausanne, used for propagation...",land_use
e186,"Seedlings of Magnolia grandiflora spontaneously sprouted unnoticed and without care in the gravel of a garden below Lausanne, used for propagation","Though it does not spread its branches as widely as in the Insubrian lake zone, it nonetheless develops a thick trunk, and Carrard showed me seedlings that spontaneously sprouted unnoticed and without care in the gravel of his garden below Lausanne, used for propagation...",land_use
e187,The neighboring lake exerts a protective influence on the plants,All these are distinct effects of the protective influence of the neighboring lake.,climate_environment
e188,The ocean broadly exerts impact on Europe's western coast,These ... are clear manifestations of the impact that the ocean broadly exerts on Europe's western coast.,climate_environment
e189,The well-green meadows west of Lausanne can be cut five to six times from March to November,The well-green meadows west of the city can be cut five to six times from March to November.,land_use
e190,Agriculture remains profitable in areas above Lausanne despite less favorable soil and climatic factors,Agriculture remains profitable even in the areas above Lausanne despite the less favorable soil and climatic factors.,economy
e191,"Vineyards north and west of Lausanne are disappearing slowly due to lower yield and urban expansion, replaced by vegetable gardens or building lots","Notably, vineyards north and west of the city are disappearing slowly due to lower yield and urban expansion, replaced by vegetable gardens or building lots.",land_use
e192,"Cattle numbers increased from 1308 in January 1903 to 1449 in January 1904, indicating rising importance of cattle breeding in Lausanne.","Cattle numbers increased markedly from 1308 in January 1903 to 1449 in January 1904, indicating rising importance of cattle breeding.",economy
e193,Horse numbers increased from 932 in January 1903 to 967 in January 1904 in Lausanne.,Horse numbers also edged up from 932 to 967.,economy
e194,Goat numbers rose from 189 to 228,"Markedly, goat numbers rose from 189 to 228.",economy
e195,"Moderate growth in livestock farming with particular significance gained by cattle and goats, while other animals stabilized or slightly declined","Overall, this indicates moderate growth in livestock farming, with particular significance gained by cattle and goats, while other animals stabilized or slightly declined.",economy
e196,Efforts by several breeders and state farms to improve cattle breeding had notable success,Efforts by several breeders and state farms to improve cattle breeding have had notable success.,economy
e197,Much of the city's milk supply comes from the Lausanne municipality itself,Much of the city's milk supply comes from the Lausanne municipality itself.,economy
e198,"In 1900, six dairy cooperatives in the municipality received a total of 643,759 liters of milk from 117 members","In 1900, six dairy cooperatives in the municipality received a total of 643,759 liters of milk from 117 members.",economy
e199,The lush fields around Lausanne supply the city with excellent and early-ripening vegetables.,"The lush fields around Lausanne, ideal for vegetable cultivation, supply the city with excellent and early-ripening vegetables, while beautiful orchards produce magnificent and excellent fruit.",economy
e200,Beautiful orchards around Lausanne produce magnificent and excellent fruit.,"The lush fields around Lausanne, ideal for vegetable cultivation, supply the city with excellent and early-ripening vegetables, while beautiful orchards produce magnificent and excellent fruit.",economy
e201,"Floriculture around Lausanne is popular and produces excellent results, making greenhouses and breeders' specialties well known.","Floriculture is also popular, producing excellent results, making greenhouses and the specialties of various breeders well known.",economy
e202,A vegetable and flower market takes place twice weekly on Wednesdays and Saturdays in the old town streets of Lausanne.,"Twice weekly, on Wednesdays and Saturdays, a vegetable and flower market takes place in the old town streets, where charming peasant women offer tastefully arranged vegetables, fruit, and flower stocks for sale.",economy
e203,The large vegetable and grain market is held on Place de la Riponne in Lausanne.,The large vegetable and grain market is held on Place de la Riponne.,economy
e204,The Grand Council resolved to build a ring road in Lausanne.,"Consequently, the Grand Council resolved on December 19, 1836, to build a ring road, initially requiring a bridge over the deeply cut valley of the Flon between the western and eastern city parts.",administration
e205,The Grand Pont or Pont Pichard was built according to plans by engineer Adrien Pichard from 1839 to 1844,"This so-called Grand Pont or Pont Pichard, built according to plans by engineer Adrien Pichard from 1839 to 1844, was 180 m long, 9.9 m wide, resting on two tiers of arches.",construction
e206,The lower row of arches was later covered when constructing the Lausanne-Ouchy funicular and Flon station filled in the valley,The lower row was later covered when constructing the Lausanne-Ouchy funicular and Flon station filled in the valley.,construction
e207,"The upper row of the Grand Pont comprises 19 arches, three of which today are obscured by buildings","The upper row comprises 19 arches, three of which today are obscured by buildings.",construction
e208,The bridge's roadway was widened with iron cantilevers and sidewalks broadened to 3.15 m in 1892.,"In 1892, its roadway was widened with iron cantilevers, and sidewalks broadened to 3.15 m, costing 120,134 Francs.",construction
e209,"The breakthrough of Tunnel de la Barre through molasse layers separating Cité hill from Signal was approved on December 19, 1836.","The ring road project also included the breakthrough of Tunnel de la Barre through the water-rich molasse layers separating the Cité hill from Signal. This was approved on December 19, 1836, and constructed between 1851 and 1855.",construction
e210,Tunnel de la Barre was constructed between 1851 and 1855.,"This was approved on December 19, 1836, and constructed between 1851 and 1855.",construction
e211,Extensive repairs and reinforcements of Tunnel de la Barre occurred in 1871.,"Total expenditures, including extensive 1871 repairs and reinforcements, amount to 231,085 Francs.",construction
e212,The ring road was extended with numerous stone stairs to connect quarters as best as possible.,"Following these works, the ring road was extended with numerous stone stairs to connect quarters as best as possible.",infrastructure
e213,"The filled lower parts were transformed into public squares: Place de la Riponne, Place du Pont, Place Centrale, Place du Flon, and Place du Tunnel.","The filled lower parts were transformed into public squares: Place de la Riponne, Place du Pont, Place Centrale, Place du Flon, and Place du Tunnel.",land_use
e214,"Since 1866, a broad street running east and a corresponding one west have connected the main station to the old town.","Since 1866, a broad street running east and a corresponding one west have connected the main station to the old town, while a bridge from Montbenon (1904–1905) leads from the station to Place de Chauderon and western quarters.",infrastructure
e215,A bridge from Montbenon (1904–1905) leads from the station to Place de Chauderon and western quarters.,"Since 1866, a broad street running east and a corresponding one west have connected the main station to the old town, while a bridge from Montbenon (1904–1905) leads from the station to Place de Chauderon and western quarters.",infrastructure
e216,A newly completed street rises steadily from Ouchy to the city.,Also significant is the newly completed street rising steadily from Ouchy to the city.,infrastructure
e217,"Plans aim to bridge the Flon valley from the cathedral in the old town to the medical faculty building and from the Realschule to Caroline, connecting the old city with Villamont, Le Bugnon, the hospital, Rue de Bourg, and the Saint Pierre and Martheray quarters.","Once financially viable, plans aim to bridge the Flon valley from the cathedral in the old town to the medical faculty building and from the Realschule to Caroline, connecting the old city with Villamont, Le Bugnon, the hospital, Rue de Bourg, and the Saint Pierre and Martheray quarters.",infrastructure
e218,A well-integrated tram network negotiates Lausanne’s difficult terrain,"A well-integrated tram network negotiates Lausanne’s difficult terrain and encourages many residents to move from the cramped old town to the airier, lighter outer quarters.",transport
e219,"Many residents move from the cramped old town to the airier, lighter outer quarters","A well-integrated tram network negotiates Lausanne’s difficult terrain and encourages many residents to move from the cramped old town to the airier, lighter outer quarters.",settlement
e220,Lausanne has many viewpoints offering magnificent views of Lake Geneva and the Alps,"Lausanne is rich in viewpoints offering magnificent views of Lake Geneva and the Alps; every step brings new surprises, as Rodolphe Rey beautifully describes: “...graceful gardens shelter their delicate vegetation; at the foot of high terraces, large clusters of walnut trees grow in gorges and silhouette their tops against old buildings; bold constructions pyramid above dark recesses with creeping narrow alleys.",land_use
e221,The old cathedral in Lausanne outlines its spires and sharp pinnacles above the city,"Above this maze of pointed roofs, broken lines, projections and gaps, the old cathedral outlines its spires and sharp pinnacles.",culture
e222,To the south of Lausanne opens a vast view over Lake Geneva,"To the south opens a vast view over the lake, while north the city leans on hills rich in secluded and romantic gorges.",land_use
e223,"To the north, Lausanne leans on hills rich in secluded and romantic gorges","To the south opens a vast view over the lake, while north the city leans on hills rich in secluded and romantic gorges.",land_use
e224,"The city rapidly grew in the past quarter-century and expanded in all directions beyond the five hills, reaching down to the lake and widely east and west.","The city, rapidly growing in the past quarter-century, found space on five hills too cramped long ago and has expanded in all directions, now reaching down to the lake and widely east and west.",settlement
e225,"New quarters lack the original character of the old town, consisting mainly of uniform houses, villas hidden in gardens, and large tenement blocks often built of cement instead of solid stone.","These new quarters, however, lack the original character richly admired in the old town, consisting mainly of uniform houses, villas hidden in gardens, and large tenement blocks often built of cement instead of solid stone.",settlement
e226,Lausanne has no uniquely characteristic architectural style.,Lausanne has no uniquely characteristic architectural style.,culture
e227,The diverse building materials produce a constantly changing appearance in Lausanne.,"The diverse building materials produce a constantly changing appearance: sometimes greenish-gray molasse, sometimes black sandstones from Meillerie, brown-veined red rubble stones from Arvel (Villeneuve), and finally white stone from Savonnières (France), e.g., on the post office and Rumine Palace.",culture
e228,The Tour de l’Ale was restored in 1903 at the expense of a learned society.,"These include the Tour de l’Ale, restored in 1903 at the expense of a learned society.",construction
e229,The suburbs and many individual houses adjoining fortified towers were fortified.,"The suburbs were also fortified, as were many individual houses, often adjoining fortified towers, with some such vestiges still standing amid the old city maze.",construction
e230,The Cité is the highest of Lausanne's five hills,"The Cité, the highest of Lausanne's five hills, bears at its northern end the former episcopal castle, now a massive stone building housing the cantonal government, and at its southern end the dominating cathedral, the city's true symbol.",land_use
e231,The former episcopal castle at the northern end of the Cité now houses the cantonal government,"The Cité, the highest of Lausanne's five hills, bears at its northern end the former episcopal castle, now a massive stone building housing the cantonal government, and at its southern end the dominating cathedral, the city's true symbol.",administration
e232,The dominating cathedral at the southern end of the Cité is the city's true symbol,"The Cité, the highest of Lausanne's five hills, bears at its northern end the former episcopal castle, now a massive stone building housing the cantonal government, and at its southern end the dominating cathedral, the city's true symbol.",culture
e233,A chapel stood on the site of Lausanne Cathedral at the end of the 6th century,"According to tradition, a chapel already stood on its site at the end of the 6th century;",construction
e234,"A first monumental building arose around 1000 AD but was destroyed by fire three times in 1216, 1219, and 1235","around 1000 AD, a first monumental building arose but was destroyed by fire three times (1216, 1219, 1235).",construction
e235,The current Lausanne Cathedral was built in the purest pointed-arch style during the 13th century,"The current church, built in the purest pointed-arch style, dates from the 13th century",construction
e236,The Lausanne Cathedral was sufficiently completed by 1275 to be solemnly consecrated on October 19 by Pope Gregory X in the presence of Rudolf of Habsburg and numerous dignitaries,"and was sufficiently completed by 1275 to be solemnly consecrated on October 19 by Pope Gregory X in the presence of Rudolf of Habsburg, seven cardinals, 20 archbishops, 17 bishops, and numerous other secular and ecclesiastical dignitaries.",religion
e237,"King Rudolf took his oath of loyalty to the Pope, committing to respect all papal rights and properties and assist the Roman Church in regaining lost sovereignty","The following day, King Rudolf took his oath of loyalty to the Pope, committing to respect all papal rights and properties and assist the Roman Church in regaining lost sovereignty with all means at his disposal.",religion
e238,The long struggle between the Empire and Papacy in Lausanne ended.,"This ended the long struggle between the Empire and Papacy in Lausanne and forged a bond between the House of Austria and Rome, strongly influencing European politics for centuries.",politics
e239,"A bond was forged between the House of Austria and Rome, strongly influencing European politics for centuries.","This ended the long struggle between the Empire and Papacy in Lausanne and forged a bond between the House of Austria and Rome, strongly influencing European politics for centuries.",politics
e240,A memorable assembly with splendid festivities and vast crowds of believers enthusiastically embraced the idea of a crusade to the Holy Land.,"The memorable assembly, accompanied by splendid festivities and attended by vast crowds of believers, also enthusiastically embraced the idea of a crusade to the Holy Land.",religion
e241,The cathedral suffered fire damage in 1320.,"In later years, the cathedral repeatedly suffered fire damage (1320, 1657, 1674, 1825).",construction
e242,The cathedral suffered fire damage in 1657.,"In later years, the cathedral repeatedly suffered fire damage (1320, 1657, 1674, 1825).",construction
e243,The cathedral suffered fire damage in 1674.,"In later years, the cathedral repeatedly suffered fire damage (1320, 1657, 1674, 1825).",construction
e244,The cathedral suffered fire damage in 1825.,"In later years, the cathedral repeatedly suffered fire damage (1320, 1657, 1674, 1825).",construction
e245,The cathedral's ground plan forms a Latin cross oriented east-west.,"Like most Gothic churches, its ground plan forms a Latin cross oriented east-west.",construction
e246,"The nave is externally accompanied by a triforium and an arcade above the windows, both continuing around the transept with its two chapels and the sanctuary.","The nave is externally accompanied by a triforium and an arcade above the windows, both continuing around the transept with its two chapels and the sanctuary.",construction
e247,"The sanctuary was once separated from the nave by a rood screen and later by a grille, both now removed.","The sanctuary, once separated from the nave by a rood screen and later by a (now also removed) grille, is surrounded by the ambulatory formerly used in processions.",construction
e248,The sanctuary is surrounded by the ambulatory formerly used in processions.,"The sanctuary, once separated from the nave by a rood screen and later by a (now also removed) grille, is surrounded by the ambulatory formerly used in processions.",religion
e249,The choir was consecrated by Gregory X and contained the main altar and precious items including a silver altar plate.,The choir consecrated by Gregory X contained the main altar and precious items including a silver altar plate.,religion
e250,"After Vaud's conquest in 1536, Bernese troops confiscated all cathedral riches including paintings, statues, precious jewels, gemstones, Persian and Hungarian carpets, priests’ vestments, and a church treasury of 125,000 gold ducats.","After Vaud's conquest in 1536, Bernese troops confiscated all cathedral riches—paintings, statues, precious jewels, gemstones, Persian and Hungarian carpets, priests’ vestments, and a church treasury of 125,000 gold ducats (each worth 25 francs), which alone yielded 40,000 Francs.",military
e251,"Some carpets, chasubles, and vestments remain in the Historical Museum in Bern","Some carpets, chasubles, and vestments remain in the Historical Museum in Bern.",culture
e252,Two black marble tables from the 16th century serve as communion tables in the choir,"Today, only two black marble tables from the 16th century, supported by Ionic pillars, serve as communion tables in the choir.",culture
e253,"The once richly decorated choir stalls were taken to the Franche-Comté except one currently held in Chillon, planned for return","The once richly decorated choir stalls were taken to the Franche-Comté except one currently held in Chillon, planned for return.",culture
e254,"The cathedral contains many tombstones from old and modern times, including that of Otto I of Grandson who died in 1328.","The cathedral contains many tombstones from old and modern times, including that of Otto I of Grandson (†1328).",culture
e255,"General de La Harpe from Rolle donated a plaque commemorating Major Davel, a patriotic figure of 1798 and tutor to the later Russian Emperor Alexander.","On the north side is a plaque commemorating Major Davel, donated by General de La Harpe from Rolle, tutor to the later Russian Emperor Alexander and a patriotic figure of 1798;",culture
e256,"A plaque commemorates the centenary of Vaud’s independence declaration on January 24, 1798, mounted under the organ near the porch entrance of the cathedral.","another plaque commemorates the centenary of Vaud’s independence declaration (January 24, 1798), mounted under the organ near the porch entrance.",culture
e257,The north aisle connects with the Saint Maurice Chapel,"The north aisle connects with the Saint Maurice Chapel, donated by Aymon de Montfalcon, where winter services are held and which is decorated with beautiful stained glass (""Law and Mercy"") by Hosch after a painting by Paul Robert.",construction
e258,Winter services are held in the Saint Maurice Chapel,"The north aisle connects with the Saint Maurice Chapel, donated by Aymon de Montfalcon, where winter services are held and which is decorated with beautiful stained glass (""Law and Mercy"") by Hosch after a painting by Paul Robert.",religion
e259,"The Saint Maurice Chapel is decorated with stained glass ""Law and Mercy"" by Hosch after a painting by Paul Robert","The north aisle connects with the Saint Maurice Chapel, donated by Aymon de Montfalcon, where winter services are held and which is decorated with beautiful stained glass (""Law and Mercy"") by Hosch after a painting by Paul Robert.",culture
e260,Aymon de Montfalcon donated the Saint Maurice Chapel,"The north aisle connects with the Saint Maurice Chapel, donated by Aymon de Montfalcon, where winter services are held and which is decorated with beautiful stained glass (""Law and Mercy"") by Hosch after a painting by Paul Robert.",other
e261,"Some of the 56 choir stalls from 1506 from the Saint Maurice Chapel, carved on Montfalcon's orders, are now in the south aisle","Some of the 56 choir stalls from 1506 from this chapel, carved on Montfalcon's orders, are now in the south aisle.",construction
e262,"Since 1868, five southward-facing windows bear stained glass recalling key phases of Vaud’s history.","Since 1868, five southward-facing windows also bear stained glass recalling key phases of Vaud’s history, showing the arms of the second Burgundian kingdom, the French-speaking dioceses of Geneva, Lausanne, and Sion, the Zähringers, Kiburgers (rectors of Burgundy), Châlon and Montfalcon, lords of Faucigny, counts of Geneva, Peter of Savoy, six Lausanne bishops from 1375-1536, families of Vaud’s bailiffs, the imperial city of Lausanne and its five “Panners”, the four parishes of Lavaux, etc.",culture
e263,"The stained glass shows the arms of the second Burgundian kingdom, French-speaking dioceses of Geneva, Lausanne, and Sion, and various noble families and entities.","Since 1868, five southward-facing windows also bear stained glass recalling key phases of Vaud’s history, showing the arms of the second Burgundian kingdom, the French-speaking dioceses of Geneva, Lausanne, and Sion, the Zähringers, Kiburgers (rectors of Burgundy), Châlon and Montfalcon, lords of Faucigny, counts of Geneva, Peter of Savoy, six Lausanne bishops from 1375-1536, families of Vaud’s bailiffs, the imperial city of Lausanne and its five “Panners”, the four parishes of Lavaux, etc.",culture
e264,The stone pulpit dates from the 17th century.,"The stone pulpit, dating from the 17th century, leans on one nave pillar and is covered by a carved walnut canopy dated 1663.",construction
e265,The carved walnut canopy is dated 1663.,"The stone pulpit, dating from the 17th century, leans on one nave pillar and is covered by a carved walnut canopy dated 1663.",construction
e266,The 13th-century stained glass of the rose window was restored by Hosch and is to be reinstalled after repair of severely weathered stone parapets.,"A superb adornment is the 9 m diameter rose window above the southern transept’s front, with well-preserved 13th-century stained glass restored by Hosch, to be reinstalled after repair of severely weathered stone parapets.",construction
e267,"Since 1903, the cathedral has housed a splendid organ supplied by organ builder Kuhn from Männedorf (Canton Zurich).","Since 1903, the cathedral has housed a splendid organ supplied by organ builder Kuhn from Männedorf (Canton Zurich), replacing the damaged 1738 instrument.",culture
e268,The 1738 organ instrument was damaged and replaced in 1903.,"Since 1903, the cathedral has housed a splendid organ supplied by organ builder Kuhn from Männedorf (Canton Zurich), replacing the damaged 1738 instrument.",culture
e269,All 12 bells in Lausanne were repaired and retuned between 1898 and 1899,"All 12 bells in Lausanne (7 in the cathedral, 4 in Saint François church, and one in Saint Laurent) were repaired and retuned 1898-1899; their peal is considered one of the finest.",culture
e270,"The 57 m high bell tower is supported by cross-shaped struts and roofed with four corner turrets, with square southern ones and rounded northern ones.","The 57 m high bell tower is supported by cross-shaped struts, roofed with four corner turrets (square southern ones, rounded northern).",construction
e271,The state archive is housed in the lower floor of the bell tower.,The state archive is housed in the lower floor.,administration
e272,A tower once stood above the choir.,"Another tower once stood above the choir; after lightning strikes in 1657 and 1825, architect Perregaux rebuilt it, but concerns over the choir vault’s supporting keystone’s stability led to its removal.",construction
e273,Lightning strikes damaged the tower above the choir in 1657 and 1825.,"Another tower once stood above the choir; after lightning strikes in 1657 and 1825, architect Perregaux rebuilt it, but concerns over the choir vault’s supporting keystone’s stability led to its removal.",other
e274,Architect Perregaux rebuilt the tower after the lightning strikes.,"Another tower once stood above the choir; after lightning strikes in 1657 and 1825, architect Perregaux rebuilt it, but concerns over the choir vault’s supporting keystone’s stability led to its removal.",construction
e275,The tower above the choir was removed due to concerns over the choir vault’s supporting keystone’s stability.,"Another tower once stood above the choir; after lightning strikes in 1657 and 1825, architect Perregaux rebuilt it, but concerns over the choir vault’s supporting keystone’s stability led to its removal.",construction
e276,"A comprehensive restoration was undertaken funded by voluntary contributions and supported by public pressure, following plans by French architect Viollet-le-Duc.","Supported by public pressure and funded by voluntary contributions, a comprehensive restoration was undertaken according to plans by French architect Viollet-le-Duc.",construction
e277,Construction of the present 75 m central tower of the cathedral,"This included construction of the present 75 m central tower, whose keystone rests on the four great pillars at the intersection of choir, transept, and nave.",construction
e278,Two other towers north and south of the choir rest against the transept,"North and south of the choir rest two other towers against the transept, unfinished and covered with square roofs built by the Bernese.",construction
e279,"The grand portal, cathedral's main entrance at the cross’s foot, dates from the Montfalcon era (16th century).","The grand portal, cathedral's main entrance at the cross’s foot, dates from the Montfalcon era (16th century).",construction
e280,"Restoration between 1892 and 1904 revealed a simpler, yet very beautiful original 13th-century entrance beneath the grand portal.","Restoration between 1892 and 1904 revealed a simpler, yet very beautiful original 13th-century entrance beneath.",construction
e281,"The Apostles’ portal was restored in 1880-1881 at a cost of 64,745 Francs.","A second entrance on the south façade is the so-called Apostles’ portal (Porche des Apôtres), restored in 1880-1881 at a cost of 64,745 Francs, and one of Switzerland’s finest Gothic masterpieces.",construction
e282,Preparatory studies for cathedral restoration began,Preparatory studies for cathedral restoration began in 1860.,construction
e283,Construction of cathedral restoration started,Construction started in 1873 and continued into the early 20th century.,construction
e284,Construction of cathedral restoration continued into the early 20th century,Construction started in 1873 and continued into the early 20th century.,construction
e285,"The canton of Vaud spent 1,178,405 Francs on cathedral restoration between 1873 and 1901","Between 1873 and the end of 1901, the canton of Vaud spent 1,178,405 Francs on restoration, supplemented by 172,832 Francs from the ""Association pour la restauration artistique de la Cathédrale"".",economy
e286,"The Association pour la restauration artistique de la Cathédrale supplemented restoration funding with 172,832 Francs between 1873 and 1901","Between 1873 and the end of 1901, the canton of Vaud spent 1,178,405 Francs on restoration, supplemented by 172,832 Francs from the ""Association pour la restauration artistique de la Cathédrale"".",economy
e287,The castle was begun in 1397 and completed in 1431,"The castle, initially episcopal residence, then seat of Bernese bailiffs and since 1803 of the Vaud government, was begun in 1397 and completed in 1431.",construction
e288,The castle served as episcopal residence,"The castle, initially episcopal residence, then seat of Bernese bailiffs and since 1803 of the Vaud government, was begun in 1397 and completed in 1431.",administration
e289,The castle served as seat of Bernese bailiffs,"The castle, initially episcopal residence, then seat of Bernese bailiffs and since 1803 of the Vaud government, was begun in 1397 and completed in 1431.",administration
e290,The castle has been seat of the Vaud government since 1803,"The castle, initially episcopal residence, then seat of Bernese bailiffs and since 1803 of the Vaud government, was begun in 1397 and completed in 1431.",administration
e291,The castle's design reflects old Piedmontese castle models,"Its design as a massive, square stone building with an upper story of red bricks, murder holes, and four flanking turrets, reflects old Piedmontese castle models, whose style also influenced castles at Vufflens and Estavayer.",culture
e292,Old Piedmontese castle style influenced castles at Vufflens and Estavayer,"Its design as a massive, square stone building with an upper story of red bricks, murder holes, and four flanking turrets, reflects old Piedmontese castle models, whose style also influenced castles at Vufflens and Estavayer.",culture
e293,The monument to patriot Major Davel stands before the southern front.,Before its southern front stands the monument to patriot Major Davel.,culture
e294,The bishop’s room retains its original ceiling and monumental fireplace built by Bishop Montfalcon.,"Inside, the so-called bishop’s room retains its original ceiling and monumental fireplace built by Bishop Montfalcon.",culture
e295,The Grand Council building was built in 1803 with a classical Greek pediment.,"Opposite the castle and beside the cantonal courthouse is the 1803-built Grand Council building, with a classical Greek pediment.",construction
e296,The Saint François church was built in the mid-13th century.,"The Saint François church, dating from mid-13th century, held sessions of the Basel council in its rebuilt nave of 1442.",construction
e297,The rebuilt nave of the Saint François church was used for sessions of the Basel council in 1442.,"The Saint François church, dating from mid-13th century, held sessions of the Basel council in its rebuilt nave of 1442.",other
e298,The bell tower of the Saint François church was built in 1528.,"Between 1892-1904, the church and its elegant bell tower, flanked by four turrets and built in 1528, were restored.",construction
e299,The Saint François church and its bell tower were restored between 1892 and 1904.,"Between 1892-1904, the church and its elegant bell tower, flanked by four turrets and built in 1528, were restored.",construction
e300,Saint Laurent church was built in 1719 in Jesuit style,"Saint Laurent church, at the square of the same name, was built in 1719 in Jesuit style.",construction
e301,The church at Ouchy was constructed with voluntary donations in 1840,"The church at Ouchy, constructed with voluntary donations in 1840, was expanded and restored in 1902 and served until 1870 both the state church and the Anglican worship.",construction
e302,The church at Ouchy was expanded and restored in 1902,"The church at Ouchy, constructed with voluntary donations in 1840, was expanded and restored in 1902 and served until 1870 both the state church and the Anglican worship.",construction
e303,The church at Ouchy served both the state church and the Anglican worship until 1870,"The church at Ouchy, constructed with voluntary donations in 1840, was expanded and restored in 1902 and served until 1870 both the state church and the Anglican worship.",religion
e304,"A Reformed church was inaugurated in Chailly on December 21, 1902","Finally, on December 21, 1902, a Reformed church was inaugurated in Chailly.",religion
e305,The Roman Catholic parish church Notre Dame was built 1832-35 on Rue du Valentin,"The Roman Catholic parish church Notre Dame, built 1832-35 on Rue du Valentin, serves the Catholic community founded in 1799.",construction
e306,The Catholic community served by Notre Dame was founded in 1799,"The Roman Catholic parish church Notre Dame, built 1832-35 on Rue du Valentin, serves the Catholic community founded in 1799.",religion
e307,"The free church community has chapels in Les Terreaux, Martheray, La Pontaise, and Villard quarters.","The free church community has chapels in Les Terreaux, Martheray, La Pontaise, and Villard quarters.",religion
e308,A German Reformed church is located in La Mercerie quarter.,A German Reformed church is located in La Mercerie quarter;,religion
e309,A Catholic chapel donated by Princess Sayn stands in Croix d’Ouchy.,a Catholic chapel donated by Princess Sayn stands in Croix d’Ouchy;,religion
e310,There are chapels of the free German evangelical community in Martheray.,"there are also chapels of the free German evangelical community (Martheray),",religion
e311,There is a chapel of the Darbystes at Place du Flon.,"Darbystes (Place du Flon),",religion
e312,There is a Wesleyan chapel in Valentin.,"Wesleyans (Valentin),",religion
e313,There is an apostolic church or Irvingians chapel in Solitude.,"apostolic church or Irvingians (Solitude),",religion
e314,There is an Anglican chapel in Grancy.,"Anglican (Grancy),",religion
e315,There is a Presbyterian chapel on Avenue de Rumine.,"Presbyterian (Avenue de Rumine),",religion
e316,There is a synagogue in Grand Chêne.,and a synagogue in Grand Chêne.,religion
e317,The Salvation Army hall is at Rue Saint Martin.,The Salvation Army hall is at Rue Saint Martin.,religion
e318,Town hall built as a market hall at Place de la Palud,"At Place de la Palud, once swampy land (palus), is the town hall, built in 1458 as a market hall, remodeled in 1674, and repaired in 1848 and 1884.",construction
e319,Town hall remodeled,"At Place de la Palud, once swampy land (palus), is the town hall, built in 1458 as a market hall, remodeled in 1674, and repaired in 1848 and 1884.",construction
e320,Town hall repaired,"At Place de la Palud, once swampy land (palus), is the town hall, built in 1458 as a market hall, remodeled in 1674, and repaired in 1848 and 1884.",construction
e321,City council first convened at the town hall,"The city council, which initially met in the Dominican monastery La Madeleine (site of today’s Rumine Palace) and sometimes in the Franciscan monastery, first convened here on January 24, 1469.",politics
e322,The Rumine Palace was built between 1898 and 1904 with a 1 million Franc bequest from Gabriel de Rumine.,"The Rumine Palace, built 1898-1904 with a 1 million Franc bequest from Gabriel de Rumine, houses five auditoriums, four laboratories, five multi-purpose halls, and an assembly hall seating 350; the canton library and museums (art and science, industry, antiquities and coins) and various learned societies’ meeting rooms.",construction
e323,"The Rumine Palace houses five auditoriums, four laboratories, five multi-purpose halls, an assembly hall seating 350, the canton library and museums, and various learned societies’ meeting rooms.","The Rumine Palace, built 1898-1904 with a 1 million Franc bequest from Gabriel de Rumine, houses five auditoriums, four laboratories, five multi-purpose halls, and an assembly hall seating 350; the canton library and museums (art and science, industry, antiquities and coins) and various learned societies’ meeting rooms.",culture
e324,The Grenette or granary was built between 1838 and 1840 together with Place de la Riponne in front of it.,"Opposite lies the Grenette or granary, built 1838-40 together with Place de la Riponne in front of it.",construction
e325,"The Grenette building rests on a double vault spanning the Louve, with the upper vault serving as the city cellar supported by 94 square sandstone pillars.","The building rests on a double vault spanning the Louve, its upper vault serving as the city cellar supported by 94 square sandstone pillars.",construction
e326,"The Federal Supreme Court Palace was inaugurated on September 20, 1886.","Above Promenade de Montbenon stands the Federal Supreme Court Palace, inaugurated September 20, 1886.",construction
e327,The Federal Post Office building in Renaissance style was built at Place Saint François.,"Not far away, at Place Saint François opposite the eponymous church, the Federal Post Office building (in Renaissance style of Henry IV’s era) is one of Switzerland’s finest post buildings.",construction
e328,The Federal Post Office building was built between 1896 and 1901.,"Built 1896-1901, four stories tall, at a cost of 2,850,000 Francs, it enjoys a fine location with splendid views.",construction
e329,The palace of the Cantonal Bank was built on the same square between 1900 and 1903.,"Its counterpart is the palace of the Cantonal Bank, built 1900-1903 on the same square.",construction
e330,The theater was constructed between 1869 and 1871 and is located between Rue du Théâtre and Rue de Beau Séjour.,"The theater, from 1869-71, is located between Rue du Théâtre and Rue de Beau Séjour.",construction
e331,A Kursaal opened in Bel Air in October 1901.,A Kursaal opened in Bel Air in October 1901.,construction
e332,The cantonal teacher seminar building at Champ de l'Air was inaugurated early 1901.,"The large, well-appointed building of the cantonal teacher seminar at Champ de l'Air was inaugurated early 1901.",construction
e333,The cantonal hospital was opened.,"High above the city, at 575 m elevation, surrounded by wooded hillsides, stands the cantonal hospital, opened March 19, 1883, consisting of a main building (with 470 beds) and various annex pavilions.",construction
e334,The old academy was built in the second half of the 16th century,Other notable buildings include the old academy from the second half of the 16th century;,construction
e335,The old bishop’s palace served as district jail from 1837 to 1904.,"the old bishop’s palace (Évêché), the episcopal residence until the castle was built, which served as district jail from 1837-1904 and was enlarged in 1883 by adding court rooms;",administration
e336,The old bishop’s palace was enlarged in 1883 by adding court rooms.,"the old bishop’s palace (Évêché), the episcopal residence until the castle was built, which served as district jail from 1837-1904 and was enlarged in 1883 by adding court rooms;",construction
e337,Existence of the physics and chemistry building,"the physics and chemistry building, the polyclinic with bacteriology lab, the new penitentiary in La Pontaise quarter;",infrastructure
e338,Existence of the polyclinic with bacteriology lab,"the physics and chemistry building, the polyclinic with bacteriology lab, the new penitentiary in La Pontaise quarter;",public_health
e339,Existence of the new penitentiary in La Pontaise quarter,"the physics and chemistry building, the polyclinic with bacteriology lab, the new penitentiary in La Pontaise quarter;",law_governance
e340,Primary schools located in Saint Roch,"primary schools Saint Roch, Beaulieu, Villamont, Ouchy, La Barre;",education
e341,Primary schools located in Beaulieu,"primary schools Saint Roch, Beaulieu, Villamont, Ouchy, La Barre;",education
e342,Primary schools located in Villamont,"primary schools Saint Roch, Beaulieu, Villamont, Ouchy, La Barre;",education
e343,Primary schools located in Ouchy,"primary schools Saint Roch, Beaulieu, Villamont, Ouchy, La Barre;",education
e344,Primary schools located in La Barre,"primary schools Saint Roch, Beaulieu, Villamont, Ouchy, La Barre;",education
e345,The former Carmelite monastery La Madeleine was restored and modified by J. J. Mercier,the former Carmelite monastery La Madeleine restored and modified by J. J. Mercier;,construction
e346,The building of the Vaud mortgage bank (Crédit foncier),the building of the Vaud mortgage bank (Crédit foncier);,construction
e347,The commercial school was formerly known as Collège Galliard.,the commercial school (former Collège Galliard);,education
e348,The Realschule was built in 1766 as a former hospital.,"the Realschule (former hospital, built 1766);",construction
e349,Musée Arlaud is an art museum,the Musée Arlaud (art museum);,culture
e350,The cantonal school was formerly an orphanage.,"the cantonal school (gymnasium, former orphanage);",education
e351,The Davel monument by sculptor Reymond has stood by the castle since 1898.,The Davel monument by sculptor Reymond stands by the castle since 1898.,culture
e352,"A second monument honoring martyr Davel of Vaud independence has stood since April 23, 1899, near the lake on Plaine de Vidy, where Davel was executed on April 24, 1723.","A second monument honoring this martyr of Vaud independence stands since April 23, 1899, near the lake on Plaine de Vidy, where Davel was executed April 24, 1723.",culture
e353,"The monument to Colonel Charles Veillon was recently erected at Place du Château, formerly located at La Sallaz cemetery.","At Place du Château, the monument to Colonel Charles Veillon (formerly at La Sallaz cemetery) was recently erected.",culture
e354,"The Alexander Vinet monument was unveiled at the entrance to Place de Montbenon on November 9, 1900, funded by the Société de Belles Lettres.","On November 9, 1900, the Alexander Vinet monument, funded by the Société de Belles Lettres, was unveiled at the entrance to Place de Montbenon,",culture
e355,"Since 1902, Antoine Mercié’s Tell monument stands opposite the Federal Supreme Court Palace in Lausanne.","and opposite the Federal Supreme Court Palace since 1902 stands Antoine Mercié’s Tell monument,",culture
e356,The Tell monument was donated to Lausanne by Parisian Osiris Iffla to commemorate the city’s hospitality to French Eastern Army soldiers interned in 1871.,donated to Lausanne by Parisian Osiris Iffla commemorating the city’s hospitality to French Eastern Army soldiers interned here in 1871.,culture
e357,"Lausanne was once surrounded by walls and towers protecting the Cité and Bourg, the old city parts, and outskirts.","Lausanne was once surrounded by walls and towers protecting the Cité and Bourg, the old city parts, and outskirts.",settlement
e358,The fortifications date from the late 12th and early 13th centuries and were repeatedly extended and improved.,These fortifications date from the late 12th and early 13th centuries and were repeatedly extended and improved.,construction
e359,"The Tour de l’Ale, probably from the second half of the 13th century, still stands in its original form at the west end of the quarter it once guarded.","A last remnant is the Tour de l’Ale, probably from the second half of the 13th century, still standing in its original form at the west end of the quarter it once guarded.",construction
e360,The pillory stood at Place de la Palud until Vaud’s elevation in 1798.,"Before the town hall stands the market square Place de la Palud, where the pillory stood until Vaud’s elevation in 1798.",law_governance
e361,"Covering the Flon valley made room for Place du Pont, Place Centrale, and Place du Flon.","Covering the Flon valley made room for Place du Pont, Place Centrale, and Place du Flon, where the Flon station of the Lausanne-Ouchy railway and federal warehouses are located.",land_use
e362,The Flon station of the Lausanne-Ouchy railway and federal warehouses are located at Place du Flon.,"Covering the Flon valley made room for Place du Pont, Place Centrale, and Place du Flon, where the Flon station of the Lausanne-Ouchy railway and federal warehouses are located.",infrastructure
e363,"East of old Ouchy harbor stretches a 1000 m long and 29 m wide quay promenade, costing 440,876 Francs.","East of old Ouchy harbor stretches a 1000 m long and 29 m wide quay promenade, costing 440,876 Francs.",infrastructure
e364,"Parks and promenades include Sauvabelin with an ice pond and deer park, the 1817 acquired Signal height, the longtime existing Montbenon with splendid lake and Alpine views, as well as Derrière Bourg (created 1826) and terraces before the castle and cathedral with equally beautiful views.","Parks and promenades include Sauvabelin with an ice pond and deer park, the 1817 acquired Signal height, the longtime existing Montbenon with splendid lake and Alpine views, as well as Derrière Bourg (created 1826) and terraces before the castle and cathedral with equally beautiful views.",land_use
e365,Annual major events (such as federal and cantonal shooting festivals) take place on the Beaulieu meadow.,Annual major events (such as federal and cantonal shooting festivals) take place on the Beaulieu meadow.,culture
e366,The Bishop of Lausanne proclaimed the Peace of God here in 1036.,The Bishop of Lausanne proclaimed the Peace of God here in 1036.,religion
e367,"The adjacent Montriond Dapples estate, now a Catholic educational institute, was Voltaire’s residence in 1757–59.","The adjacent Montriond Dapples estate, now a Catholic educational institute, was Voltaire’s residence in 1757–59.",education
e368,Reliable population data for Lausanne date only from the late 18th century and show steady growth,Reliable population data for Lausanne date only from the late 18th century and show steady growth.,demography
e369,"In the early 18th century, the population of Lausanne was around 7,400 and stable through century end","In the early 18th century, the population was around 7,400 (1709), stable through century end, then gradually rising.",demography
e370,"By 1803 nearly 10,000 inhabitants were counted in Lausanne","By 1803 nearly 10,000 inhabitants were counted, and by 1831 over 15,000.",demography
e371,"By 1831, Lausanne had over 15,000 inhabitants","By 1803 nearly 10,000 inhabitants were counted, and by 1831 over 15,000.",demography
e372,Population growth accelerated sharply in Lausanne in the mid-19th century.,Growth accelerated sharply in the mid-19th century.,demography
e373,"Population of Lausanne rose from about 17,100 in 1850 to over 20,500 in 1860, about 25,800 in 1870, 29,400 in 1880, and over 34,000 in 1890.","Population rose from about 17,100 in 1850 to over 20,500 in 1860, about 25,800 in 1870, 29,400 in 1880, and over 34,000 in 1890.",demography
e374,"A particularly strong population increase occurred in Lausanne around the turn of the century, reaching 46,400+ in 1900 and nearly 49,800 by 1903.","Around the turn of the century, a particularly strong increase occurred: 46,400+ in 1900, nearly 49,800 by 1903.",demography
e375,Long-term accelerating population growth transformed Lausanne from a small town into a significant urban center.,"Overall, a long-term, accelerating growth transforming Lausanne from a small town into a significant urban center.",demography
e376,"The 1888 federal census counted 33,340 inhabitants, of which 26,324 lived in the city proper.","The 1888 federal census counted 33,340 inhabitants, of which 26,324 lived in the city proper.",demography
e377,"By November 30, 1903, the total population reached 49,777, including 2,793 city citizens, 22,439 other Vaudois, 14,137 other Swiss, and 9,800 foreigners.","By November 30, 1903, the total population reached 49,777, including 2,793 city citizens, 22,439 other Vaudois, 14,137 other Swiss, and 9,800 foreigners.",demography
e378,"Compared to the prior year, Vaudois numbers rose by 2.4%, other Swiss by 3%, and foreigners by 2.8%.","Compared to the prior year, Vaudois numbers rose by 2.4%, other Swiss by 3%, and foreigners by 2.8%.",demography
e379,"In 1900, Lausanne had 9,296 foreigners mostly Italians, Germans, and French.","The 9,296 foreigners in 1900 were mostly Italians, Germans, and French.",demography
e380,"Per 1,000 citizens, 22 births were registered annually in Lausanne.","Per 1,000 citizens, 22 births were registered annually; out of 100 births, approximately 9 were extramarital.",demography
e381,Approximately 9 out of 100 births were extramarital in Lausanne.,"Per 1,000 citizens, 22 births were registered annually; out of 100 births, approximately 9 were extramarital.",demography
e382,The annual mortality rate averaged 18.1‰ in Lausanne during 1889-1897.,"The annual mortality rate averaged 18.1‰ (for 1889-1897), rising to 25‰ in 1853 and falling to 15.2‰ in 1897.",public_health
e383,The annual mortality rate rose to 25‰ in Lausanne in 1853.,"The annual mortality rate averaged 18.1‰ (for 1889-1897), rising to 25‰ in 1853 and falling to 15.2‰ in 1897.",public_health
e384,The annual mortality rate fell to 15.2‰ in Lausanne in 1897.,"The annual mortality rate averaged 18.1‰ (for 1889-1897), rising to 25‰ in 1853 and falling to 15.2‰ in 1897.",public_health
e385,68% of young men at 19 years in Lausanne were fit for military service.,Average body height of young men at 19 years was 1.654 m; 68% were fit for military service.,demography
e386,Brown hair occurred in 60% of young men in Lausanne.,Brown hair occurred in 60%.,demography
e387,"The 1900 census recorded 37,145 Reformed, 9,399 Catholics, 467 Jews, and 521 others in Lausanne.","The 1900 census recorded 37,145 Reformed, 9,399 Catholics, 467 Jews, and 521 others.",demography
e388,"Language distribution in Lausanne in 1900 was 35,956 French, 6,720 German, 3,166 Italian, and 1,666 Romansh and others.","Language distribution: 35,956 French, 6,720 German, 3,166 Italian, and 1,666 Romansh and others.",demography
e389,"The number of houses in Lausanne rose from 997 in 1790 to 3,055 in 1903 with 47,265 inhabitants in 10,067 households.","The number of houses rose from 997 in 1790 to 3,055 in 1903 with 47,265 inhabitants in 10,067 households.",settlement
e390,Lausanne is considered a healthy city due to thorough investigations into attic corners and cellar depths.,"Lausanne may justly be called a healthy city. According to André Schnetzler in his report on the housing survey in Lausanne, this results from ""thorough investigations into attic corners and cellar depths"".",public_health
e391,A large slaughterhouse opened in Lausanne in 1887.,"Lausanne has a large slaughterhouse opened in 1887, which along with subsequent improvements cost over half a million Francs.",infrastructure
e392,The slaughterhouse features a refrigeration system based on Raoul Pictet’s design allowing fresh meat preservation over weeks even in the hottest periods.,"It features a refrigeration system based on Raoul Pictet’s design, allowing fresh meat preservation over weeks even in the hottest periods.",infrastructure
e393,"The slaughterhouse is managed by a scientifically trained professional with a fully equipped lab for microscopic and bacteriological assays, the only such lab in Switzerland.",The slaughterhouse is managed by a scientifically trained professional with a fully equipped lab for microscopic and bacteriological assays (the only such lab in Switzerland).,infrastructure
e394,The city obtains most eggs from Savoy,"The city obtains most eggs from Savoy, butter from Vaud’s dairies.",economy
e395,The city obtains butter from Vaud’s dairies,"The city obtains most eggs from Savoy, butter from Vaud’s dairies.",economy
e396,Early and other vegetables come from the city's and surrounding areas' large growers,Early and other vegetables come from the city's and surrounding areas' large growers.,economy
e397,"Annual wine consumption is approximately 4,750,000 liters, of which 2,370,000 liters are imported","Annual wine consumption is approximately 4,750,000 liters, of which 2,370,000 liters are imported.",economy
e398,"The beer demand is slightly higher, around 5 million liters annually","The beer demand is slightly higher, around 5 million liters annually.",economy
e399,"The city enjoys 11,400–16,200 liters per minute of potable spring water","The city enjoys 11,400–16,200 liters per minute of potable spring water, averaging 486–630 liters per person per day.",infrastructure
e400,Lausanne consumes more goods than it produces due to more developed education and schooling compared to industrial activity,"Lausanne consumes more goods than it produces, largely because education and schooling are far more developed for various reasons than industrial activity.",economy
e401,Lausanne shoulders considerable burdens to promote industry,"Nonetheless, the city shoulders considerable burdens to promote industry.",economy
e402,Lausanne is primarily an institutional and university city and the Swiss focal point of legal studies,Lausanne’s primary significance is as an institutional and university city and the Swiss focal point of legal studies.,education
e403,Higher land prices and expensive wages hinder expansive and profitable industrial activities in Lausanne.,Higher land prices and expensive wages hinder expansive and profitable industrial activities here.,economy
e404,Lausanne places great hopes on electricity brought from the Rhone power plant.,The city places great hopes on electricity brought from the Rhone power plant.,economy
e405,Book production and related crafts flourish with several major publishing firms in Lausanne.,"Among existing industries, book production and related crafts flourish with several major publishing firms.",economy
e406,There are six lithographic shops employing 80 workers in Lausanne.,"There are now six lithographic shops (80 workers) and 20 printing houses (nearly 400 workers) producing 85 newspapers and periodicals (five dailies, six political, 10 literary, 10 religious or temperance, five agricultural, four technical, three commercial, three official, two legal, two historical, two scientific, two for women and girls, one finance, one military journal, etc.).",economy
e407,There are 20 printing houses employing nearly 400 workers producing 85 newspapers and periodicals of various types.,"There are now six lithographic shops (80 workers) and 20 printing houses (nearly 400 workers) producing 85 newspapers and periodicals (five dailies, six political, 10 literary, 10 religious or temperance, five agricultural, four technical, three commercial, three official, two legal, two historical, two scientific, two for women and girls, one finance, one military journal, etc.).",economy
e408,"The 70 printing presses are mainly water-powered, with some gas or electric machinery as reserve.","The 70 printing presses are mainly water-powered, with some gas or electric machinery as reserve.",economy
e409,"There are 32 bookbinding workshops, five affiliated with printing houses, many specializing in artistic book covers.","There are 32 bookbinding workshops, five affiliated with printing houses, many specializing in artistic book covers.",economy
e410,Graphic arts have developed pleasingly in recent years in Lausanne.,Graphic arts have also developed pleasingly in recent years.,culture
e411,"Photography studios of top-class caliber exist in Lausanne, with some photographers regarded as artists.","Photography studios of top-class caliber exist, some photographers regarded as artists.",culture
e412,Furniture making in Lausanne has suffered from strikes but still includes firms of good reputation.,Formerly flourishing furniture making has suffered from strikes but still includes firms of good reputation.,economy
e413,"Tanneries and leather goods manufacturing in Lausanne, once a prominent specialty, has lost much importance due to competition from cheap foreign leather goods.","Tanneries and leather goods manufacturing, once a prominent specialty, has lost much importance, despite consistently excellent products, due to competition from cheap foreign (even American) leather goods.",economy
e414,Lausanne is neither an industrial city nor a major trading city due to commerce depending mostly on city and canton needs,"Lausanne is neither an industrial city nor a major trading city, largely because commerce is mostly dependent on city and canton needs.",economy
e415,Several companies in Lausanne are engaged in large-scale exports,"Several companies are engaged in large-scale exports, however.",economy
e416,"Lausanne has many beautiful and well-arranged shops, large stores and warehouses, three railway stations, and a lake harbor","Lausanne has many beautiful and well-arranged shops, large stores and warehouses, three railway stations, and a lake harbor;",economy
e417,"Lausanne hosts a cantonal commercial school, the Vaud commerce and industry association, and the Vaud Chamber of Commerce with considerable turnover","it hosts a cantonal commercial school, the Vaud commerce and industry association (Union vaudoise du commerce et de l'industrie), and the Vaud Chamber of Commerce, with considerable turnover.",economy
e418,"The Société industrielle et commerciale, founded in 1859, contributed by establishing free commercial continuing education courses",The 1859-founded Société industrielle et commerciale has especially contributed through establishing free commercial continuing education courses.,education
e419,The Vaud Cantonal Bank was founded with initially 2 million Francs share capital.,"The Vaud Cantonal Bank, founded 1845 with initially 2 million Francs share capital, has gradually increased to 12 million Francs.",economy
e420,The Vaud Cantonal Bank's share capital increased gradually to 12 million Francs.,"The Vaud Cantonal Bank, founded 1845 with initially 2 million Francs share capital, has gradually increased to 12 million Francs.",economy
e421,The Vaud Cantonal Bank's turnover 50 years ago equaled 50 million Francs.,"Its turnover, 50 million Francs 50 years ago, equaled 1.5 billion Francs annually.",economy
e422,The Vaud Cantonal Bank's current turnover equals 1.5 billion Francs annually.,"Its turnover, 50 million Francs 50 years ago, equaled 1.5 billion Francs annually.",economy
e423,The Vaud Cantonal Bank's note issues of 12 million Francs are 60% guaranteed by the canton.,Its note issues of 12 million Francs are 60% guaranteed by the canton.,economy
e424,The Vaud Cantonal Bank operates through 22 branches in the canton.,It operates through 22 branches in the canton.,economy
e425,The Hypothecar Bank (Crédit foncier vaudois) was founded.,"The Hypothecar Bank (Crédit foncier vaudois), founded on December 1, 1838, mainly grants loans to Vaud landowners on first mortgages and to municipalities without mortgage securities.",economy
e426,The Hypothecar Bank mainly grants loans to Vaud landowners on first mortgages and to municipalities without mortgage securities.,"The Hypothecar Bank (Crédit foncier vaudois), founded on December 1, 1838, mainly grants loans to Vaud landowners on first mortgages and to municipalities without mortgage securities.",economy
e427,"By end 1902, total loans at 4% and 4¼% interest summed to 109 million Francs.","By end 1902, total loans at 4% and 4¼% interest summed to 109 million Francs.",economy
e428,"The canton savings bank (Caisse d'épargne cantonale) was founded by the Grand Council on June 26, 1848, guaranteed and supervised by the canton.","The Hypothecar Bank also manages the canton savings bank (Caisse d'épargne cantonale), founded by the Grand Council on June 26, 1848, guaranteed by the canton and supervised by it, holding 57,934,030 Francs from 62,544 depositors at 1902 end.",administration
e429,"The canton savings bank held 57,934,030 Francs from 62,544 depositors at the end of 1902.","The Hypothecar Bank also manages the canton savings bank (Caisse d'épargne cantonale), founded by the Grand Council on June 26, 1848, guaranteed by the canton and supervised by it, holding 57,934,030 Francs from 62,544 depositors at 1902 end.",economy
e430,The 1817 Caisse d'épargne et de prévoyance exists as an additional savings fund.,"Additional savings funds exist, such as the 1817 Caisse d'épargne et de prévoyance, the 1867 Caisse populaire d'épargne et de crédit.",economy
e431,The 1867 Caisse populaire d'épargne et de crédit exists as an additional savings fund.,"Additional savings funds exist, such as the 1817 Caisse d'épargne et de prévoyance, the 1867 Caisse populaire d'épargne et de crédit.",economy
e432,"The Banque d’escompte et de dépôts was founded in 1890, mainly for exchange and deposit operations, with capital of 2.5 million Francs.","Other financial institutions include the 1890-founded Banque d’escompte et de dépôts (capital 2.5 million Francs) mainly for exchange and deposit operations; the 1864-founded Union vaudoise du Crédit (mutuality-based, with savings bank); branches of banks headquartered elsewhere (e.g., Swiss Bank Corporation) and many private banking houses of long-standing reputations.",economy
e433,The Union vaudoise du Crédit was founded in 1864 as a mutuality-based institution with a savings bank.,"Other financial institutions include the 1890-founded Banque d’escompte et de dépôts (capital 2.5 million Francs) mainly for exchange and deposit operations; the 1864-founded Union vaudoise du Crédit (mutuality-based, with savings bank); branches of banks headquartered elsewhere (e.g., Swiss Bank Corporation) and many private banking houses of long-standing reputations.",economy
e434,Lausanne's hotel industry has grown greatly since the late 19th century,"Since the late 19th century, Lausanne’s hotel industry has grown greatly, as the city, thanks to climate, location, hygienic advantages, and many intellectual and natural attractions, has developed into a favored destination.",economy
e435,A hotel vocational school operates in Les Figuiers near Cour providing theoretical and practical training for male hotel staff,"A hotel vocational school operates in Les Figuiers near Cour, providing theoretical and practical training for male hotel staff.",education
e436,Fairs have declined in importance in Lausanne.,Fairs have declined in importance but the lively Wednesday and Saturday weekly markets on Place de la Riponne and various streets continue to thrive.,economy
e437,The lively Wednesday and Saturday weekly markets on Place de la Riponne and various streets continue to thrive.,Fairs have declined in importance but the lively Wednesday and Saturday weekly markets on Place de la Riponne and various streets continue to thrive.,economy
e438,Open-air markets form a unique and attractive feature in Lausanne’s urban life due to the absence of a city market hall.,"Without a city market hall, these open-air markets form a unique and attractive feature in Lausanne’s urban life.",economy
e439,"Société des Tramways lausannois was formed with capital of 960,000 Francs","After receiving federal concession on December 21, 1894, the Société des Tramways lausannois was formed June 5, 1895, with capital of 960,000 Francs.",economy
e440,City network and the line to Lutry opened to traffic,"On September 1, 1896, the city network and the line to Lutry opened to traffic.",transport
e441,"Lines to La Pontaise, Chailly, La Sallaz, Prilly, Renens, Montoie, Ouchy, and Cugy were added to the network","Subsequently, lines to La Pontaise, Chailly, La Sallaz, Prilly, Renens, Montoie, Ouchy, and Cugy were added.",transport
e442,Network length was about 30 km by end 1904,"By end 1904, the network length was about 30 km.",transport
e443,"In 1902, trams carried 3,621,943 passengers and earned 439,013 Francs.","In 1902, trams carried 3,621,943 passengers, earning 439,013 Francs.",transport
e444,"Since September 24, 1902, tram power is supplied by electricity from the Lac de Bret via the transformer station at Pierre de Plan.","Initially powered by 130 HP Crossley motors, since September 24, 1902, power is supplied by electricity from the Lac de Bret via the transformer station at Pierre de Plan.",infrastructure
e445,"The Lausanne-Ouchy funicular, the first in Switzerland, links the city to its lake harbor in nine minutes.","The Lausanne-Ouchy funicular, the first in Switzerland, links the city to its lake harbor in nine minutes.",transport
e446,"A standard gauge railway 1476 m long with three stops, tunnels under Montbenon hill and the Jura-Simplon railway station, and other engineering structures was built in 1875/76 and opened in 1877.","Built in 1875/76 and opened 1877, it is standard gauge, 1476 m long, has three stops, tunnels under Montbenon hill and the Jura-Simplon railway station, and other engineering structures.",infrastructure
e447,"In 1900, the railway carried 880,796 passengers and 40,046 tons of goods.","In 1900, it carried 880,796 passengers and 40,046 tons of goods.",transport
e448,"The cable railway Lausanne-Gare with rack railway, 314 m long and standard gauge, opened on December 5, 1879, uses a cable sled powered by a turbine to transport cars to central Place du Flon.","It is complemented by the cable railway Lausanne-Gare with rack railway, opened December 5, 1879, 314 m long, also standard gauge, which uses a cable sled powered by a turbine to transport cars to central Place du Flon.",infrastructure
e449,"In 1900, the transportation system carried 98,744 passengers and 76,039 tons of goods.","In 1900, it carried 98,744 passengers and 76,039 tons of goods.",transport
e450,The water supply from Lac de Bret powers both lines.,The water supply from Lac de Bret powers both lines.,infrastructure
e451,The funiculars have greatly served the city and contributed to its growth.,The funiculars have greatly served the city and contributed to its growth.,transport
e452,The Flon valley was filled by the Lausanne-Ouchy company to form Place du Flon.,"The actual freight station is the Gare du Flon, on Place du Flon formed by filling the Flon valley by Lausanne-Ouchy company.",land_use
e453,"Since 1902, the Gare de Bel Air (Grand Pont station) features a 20-ton lift raising railcars 14 m from Place du Flon to the roof level, connecting with city trams and Lausanne-Échallens station.","It features large fireproof concrete warehouses and since 1902 the Gare de Bel Air (Grand Pont station), 102 m long and 20 m wide in the middle, boasting a 20-ton lift raising railcars 14 m from Place du Flon to the roof level, connecting with city trams and the other station Lausanne-Échallens.",infrastructure
e454,"The Lausanne-Signal cable car was opened in 1899 at a cost of 230,000 Francs.","The 467 m long Lausanne-Signal cable car, opened in 1899 (cost 230,000 Francs), carried 142,110 passengers and 130,856 kg goods in 1902; it begins at Vallon and ends near the Signal terrace.",infrastructure
e455,"The Lausanne-Signal cable car carried 142,110 passengers and 130,856 kg of goods in 1902.","The 467 m long Lausanne-Signal cable car, opened in 1899 (cost 230,000 Francs), carried 142,110 passengers and 130,856 kg goods in 1902; it begins at Vallon and ends near the Signal terrace.",transport
e456,The Lausanne-Signal cable car begins at Vallon and ends near the Signal terrace.,"The 467 m long Lausanne-Signal cable car, opened in 1899 (cost 230,000 Francs), carried 142,110 passengers and 130,856 kg goods in 1902; it begins at Vallon and ends near the Signal terrace.",transport
e457,Lausanne is a central hub for several narrow-gauge railway lines.,Lausanne is also a central hub for several narrow-gauge lines.,transport
e458,The Place de Chauderon hosts the Lausanne-Échallens-Bercher railway linking Lausanne with Gros de Vaud.,"The Place de Chauderon hosts the Lausanne-Échallens-Bercher railway (Central vaudois), linking the city with Gros de Vaud.",transport
e459,"The Lausanne-Échallens-Bercher railway divides into three sections opened between 1873 and 1889, totaling 22.9 km in length.","It divides into three sections opened between 1873 and 1889, together 22.9 km long.",transport
e460,"Between 1873 and 1902, the railway carried 3,057,225 travelers and 331,875,039 kg of goods.","Between 1873-1902, it carried 3,057,225 travelers and 331,875,039 kg goods.",transport
e461,The electric Jorat Railway originates from La Sallaz and operates since 1902.,"From La Sallaz (above the city, connected by tram to the main station) originates the electric Jorat Railway, operating since 1902, traversing the Jorat highlands to Moudon.",transport
e462,The electric Jorat Railway traverses the Jorat highlands to Moudon.,"From La Sallaz (above the city, connected by tram to the main station) originates the electric Jorat Railway, operating since 1902, traversing the Jorat highlands to Moudon.",transport
e463,Lausanne is the seat of the federal railway district No. 1.,Lausanne is the seat of the federal railway district No. 1.,administration
e464,"Numerous standard-gauge railway lines radiate from Lausanne to Bern, Simplon, Payerne-Lyss, Neuchâtel, Vallorbe-Pontarlier-Paris, and Geneva.","Numerous standard-gauge lines radiate: to Bern, Simplon, Payerne-Lyss, Neuchâtel, Vallorbe-Pontarlier-Paris, Geneva.",transport
e465,The lines Lausanne-Renens-Morges and Renens-Yverdon (continuing Bussigny-Yverdon) began operations in 1856.,"Lines Lausanne-Renens-Morges and Renens-Yverdon (continuing Bussigny-Yverdon, first opened in Vaud in 1855) began operations in 1856; 1861 saw opening of Lausanne-Villeneuve, 1862 Lausanne-Oron (-Bern), and 1870 Lausanne-Vallorbe.",transport
e466,The railway line Bussigny-Yverdon first opened in Vaud in 1855.,"Lines Lausanne-Renens-Morges and Renens-Yverdon (continuing Bussigny-Yverdon, first opened in Vaud in 1855) began operations in 1856; 1861 saw opening of Lausanne-Villeneuve, 1862 Lausanne-Oron (-Bern), and 1870 Lausanne-Vallorbe.",transport
e467,The Lausanne-Villeneuve railway line opened in 1861.,"Lines Lausanne-Renens-Morges and Renens-Yverdon (continuing Bussigny-Yverdon, first opened in Vaud in 1855) began operations in 1856; 1861 saw opening of Lausanne-Villeneuve, 1862 Lausanne-Oron (-Bern), and 1870 Lausanne-Vallorbe.",transport
e468,The Lausanne-Oron (-Bern) railway line opened in 1862.,"Lines Lausanne-Renens-Morges and Renens-Yverdon (continuing Bussigny-Yverdon, first opened in Vaud in 1855) began operations in 1856; 1861 saw opening of Lausanne-Villeneuve, 1862 Lausanne-Oron (-Bern), and 1870 Lausanne-Vallorbe.",transport
e469,The Lausanne-Vallorbe railway line opened in 1870.,"Lines Lausanne-Renens-Morges and Renens-Yverdon (continuing Bussigny-Yverdon, first opened in Vaud in 1855) began operations in 1856; 1861 saw opening of Lausanne-Villeneuve, 1862 Lausanne-Oron (-Bern), and 1870 Lausanne-Vallorbe.",transport
e470,"Lausanne main station handled 954,946 passengers in 1901","In 1901, Lausanne main station handled 954,946 passengers; freight traffic totaled 208,396 tons and revenues reached 4,033,220 Francs.",transport
e471,"Freight traffic at Lausanne main station totaled 208,396 tons in 1901","In 1901, Lausanne main station handled 954,946 passengers; freight traffic totaled 208,396 tons and revenues reached 4,033,220 Francs.",transport
e472,"Revenues at Lausanne main station reached 4,033,220 Francs in 1901","In 1901, Lausanne main station handled 954,946 passengers; freight traffic totaled 208,396 tons and revenues reached 4,033,220 Francs.",economy
e473,Lausanne main station ranked first for passenger traffic among district 1 stations in 1901,It ranks first for passenger traffic and third for freight and revenue among district 1 stations.,transport
e474,Lausanne main station ranked third for freight and revenue among district 1 stations in 1901,It ranks first for passenger traffic and third for freight and revenue among district 1 stations.,transport
e475,Passenger navigation is served by steamers of the Compagnie générale de Navigation to Geneva and lakeshore towns,"Navigation is served by steamers of the Compagnie générale de Navigation for passengers to Geneva and lakeshore towns; cargo shipment is handled by freight ships and sailing vessels transporting stone, wood, and some special products.",transport
e476,"Cargo shipment is handled by freight ships and sailing vessels transporting stone, wood, and some special products","Navigation is served by steamers of the Compagnie générale de Navigation for passengers to Geneva and lakeshore towns; cargo shipment is handled by freight ships and sailing vessels transporting stone, wood, and some special products.",transport
e477,Lausanne is a key postal center,Lausanne is also a key postal center; 1902 traffic data from all city post offices show:,infrastructure
e478,Lausanne was an important postal hub in 1902 according to the Wiesbaden Post Traffic Statistic.,The Wiesbaden Post Traffic Statistic for 1902 highlights Lausanne’s importance as a postal hub.,transport
e479,"About 7.99 million letters, postcards, printed matter, and samples were sent from Lausanne in 1902.","About 7.99 million letters, postcards, printed matter, and samples, and over 12 million newspaper copies were sent, with 1.95 million newspaper copies received, signaling the city’s key role as a press distribution center.",transport
e480,Over 12 million newspaper copies were sent from Lausanne in 1902.,"About 7.99 million letters, postcards, printed matter, and samples, and over 12 million newspaper copies were sent, with 1.95 million newspaper copies received, signaling the city’s key role as a press distribution center.",transport
e481,1.95 million newspaper copies were received in Lausanne in 1902.,"About 7.99 million letters, postcards, printed matter, and samples, and over 12 million newspaper copies were sent, with 1.95 million newspaper copies received, signaling the city’s key role as a press distribution center.",transport
e482,Lausanne was a key press distribution center in 1902.,"About 7.99 million letters, postcards, printed matter, and samples, and over 12 million newspaper copies were sent, with 1.95 million newspaper copies received, signaling the city’s key role as a press distribution center.",transport
e483,"Parcel traffic is intense with over 303,000 packages sent and nearly 580,000 received, indicating strong links in goods flow.","Parcel traffic is intense: over 303,000 packages sent, while nearly 580,000 received, indicating strong links in goods flow.",transport
e484,"Cash on delivery and money order traffic plays a major role with over 344,000 COD transactions and many domestic and international money transfer orders.","Cash on delivery and money order traffic plays a major role, with over 344,000 COD transactions and many domestic and international money transfer orders.",economy
e485,"Incoming internal money orders (~178,000) exceed outgoing; international orders, though smaller, remain important.","Incoming internal money orders (~178,000) exceed outgoing; international orders, though smaller, remain important.",economy
e486,Lausanne was a crucial hub for communications and trade in early 20th century,"Altogether, these data reveal Lausanne as a crucial hub for communications and trade in early 20th century.",economy
e487,"Lausanne is seat of the 2nd federal postal region covering Vaud (except Nyon district), Fribourg, and Valais with 670 post offices.","Lausanne is seat of the 2nd federal postal region, covering Vaud (except Nyon district), Fribourg, and Valais, together 670 post offices.",administration
e488,"The Lausanne telegraph district includes Geneva, Vaud, Valais, and Fribourg (except Sense and See districts) with over 100 telegraph offices and 4141.7 km of wire network.","The Lausanne telegraph district includes Geneva, Vaud, Valais, and Fribourg (except Sense and See districts) with over 100 telegraph offices and 4141.7 km of wire network.",infrastructure
e489,"In 1902, 1,615,517 telegrams and phonograms were sent and received, generating 704,107 Francs.","In 1902, 1,615,517 telegrams and phonograms were sent and received, generating 704,107 Francs.",economy
e490,"In Lausanne city itself, 50,470 telegrams were sent, 68,267 received; 168,762 passed through; income totaled 70,305 Francs in 1902.","In Lausanne city itself, 50,470 telegrams were sent, 68,267 received; 168,762 passed through; income totaled 70,305 Francs.",economy
e491,"Since October 1882, telephone service grew to 1,731 subscribers with 1,897 apparatuses by end 1902.","Since October 1882, telephone service grew to 1,731 subscribers with 1,897 apparatuses by end 1902; 1,184,186 local and 380,585 long-distance calls were made.",infrastructure
e492,"In 1902, 1,184,186 local and 380,585 long-distance telephone calls were made in Lausanne.","Since October 1882, telephone service grew to 1,731 subscribers with 1,897 apparatuses by end 1902; 1,184,186 local and 380,585 long-distance calls were made.",economy
e493,"Lausanne is a city known for education and upbringing with a rich variety of schools, institutes, and boarding schools.","As noted before, Lausanne is truly a city of education and upbringing.",education
e494,Both public and private educational institutions in Lausanne enjoy an established and wide reputation.,Both public and private institutions enjoy an established and wide reputation.,education
e495,Lausanne has numerous state educational institutions besides city schools.,"Besides city schools with 190 teachers and a 1903 budget of 689,800 Francs for maintenance, Lausanne has numerous state institutions.",education
e496,City schools in Lausanne had 190 teachers in 1903.,"Besides city schools with 190 teachers and a 1903 budget of 689,800 Francs for maintenance, Lausanne has numerous state institutions.",education
e497,Compulsory elementary schooling was strictly implemented in Lausanne from 1865,"Although compulsory elementary schooling was enshrined in the 1803 constitution, this measure was strictly implemented in Lausanne only from 1865.",education
e498,Elementary pupils rose from 4.5% of total population in 1865 to 10% in 1887 in Lausanne,"Elementary pupils rose from 4.5% of total population in 1865 to 10% in 1887, reaching 8.5% in 1902.",education
e499,Elementary pupils reached 8.5% of total population in 1902 in Lausanne,"Elementary pupils rose from 4.5% of total population in 1865 to 10% in 1887, reaching 8.5% in 1902.",education
e500,"Kindergartens established after Froebel's model in 1895 have 29 classes, 29 teachers, and 852 pupils aged 5–7","Kindergartens established after Froebel's model in 1895 now have 29 classes, 29 teachers, and 852 pupils aged 5–7, with a 1903 budget of 80,000 Francs.",education
e501,"There are 105 elementary school classes (11 in suburbs) with 4037 pupils aged 7–14 taught by 64 female, 37 male teachers and 16 specialists","There are 105 elementary school classes (11 in suburbs) with 4037 pupils aged 7–14 (about 40 per class) taught by 64 female, 37 male teachers and 16 specialists.",education
e502,"Since 1895, a special class for weak students with 17 pupils exists under one teacher","Since 1895, a special class for weak students (17 pupils) exists under one teacher;",education
e503,12 youth centers (classes gardiennes) started in 1896 with 330 children aged 7–14 serve those whose parents cannot supervise them during breaks,12 youth centers (classes gardiennes) started in 1896 with 330 children aged 7–14 serve those whose parents cannot supervise them during breaks.,education
e504,Lausanne supports the school lunch program (Œuvre des cuisines scolaires) since 1889,"It also supports the so-called school lunch program (Œuvre des cuisines scolaires) since 1889 and vacation colonies for poor or sick children founded 1884, both maintained mainly by private initiative donations.",education
e505,Vacation colonies for poor or sick children were founded in Lausanne in 1884,"It also supports the so-called school lunch program (Œuvre des cuisines scolaires) since 1889 and vacation colonies for poor or sick children founded 1884, both maintained mainly by private initiative donations.",education
e506,Special supplementary schools with 15 classes and six specialist teachers have existed for youth aged 16-19 since 1883,"For youth aged 16-19, special supplementary schools with 15 classes and six specialist teachers have existed since 1883.",education
e507,Students receive swimming lessons and have access to baths and showers,Students receive swimming lessons and have access to baths and showers.,education
e508,A school physician looks after students' health,A school physician looks after their health.,public_health
e509,Various societies offer similar continuing education through special schools,Similar continuing education is offered by various societies’ special schools.,education
e510,A household school with 2 female teachers was established,"A household school (cooking, washing, ironing) with 2 female teachers and a vocational school for ladies’ tailoring and lingerie (cutting, white sewing, dressmaking) with 4 female teachers were established in 1899, costing 25,840 Francs annually.",education
e511,A vocational school for ladies’ tailoring and lingerie with 4 female teachers was established,"A household school (cooking, washing, ironing) with 2 female teachers and a vocational school for ladies’ tailoring and lingerie (cutting, white sewing, dressmaking) with 4 female teachers were established in 1899, costing 25,840 Francs annually.",education
e512,The city supports career training schools run by 15 societies,"The city also supports career training schools run by 15 societies with a contribution of 15,000 Francs yearly.",education
e513,"The city annually holds festivals before summer holidays for elementary and household school pupils, including the traditional ""Fête du Bois"" celebrated in Sauvabelin forests.","The city annually holds festivals before summer holidays for elementary and household school pupils (the traditional ""Fête du Bois"") celebrated in Sauvabelin forests, one of Lausanne’s most popular and original folk festivals.",culture
e514,Similar ceremonies are held for middle school students.,Similar ceremonies are held for middle school students.,culture
e515,Special evening classes exist for school-age children employed during the day in shops or workshops.,Special evening classes exist for school-age children employed during the day in shops or workshops.,education
e516,Several private schools exist with 880 pupils in 13 classes under direct city supervision with official annual exams,"Several private schools exist with 880 pupils in 13 classes, all under direct city supervision with official annual exams.",education
e517,There is a free school with two classes,"There is also a free school with two classes, the 1726-founded orphanage school, and a Catholic school with 14 classes.",education
e518,The orphanage school was founded in 1726,"There is also a free school with two classes, the 1726-founded orphanage school, and a Catholic school with 14 classes.",education
e519,There is a Catholic school with 14 classes,"There is also a free school with two classes, the 1726-founded orphanage school, and a Catholic school with 14 classes.",education
e520,The city founded a higher girls’ school (Ecole supérieure communale des jeunes filles) in 1849,"The city maintains a higher girls’ school (Ecole supérieure communale des jeunes filles), founded 1849, repeatedly reorganized (latest 1891).",education
e521,"The higher girls’ school was repeatedly reorganized, latest in 1891","The city maintains a higher girls’ school (Ecole supérieure communale des jeunes filles), founded 1849, repeatedly reorganized (latest 1891).",education
e522,The prestigious building in Villamont admits girls from age 10 with a lower division of 5 classes (10–15 years),"Its prestigious building in Villamont admits girls from age 10, with lower division of 5 classes (10–15 years) and a three-year gymnasium (15–18+), which splits into humanities, sciences, and pedagogy tracks.",education
e523,"The three-year gymnasium (15–18+) splits into humanities, sciences, and pedagogy tracks","Its prestigious building in Villamont admits girls from age 10, with lower division of 5 classes (10–15 years) and a three-year gymnasium (15–18+), which splits into humanities, sciences, and pedagogy tracks.",education
e524,The gymnasium grants diplomas for foreign girls passing the relevant special course,"The gymnasium grants diplomas for foreign girls passing the relevant special course, and those graduating from the full three-year course receive a matriculation certificate, qualifying them for philosophy, law, and science faculties at the University of Lausanne.",education
e525,Graduates from the full three-year course receive a matriculation certificate,"The gymnasium grants diplomas for foreign girls passing the relevant special course, and those graduating from the full three-year course receive a matriculation certificate, qualifying them for philosophy, law, and science faculties at the University of Lausanne.",education
e526,"Matriculation certificate qualifies for philosophy, law, and science faculties at the University of Lausanne","The gymnasium grants diplomas for foreign girls passing the relevant special course, and those graduating from the full three-year course receive a matriculation certificate, qualifying them for philosophy, law, and science faculties at the University of Lausanne.",education
e527,École Vinet was founded by Alexander Vinet in 1839,"A similar institution is the free École Vinet with higher girls’ school and gymnasium, founded 1839 by Alexander Vinet, who led it until 1847, reorganized in 1884, and since 1898 housed in a large beautiful building with lawns and botanical garden.",education
e528,Alexander Vinet led École Vinet until 1847,"A similar institution is the free École Vinet with higher girls’ school and gymnasium, founded 1839 by Alexander Vinet, who led it until 1847, reorganized in 1884, and since 1898 housed in a large beautiful building with lawns and botanical garden.",education
e529,École Vinet was reorganized in 1884,"A similar institution is the free École Vinet with higher girls’ school and gymnasium, founded 1839 by Alexander Vinet, who led it until 1847, reorganized in 1884, and since 1898 housed in a large beautiful building with lawns and botanical garden.",education
e530,Since 1898 École Vinet has been housed in a large building with lawns and botanical garden,"A similar institution is the free École Vinet with higher girls’ school and gymnasium, founded 1839 by Alexander Vinet, who led it until 1847, reorganized in 1884, and since 1898 housed in a large beautiful building with lawns and botanical garden.",education
e531,The city has seven classes for girls aged 8–16 years.,"It has seven classes for girls 8–16 years, a two-class gymnasium for girls 16+, and an upper division for older pupils and women.",education
e532,The city has a two-class gymnasium for girls aged 16 and older.,"It has seven classes for girls 8–16 years, a two-class gymnasium for girls 16+, and an upper division for older pupils and women.",education
e533,The city has an upper division for older pupils and women.,"It has seven classes for girls 8–16 years, a two-class gymnasium for girls 16+, and an upper division for older pupils and women.",education
e534,The city grants teaching certificates in French.,It also grants teaching certificates in French.,education
e535,All city schools are located in fine school buildings.,All city schools are located in fine school buildings; since 1874 over 3 million Francs have been spent on construction.,education
e536,"Since 1874, over 3 million Francs have been spent on construction of city school buildings.",All city schools are located in fine school buildings; since 1874 over 3 million Francs have been spent on construction.,construction
e537,Higher education is served by cantonal middle and higher education institutions seated in Lausanne,"Higher education is served by cantonal middle and higher education institutions seated in Lausanne: the agricultural school, teacher seminar, commercial school, industrial school, scientific gymnasium, progymnasium (Collège cantonal), humanities gymnasium, and finally the university.",education
e538,The cantonal agricultural school was formed in 1870 at Champ de l’Air.,"The cantonal agricultural school, housed in the agricultural institute building at Champ de l’Air, formed in 1870, primarily admits farm boys (currently 45–50 pupils) aged at least 16, providing theoretical and practical instruction over two winter halves from 21 professors (several also university faculty).",education
e539,"The school primarily admits farm boys aged at least 16, currently 45–50 pupils.","The cantonal agricultural school, housed in the agricultural institute building at Champ de l’Air, formed in 1870, primarily admits farm boys (currently 45–50 pupils) aged at least 16, providing theoretical and practical instruction over two winter halves from 21 professors (several also university faculty).",education
e540,"The school provides theoretical and practical instruction over two winter halves from 21 professors, several also university faculty.","The cantonal agricultural school, housed in the agricultural institute building at Champ de l’Air, formed in 1870, primarily admits farm boys (currently 45–50 pupils) aged at least 16, providing theoretical and practical instruction over two winter halves from 21 professors (several also university faculty).",education
e541,Practical subjects include basket weaving and grafting of vines and fruit trees.,Practical subjects include basket weaving and grafting of vines and fruit trees.,education
e542,The school includes an agricultural library and museum with special zootechnical collections and awards diplomas.,The school includes an agricultural library and museum with special zootechnical collections and awards diplomas.,education
e543,"The school has an annual budget of 18,000 Francs.","Annual budget 18,000 Francs.",economy
e544,The teacher seminar has been housed in a large building at Bugnon since 1901.,"The teacher seminar, housed since 1901 in a large building at Bugnon (just below Champ de l’Air), trains Vaud elementary teachers of both sexes.",education
e545,The teacher seminar trains Vaud elementary teachers of both sexes.,"The teacher seminar, housed since 1901 in a large building at Bugnon (just below Champ de l’Air), trains Vaud elementary teachers of both sexes.",education
e546,Existence of a four-year male teacher seminar for students aged 16–20 years old,a four-year male teacher seminar for students 16–20 years old;,education
e547,Existence of a three-year female teacher seminar for girls aged 16–19,2. a three-year female teacher seminar for girls aged 16–19;,education
e548,Existence of a Froebel kindergarten teacher training school,3. a Froebel kindergarten teacher training school;,education
e549,Existence of a school for work teachers in Lausanne,4. a school for work teachers;,education
e550,A practice school with kindergarten and 2 elementary classes was founded in 1835 as École modèle.,"5. a practice school with kindergarten and 2 elementary classes (founded 1835 as École modèle, closed 1845, reopened 1882);",education
e551,The practice school was closed in 1845.,"5. a practice school with kindergarten and 2 elementary classes (founded 1835 as École modèle, closed 1845, reopened 1882);",education
e552,The practice school was reopened in 1882.,"5. a practice school with kindergarten and 2 elementary classes (founded 1835 as École modèle, closed 1845, reopened 1882);",education
e553,A cantonal school exhibition took place.,6. a cantonal school exhibition.,education
e554,The seminar staff includes a director and 29 teachers and instructors.,The seminar staff includes a director and 29 teachers and instructors.,education
e555,"The seminar grants elementary teacher, kindergarten leader, and work teacher certificates.","It grants elementary teacher, kindergarten leader, and work teacher certificates.",education
e556,The cantonal commercial school became an independent institution in 1892.,"The cantonal commercial school, an offshoot since 1869 of the cantonal industrial school, became an independent institution in 1892, housed since 1899 in its own building at Place de Chauderon (former Collège J. L. Galliard).",education
e557,"Since 1899, the cantonal commercial school has been housed in its own building at Place de Chauderon.","The cantonal commercial school, an offshoot since 1869 of the cantonal industrial school, became an independent institution in 1892, housed since 1899 in its own building at Place de Chauderon (former Collège J. L. Galliard).",education
e558,"The cantonal commercial school prepares students in a 3-year course for commerce and 2 years training for postal, telegraph, and customs service.","It prepares students in a 3-year course for commerce and (pending a cantonal technical school) 2 years training for postal, telegraph, and customs service.",education
e559,The cantonal industrial school with scientific gymnasium was founded in 1837 as the École moyenne.,"The cantonal industrial school with scientific gymnasium, preparing for technical and scientific studies, was founded in 1837 as the École moyenne.",education
e560,The school was initially municipal and taken over by the canton in 1869.,"Initially municipal, it was taken over by the canton in 1869.",education
e561,The school was reorganized in 1892 and 1900.,"Reorganized in 1892 and 1900, it comprises 1. a four-class industrial school following elementary school for pupils aged 12+, whose leaving certificate qualifies for entry to the scientific gymnasium, the commercial school, or the teacher seminar; and 2. the two-and-a-half-year scientific gymnasium for pupils aged 16+, matriculation from which qualifies admission to the University of Lausanne and the Federal Polytechnic.",education
e562,"The four-class industrial school follows elementary school for pupils aged 12+, whose leaving certificate qualifies for entry to the scientific gymnasium, the commercial school, or the teacher seminar.","Reorganized in 1892 and 1900, it comprises 1. a four-class industrial school following elementary school for pupils aged 12+, whose leaving certificate qualifies for entry to the scientific gymnasium, the commercial school, or the teacher seminar; and 2. the two-and-a-half-year scientific gymnasium for pupils aged 16+, matriculation from which qualifies admission to the University of Lausanne and the Federal Polytechnic.",education
e563,"The two-and-a-half-year scientific gymnasium is for pupils aged 16+, matriculation from which qualifies admission to the University of Lausanne and the Federal Polytechnic.","Reorganized in 1892 and 1900, it comprises 1. a four-class industrial school following elementary school for pupils aged 12+, whose leaving certificate qualifies for entry to the scientific gymnasium, the commercial school, or the teacher seminar; and 2. the two-and-a-half-year scientific gymnasium for pupils aged 16+, matriculation from which qualifies admission to the University of Lausanne and the Federal Polytechnic.",education
e564,The progymnasium or Collège cantonal was founded during Bernese rule,"The progymnasium or Collège cantonal was founded during Bernese rule, preparing pupils from age 10 in six annual courses for upper or humanities gymnasium, with six classes and 18 teachers, with a savings bank, library, orchestra, and developing school fund.",education
e565,"The University of Lausanne's first phase (1537 to 1838) was the era of the old academy, a primarily theological institution training Reformed ministers.","The University of Lausanne has a history over 350 years, divided into three phases: the first from 1537 to 1838, the era of the old academy—a primarily theological institution training Reformed ministers.",education
e566,"During the second phase (1838–1890), the academy shed its strictly ecclesiastical character and was reorganized into an institution preparing for higher professions and serving as a spiritual center for the canton.","During the second phase (1838–1890), the academy shed its strictly ecclesiastical character and was reorganized into an institution preparing for higher professions and serving as a spiritual center for the canton.",education
e567,"Transformation into today's modern university by law on May 10, 1890","The third phase began with transformation into today's modern university by law of May 10, 1890, solemnly opened October 22, 1890.",education
e568,"Solemn opening of the modern university on October 22, 1890","The third phase began with transformation into today's modern university by law of May 10, 1890, solemnly opened October 22, 1890.",education
e569,Opposition to the university transformation vanished after Gabriel de Rumine donated funds,"Opposition to the change vanished once Gabriel de Rumine, a former academy pupil, donated brilliant funds.",education
e570,"The university comprises faculties of theology (Reformed), law, medicine, philosophy, and natural sciences","Today, the university comprises faculties of theology (Reformed), law, medicine, philosophy, and natural sciences, the latter divided into three sections: mathematical-physical-natural sciences, pharmacy, and engineering.",education
e571,"The university awards degrees including licenses in theology, law, philosophy, natural science, diplomas for civil, mechanical, chemical, and electrical engineers, and doctorates in theology, law, medicine, philosophy, and natural sciences.","Degrees awarded include licenses in theology, law, philosophy, natural science, diplomas for civil, mechanical, chemical, and electrical engineers, and doctorates in theology, law, medicine, philosophy, and natural sciences.",education
e572,"The university is led by a rector, each faculty by a dean, plus directors for pharmacy and engineering schools.","The university is led by a rector, each faculty by a dean, plus directors for pharmacy and engineering schools.",administration
e573,"In 1860, the academy had 33 teachers with specified roles.","In 1860, the academy had 33 teachers (20 full, 10 adjunct professors, 3 private lecturers);",education
e574,"In 1890, the new university had 58 teachers with specified roles.","in 1890, the new university had 58 teachers (20 full, 24 adjunct professors, 6 private lecturers, 4 others, 4 assistants);",education
e575,"Today, the university counts include various categories of professors, lecturers, assistants, and preparators.","today, counts include 12 honorary professors, 28 full, 44 adjunct professors, 7 private lecturers, 26 others, 15 assistants, 2 lecturers, about 10 preparators.",education
e576,The university has 20 institutes or labs and 10 clinics.,It also has 20 institutes or labs and 10 clinics.,education
e577,The opening semester offered 179 lectures,"The opening semester offered 179 lectures, the 1903/04 winter semester 325 announced.",education
e578,The 1903/04 winter semester announced 325 lectures,"The opening semester offered 179 lectures, the 1903/04 winter semester 325 announced.",education
e579,"Student numbers steadily grew, reaching 852 (including auditors) at the 1903/04 winter semester","Student numbers steadily grew, reaching 852 (including auditors) at that semester.",education
e580,The Cantonal and University Library descends from the 1537-established Bibliothèque académique formed after the Reformation and academy foundation.,"The university houses the Cantonal and University Library (Bibliothèque cantonale et universitaire), descending from the 1537-established Bibliothèque académique formed just after the Reformation and academy foundation.",education
e581,The library was originally a modest collection of church books and scholastic works from the bishop’s palace and dissolved monasteries.,"Originally a modest collection of church books and scholastic works from the bishop’s palace and dissolved monasteries, it was housed in Château Menthon until moved in 1587 to the College, where it still remains, but soon will move to the university’s Rumine Palace.",education
e582,"The library was housed in Château Menthon until moved in 1587 to the College, where it still remains.","Originally a modest collection of church books and scholastic works from the bishop’s palace and dissolved monasteries, it was housed in Château Menthon until moved in 1587 to the College, where it still remains, but soon will move to the university’s Rumine Palace.",education
e583,The library will soon move to the university’s Rumine Palace.,"Originally a modest collection of church books and scholastic works from the bishop’s palace and dissolved monasteries, it was housed in Château Menthon until moved in 1587 to the College, where it still remains, but soon will move to the university’s Rumine Palace.",education
e584,The 1806 school law transformed the academic library into the Vaud cantonal library.,"The 1806 school law transformed the academic library into the Vaud cantonal library, funded solely by the canton since 1825.",law_governance
e585,Since 1825 the Vaud cantonal library has been funded solely by the canton.,"The 1806 school law transformed the academic library into the Vaud cantonal library, funded solely by the canton since 1825.",law_governance
e586,"A 1897 special law gave the library new organization, administration, and its current name.","A 1897 special law gave it new organization, administration, and its current name.",law_governance
e587,"Since 1894, the natural history society library and the Blue Library merged into the Cantonal and University Library.","Since 1894, the natural history society library and the so-called Blue Library merged into it; it also administers the Institute of International Law library.",education
e588,The Cantonal and University Library administers the Institute of International Law library.,"Since 1894, the natural history society library and the so-called Blue Library merged into it; it also administers the Institute of International Law library.",education
e589,"The library holds over 230,000 printed volumes and manuscripts including rare and historical collections.","Today it holds over 230,000 printed volumes and manuscripts, including a rare 1788 Indian-origin oriental manuscript collection, 1439 Acta concilii Lausannensis, a 14th-century pergament copy of ""Roman de la Rose,"" a 14th-century ""Mireour du Monde,"" and a splendidly illuminated Bible on parchment (12th–13th centuries).",education
e590,"In 1901, the library lent or allowed on-site use of 131,166 volumes.","In 1901, the library lent or allowed on-site use of 131,166 volumes.",education
e591,Lausanne hosts the cantonal art museum (Musée Arlaud),"Lausanne also hosts the cantonal art museum (Musée Arlaud); natural sciences collections (botany, geology, mineralogy, paleontology, comparative anatomy, zoology, ethnography); an archaeological museum and coin cabinet.",culture
e592,"Lausanne hosts natural sciences collections including botany, geology, mineralogy, paleontology, comparative anatomy, zoology, and ethnography","Lausanne also hosts the cantonal art museum (Musée Arlaud); natural sciences collections (botany, geology, mineralogy, paleontology, comparative anatomy, zoology, ethnography); an archaeological museum and coin cabinet.",culture
e593,Lausanne hosts an archaeological museum and coin cabinet,"Lausanne also hosts the cantonal art museum (Musée Arlaud); natural sciences collections (botany, geology, mineralogy, paleontology, comparative anatomy, zoology, ethnography); an archaeological museum and coin cabinet.",culture
e594,Lausanne has a historiographical collection (historical museum),"Its historiographical collection (historical museum), the cantonal office for historic monument preservation, and collections of the historic monuments commission also add to the city’s rich cultural holdings.",culture
e595,Lausanne has the cantonal office for historic monument preservation,"Its historiographical collection (historical museum), the cantonal office for historic monument preservation, and collections of the historic monuments commission also add to the city’s rich cultural holdings.",culture
e596,Lausanne has collections of the historic monuments commission,"Its historiographical collection (historical museum), the cantonal office for historic monument preservation, and collections of the historic monuments commission also add to the city’s rich cultural holdings.",culture
e597,Lausanne lacked a public art collection until 1816.,"Lausanne lacked a public art collection until 1816, when via a subscription of 65 shares at 100 Francs, a group of private citizens bought the legacy of famous watercolor painter Louis Ducrot (born Yverdon 1748, died Lausanne 1810).",culture
e598,A group of private citizens bought the legacy of Louis Ducrot in 1816 via a subscription of 65 shares at 100 Francs.,"Lausanne lacked a public art collection until 1816, when via a subscription of 65 shares at 100 Francs, a group of private citizens bought the legacy of famous watercolor painter Louis Ducrot (born Yverdon 1748, died Lausanne 1810).",culture
e599,"The state acquired the collection soon after 1816, forming the first core of the future art museum (Musée des Beaux Arts) initially housed in the cantonal natural history museum.","Soon after the state acquired the collection, which formed the first core of the future art museum (Musée des Beaux Arts), initially housed in the cantonal natural history museum.",culture
e600,Painter Marc Louis Arlaud planned and donated funds for a new museum building with a drawing school to the state.,"Enriched by donations and purchases, painter Marc Louis Arlaud (born Orbe 1773, died Lausanne 1845) planned and donated funds for a new museum building with a drawing school to the state.",culture
e601,The state accepted Arlaud's offer and committed a lifelong annual annuity (4.5% on capital) to him.,"The state accepted his offer, committing a lifelong annual annuity (4.5% on capital) to Arlaud.",law_governance
e602,"The Grand Council approved 16,500 Francs for the museum’s construction","The Grand Council approved 16,500 Francs for the museum’s construction.",administration
e603,"The city gave the site south of Place de la Riponne and agreed to build the lower floors up to the plaza level at its own cost, serving as elementary school premises","The city gave the site south of Place de la Riponne and agreed to build the lower floors up to the plaza level at its own cost, serving as elementary school premises, while the upper floors, built by the state, were for the “Musée Arlaud” and the cantonal drawing school.",construction
e604,"The upper floors, built by the state, were for the “Musée Arlaud” and the cantonal drawing school","The city gave the site south of Place de la Riponne and agreed to build the lower floors up to the plaza level at its own cost, serving as elementary school premises, while the upper floors, built by the state, were for the “Musée Arlaud” and the cantonal drawing school.",education
e605,"The jointly created museum opened on January 1, 1841, and quickly grew through gifts and acquisitions.","The jointly created museum opened January 1, 1841, and quickly grew through gifts and acquisitions.",culture
e606,The museum holds the most extensive collection of paintings by Charles Gleyre in Switzerland.,"It now holds excellent old master paintings (Rigaud, Largillière, Brauwer) and especially the most extensive collection of paintings by Charles Gleyre in Switzerland.",culture
e607,Special emphasis is on modern painters from Western Switzerland and especially Vaud.,"Special emphasis is on modern painters from Western Switzerland and especially Vaud, e.g., a hall dedicated to Bocion’s Geneva Lake depictions and another to works by François Emile David (1824–1891), founded by a bequest from the artist’s widow in 1903.",culture
e608,A hall is dedicated to Bocion’s Geneva Lake depictions.,"Special emphasis is on modern painters from Western Switzerland and especially Vaud, e.g., a hall dedicated to Bocion’s Geneva Lake depictions and another to works by François Emile David (1824–1891), founded by a bequest from the artist’s widow in 1903.",culture
e609,"A hall is dedicated to works by François Emile David, founded by a bequest from the artist’s widow in 1903.","Special emphasis is on modern painters from Western Switzerland and especially Vaud, e.g., a hall dedicated to Bocion’s Geneva Lake depictions and another to works by François Emile David (1824–1891), founded by a bequest from the artist’s widow in 1903.",culture
e610,Musée Arlaud will relocate to the Rumine Palace's north wing,"In 1905, Musée Arlaud will relocate to the Rumine Palace's north wing, with three large halls, a long gallery, and a sculpture hall.",education
e611,The cantonal natural history museum was founded upon Prof. Daniel Alexander Chavannes’s suggestion in 1817.,The cantonal natural history museum was founded upon Prof. Daniel Alexander Chavannes’s suggestion in 1817.,education
e612,"The collections of the cantonal natural history museum will be reunited in the Rumine Palace, which will also house natural science lecture halls and laboratories.","Its collections in ethnography, anthropology, comparative anatomy, zoology, botany, mineralogy, geology, and paleontology are presently housed in various buildings but will be reunited in the Rumine Palace, which will also house natural science lecture halls and laboratories.",education
e613,The geological collection in Lausanne was established in 1874.,"The geological collection only dates from 1874, as previously mineralogical and local-geological specimens in the natural history museum were not unified.",education
e614,The archaeological museum in Lausanne was founded in 1852.,"The archaeological museum founded in 1852, benefitting from donations by Frédéric Troyon and Morel-Fatio, has built a rich and well-ordered collection covering lake-dwelling, Roman, and Helvetian-Burgundian finds.",archaeology
e615,The Musée industriel was founded by Madame de Rumine on Rue Chaucrau as public property.,"The Musée industriel, founded by Madame de Rumine on Rue Chaucrau, public property, holds collections and models on trade and industry, soon to be housed in Rumine Palace.",culture
e616,The Musée industriel holds collections and models on trade and industry.,"The Musée industriel, founded by Madame de Rumine on Rue Chaucrau, public property, holds collections and models on trade and industry, soon to be housed in Rumine Palace.",culture
e617,The collections and models of the Musée industriel are soon to be housed in Rumine Palace.,"The Musée industriel, founded by Madame de Rumine on Rue Chaucrau, public property, holds collections and models on trade and industry, soon to be housed in Rumine Palace.",culture
e618,"The cantonal office for historic monument preservation directs excavations, studies, preservation, and restoration of cantonal historic monuments.","The cantonal office for historic monument preservation directs excavations, studies, preservation, and restoration of cantonal historic monuments.",archaeology
e619,The historiographical collection or historical museum was founded by Paul Vionnet.,"The historiographical collection or historical museum, founded in 1903 by Paul Vionnet, includes documents and portraits of prominent Vaudois figures, and is housed municipally.",culture
e620,"Higher education institutions include riding, fencing, and shooting schools that are privately run but state-supported and accessible to official institute students.","Higher education institutions also include riding and fencing and shooting schools, privately run but state-supported and accessible to official institute students.",education
e621,Vocational education includes the city household school and ladies’ tailoring school,"Vocational education includes the city household school and ladies’ tailoring school, the hotel vocational school at Cour, Madame de Gasparin’s nursing school “La Source,” the widely acclaimed school for the blind, and others.",education
e622,Vocational education includes the hotel vocational school at Cour,"Vocational education includes the city household school and ladies’ tailoring school, the hotel vocational school at Cour, Madame de Gasparin’s nursing school “La Source,” the widely acclaimed school for the blind, and others.",education
e623,Vocational education includes Madame de Gasparin’s nursing school “La Source”,"Vocational education includes the city household school and ladies’ tailoring school, the hotel vocational school at Cour, Madame de Gasparin’s nursing school “La Source,” the widely acclaimed school for the blind, and others.",education
e624,Vocational education includes the widely acclaimed school for the blind,"Vocational education includes the city household school and ladies’ tailoring school, the hotel vocational school at Cour, Madame de Gasparin’s nursing school “La Source,” the widely acclaimed school for the blind, and others.",education
e625,A free theological faculty led by the Vaud Free Church's study commission was founded in 1847.,"Following 1845 events, a free theological faculty led by the Vaud Free Church's study commission was founded in 1847, with a library of 40,000 volumes (including valuable manuscripts) and a mission museum.",education
e626,The Romande Mission was established in 1872.,"The latter, established in 1872, holds many objects brought home from Africa by Romande Mission missionaries.",religion
e627,Romande Mission missionaries brought many objects home from Africa.,"The latter, established in 1872, holds many objects brought home from Africa by Romande Mission missionaries.",religion
e628,A professional musicians’ association founded the music school (Institut de musique) in Lausanne in 1860,"A professional musicians’ association founded the music school (Institut de musique) in 1860, with about 200 students and 10 teachers offering theory, harmony, singing, violin, piano, and cello.",education
e629,Lausanne has a permanent string orchestra giving public concerts and subscription series,"Lausanne has a permanent string orchestra giving public concerts and subscription series, a theater offering dramas and comedies in winter, comic operas and operettas in spring, a Kursaal with variety theater, and a Volkshaus (people’s house) for classical folk concerts and lectures.",culture
e630,"Lausanne has a theater offering dramas and comedies in winter, comic operas and operettas in spring","Lausanne has a permanent string orchestra giving public concerts and subscription series, a theater offering dramas and comedies in winter, comic operas and operettas in spring, a Kursaal with variety theater, and a Volkshaus (people’s house) for classical folk concerts and lectures.",culture
e631,Lausanne has a Kursaal with variety theater,"Lausanne has a permanent string orchestra giving public concerts and subscription series, a theater offering dramas and comedies in winter, comic operas and operettas in spring, a Kursaal with variety theater, and a Volkshaus (people’s house) for classical folk concerts and lectures.",culture
e632,Lausanne has a Volkshaus (people’s house) for classical folk concerts and lectures,"Lausanne has a permanent string orchestra giving public concerts and subscription series, a theater offering dramas and comedies in winter, comic operas and operettas in spring, a Kursaal with variety theater, and a Volkshaus (people’s house) for classical folk concerts and lectures.",culture
e633,Lausanne has about 20 special libraries including the free theological faculty and the Literary Society,"Besides the cantonal library, Lausanne has about 20 special libraries (e.g., that of the free theological faculty with 40,000 volumes, the Literary Society or Cercle littéraire with 10,000 volumes) and several reading societies.",education
e634,"Around 350 societies and clubs exist in Lausanne, including 14 library societies, 18 religious groups, 72 charitable organizations, 54 musical or singing clubs, 12 student fraternities, 14 sports clubs, and 52 various clubs such as circles, guilds, literary or dramatic groups, and art societies.","Around 350 societies and clubs exist, including 14 library societies, 18 religious groups, 72 charitable organizations, 54 musical or singing clubs, 12 student fraternities, 14 sports clubs, 52 various clubs (circles, guilds, literary or dramatic groups, art societies, etc.).",culture
e635,A city transport society (Société pour le développement de Lausanne) has existed since 1874.,"District societies since 1874 include a city transport society (Société pour le développement de Lausanne), since 1899 a Volkshaus society, and since 1898 the Association du Vieux Lausanne, collecting historical and archaeological items for the municipal Musée du Vieux Lausanne.",social
e636,A Volkshaus society has existed since 1899.,"District societies since 1874 include a city transport society (Société pour le développement de Lausanne), since 1899 a Volkshaus society, and since 1898 the Association du Vieux Lausanne, collecting historical and archaeological items for the municipal Musée du Vieux Lausanne.",social
e637,"The Association du Vieux Lausanne has existed since 1898, collecting historical and archaeological items for the municipal Musée du Vieux Lausanne.","District societies since 1874 include a city transport society (Société pour le développement de Lausanne), since 1899 a Volkshaus society, and since 1898 the Association du Vieux Lausanne, collecting historical and archaeological items for the municipal Musée du Vieux Lausanne.",culture
e638,Vocational training is promoted by an industrial and commercial society in Lausanne.,Vocational training is promoted by an industrial and commercial society.,education
e639,The press association founded in 1900 represents about 100 journalists and writers in Lausanne.,The 1900-founded press association represents about 100 journalists and writers.,education
e640,Lausanne has a general council as a legislative and supervisory body.,"As with all Vaud municipalities having over 800 inhabitants, Lausanne has a general council (legislative and supervisory body), and a municipal council (executive authority).",administration
e641,Lausanne has a municipal council as an executive authority.,"As with all Vaud municipalities having over 800 inhabitants, Lausanne has a general council (legislative and supervisory body), and a municipal council (executive authority).",administration
e642,"The general council is subject to universal vote and includes 100 members (15 substitutes) elected by all Swiss citizens domiciled in the municipality for over three months, serving four-year terms, all eligible for re-election.","The general council is subject to universal vote and includes 100 members (15 substitutes), elected by all Swiss citizens domiciled in the municipality for over three months, serving four-year terms, all eligible for re-election.",law_governance
e643,The general council oversees and controls municipal council activities,"The general council oversees and controls municipal council activities, sets the tax rate, approves budgets, municipal construction, loans, purchase and sale of properties, and decisions on granting citizenship.",administration
e644,The general council sets the tax rate,"The general council oversees and controls municipal council activities, sets the tax rate, approves budgets, municipal construction, loans, purchase and sale of properties, and decisions on granting citizenship.",administration
e645,The general council approves budgets,"The general council oversees and controls municipal council activities, sets the tax rate, approves budgets, municipal construction, loans, purchase and sale of properties, and decisions on granting citizenship.",administration
e646,The general council approves municipal construction,"The general council oversees and controls municipal council activities, sets the tax rate, approves budgets, municipal construction, loans, purchase and sale of properties, and decisions on granting citizenship.",construction
e647,The general council approves loans,"The general council oversees and controls municipal council activities, sets the tax rate, approves budgets, municipal construction, loans, purchase and sale of properties, and decisions on granting citizenship.",administration
e648,The general council approves purchase and sale of properties,"The general council oversees and controls municipal council activities, sets the tax rate, approves budgets, municipal construction, loans, purchase and sale of properties, and decisions on granting citizenship.",administration
e649,The general council makes decisions on granting citizenship,"The general council oversees and controls municipal council activities, sets the tax rate, approves budgets, municipal construction, loans, purchase and sale of properties, and decisions on granting citizenship.",law_governance
e650,The general council elects the five municipal council members (la Municipalité) at the start of its term,"At the start of its term, the general council elects the five municipal council members (la Municipalité), who manage:",administration
e651,The municipal council president or Syndic heads general administration and police,The municipal council president or Syndic heads general administration and police.,administration
e652,"Large municipal industrial enterprises in gas, water, and electricity often yielded net profits in Lausanne","Due to large municipal industrial enterprises (gas, water, electricity) often yielding net profits, plus major projects (water source acquisition and supply, new roads, harnessing Rhone hydro power), Lausanne’s expenses and debt have grown rapidly.",economy
e653,"Major projects including water source acquisition and supply, new roads, and harnessing Rhone hydro power were undertaken in Lausanne","Due to large municipal industrial enterprises (gas, water, electricity) often yielding net profits, plus major projects (water source acquisition and supply, new roads, harnessing Rhone hydro power), Lausanne’s expenses and debt have grown rapidly.",infrastructure
e654,Lausanne’s expenses and debt have grown rapidly,"Due to large municipal industrial enterprises (gas, water, electricity) often yielding net profits, plus major projects (water source acquisition and supply, new roads, harnessing Rhone hydro power), Lausanne’s expenses and debt have grown rapidly.",economy
e655,"In 1803, Lausanne's expenses and revenues balanced at 36,552 Francs.","While expenses and revenues balanced at 36,552 Francs in 1803, by 1903 revenues reached 3.6 million and expenses 3.97 million Francs, excluding water, gas, and electricity enterprises budgets.",administration
e656,"By 1903, Lausanne's revenues reached 3.6 million Francs and expenses 3.97 million Francs, excluding water, gas, and electricity enterprises budgets.","While expenses and revenues balanced at 36,552 Francs in 1803, by 1903 revenues reached 3.6 million and expenses 3.97 million Francs, excluding water, gas, and electricity enterprises budgets.",administration
e657,Municipal net assets were 5.5 million Francs in 1862,"Municipal net assets were 5.5 million Francs in 1862; 4.5 million in 1866; 1,034,871 Francs in 1882; 446,283 in 1885; and 164,221 in 1888.",economy
e658,Municipal net assets were 4.5 million Francs in 1866,"Municipal net assets were 5.5 million Francs in 1862; 4.5 million in 1866; 1,034,871 Francs in 1882; 446,283 in 1885; and 164,221 in 1888.",economy
e659,"Municipal net assets were 1,034,871 Francs in 1882","Municipal net assets were 5.5 million Francs in 1862; 4.5 million in 1866; 1,034,871 Francs in 1882; 446,283 in 1885; and 164,221 in 1888.",economy
e660,"Municipal net assets were 446,283 Francs in 1885","Municipal net assets were 5.5 million Francs in 1862; 4.5 million in 1866; 1,034,871 Francs in 1882; 446,283 in 1885; and 164,221 in 1888.",economy
e661,"Municipal net assets were 164,221 Francs in 1888","Municipal net assets were 5.5 million Francs in 1862; 4.5 million in 1866; 1,034,871 Francs in 1882; 446,283 in 1885; and 164,221 in 1888.",economy
e662,"Since 1889, the city budget has had a yearly growing deficit, reaching 9.3 million Francs by 1902","Since 1889, the city budget has had a yearly growing deficit, reaching 9.3 million Francs by 1902.",economy
e663,City debt from loans increased accordingly,"City debt from loans increased accordingly, standing at 40.235 million Francs in 1903 (1892-99 loans totalling 41.3 million).",economy
e664,"Inventory excludes value of non-productive property such as churches, schools, and public buildings in Lausanne.","Accounting principles make liabilities seem greater than reality, as inventory excludes value of non-productive property (churches, schools, public buildings, etc.), which in Lausanne amounted to 5,128,527 Francs in 1902, and forests are valued only at land value despite generating 11% return.",economy
e665,Forests in Lausanne are valued only at land value despite generating 11% return.,"Accounting principles make liabilities seem greater than reality, as inventory excludes value of non-productive property (churches, schools, public buildings, etc.), which in Lausanne amounted to 5,128,527 Francs in 1902, and forests are valued only at land value despite generating 11% return.",economy
e666,The city assumed increasing obligations with growth.,"Previously, interest and income sufficed for expenses; with growth, the city assumed increasing obligations.",administration
e667,"Some facilities already produce net gain (gas, electricity).","Some facilities already produce net gain (gas, electricity), others likely will soon (water).",economy
e668,Other facilities likely will soon produce net gain (water).,"Some facilities already produce net gain (gas, electricity), others likely will soon (water).",economy
e669,Lausanne residents first encountered municipal taxes in 1857,Lausanne residents first encountered municipal taxes in 1857.,law_governance
e670,Taxes levied include progressive property tax on cadastral values in Lausanne.,"Taxes levied include: progressive property tax on cadastral values (179 million Francs, excluding state-owned property valued at nearly 29 million) after deducting mortgages (82.9 million in 1902);",law_governance
e671,Sales value tax on properties was estimated at 229 million Francs in 1903,"sales value tax on properties (estimated at 229 million Francs in 1903, 226 million in city plus 3 million in countryside);",economy
e672,"Progressive tax on movable assets raised 164.7 million Francs from 4,226 taxpayers","progressive tax on movable assets (164.7 million Francs from 4,226 taxpayers in 1902);",law_governance
e673,"Rents and usufruct tax amounted to 949,275 Francs collected from 558 taxpayers in Lausanne.","rents and usufruct tax (949,275 Francs from 558 taxpayers);",economy
e674,"Inheritance and gift tax amounted to 168,931 Francs in 1902","inheritance and gift tax (168,931 Francs in 1902);",law_governance
e675,"Licenses on spirit sales generated 42,581 Francs in revenue","licenses on spirit sales (42,581 Francs);",economy
e676,"A billiard tax of 2,181 Francs was levied.","billiard tax (2,181 Francs);",law_governance
e677,A luxury (carriage) tax was levied.,"luxury (carriage) tax, rental value tax (151,047 Francs in 1902), and dog tax.",law_governance
e678,"A rental value tax amounting to 151,047 Francs was levied in 1902.","luxury (carriage) tax, rental value tax (151,047 Francs in 1902), and dog tax.",law_governance
e679,A dog tax was levied.,"luxury (carriage) tax, rental value tax (151,047 Francs in 1902), and dog tax.",law_governance
e680,A head tax ranging from 3 to 300 Francs was added starting in 1903,"From 1903 onward, a head tax ranging from 3 to 300 Francs was added, raising about 240,000 Francs.",law_governance
e681,"The head tax raised about 240,000 Francs","From 1903 onward, a head tax ranging from 3 to 300 Francs was added, raising about 240,000 Francs.",economy
e682,Total cadastral value of property was 167.5 million Francs in 1900 and 179.1 million Francs in 1902,Total cadastral value of property was 167.5 million Francs in 1900 and 179.1 million Francs in 1902; mortgages increased from 75 million Francs in 1900 to 82.9 million Francs in 1902.,economy
e683,Mortgages increased from 75 million Francs in 1900 to 82.9 million Francs in 1902,Total cadastral value of property was 167.5 million Francs in 1900 and 179.1 million Francs in 1902; mortgages increased from 75 million Francs in 1900 to 82.9 million Francs in 1902.,economy
e684,Taxed movable assets decreased from 170 million Francs in 1900 to 164.7 million Francs in 1902,Taxed movable assets decreased from 170 million Francs in 1900 to 164.7 million Francs in 1902; taxable income totaled 7.8 million Francs in 1902.,economy
e685,Taxable income totaled 7.8 million Francs in 1902,Taxed movable assets decreased from 170 million Francs in 1900 to 164.7 million Francs in 1902; taxable income totaled 7.8 million Francs in 1902.,economy
e686,The municipal council manages the poor fund.,"The municipal council also manages the poor fund, whose assets totaled 2.13 million Francs at end 1902, with a 1.94 million Franc capital.",administration
e687,The vineyards known as “Dézaley de la Ville” belong to this poor fund.,The wine-producing vineyards known as “Dézaley de la Ville” belong to this poor fund.,economy
e688,"The city forests yield annual income of 170,000 Francs","The fine city forests yield annual income of 170,000 Francs.",economy
e689,"Foreigners not born in Switzerland and with no income-generating profession in Vaud pay taxes only after two years of residence, only on furniture exceeding 5,000 Francs value.","Foreigners not born in Switzerland and with no income-generating profession in Vaud pay taxes only after two years of residence, only on furniture exceeding 5,000 Francs value.",law_governance
e690,"Securities, accounts, shares, cash are exempt from taxes even if held in the canton of Vaud.","Securities, accounts, shares, cash are exempt even if held in the canton.",law_governance
e691,"Only after ten years of Vaud or municipal residence are foreigners fully equated taxwise with natives, and only if settling permanently.","Only after ten years of Vaud or municipal residence are foreigners fully equated taxwise with natives, and only if settling permanently.",law_governance
e692,Municipal revenue included various tax and fee types,Municipal revenue in early 20th century included various tax and fee types.,economy
e693,"Property tax in Lausanne was 353,013 Francs in 1901","In 1901, property tax was 353,013 Francs, rising slightly to 362,597 Francs in 1902.",economy
e694,"Property tax in Lausanne rose slightly to 362,597 Francs in 1902","In 1901, property tax was 353,013 Francs, rising slightly to 362,597 Francs in 1902.",economy
e695,"Wealth and income tax in Lausanne was largest at 593,237 Francs in 1901","Wealth and income tax was largest at 593,237 Francs in 1901, falling to 570,388 Francs in 1902.",economy
e696,"Wealth and income tax in Lausanne fell to 570,388 Francs in 1902","Wealth and income tax was largest at 593,237 Francs in 1901, falling to 570,388 Francs in 1902.",economy
e697,"Transfer fees increased from 29,251 to 45,455 Francs","Transfer fees increased from 29,251 to 45,455 Francs, while inheritance duties fell from 286,470 to 168,931 Francs.",economy
e698,"Inheritance duties fell from 286,470 to 168,931 Francs","Transfer fees increased from 29,251 to 45,455 Francs, while inheritance duties fell from 286,470 to 168,931 Francs.",economy
e699,"Rental value tax rose moderately from 145,313 to 151,047 Francs","Rental value tax rose moderately from 145,313 to 151,047 Francs; “miscellaneous” grew from 70,252 to 80,392 Francs.",economy
e700,"“Miscellaneous” grew from 70,252 to 80,392 Francs","Rental value tax rose moderately from 145,313 to 151,047 Francs; “miscellaneous” grew from 70,252 to 80,392 Francs.",economy
e701,"Overall revenue decreased from 1,477,536 Francs in 1901 to 1,378,810 Francs in 1902 in Lausanne.","Overall revenue decreased from 1,477,536 Francs in 1901 to 1,378,810 Francs in 1902.",economy
e702,The city administers the Rumine foundation for university buildings.,"The city also administers numerous special funds for social and infrastructure purposes: the Rumine foundation for university buildings; the Pradès foundation (1869) for educating three poor girls; Effinger de Wildegg foundation (1849) aiding old servants; Bugnion foundation (1803) granting bad cures to poor with incurable diseases; Joël foundation (1890) awarding prizes to best elementary students; J. J. Faure foundation (1887) supporting impoverished teachers; the 1721 foundation of Miss F. Dussieur for needy theological students; J. J. Peytregnet foundation (1893) providing shoes to poor pupils; police corps old-age fund; and various others (Bippert 1897, Haldimand bath and laundry, Bessières 1901 bridge construction, industrial museum fund).",administration
e703,The city administers the Pradès foundation (1869) for educating three poor girls.,"The city also administers numerous special funds for social and infrastructure purposes: the Rumine foundation for university buildings; the Pradès foundation (1869) for educating three poor girls; Effinger de Wildegg foundation (1849) aiding old servants; Bugnion foundation (1803) granting bad cures to poor with incurable diseases; Joël foundation (1890) awarding prizes to best elementary students; J. J. Faure foundation (1887) supporting impoverished teachers; the 1721 foundation of Miss F. Dussieur for needy theological students; J. J. Peytregnet foundation (1893) providing shoes to poor pupils; police corps old-age fund; and various others (Bippert 1897, Haldimand bath and laundry, Bessières 1901 bridge construction, industrial museum fund).",social
e704,The city administers the Effinger de Wildegg foundation (1849) aiding old servants.,"The city also administers numerous special funds for social and infrastructure purposes: the Rumine foundation for university buildings; the Pradès foundation (1869) for educating three poor girls; Effinger de Wildegg foundation (1849) aiding old servants; Bugnion foundation (1803) granting bad cures to poor with incurable diseases; Joël foundation (1890) awarding prizes to best elementary students; J. J. Faure foundation (1887) supporting impoverished teachers; the 1721 foundation of Miss F. Dussieur for needy theological students; J. J. Peytregnet foundation (1893) providing shoes to poor pupils; police corps old-age fund; and various others (Bippert 1897, Haldimand bath and laundry, Bessières 1901 bridge construction, industrial museum fund).",social
e705,The city administers the Bugnion foundation (1803) granting bad cures to poor with incurable diseases.,"The city also administers numerous special funds for social and infrastructure purposes: the Rumine foundation for university buildings; the Pradès foundation (1869) for educating three poor girls; Effinger de Wildegg foundation (1849) aiding old servants; Bugnion foundation (1803) granting bad cures to poor with incurable diseases; Joël foundation (1890) awarding prizes to best elementary students; J. J. Faure foundation (1887) supporting impoverished teachers; the 1721 foundation of Miss F. Dussieur for needy theological students; J. J. Peytregnet foundation (1893) providing shoes to poor pupils; police corps old-age fund; and various others (Bippert 1897, Haldimand bath and laundry, Bessières 1901 bridge construction, industrial museum fund).",public_health
e706,The city administers the Joël foundation (1890) awarding prizes to best elementary students.,"The city also administers numerous special funds for social and infrastructure purposes: the Rumine foundation for university buildings; the Pradès foundation (1869) for educating three poor girls; Effinger de Wildegg foundation (1849) aiding old servants; Bugnion foundation (1803) granting bad cures to poor with incurable diseases; Joël foundation (1890) awarding prizes to best elementary students; J. J. Faure foundation (1887) supporting impoverished teachers; the 1721 foundation of Miss F. Dussieur for needy theological students; J. J. Peytregnet foundation (1893) providing shoes to poor pupils; police corps old-age fund; and various others (Bippert 1897, Haldimand bath and laundry, Bessières 1901 bridge construction, industrial museum fund).",education
e707,The city administers the J. J. Faure foundation (1887) supporting impoverished teachers.,"The city also administers numerous special funds for social and infrastructure purposes: the Rumine foundation for university buildings; the Pradès foundation (1869) for educating three poor girls; Effinger de Wildegg foundation (1849) aiding old servants; Bugnion foundation (1803) granting bad cures to poor with incurable diseases; Joël foundation (1890) awarding prizes to best elementary students; J. J. Faure foundation (1887) supporting impoverished teachers; the 1721 foundation of Miss F. Dussieur for needy theological students; J. J. Peytregnet foundation (1893) providing shoes to poor pupils; police corps old-age fund; and various others (Bippert 1897, Haldimand bath and laundry, Bessières 1901 bridge construction, industrial museum fund).",social
e708,The city administers the foundation of Miss F. Dussieur (1721) for needy theological students.,"The city also administers numerous special funds for social and infrastructure purposes: the Rumine foundation for university buildings; the Pradès foundation (1869) for educating three poor girls; Effinger de Wildegg foundation (1849) aiding old servants; Bugnion foundation (1803) granting bad cures to poor with incurable diseases; Joël foundation (1890) awarding prizes to best elementary students; J. J. Faure foundation (1887) supporting impoverished teachers; the 1721 foundation of Miss F. Dussieur for needy theological students; J. J. Peytregnet foundation (1893) providing shoes to poor pupils; police corps old-age fund; and various others (Bippert 1897, Haldimand bath and laundry, Bessières 1901 bridge construction, industrial museum fund).",education
e709,The city administers the J. J. Peytregnet foundation (1893) providing shoes to poor pupils.,"The city also administers numerous special funds for social and infrastructure purposes: the Rumine foundation for university buildings; the Pradès foundation (1869) for educating three poor girls; Effinger de Wildegg foundation (1849) aiding old servants; Bugnion foundation (1803) granting bad cures to poor with incurable diseases; Joël foundation (1890) awarding prizes to best elementary students; J. J. Faure foundation (1887) supporting impoverished teachers; the 1721 foundation of Miss F. Dussieur for needy theological students; J. J. Peytregnet foundation (1893) providing shoes to poor pupils; police corps old-age fund; and various others (Bippert 1897, Haldimand bath and laundry, Bessières 1901 bridge construction, industrial museum fund).",social
e710,"The water, gas, and electricity supply department was created.","The water, gas, and electricity supply department, created late 1897, is under the municipal building directorate.",infrastructure
e711,City lighting consisted of oil lanterns hung on wires across streets until 1846,"Until 1846, city lighting consisted of oil lanterns hung on wires across streets.",infrastructure
e712,Chemist Friedrich Loba from Rolle tested gas lighting on Place de la Riponne.,"Chemist Friedrich Loba from Rolle tested gas lighting on Place de la Riponne on December 31, 1846.",infrastructure
e713,"A company formed in 1847, evolving into the Société lausannoise d’éclairage et de chauffage par le gaz by 1857.","A company formed in 1847, growing through changes into the “Société lausannoise d’éclairage et de chauffage par le gaz” by 1857,",economy
e714,"The company transferred all operations and facilities to the city for 592,599 Francs on January 4, 1897.","transferred all operations and facilities to the city for 592,599 Francs on January 4, 1897.",economy
e715,"The gas works is located in Ouchy near the lake shore, with coal delivered by boat prior to railways.",The gas works is in Ouchy near the lake shore (coal was delivered by boat prior to railways).,infrastructure
e716,"Construction of a new gas plant in Renens is planned due to growing demand, with grounds already purchased.","Since it cannot meet growing demand, construction of a new gas plant in Renens is planned, with grounds already purchased.",construction
e717,Drinking water supply was debated for nearly 30 years before a final solution was found in 1901,"Drinking water supply was debated for nearly 30 years but found a final solution in 1901, when the city acquired all assets of the “Société des eaux de Lausanne” for 2,035,385 Francs, including all equipment and materials.",public_health
e718,"The city acquired all assets of the “Société des eaux de Lausanne” including all equipment and materials for 2,035,385 Francs in 1901","Drinking water supply was debated for nearly 30 years but found a final solution in 1901, when the city acquired all assets of the “Société des eaux de Lausanne” for 2,035,385 Francs, including all equipment and materials.",economy
e719,Water usage was unrestricted before meter installation.,"In 1902, per capita daily consumption was 135 liters, down from 560 liters when water usage was unrestricted before meter installation.",infrastructure
e720,"The city definitively took over water supply from Société électrique Vevey-Montreux under a contract from July 4, 1899.","In August 1903, the city definitively took over water supplied under a July 4, 1899 contract from the “Société électrique Vevey-Montreux,” amounting to 13,000 liters/min from May 1–October 31 and 7,000 liters/min November 1–April 30, averaging 10,000 liters/min.",administration
e721,Water originates from lakes formed by combined valley waters Eau Froide and Torneresse near L’Étivaz (Pays d’Enhaut).,This water originates from lakes formed by combined valley waters Eau Froide and Torneresse near L’Étivaz (Pays d’Enhaut).,land_use
e722,Water flows through a 25 km pipe (about 12 km in tunnels) to the reservoir of Sonzier east of Montreux.,"It flows through a 25 km pipe (about 12 km in tunnels) to the reservoir of Sonzier east of Montreux at 705 m elevation, from which the city draws.",infrastructure
e723,The city-built Sonzier-Lausanne pipeline is 28.5 km long and consists entirely of 500 mm diameter cast iron pipes,The city-built Sonzier-Lausanne pipeline is 28.5 km long and consists entirely of 500 mm diameter cast iron pipes.,infrastructure
e724,The city holds enough water to keep the Montalègre reservoir constantly filled,The city now holds such a quantity of water that the Montalègre reservoir can be kept constantly filled.,infrastructure
e725,"At Place de l’Ours, city water mixes with Calvaire-supplied water, with city water displacing Calvaire water when overflowing","At Place de l’Ours, this water mixes with Calvaire-supplied water; when the former overflows, it suffices for city needs alone, displaces the latter, sometimes even pressing into its reservoir’s intake, with surplus spilling away.",infrastructure
e726,"Lausanne is supplied by two independent major water sources, Pays d’Enhaut and Pont de Pierre.","Supplied by two independent major sources (Pays d’Enhaut and Pont de Pierre), Lausanne appears protected from water shortage, even if one pipe bursts.",infrastructure
e727,The abundance of pure water in Lausanne acts as a major hygienic factor by flushing drains constantly via overflows and wells.,"This abundance of pure water is a major hygienic factor, flushing drains constantly via overflows and wells.",public_health
e728,Compagnie du Lausanne-Ouchy et des Eaux de Bret was founded by J. J. Mercier in 1873.,"Besides municipal supply, a private company, Compagnie du Lausanne-Ouchy et des Eaux de Bret, founded by J. J. Mercier in 1873, brings water from the 15 km east Lac de Bret to Lausanne to power the Lausanne-Ouchy funicular and provide water for other uses.",economy
e729,The company brings water from Lac de Bret to Lausanne to power the Lausanne-Ouchy funicular and provide water for other uses.,"Besides municipal supply, a private company, Compagnie du Lausanne-Ouchy et des Eaux de Bret, founded by J. J. Mercier in 1873, brings water from the 15 km east Lac de Bret to Lausanne to power the Lausanne-Ouchy funicular and provide water for other uses.",infrastructure
e730,Work to channel water up to the Chailly reservoir via Lausanne began,"Work to channel water up to the Chailly reservoir via Lausanne began in July 1874, completed December 31, 1875.",infrastructure
e731,Work to channel water up to the Chailly reservoir via Lausanne was completed,"Work to channel water up to the Chailly reservoir via Lausanne began in July 1874, completed December 31, 1875.",infrastructure
e732,Water delivery to Lausanne commenced,"Water delivery to the city commenced June 18, 1876, gradually expanding so that the Lac de Bret alone could not suffice and needed inflow from the Grenet (flowing to Broye).",infrastructure
e733,"Water delivery to Lausanne gradually expanded beyond Lac de Bret, requiring inflow from the Grenet flowing to Broye","Water delivery to the city commenced June 18, 1876, gradually expanding so that the Lac de Bret alone could not suffice and needed inflow from the Grenet (flowing to Broye).",infrastructure
e734,"Bret water is used in Lausanne as service water for power, industry, and street cleaning","This Bret water is used in Lausanne as service water for power, industry, and street cleaning, and in Morges and other villages mostly as service water.",economy
e735,Bret water is used in Morges and other villages mostly as service water,"This Bret water is used in Lausanne as service water for power, industry, and street cleaning, and in Morges and other villages mostly as service water.",economy
e736,Bret water powers turbines for the Lausanne-Ouchy and Lausanne-Gare funiculars,"For example, it powers turbines for the Lausanne-Ouchy and Lausanne-Gare funiculars, the electricity plant, printing press equipment; feeds federal railway locomotives, a bathhouse, laundry, and boilers at the cantonal hospital; and is heavily used in the slaughterhouse.",infrastructure
e737,Bret water powers the electricity plant and printing press equipment in Lausanne,"For example, it powers turbines for the Lausanne-Ouchy and Lausanne-Gare funiculars, the electricity plant, printing press equipment; feeds federal railway locomotives, a bathhouse, laundry, and boilers at the cantonal hospital; and is heavily used in the slaughterhouse.",economy
e738,"Bret water feeds federal railway locomotives, a bathhouse, laundry, and boilers at the cantonal hospital in Lausanne","For example, it powers turbines for the Lausanne-Ouchy and Lausanne-Gare funiculars, the electricity plant, printing press equipment; feeds federal railway locomotives, a bathhouse, laundry, and boilers at the cantonal hospital; and is heavily used in the slaughterhouse.",infrastructure
e739,Bret water is heavily used in the slaughterhouse in Lausanne,"For example, it powers turbines for the Lausanne-Ouchy and Lausanne-Gare funiculars, the electricity plant, printing press equipment; feeds federal railway locomotives, a bathhouse, laundry, and boilers at the cantonal hospital; and is heavily used in the slaughterhouse.",economy
e740,Lausanne was among the first European cities to establish an electricity plant supplying light to subscribers.,Lausanne was among the first European cities to establish an electricity plant supplying light to subscribers.,infrastructure
e741,The Société suisse d’électricité was founded in 1882.,"The “Société suisse d’électricité” was founded in 1882, using water from Lac de Bret to drive turbine- and dynamo-based equipment supplying up to 2,000 incandescent lamps; it operated regularly until 1901.",economy
e742,"The Société suisse d’électricité used water from Lac de Bret to drive turbine- and dynamo-based equipment supplying up to 2,000 incandescent lamps.","The “Société suisse d’électricité” was founded in 1882, using water from Lac de Bret to drive turbine- and dynamo-based equipment supplying up to 2,000 incandescent lamps; it operated regularly until 1901.",infrastructure
e743,The Société suisse d’électricité operated regularly until 1901.,"The “Société suisse d’électricité” was founded in 1882, using water from Lac de Bret to drive turbine- and dynamo-based equipment supplying up to 2,000 incandescent lamps; it operated regularly until 1901.",economy
e744,The Société des tramways lausannois built two (later three) 140 HP Crossley gas engines and a Pollak accumulator battery with 650 ampere-hours to power trams.,"In 1894, the Société des tramways lausannois built two (later three) 140 HP Crossley gas engines and a Pollak accumulator battery with 650 ampere-hours to power trams.",infrastructure
e745,"City authorities of Lausanne purchased 14,000 HP hydropower from the Rhone at Saint Maurice.","To secure adequate electric power for Lausanne’s lighting and motive needs, the city authorities purchased 14,000 HP hydropower from the Rhone at Saint Maurice in 1898, contracted a company for generating and transmitting electricity.",economy
e746,A company was contracted for generating and transmitting electricity for Lausanne.,"To secure adequate electric power for Lausanne’s lighting and motive needs, the city authorities purchased 14,000 HP hydropower from the Rhone at Saint Maurice in 1898, contracted a company for generating and transmitting electricity.",infrastructure
e747,One of Europe’s biggest water and electricity plants was established.,This led to one of Europe’s biggest water and electricity plants.,infrastructure
e748,"Electric power generated in Saint Maurice is transmitted as direct current at 22,000 volts through 56 km lines to Lausanne","Electric power generated in Saint Maurice is transmitted as direct current at 22,000 volts (highest voltage so far for power transmission) through 56 km lines to Lausanne.",infrastructure
e749,Five 1000 HP turbines operate in the plant at a 32 m fall,Five 1000 HP turbines operate in the plant at a 32 m fall.,infrastructure
e750,"A transformer station at Pierre de Plan northeast of Lausanne directs the flow into two independent underground cable networks at 3,000 volts.","In Lausanne, a transformer station at Pierre de Plan northeast of the city on a hill directs the flow into two independent underground cable networks (lighting and power) at 3,000 volts.",infrastructure
e751,Five substations distribute power to various streets and districts in Lausanne.,"Five substations further distribute power to various streets and districts, where metal transformer boxes reduce the voltage to 216 volts for final use.",infrastructure
e752,Metal transformer boxes reduce the voltage to 216 volts for final use in Lausanne.,"Five substations further distribute power to various streets and districts, where metal transformer boxes reduce the voltage to 216 volts for final use.",infrastructure
e753,"The lighting network is designed for 27,000 16-candle power bulbs.","The lighting network is designed for 27,000 16-candle power bulbs.",infrastructure
e754,Public lighting at end 1903 comprised 78 arc lamps and 93 incandescent lamps,"Public lighting at end 1903 comprised 78 arc and 93 incandescent lamps; private lighting had 26,354 bulbs (including 87 Nernst lamps) with 1,180 kW and 136 loge lamps.",infrastructure
e755,"Private lighting at end 1903 had 26,354 bulbs including 87 Nernst lamps and 136 loge lamps with 1,180 kW","Public lighting at end 1903 comprised 78 arc and 93 incandescent lamps; private lighting had 26,354 bulbs (including 87 Nernst lamps) with 1,180 kW and 136 loge lamps.",infrastructure
e756,"Power network feeds city trams, 145 motors, and 56 heating or medical apparatus","Power network feeds city trams (1.4 million watts hourly), 145 motors, and 56 heating or medical apparatus using 2,714 kW total.",infrastructure
e757,"The Pierre de Plan station transmits power by two overhead lines to neighboring municipalities Lutry, Paudex, Pully, Renens, Crissier, and Écublens.","The Pierre de Plan station also transmits power by two overhead lines to neighboring municipalities Lutry, Paudex, Pully (east), and to Renens (with important station), Crissier, and Écublens (north and west), and to the cement factory Paudex and chemical factory Monthey.",infrastructure
e758,The Pierre de Plan station transmits power to the cement factory Paudex and chemical factory Monthey.,"The Pierre de Plan station also transmits power by two overhead lines to neighboring municipalities Lutry, Paudex, Pully (east), and to Renens (with important station), Crissier, and Écublens (north and west), and to the cement factory Paudex and chemical factory Monthey.",economy
e759,Saint Maurice obtains lighting directly from the Rhone central plant,Saint Maurice obtains lighting directly from the Rhone central plant.,infrastructure
e760,"Lausanne spent 8,026,688 Francs through 1902 on the enterprise","Lausanne spent 8,026,688 Francs through 1902 on the enterprise, including 438,785 Francs in concession fees and 1,805,784 Francs for the station.",economy
e761,Electric operations started,"Electric operations starting August 1, 1901, brought income of 183,073 Francs and expenses of 218,273 Francs, a deficit of 35,200 Francs.",economy
e762,"Income rose to 405,807 Francs in 1902.","In 1902, income rose to 405,807 Francs and expenses to 615,105 Francs, increasing deficit to 209,298 Francs.",economy
e763,"Expenses rose to 615,105 Francs in 1902.","In 1902, income rose to 405,807 Francs and expenses to 615,105 Francs, increasing deficit to 209,298 Francs.",economy
e764,"Deficit increased to 209,298 Francs in 1902.","In 1902, income rose to 405,807 Francs and expenses to 615,105 Francs, increasing deficit to 209,298 Francs.",economy
e765,"The 1903 budget projected revenues of 726,500 Francs and expenses of 702,200 Francs, yielding a surplus of 24,300 Francs.","The 1903 budget projected revenues of 726,500 Francs and expenses of 702,200 Francs, yielding a surplus of 24,300 Francs.",economy
e766,"Fire protection is handled by a city police-subordinated fire commission and a volunteer militia of 526 organized firefighters since 1882, headed by a senior officer.","Fire protection is handled by a city police-subordinated fire commission and a volunteer militia of 526 organized firefighters since 1882, headed by a senior officer.",law_governance
e767,"The volunteer militia includes a city company of 369 men and a suburban company of 151 men, subdivided into eight platoons.","It includes a city company of 369 men and a suburban company of 151 men, subdivided into eight platoons.",law_governance
e768,Firefighters are insured with the Swiss fire brigade association.,Firefighters are insured with the Swiss fire brigade association and have a special aid fund for emergencies and an 1884-established pension fund paying benefits to those who served continuously for 20 years after age 50.,social
e769,A special aid fund exists for emergencies for firefighters.,Firefighters are insured with the Swiss fire brigade association and have a special aid fund for emergencies and an 1884-established pension fund paying benefits to those who served continuously for 20 years after age 50.,social
e770,A pension fund established in 1884 pays benefits to firefighters who served continuously for 20 years after age 50.,Firefighters are insured with the Swiss fire brigade association and have a special aid fund for emergencies and an 1884-established pension fund paying benefits to those who served continuously for 20 years after age 50.,social
e771,"Lausanne hosts numerous administrative offices beyond the municipal ones, including circle, district, and cantonal authorities.","As capital of the canton of Vaud, its namesake district and circle, and various administrative units, Lausanne hosts numerous offices beyond the municipal ones: circle authorities (peace magistrates, investigating judges in criminal matters, arbitration courts), district authorities (governor, district court, cadastre and mortgage control, tax collector), and cantonal authorities (Grand Council, State Council, Cantonal Court, Attorney General’s office, cantonal administration).",administration
e772,Lausanne hosts the Federal Supreme Court,"Lausanne also hosts the Federal Supreme Court, a federal railway district office, customs district direction, 2nd postal district, and 1st telegraph district.",administration
e773,Lausanne hosts a federal railway district office,"Lausanne also hosts the Federal Supreme Court, a federal railway district office, customs district direction, 2nd postal district, and 1st telegraph district.",administration
e774,Lausanne hosts customs district direction,"Lausanne also hosts the Federal Supreme Court, a federal railway district office, customs district direction, 2nd postal district, and 1st telegraph district.",administration
e775,Lausanne hosts the 2nd postal district,"Lausanne also hosts the Federal Supreme Court, a federal railway district office, customs district direction, 2nd postal district, and 1st telegraph district.",administration
e776,Lausanne hosts the 1st telegraph district,"Lausanne also hosts the Federal Supreme Court, a federal railway district office, customs district direction, 2nd postal district, and 1st telegraph district.",administration
e777,Lausanne is the military camp of the 1st army division,It is the military camp of the 1st army division.,military
e778,The city belongs to the 43rd federal voting district,"The city belongs to the 43rd federal voting district; cantonal divisions include the 2nd church district, 1st road maintenance district, 3rd military district, 3rd calibration district, and 4th forestry district.",administration
e779,The municipality encompasses the 9th and 10th cantonal debt enforcement districts,"The municipality encompasses the 9th and 10th cantonal debt enforcement districts, a civil registry district, a military section, seven cattle inspection districts, and 18 electoral sections.",administration
e780,The municipality encompasses a civil registry district,"The municipality encompasses the 9th and 10th cantonal debt enforcement districts, a civil registry district, a military section, seven cattle inspection districts, and 18 electoral sections.",administration
e781,The municipality encompasses a military section,"The municipality encompasses the 9th and 10th cantonal debt enforcement districts, a civil registry district, a military section, seven cattle inspection districts, and 18 electoral sections.",administration
e782,The municipality encompasses seven cattle inspection districts,"The municipality encompasses the 9th and 10th cantonal debt enforcement districts, a civil registry district, a military section, seven cattle inspection districts, and 18 electoral sections.",administration
e783,The municipality encompasses 18 electoral sections,"The municipality encompasses the 9th and 10th cantonal debt enforcement districts, a civil registry district, a military section, seven cattle inspection districts, and 18 electoral sections.",administration
e784,The Anglican church has a rector.,"Religious communities include the Anglican church with a rector, Roman Catholic with 4 pastors and a board; free and Reformed churches with multiple pastors; German-Reformed, Free Evangelical German, Darbyite, Wesleyan, Apostolic or Irvingian, Presbyterian, and a synagogue.",religion
e785,The Roman Catholic church has 4 pastors and a board.,"Religious communities include the Anglican church with a rector, Roman Catholic with 4 pastors and a board; free and Reformed churches with multiple pastors; German-Reformed, Free Evangelical German, Darbyite, Wesleyan, Apostolic or Irvingian, Presbyterian, and a synagogue.",religion
e786,Free and Reformed churches have multiple pastors.,"Religious communities include the Anglican church with a rector, Roman Catholic with 4 pastors and a board; free and Reformed churches with multiple pastors; German-Reformed, Free Evangelical German, Darbyite, Wesleyan, Apostolic or Irvingian, Presbyterian, and a synagogue.",religion
e787,"There are German-Reformed, Free Evangelical German, Darbyite, Wesleyan, Apostolic or Irvingian, Presbyterian churches, and a synagogue.","Religious communities include the Anglican church with a rector, Roman Catholic with 4 pastors and a board; free and Reformed churches with multiple pastors; German-Reformed, Free Evangelical German, Darbyite, Wesleyan, Apostolic or Irvingian, Presbyterian, and a synagogue.",religion
e788,The Salvation Army is settled in Rue Saint Martin.,The Salvation Army is settled in Rue Saint Martin.,religion
e789,Many cloisters of various orders cared for the sick in the Diocese of Lausanne in the 13th century.,"In the 13th century, many cloisters of various orders cared for the sick in the Diocese of Lausanne.",public_health
e790,The chapter purchased land in the Cité to build a new hospital in 1275.,"In 1275, the chapter purchased land in the Cité to build a new hospital in place of an earlier one, constructed by Bishop Guillaume de Champvent in 1282, which five centuries later became the cantonal hospital.",construction
e791,Bishop Guillaume de Champvent constructed an earlier hospital in 1282.,"In 1275, the chapter purchased land in the Cité to build a new hospital in place of an earlier one, constructed by Bishop Guillaume de Champvent in 1282, which five centuries later became the cantonal hospital.",construction
e792,The earlier hospital became the cantonal hospital five centuries later.,"In 1275, the chapter purchased land in the Cité to build a new hospital in place of an earlier one, constructed by Bishop Guillaume de Champvent in 1282, which five centuries later became the cantonal hospital.",administration
e793,"The hospital was managed by the bishop and cared for by the Holy Spirit Order brothers, mainly serving the poor.","The hospital was managed by the bishop, cared for by the Holy Spirit Order brothers, mainly serving the poor.",public_health
e794,The infirmary of Madeleine became Hôpital de Saint Roch in 1443.,"Other hospitals included the small Hôpital de Saint Jean and the infirmary of Madeleine, which in 1443 became Hôpital de Saint Roch.",administration
e795,Saint Jean l’Évangéliste originally belonged to the chapter of Lausanne.,"Saint Jean l’Évangéliste originally belonged to the chapter of Lausanne, passed to the Great St. Bernard Monastery in 1228, and became city property in 1603.",administration
e796,Saint Jean l’Évangéliste passed to the Great St. Bernard Monastery in 1228.,"Saint Jean l’Évangéliste originally belonged to the chapter of Lausanne, passed to the Great St. Bernard Monastery in 1228, and became city property in 1603.",administration
e797,Saint Jean l’Évangéliste became city property in 1603.,"Saint Jean l’Évangéliste originally belonged to the chapter of Lausanne, passed to the Great St. Bernard Monastery in 1228, and became city property in 1603.",administration
e798,The Lausanne council took over control of the main hospital shortly before the Reformation in 1529.,"Shortly before the Reformation (1529), the Lausanne council took over the main hospital’s control.",administration
e799,The city of Lausanne tore down the main hospital and replaced it in 1766 with a building designed by architect Rudolf de Crousaz-de Mézery.,"On its advice, the city tore it down, replacing it in 1766 with a building designed by architect Rudolf de Crousaz-de Mézery.",construction
e800,The canton of Vaud was reorganized and affiliated with the Confederation in 1803.,"The canton of Vaud, reorganized in 1803 and affiliated with the Confederation, sought healthcare reform and bought the hospital from the municipality in 1806.",administration
e801,The canton of Vaud sought healthcare reform and bought the hospital from the municipality in 1806.,"The canton of Vaud, reorganized in 1803 and affiliated with the Confederation, sought healthcare reform and bought the hospital from the municipality in 1806.",public_health
e802,"The hospital building housed the sick, mentally ill, prisoners, and juvenile delinquents, causing hospital stays to be stigmatized.","Then the same building housed the sick, mentally ill, prisoners, and juvenile delinquents, so hospital stays were stigmatized.",public_health
e803,"The canton restructured hospital facilities in 1810, establishing a cantonal hospital with 100 beds on Rue de la Mercerie in Lausanne.","In 1810, the canton restructured hospital facilities, establishing in Lausanne a cantonal hospital with 100 beds on Rue de la Mercerie, an asylum for 40 lunatics at Champ de l’Air (now the agricultural institute building), and a home for 30 incurables.",public_health
e804,An asylum for 40 lunatics was established at Champ de l’Air in Lausanne in 1810.,"In 1810, the canton restructured hospital facilities, establishing in Lausanne a cantonal hospital with 100 beds on Rue de la Mercerie, an asylum for 40 lunatics at Champ de l’Air (now the agricultural institute building), and a home for 30 incurables.",public_health
e805,A home for 30 incurables was established in Lausanne in 1810.,"In 1810, the canton restructured hospital facilities, establishing in Lausanne a cantonal hospital with 100 beds on Rue de la Mercerie, an asylum for 40 lunatics at Champ de l’Air (now the agricultural institute building), and a home for 30 incurables.",public_health
e806,Prisoners moved to a new penitentiary in 1827.,"Prisoners moved to a new penitentiary in 1827, boys’ reformatory to Les Croisettes, girls’ reformatory remained in the hospital until 1869.",law_governance
e807,Boys’ reformatory moved to Les Croisettes in 1827.,"Prisoners moved to a new penitentiary in 1827, boys’ reformatory to Les Croisettes, girls’ reformatory remained in the hospital until 1869.",law_governance
e808,Girls’ reformatory remained in the hospital until 1869.,"Prisoners moved to a new penitentiary in 1827, boys’ reformatory to Les Croisettes, girls’ reformatory remained in the hospital until 1869.",law_governance
e809,"In 1868 the health council demanded a larger, better site for a hospital.","As 1868 the health council demanded a larger, better site, the Grand Council in 1874 authorized building a new 200-bed hospital with four isolation pavilions on state-owned land at Calvaire, costing over 2 million Francs, inaugurated in 1883.",public_health
e810,In 1874 the Grand Council authorized building a new 200-bed hospital with four isolation pavilions on state-owned land at Calvaire.,"As 1868 the health council demanded a larger, better site, the Grand Council in 1874 authorized building a new 200-bed hospital with four isolation pavilions on state-owned land at Calvaire, costing over 2 million Francs, inaugurated in 1883.",public_health
e811,The hospital was inaugurated in 1883.,"As 1868 the health council demanded a larger, better site, the Grand Council in 1874 authorized building a new 200-bed hospital with four isolation pavilions on state-owned land at Calvaire, costing over 2 million Francs, inaugurated in 1883.",public_health
e812,Maternity clinic and midwifery school started in 1874 in an old infectious disease lazaret at Montmeillan,"The hospital includes a maternity clinic and midwifery school, started in 1874 in an old infectious disease lazaret at Montmeillan, transferred to Calvaire pavilions in 1883 with individual wards per Tarnier system.",education
e813,Maternity clinic and midwifery school transferred to Calvaire pavilions in 1883 with individual wards per Tarnier system,"The hospital includes a maternity clinic and midwifery school, started in 1874 in an old infectious disease lazaret at Montmeillan, transferred to Calvaire pavilions in 1883 with individual wards per Tarnier system.",education
e814,A new maternity clinic building is planned due to facilities becoming too small,A new maternity clinic building is planned as facilities become too small.,infrastructure
e815,Students and midwives attend a polyclinic run by the university’s professor of obstetrics and gynecology,Students and midwives attend a polyclinic run by the university’s professor of obstetrics and gynecology.,education
e816,The polyclinic is administered jointly with the maternity hospital,This clinic is administered jointly with the maternity hospital.,administration
e817,Place de la Palud in Lausanne features the Town Hall.,Enlarge: Lausanne: Place de la Palud with Town Hall.,other
e818,"Brilliant surgeon Franco worked in Lausanne, attracting eye patients from many lands.","In the 16th century, brilliant surgeon Franco worked in Lausanne, attracting eye patients from many lands.",public_health
e819,Reputation for eye surgery persisted under Fabrice de Hilden in Lausanne.,This reputation persisted under Fabrice de Hilden in the 17th century;,public_health
e820,Bern council advised sending eye patients to Bern.,in the 18th century the Bern council advised sending eye patients to Bern.,public_health
e821,Lausanne regained fame for eye care when Dr. Recordon opened a free ophthalmological clinic in his home,Lausanne regained fame for eye care only when Dr. Recordon opened a free ophthalmological clinic in his home in 1840.,public_health
e822,The blind institution was founded and opened in 1844 thanks to the generosity of W. Haldimand and Fraulein de Cerjat.,"This clinic was the seed for the blind institution, founded thanks to generosity of W. Haldimand and Fraulein de Cerjat, opened 1844.",public_health
e823,"The institution trains blind children and eye patients, providing education and work opportunities.","It trains blind children and eye patients, giving education and work opportunities.",education
e824,"A workshop was established within the institution funded with 75,000 Francs from Haldimand in 1855.","In 1855, a workshop was established within the institution, funded with 75,000 Francs from Haldimand; a new building was occupied in 1873.",other
e825,A new building was occupied in the institution in 1873.,"In 1855, a workshop was established within the institution, funded with 75,000 Francs from Haldimand; a new building was occupied in 1873.",infrastructure
e826,An educational facility exists for blind boys and girls aged 5–18.,An educational facility for blind boys and girls aged 5–18;,education
e827,An eye hospital with 45 beds exists,2) An eye hospital with 45 beds;,public_health
e828,"A basket- and brush-making workshop employs blind adults unable to find regular suitable work or still in apprenticeship, plus other blind men able to learn a trade","3) A basket- and brush-making workshop, employing blind adults unable to find regular suitable work or still in apprenticeship, plus other blind men able to learn a trade;",social
e829,The 'Asile Recordon' serves as a home and work hall for former pupils.,4) The “Asile Recordon” as a home and work hall for former pupils.,social
e830,The institution accepts adults who became blind later and wish to learn a trade when feasible.,"When feasible, the institution also accepts adults who became blind later, wishing to learn a trade.",education
e831,The institution hosts a small Braille printing press.,"The institution hosts a small Braille printing press, which has printed a Bible and various textbooks for blind youth.",education
e832,The Braille printing press has printed a Bible and various textbooks for blind youth.,"The institution hosts a small Braille printing press, which has printed a Bible and various textbooks for blind youth.",education
e833,The eye hospital cares for 500–600 patients annually.,"Annually, the eye hospital cares for 500–600 patients and offers 2,500–3,000 free consultations.",public_health
e834,"The eye hospital offers 2,500–3,000 free consultations annually.","Annually, the eye hospital cares for 500–600 patients and offers 2,500–3,000 free consultations.",public_health
e835,376 children of both sexes have been educated since founding,"Since founding, 376 children of both sexes have been educated here; workshops have trained 143 blind persons free of charge.",education
e836,Workshops have trained 143 blind persons free of charge,"Since founding, 376 children of both sexes have been educated here; workshops have trained 143 blind persons free of charge.",education
e837,Lausanne has a municipal infectious diseases ward in Moulin Creux (Flon Valley) with 23 beds,Lausanne has a municipal infectious diseases ward in Moulin Creux (Flon Valley) with 23 beds.,public_health
e838,The Catholic Trinity hospital in Bois Cerf was expanded in 1903 to over 100 beds with modern facilities.,"The Catholic Trinity hospital (Trinité) in Bois Cerf (road to Ouchy), owned by a stock company, was expanded in 1903 to over 100 beds with modern facilities.",infrastructure
e839,Nursing staff at the Catholic Trinity hospital are Sisters of the Holy Trinity.,Nursing staff are Sisters of the Holy Trinity.,public_health
e840,An orthopedic institution for children under 12 was founded by private initiative,An orthopedic institution for children under 12 was founded in 1876 by private initiative; maintained by voluntary donations.,public_health
e841,The orthopedic institution was maintained by voluntary donations,An orthopedic institution for children under 12 was founded in 1876 by private initiative; maintained by voluntary donations.,public_health
e842,The children's hospital (Hospice de l’enfance) was founded in 1861.,"The children's hospital (Hospice de l’enfance), founded 1861 and housed from 1865 in its own building, has 30 beds, especially for poor or modest-income children aged 2–12 with curable, non-infectious illnesses; it also supplies medicines to homes.",public_health
e843,The children's hospital was housed from 1865 in its own building.,"The children's hospital (Hospice de l’enfance), founded 1861 and housed from 1865 in its own building, has 30 beds, especially for poor or modest-income children aged 2–12 with curable, non-infectious illnesses; it also supplies medicines to homes.",public_health
e844,The hospital supplies medicines to homes.,"The children's hospital (Hospice de l’enfance), founded 1861 and housed from 1865 in its own building, has 30 beds, especially for poor or modest-income children aged 2–12 with curable, non-infectious illnesses; it also supplies medicines to homes.",public_health
e845,The hospital relies upon voluntary charity.,This institution relies upon voluntary charity.,public_health
e846,The university polyclinic was established in 1892 replacing the municipal dispensary.,"The university polyclinic, established 1892 replacing the municipal dispensary, moved into a splendid new building in Solitude in 1904.",public_health
e847,The university polyclinic moved into a new building in Solitude in 1904.,"The university polyclinic, established 1892 replacing the municipal dispensary, moved into a splendid new building in Solitude in 1904.",public_health
e848,"The university polyclinic offers free general and specialized consultations (eye, women’s, dental), free medicines, and serves as university teaching hospital.","It offers free general and specialized consultations (eye, women’s, dental), free medicines, and serves as university teaching hospital.",public_health
e849,"The state finances the healthcare facility with a city contribution of 2,400 Francs in 1902","The state finances it (city contribution 2,400 Francs in 1902), which contributed 200,000 Francs toward the new building in 1899.",public_health
e850,"The city contributed 200,000 Francs toward the new building in 1899","The state finances it (city contribution 2,400 Francs in 1902), which contributed 200,000 Francs toward the new building in 1899.",public_health
e851,F. Naef founded a charitable enterprise providing wheelchairs for poor patients in 1884,Other foundations include F. Naef’s 1884 charitable enterprise providing wheelchairs for poor patients;,social
e852,Independent evangelical nursing school was founded in 1859 by Agénor de Gasparin and Mme.,independent evangelical nursing school founded 1859 by Agénor de Gasparin and Mme.;,education
e853,Nurses serve the home sick via the Methodists’ Bethanian sisters in Saint Roch,nurses also serve the home sick via the Methodists’ Bethanian sisters in Saint Roch.,public_health
e854,Some 60 physicians and surgeons serve Lausanne,"Some 60 physicians and surgeons and 24 dentists serve the city, supported by over 60 nurses.",public_health
e855,24 dentists serve Lausanne,"Some 60 physicians and surgeons and 24 dentists serve the city, supported by over 60 nurses.",public_health
e856,Over 60 nurses support healthcare in Lausanne,"Some 60 physicians and surgeons and 24 dentists serve the city, supported by over 60 nurses.",public_health
e857,"Lausanne has cemeteries in Montoie, La Sallaz, La Pontaise, Vers chez les Blancs, and Montherond","Lausanne has cemeteries in Montoie (648 ares), La Sallaz, La Pontaise, Vers chez les Blancs, and Montherond, plus a Jewish cemetery.",land_use
e858,"In the 15th century, bishops moved into the castle, now the cantonal government seat.","In the 15th century, as the bishops moved into the castle (now cantonal government seat), they converted part of the old Évêché into a prison holding criminals of all kinds; today, it houses only investigative detainees and inmates sentenced to short terms (up to three months).",administration
e859,The bishops converted part of the old Évêché into a prison holding criminals of all kinds in the 15th century.,"In the 15th century, as the bishops moved into the castle (now cantonal government seat), they converted part of the old Évêché into a prison holding criminals of all kinds; today, it houses only investigative detainees and inmates sentenced to short terms (up to three months).",law_governance
e860,The Évêché was partially destroyed by fire in 1235 and rebuilt.,The Évêché was partially destroyed by fire in 1235 and rebuilt; large parts demolished in 1707 for building the cathedral terrace.,construction
e861,Large parts of the Évêché were demolished in 1707 for building the cathedral terrace.,The Évêché was partially destroyed by fire in 1235 and rebuilt; large parts demolished in 1707 for building the cathedral terrace.,construction
e862,A square prison was built in 1823 at the same place.,"In 1823, in the same place, a square prison was built, also housing a school until 1837 when classrooms became courtrooms.",construction
e863,The prison housed a school until 1837 when classrooms became courtrooms.,"In 1823, in the same place, a square prison was built, also housing a school until 1837 when classrooms became courtrooms.",administration
e864,The prison expanded between 1880 and 1883 with a new district court hall and 22 additional cells in the remaining Évêché rooms.,"Initially with 32 cells for 50–80 inmates, it expanded 1880–83 with the new district court hall and 22 additional cells in the remaining Évêché rooms.",construction
e865,Approval of a new district prison with 77 cells in Bois Mermet near La Pontaise,"1901 saw approval of a new district prison with 77 cells under construction in Bois Mermet near La Pontaise, with 518,000 Francs allocated.",administration
e866,"Under Bernese rule, Vaud prisoners were sent to the Schallenwerk in Bern.","Under Bernese rule, Vaud prisoners were sent to the Schallenwerk in Bern.",law_governance
e867,"After Vaud’s independence, the third floor of the 1776 hospital was adapted in 1803 as a penitentiary.","After Vaud’s independence, the third floor of the 1776 hospital was adapted in 1803 as a penitentiary.",construction
e868,Planning of a new penitentiary began,"Due to many difficulties, a new penitentiary was planned since 1806; construction began 1822, with transfer of 82 inmates in 1826 to a building costing 348,000 old Francs (512,000 modern Francs).",construction
e869,Construction of the new penitentiary began,"Due to many difficulties, a new penitentiary was planned since 1806; construction began 1822, with transfer of 82 inmates in 1826 to a building costing 348,000 old Francs (512,000 modern Francs).",construction
e870,Transfer of 82 inmates to the new penitentiary building,"Due to many difficulties, a new penitentiary was planned since 1806; construction began 1822, with transfer of 82 inmates in 1826 to a building costing 348,000 old Francs (512,000 modern Francs).",social
e871,Addition of a women's house to the penitentiary,A women's house was added in 1853.,construction
e872,Inmates are obliged to silence and work in trades earning modest pay shares,"Inmates are obliged to silence and work in trades (spinning, weaving, shoemaking, carpentry, tailoring, bookbinding, smithing, basket and slipper making) earning modest pay shares.",law_governance
e873,"The Vaud penitentiary no longer meets modern standards due to small and unheated cells, difficult supervision, and inmate communication in common halls.","Today, the Vaud penitentiary, once exemplary, no longer meets modern standards: cells are too small and unheated, preventing work and full isolation; supervision is difficult; work in common halls allows inmate communication.",law_governance
e874,Building a new penitentiary is deemed urgent with project plans underway and execution pending financial considerations,"For these and other reasons, building a new penitentiary is deemed urgent, with project plans underway, execution pending financial considerations.",law_governance
e875,Reformatories for boys were moved to Les Croisettes with 27–41 inmates after 1827,Reformatories for boys were moved to Les Croisettes (27–41 inmates) after 1827; girls’ reformatory in Chailly closed in 1896.,law_governance
e876,Girls’ reformatory in Chailly closed in 1896,Reformatories for boys were moved to Les Croisettes (27–41 inmates) after 1827; girls’ reformatory in Chailly closed in 1896.,law_governance
e877,The central jail was founded in 1825,"The central jail, founded 1825, detained prisoners serving 1–3 month sentences, military personnel, and political prisoners.",administration
e878,The central jail detained prisoners serving 1–3 month sentences,"The central jail, founded 1825, detained prisoners serving 1–3 month sentences, military personnel, and political prisoners.",law_governance
e879,The central jail detained military personnel,"The central jail, founded 1825, detained prisoners serving 1–3 month sentences, military personnel, and political prisoners.",law_governance
e880,The central jail detained political prisoners,"The central jail, founded 1825, detained prisoners serving 1–3 month sentences, military personnel, and political prisoners.",law_governance
e881,A protection society (Société de patronage) was founded in 1878 in Lausanne.,"A protection society (Société de patronage), founded 1878 and reorganized 1895, supports released prisoners, funded by donations and government contributions.",social
e882,The protection society was reorganized in 1895 in Lausanne.,"A protection society (Société de patronage), founded 1878 and reorganized 1895, supports released prisoners, funded by donations and government contributions.",social
e883,"Lausanne has numerous charitable and non-profit institutions, more than 150 in total, covering diverse fields.","Lausanne has numerous charitable and non-profit institutions, more than 150 in total, covering diverse fields.",social
e884,Poor relief is centralized in the Central Charity Office founded in 1854,"Poor relief is centralized in the 1854-founded Central Charity Office (Bureau central de bienfaisance), overseeing aid to needy inhabitants.",social
e885,"Association des Amies des pauvres founded in 1871, fighting street begging","Association des Amies des pauvres (1871), fighting street begging;",social
e886,Société pour réprimer les abus de la mendicité was established in 1853 to redirect unknown beggars to the charity bureau,"Société pour réprimer les abus de la mendicité (1853), redirecting unknown beggars to the charity bureau;",social
e887,Existence of a night shelter for poor travellers,Night shelter for poor travellers;,social
e888,Warming rooms were established for unemployed men in the cold season,Warming rooms (1879) for unemployed men in cold season;,social
e889,Charitable firewood distribution called Bour de bienfaisance occurred,"Charitable firewood distribution (Bour de bienfaisance, 1775);",social
e890,Winter relief committee distributing soup and wood,Winter relief committee (1891) distributing soup and wood;,social
e891,Les Fourmis society makes clothing for poor people,Les Fourmis society making clothing for poor;,social
e892,Direction des pauvres habitants supported poor settled at least six years,Direction des pauvres habitants (1776) supporting poor settled at least six years;,social
e893,Widow Effinger of Wildegg established a foundation aiding tenants,Widow Effinger of Wildegg’s foundation aiding tenants;,social
e894,German benevolent society established to support nationals in need,"German and French benevolent societies (1870, 1873) supporting nationals in need;",social
e895,French benevolent society established to support nationals in need,"German and French benevolent societies (1870, 1873) supporting nationals in need;",social
e896,Establishment of a Catholic women’s charity,Catholic women’s charity (1850);,social
e897,Diaconates of state and free churches aid poor and sick,Diaconates of state and free churches aiding poor and sick;,social
e898,School kitchens were established for elementary and Catholic schools in 1890 and 1902.,"School kitchens for elementary and Catholic schools (1890, 1902);",education
e899,Saint Vincent de Paul society aids poor Catholics,Saint Vincent de Paul society aiding poor Catholics;,social
e900,Nursery (Crèche de Lausanne) caring for children of working mothers was established,"Nursery (Crèche de Lausanne, 1873) caring for children of working mothers;",social
e901,Existence of a work relief society with workplace,Work relief society with workplace (1891);,social
e902,Existence of a job inquiry office in 1897,Job inquiry office (1897);,social
e903,Ouvroir provided work for widows and single mothers,Ouvroir (1873) providing work for widows and single mothers;,social
e904,Women’s workrooms employed poor women,Women’s workrooms employing poor women.,social
e905,"Care for poor patients is provided by the cantonal hospital, nursing school, Bethanian sisters, various clinics, disabled children’s asylum, tuberculosis and other patients’ care societies, maternal support societies, nursing mother registries, pediatric hospital, blind institution, homes for poor elderly, asylums for disabled children and adults, infectious disease hospital (Moulin Creux), orthopedic institute, international rescue association, Red Cross, and recuperation homes.","Care for poor patients is provided by the cantonal hospital, nursing school (1859), Bethanian sisters, various clinics, disabled children’s asylum, tuberculosis and other patients’ care societies, maternal support societies, nursing mother registries, pediatric hospital, blind institution, homes for poor elderly, asylums for disabled children and adults, infectious disease hospital (Moulin Creux), orthopedic institute, international rescue association, Red Cross, recuperation homes, and more.",public_health
e906,Bugnion and Effinger foundations provide sick bath cures,Other foundations include Bugnion and Effinger foundations for sick bath cures; J.J. Faure foundation for teachers; vacation colonies for poor or ill children (1884); summer outings for those not accepted into colonies.,public_health
e907,J.J. Faure foundation supports teachers,Other foundations include Bugnion and Effinger foundations for sick bath cures; J.J. Faure foundation for teachers; vacation colonies for poor or ill children (1884); summer outings for those not accepted into colonies.,education
e908,Vacation colonies for poor or ill children established in 1884,Other foundations include Bugnion and Effinger foundations for sick bath cures; J.J. Faure foundation for teachers; vacation colonies for poor or ill children (1884); summer outings for those not accepted into colonies.,social
e909,Summer outings organized for children not accepted into colonies,Other foundations include Bugnion and Effinger foundations for sick bath cures; J.J. Faure foundation for teachers; vacation colonies for poor or ill children (1884); summer outings for those not accepted into colonies.,social
e910,Establishment of a free institution for unhappy or abandoned children,"Institutions for abandoned and orphaned support include free institution for unhappy or abandoned children (1888), poor child care committees (1831), Solidarity society (1882) regardless of nationality or religion, orphanage (1726), cantonal home for incurables and infirm elderly, free society for incurables (1827), homes for blind adult women, teachers’ retirement foundation, associations for young girls, railway arrival assistance, homes for unemployed or transient servant girls, asylums for fallen women and girls, etc.",social
e911,Formation of poor child care committees,"Institutions for abandoned and orphaned support include free institution for unhappy or abandoned children (1888), poor child care committees (1831), Solidarity society (1882) regardless of nationality or religion, orphanage (1726), cantonal home for incurables and infirm elderly, free society for incurables (1827), homes for blind adult women, teachers’ retirement foundation, associations for young girls, railway arrival assistance, homes for unemployed or transient servant girls, asylums for fallen women and girls, etc.",social
e912,Creation of Solidarity society regardless of nationality or religion,"Institutions for abandoned and orphaned support include free institution for unhappy or abandoned children (1888), poor child care committees (1831), Solidarity society (1882) regardless of nationality or religion, orphanage (1726), cantonal home for incurables and infirm elderly, free society for incurables (1827), homes for blind adult women, teachers’ retirement foundation, associations for young girls, railway arrival assistance, homes for unemployed or transient servant girls, asylums for fallen women and girls, etc.",social
e913,Establishment of an orphanage,"Institutions for abandoned and orphaned support include free institution for unhappy or abandoned children (1888), poor child care committees (1831), Solidarity society (1882) regardless of nationality or religion, orphanage (1726), cantonal home for incurables and infirm elderly, free society for incurables (1827), homes for blind adult women, teachers’ retirement foundation, associations for young girls, railway arrival assistance, homes for unemployed or transient servant girls, asylums for fallen women and girls, etc.",social
e914,Creation of free society for incurables,"Institutions for abandoned and orphaned support include free institution for unhappy or abandoned children (1888), poor child care committees (1831), Solidarity society (1882) regardless of nationality or religion, orphanage (1726), cantonal home for incurables and infirm elderly, free society for incurables (1827), homes for blind adult women, teachers’ retirement foundation, associations for young girls, railway arrival assistance, homes for unemployed or transient servant girls, asylums for fallen women and girls, etc.",social
e915,"Existence of four savings banks, several health, old age, and death funds, and about 20 mutual aid societies in Lausanne.","Four savings banks, several health, old age, and death funds exist, as well as about 20 mutual aid societies, including major ones like the Société industrielle de secours mutuels (1803) and typographers mutual aid (1832).",social
e916,Establishment of the Société industrielle de secours mutuels mutual aid society in 1803.,"Four savings banks, several health, old age, and death funds exist, as well as about 20 mutual aid societies, including major ones like the Société industrielle de secours mutuels (1803) and typographers mutual aid (1832).",social
e917,Establishment of the typographers mutual aid society in 1832.,"Four savings banks, several health, old age, and death funds exist, as well as about 20 mutual aid societies, including major ones like the Société industrielle de secours mutuels (1803) and typographers mutual aid (1832).",social
e918,Various societies conduct anti-alcohol and immorality campaigns,"Anti-alcohol and immorality campaigns are conducted by various societies including Blue Cross, Espoir and Avenir societies, Good Templars, Vaud patriotic league against alcoholism, temperance bars, Bethesda asylum for female alcoholics, Christmas tea and bun distribution to postal employees (since 1886), White Cross league (1881), league against obscene literature, moral enhancement societies, and more.",social
e919,The Vaud Peace Society pursues charitable aims.,"Other charitable aims are pursued by the Vaud Peace Society, Animal Protection, Vaud non-profit society, city development society, moral action league, Volkshaus society, Phare youth society, Bible society, auxiliary Bible society, tract dissemination committee, Bible distribution for married couples, various missions (including African missions), evacuation host committee, evangelical alliances, evangelization works among Italians and Spaniards, Sunday-school societies, Christian youth groups, Salvation Army, and others.",social
e920,Animal Protection pursues charitable aims.,"Other charitable aims are pursued by the Vaud Peace Society, Animal Protection, Vaud non-profit society, city development society, moral action league, Volkshaus society, Phare youth society, Bible society, auxiliary Bible society, tract dissemination committee, Bible distribution for married couples, various missions (including African missions), evacuation host committee, evangelical alliances, evangelization works among Italians and Spaniards, Sunday-school societies, Christian youth groups, Salvation Army, and others.",social
e921,The Vaud non-profit society pursues charitable aims.,"Other charitable aims are pursued by the Vaud Peace Society, Animal Protection, Vaud non-profit society, city development society, moral action league, Volkshaus society, Phare youth society, Bible society, auxiliary Bible society, tract dissemination committee, Bible distribution for married couples, various missions (including African missions), evacuation host committee, evangelical alliances, evangelization works among Italians and Spaniards, Sunday-school societies, Christian youth groups, Salvation Army, and others.",social
e922,The city development society pursues charitable aims.,"Other charitable aims are pursued by the Vaud Peace Society, Animal Protection, Vaud non-profit society, city development society, moral action league, Volkshaus society, Phare youth society, Bible society, auxiliary Bible society, tract dissemination committee, Bible distribution for married couples, various missions (including African missions), evacuation host committee, evangelical alliances, evangelization works among Italians and Spaniards, Sunday-school societies, Christian youth groups, Salvation Army, and others.",social
e923,The moral action league pursues charitable aims.,"Other charitable aims are pursued by the Vaud Peace Society, Animal Protection, Vaud non-profit society, city development society, moral action league, Volkshaus society, Phare youth society, Bible society, auxiliary Bible society, tract dissemination committee, Bible distribution for married couples, various missions (including African missions), evacuation host committee, evangelical alliances, evangelization works among Italians and Spaniards, Sunday-school societies, Christian youth groups, Salvation Army, and others.",social
e924,The Volkshaus society pursues charitable aims.,"Other charitable aims are pursued by the Vaud Peace Society, Animal Protection, Vaud non-profit society, city development society, moral action league, Volkshaus society, Phare youth society, Bible society, auxiliary Bible society, tract dissemination committee, Bible distribution for married couples, various missions (including African missions), evacuation host committee, evangelical alliances, evangelization works among Italians and Spaniards, Sunday-school societies, Christian youth groups, Salvation Army, and others.",social
e925,The Phare youth society pursues charitable aims.,"Other charitable aims are pursued by the Vaud Peace Society, Animal Protection, Vaud non-profit society, city development society, moral action league, Volkshaus society, Phare youth society, Bible society, auxiliary Bible society, tract dissemination committee, Bible distribution for married couples, various missions (including African missions), evacuation host committee, evangelical alliances, evangelization works among Italians and Spaniards, Sunday-school societies, Christian youth groups, Salvation Army, and others.",social
e926,The Bible society pursues charitable aims.,"Other charitable aims are pursued by the Vaud Peace Society, Animal Protection, Vaud non-profit society, city development society, moral action league, Volkshaus society, Phare youth society, Bible society, auxiliary Bible society, tract dissemination committee, Bible distribution for married couples, various missions (including African missions), evacuation host committee, evangelical alliances, evangelization works among Italians and Spaniards, Sunday-school societies, Christian youth groups, Salvation Army, and others.",social
e927,The auxiliary Bible society pursues charitable aims.,"Other charitable aims are pursued by the Vaud Peace Society, Animal Protection, Vaud non-profit society, city development society, moral action league, Volkshaus society, Phare youth society, Bible society, auxiliary Bible society, tract dissemination committee, Bible distribution for married couples, various missions (including African missions), evacuation host committee, evangelical alliances, evangelization works among Italians and Spaniards, Sunday-school societies, Christian youth groups, Salvation Army, and others.",social
e928,The tract dissemination committee pursues charitable aims.,"Other charitable aims are pursued by the Vaud Peace Society, Animal Protection, Vaud non-profit society, city development society, moral action league, Volkshaus society, Phare youth society, Bible society, auxiliary Bible society, tract dissemination committee, Bible distribution for married couples, various missions (including African missions), evacuation host committee, evangelical alliances, evangelization works among Italians and Spaniards, Sunday-school societies, Christian youth groups, Salvation Army, and others.",social
e929,Bible distribution for married couples pursues charitable aims.,"Other charitable aims are pursued by the Vaud Peace Society, Animal Protection, Vaud non-profit society, city development society, moral action league, Volkshaus society, Phare youth society, Bible society, auxiliary Bible society, tract dissemination committee, Bible distribution for married couples, various missions (including African missions), evacuation host committee, evangelical alliances, evangelization works among Italians and Spaniards, Sunday-school societies, Christian youth groups, Salvation Army, and others.",social
e930,"Various missions, including African missions, pursue charitable aims.","Other charitable aims are pursued by the Vaud Peace Society, Animal Protection, Vaud non-profit society, city development society, moral action league, Volkshaus society, Phare youth society, Bible society, auxiliary Bible society, tract dissemination committee, Bible distribution for married couples, various missions (including African missions), evacuation host committee, evangelical alliances, evangelization works among Italians and Spaniards, Sunday-school societies, Christian youth groups, Salvation Army, and others.",social
e931,The evacuation host committee pursues charitable aims.,"Other charitable aims are pursued by the Vaud Peace Society, Animal Protection, Vaud non-profit society, city development society, moral action league, Volkshaus society, Phare youth society, Bible society, auxiliary Bible society, tract dissemination committee, Bible distribution for married couples, various missions (including African missions), evacuation host committee, evangelical alliances, evangelization works among Italians and Spaniards, Sunday-school societies, Christian youth groups, Salvation Army, and others.",social
e932,Evangelical alliances pursue charitable aims.,"Other charitable aims are pursued by the Vaud Peace Society, Animal Protection, Vaud non-profit society, city development society, moral action league, Volkshaus society, Phare youth society, Bible society, auxiliary Bible society, tract dissemination committee, Bible distribution for married couples, various missions (including African missions), evacuation host committee, evangelical alliances, evangelization works among Italians and Spaniards, Sunday-school societies, Christian youth groups, Salvation Army, and others.",social
e933,Evangelization works among Italians and Spaniards pursue charitable aims.,"Other charitable aims are pursued by the Vaud Peace Society, Animal Protection, Vaud non-profit society, city development society, moral action league, Volkshaus society, Phare youth society, Bible society, auxiliary Bible society, tract dissemination committee, Bible distribution for married couples, various missions (including African missions), evacuation host committee, evangelical alliances, evangelization works among Italians and Spaniards, Sunday-school societies, Christian youth groups, Salvation Army, and others.",social
e934,Sunday-school societies pursue charitable aims.,"Other charitable aims are pursued by the Vaud Peace Society, Animal Protection, Vaud non-profit society, city development society, moral action league, Volkshaus society, Phare youth society, Bible society, auxiliary Bible society, tract dissemination committee, Bible distribution for married couples, various missions (including African missions), evacuation host committee, evangelical alliances, evangelization works among Italians and Spaniards, Sunday-school societies, Christian youth groups, Salvation Army, and others.",social
e935,Christian youth groups pursue charitable aims.,"Other charitable aims are pursued by the Vaud Peace Society, Animal Protection, Vaud non-profit society, city development society, moral action league, Volkshaus society, Phare youth society, Bible society, auxiliary Bible society, tract dissemination committee, Bible distribution for married couples, various missions (including African missions), evacuation host committee, evangelical alliances, evangelization works among Italians and Spaniards, Sunday-school societies, Christian youth groups, Salvation Army, and others.",social
e936,The Salvation Army pursues charitable aims.,"Other charitable aims are pursued by the Vaud Peace Society, Animal Protection, Vaud non-profit society, city development society, moral action league, Volkshaus society, Phare youth society, Bible society, auxiliary Bible society, tract dissemination committee, Bible distribution for married couples, various missions (including African missions), evacuation host committee, evangelical alliances, evangelization works among Italians and Spaniards, Sunday-school societies, Christian youth groups, Salvation Army, and others.",social
e937,The Mission romande for conversion of blacks in Africa was founded in 1875 by Vaud Free Church.,"The Mission romande for conversion of blacks in Africa, founded 1875 by Vaud Free Church, extended to French Switzerland in 1883, led by free churches of Vaud, Neuchâtel, Geneva, maintains 10 mission stations with 16 missionaries, a missionary and medical school; expenses of 172,055 Francs in 1902.",religion
e938,"The Mission romande extended to French Switzerland in 1883, led by free churches of Vaud, Neuchâtel, Geneva.","The Mission romande for conversion of blacks in Africa, founded 1875 by Vaud Free Church, extended to French Switzerland in 1883, led by free churches of Vaud, Neuchâtel, Geneva, maintains 10 mission stations with 16 missionaries, a missionary and medical school; expenses of 172,055 Francs in 1902.",religion
e939,The Mission romande maintains 10 mission stations with 16 missionaries and a missionary and medical school.,"The Mission romande for conversion of blacks in Africa, founded 1875 by Vaud Free Church, extended to French Switzerland in 1883, led by free churches of Vaud, Neuchâtel, Geneva, maintains 10 mission stations with 16 missionaries, a missionary and medical school; expenses of 172,055 Francs in 1902.",religion
e940,Masonic lodge Espérance et Cordialité was established in the Cité in 1821,"Two Masonic lodges exist: Espérance et Cordialité in the Cité (1821) and Liberté in Caroline (1871), belonging to Alpina (Swiss lodge union) and international Freemasonic alliance.",social
e941,Masonic lodge Liberté was established in Caroline in 1871,"Two Masonic lodges exist: Espérance et Cordialité in the Cité (1821) and Liberté in Caroline (1871), belonging to Alpina (Swiss lodge union) and international Freemasonic alliance.",social
e942,Both lodges belong to Alpina (Swiss lodge union) and international Freemasonic alliance,"Two Masonic lodges exist: Espérance et Cordialité in the Cité (1821) and Liberté in Caroline (1871), belonging to Alpina (Swiss lodge union) and international Freemasonic alliance.",social
e943,"City and canton schools support education, instruction, moral raising, and civic welfare.","Education, instruction, moral raising, civic welfare are supported by numerous city and canton schools, plus private kindergartens, free schools (1851, 1855), Catholic schools with kindergarten and elementary (since 1818), various sisters’ homes for poor children, orphan girl school (1859), girls’ secondary school (1866), free church study commission (1874), free church theological school (1847) with 40,000 volumes library, blind men’s workshop, sewing schools (1881), adult evening classes (1859), theology scholarships, Sunday and lady bible clubs, and many more.",education
e944,Lausanne hosts various special libraries and reading rooms for multiple professional and social groups,"Lausanne hosts various special libraries and reading rooms for police, postal staff, telegraphers, railway employees, commercial societies, natural science society, Presbyterian parish, students, families, Bible and missionary societies, literary and history societies, engineering and architecture associations, horticultural and bird breeding societies, weapons societies, Alpine clubs and others.",culture
e945,Lausanne's inhabitants are a mixture of various racial elements with no distinct Vaudois or Lausannois ethnic type,Lausanne’s inhabitants are a mixture of various racial elements; no distinct Vaudois or Lausannois ethnic type exists.,demography
e946,Cranial studies show the majority of Lausanne's inhabitants have Celtic origins,Cranial studies show the majority have Celtic origins.,demography
e947,Lausannese are less cosmopolitan than other Swiss cities with no significant class distinction in daily life,"Lausannese are less cosmopolitan than other Swiss cities, with no significant class distinction in daily life.",social
e948,The city has no isolated aristocracy nor very rich individuals,The city has no isolated aristocracy nor very rich individuals.,social
e949,"Intellectual life in Lausanne is lively, with numerous publications yearly and prominent scholars, artists, and renowned journalists","Intellectual life is lively, with numerous publications yearly and prominent scholars and artists, as well as several renowned journalists.",culture
e950,Lausanne has a relatively high number of newspapers per capita compared to most cities.,Relatively few cities have as many newspapers per capita as Lausanne.,social
e951,"Since 1882, Lausanne is the military camp of the 1st Swiss army division.","Since 1882, Lausanne is the military camp of the 1st Swiss army division.",military
e952,The barracks in La Pontaise quarter were enlarged in 1903.,"Enlarged in 1903, the barracks accommodate 1,200 men and 32 horses, ranking among Switzerland’s largest along with those in Zurich, Bern, and Thun.",construction
e953,"The parade ground spans the municipalities of Lausanne, Romanel, and Le Mont.","The parade ground, spanning municipalities Lausanne, Romanel, and Le Mont, covers 11,989.91 ares and is Switzerland's largest playground dedicated solely to infantry.",military
e954,The parade ground is Switzerland's largest playground dedicated solely to infantry.,"The parade ground, spanning municipalities Lausanne, Romanel, and Le Mont, covers 11,989.91 ares and is Switzerland's largest playground dedicated solely to infantry.",military
e955,The parade ground features favorable location and varied terrain meeting tactical needs.,It features favorable location and varied terrain meeting tactical needs.,military
e956,The shooting range is located 9 km northeast of Lausanne at Mauverney near Chalet à Gobet.,The shooting range is 9 km northeast of Lausanne at Mauverney near Chalet à Gobet.,military
e957,Lausanne hosts several non-commissioned officer and shooting schools,Lausanne hosts several non-commissioned officer and shooting schools and usually holds three recruit training schools annually.,military
e958,Lausanne usually holds three recruit training schools annually,Lausanne hosts several non-commissioned officer and shooting schools and usually holds three recruit training schools annually.,military
e959,Prehistoric settlements included pile dwellings in Vidy and Cour,Evidence of prehistoric settlements includes pile dwellings in Vidy and Cour; stone graves with crouched skeletons (so-called croucher graves) in Pierra Portay and Chamblandes; a Bronze Age grave with skeleton in Villars (Montbenon); various Iron Age burial mounds around Vernand; discovery of a bronze statuette (a Gaul) and Gallic coins in Lausanne; cup-marked stones in Vernand.,settlement
e960,Stone graves with crouched skeletons in Pierra Portay and Chamblandes,Evidence of prehistoric settlements includes pile dwellings in Vidy and Cour; stone graves with crouched skeletons (so-called croucher graves) in Pierra Portay and Chamblandes; a Bronze Age grave with skeleton in Villars (Montbenon); various Iron Age burial mounds around Vernand; discovery of a bronze statuette (a Gaul) and Gallic coins in Lausanne; cup-marked stones in Vernand.,archaeology
e961,A Bronze Age grave with skeleton in Villars (Montbenon),Evidence of prehistoric settlements includes pile dwellings in Vidy and Cour; stone graves with crouched skeletons (so-called croucher graves) in Pierra Portay and Chamblandes; a Bronze Age grave with skeleton in Villars (Montbenon); various Iron Age burial mounds around Vernand; discovery of a bronze statuette (a Gaul) and Gallic coins in Lausanne; cup-marked stones in Vernand.,archaeology
e962,Various Iron Age burial mounds around Vernand,Evidence of prehistoric settlements includes pile dwellings in Vidy and Cour; stone graves with crouched skeletons (so-called croucher graves) in Pierra Portay and Chamblandes; a Bronze Age grave with skeleton in Villars (Montbenon); various Iron Age burial mounds around Vernand; discovery of a bronze statuette (a Gaul) and Gallic coins in Lausanne; cup-marked stones in Vernand.,archaeology
e963,Discovery of a bronze statuette (a Gaul) and Gallic coins in Lausanne,Evidence of prehistoric settlements includes pile dwellings in Vidy and Cour; stone graves with crouched skeletons (so-called croucher graves) in Pierra Portay and Chamblandes; a Bronze Age grave with skeleton in Villars (Montbenon); various Iron Age burial mounds around Vernand; discovery of a bronze statuette (a Gaul) and Gallic coins in Lausanne; cup-marked stones in Vernand.,archaeology
e964,Cup-marked stones in Vernand,Evidence of prehistoric settlements includes pile dwellings in Vidy and Cour; stone graves with crouched skeletons (so-called croucher graves) in Pierra Portay and Chamblandes; a Bronze Age grave with skeleton in Villars (Montbenon); various Iron Age burial mounds around Vernand; discovery of a bronze statuette (a Gaul) and Gallic coins in Lausanne; cup-marked stones in Vernand.,archaeology
e965,The Roman colony here was called Lausonna per inscriptions,"The Roman colony here was called Lausonna per inscriptions, located between Vidy, Maladière, Bois de Vaud, and extending toward Malley.",historical_background
e966,Roman graves were found at Bois de Vaud and Contigny,"Roman graves were found at Bois de Vaud and Contigny; Roman inscriptions at Bois de Vaud, Vidy, and Malley.",archaeology
e967,"Roman inscriptions were found at Bois de Vaud, Vidy, and Malley","Roman graves were found at Bois de Vaud and Contigny; Roman inscriptions at Bois de Vaud, Vidy, and Malley.",archaeology
e968,"Burgundian graves were discovered in La Mercerie quarter, Champ de l’Air, Chavannes, Vidy, and Bel Air near Cheseaux","Burgundian graves were discovered in La Mercerie quarter, Champ de l’Air, Chavannes, Vidy, and notably in Bel Air near Cheseaux.",archaeology
e969,Lausanne was founded in very early times according to ancient writers,"According to ancient writers, Lausanne was founded in very early times.",historical_background
e970,The first settlement was downslope from the present city in the plain at Vidy,"Modern research shows the first settlement was downslope from the present city in the plain at Vidy, known variously as Lousonna, Lousena, Lausanna, Lausonium, Losonne, or Losene, whose origin remains unclear.",settlement
e971,The Flon was still named “Laus” in 1761,(The Flon was still named “Laus” in 1761.),historical_background
e972,Settlement suspected to be of Gaulish or Celtic origin existing before Roman conquest of Helvetia,It is suspected to have been of Gaulish or Celtic origin existing before Roman conquest of Helvetia (58 BC).,historical_background
e973,Helvetians burned 12 cities during their migration to Gaul according to Fr. Guillimann (1598),Fr. Guillimann (1598) claimed it was among 12 cities burned by Helvetians in their migration to Gaul.,migration
e974,The theory connecting it to the lakeside pile dwellings near Vidy is unfounded,The theory connecting it to the lakeside pile dwellings near Vidy is unfounded.,other
e975,A votive plaque with inscription was found in Vidy in 1739.,"In 1739, a votive plaque with inscription was found in Vidy, calling Lausonna a vicus, i.e., an unfortified settlement where travelers might stay overnight in a mansio and change horses.",archaeology
e976,"Lausonna was called a vicus, an unfortified settlement where travelers might stay overnight in a mansio and change horses.","In 1739, a votive plaque with inscription was found in Vidy, calling Lausonna a vicus, i.e., an unfortified settlement where travelers might stay overnight in a mansio and change horses.",settlement
e977,Early inhabitants probably were fishermen and farmers,Early inhabitants probably were fishermen and farmers.,historical_background
e978,The vicus lasted for centuries,"The vicus lasted for centuries, eventually covering land between the lake, Flon, and the new Morges road.",historical_background
e979,The lake was named Lacus Lausonius during the Antonine Itinerary period (138–161).,"Its importance is shown by the name it gave to the lake lasting centuries: Lacus Lausonius (Antonine Itinerary 138–161), Lacus Losanne, Lacus Lausannensis (Peutinger Table, 4th century).",historical_background
e980,The lake was named Lacus Lausannensis according to the Peutinger Table in the 4th century.,"Its importance is shown by the name it gave to the lake lasting centuries: Lacus Lausonius (Antonine Itinerary 138–161), Lacus Losanne, Lacus Lausannensis (Peutinger Table, 4th century).",historical_background
e981,Alemanni invaded and burned Lousonna and slaughtered its inhabitants,"Alemanni invaded around 379 AD, burning Lousonna and slaughtering inhabitants (the idea that a lake tsunami caused by Tauretunum landslide destroyed it is untenable).",military
e982,Survivors fled upstream along the Flon valley to a hill,Some survivors fled upstream along the Flon valley to a hill—a natural stronghold protected by swamp (palus)—where they established a settlement called by the same name.,migration
e983,A settlement called by the same name was established on the hill,Some survivors fled upstream along the Flon valley to a hill—a natural stronghold protected by swamp (palus)—where they established a settlement called by the same name.,settlement
e984,Bishop Marius or Saint Maire moved his seat from devastated Aventicum to Lausanne around 593,"This new settlement, initially a fortified camp (castrum), grew after Bishop Marius or Saint Maire moved his seat from devastated Aventicum around 593 here into a civitas, the precursor of today’s Cité.",settlement
e985,"The new settlement grew from a fortified camp (castrum) into a civitas, the precursor of today’s Cité","This new settlement, initially a fortified camp (castrum), grew after Bishop Marius or Saint Maire moved his seat from devastated Aventicum around 593 here into a civitas, the precursor of today’s Cité.",settlement
e986,"Churches, a provostship, and a cathedral soon arose in the new settlement","Churches, a provostship, and a cathedral soon arose.",religion
e987,The population was originally Celtic-Helvetian and considered 'cives' according to Marius’ charters.,"The population, originally Celtic-Helvetian, were ""cives"" according to Marius’ charters.",historical_background
e988,The episcopal castle at the Cité's north end dates from the late 14th century.,The episcopal castle at the Cité's north end dates from late 14th century.,construction
e989,The Bourg settlement arose across from the Cité and was said to have been founded by Burgundians.,"Across from the Cité, the Bourg settlement arose, said to have been founded by Burgundians.",settlement
e990,"Both the Cité and Bourg towns had walls but differed significantly in origin, rights, and freedoms.","Both towns had walls but differed significantly in origin, rights, and freedoms.",settlement
e991,"The Cité had six gates named Saint Etienne, Escalier de la Grande Roche, Couvaloup, Cunay or La Barre, Saint Maire, and Degrés du Marché","The Cité had six gates (Saint Etienne, Escalier de la Grande Roche, Couvaloup, Cunay or La Barre, Saint Maire, Degrés du Marché), the Bourg four (Saint Pierre, Condémine or Rive d’Ochie, Saint François, and Porte du Pont).",infrastructure
e992,"The Bourg had four gates named Saint Pierre, Condémine or Rive d’Ochie, Saint François, and Porte du Pont","The Cité had six gates (Saint Etienne, Escalier de la Grande Roche, Couvaloup, Cunay or La Barre, Saint Maire, Degrés du Marché), the Bourg four (Saint Pierre, Condémine or Rive d’Ochie, Saint François, and Porte du Pont).",infrastructure
e993,Mills and other buildings developed on both sides of the Flon,"Soon, both outgrew their walls; mills and other buildings developed on both sides of the Flon, and a third ridge, Saint Laurent, was settled.",settlement
e994,"The third ridge, Saint Laurent, was settled","Soon, both outgrew their walls; mills and other buildings developed on both sides of the Flon, and a third ridge, Saint Laurent, was settled.",settlement
e995,Conflicts between them caused mutual attacks and burnings.,Conflicts between them caused mutual attacks and burnings.,military
e996,"The Bourg grew to cover four Panners: Bourg, Pont, Palud, Saint Laurent, with lively trade and market rights","The Bourg, with lively trade and market rights, grew to cover four Panners: Bourg, Pont, Palud, Saint Laurent; while the Cité remained isolated.",economy
e997,The Cité remained isolated,"The Bourg, with lively trade and market rights, grew to cover four Panners: Bourg, Pont, Palud, Saint Laurent; while the Cité remained isolated.",settlement
e998,"In 1481, the Cité joined as the fifth Panner, forming one large municipal community, the Civitas Lausannensis communitas.","In 1481, the Cité joined as the fifth Panner, forming one large municipal community, the Civitas Lausannensis communitas.",administration
e999,Original differences between the formerly distinct old towns faded only after a long time,"Yet, it took a long time before original differences between the formerly distinct old towns faded.",historical_background
e1000,"The Cité, as bishop’s seat, enjoyed privileges and protections including safe refuge over the whole area except for thieves, forgers, and traitors.","The Cité, as bishop’s seat, enjoyed privileges and protections, including safe refuge (except for thieves, forgers, traitors) over the whole area.",law_governance
e1001,"The Bourg had privileges involving jurisdiction and rights for taverns, inns, markets, and exemption from some tolls","The Bourg’s privileges involved jurisdiction and rights for taverns, inns, markets, and exemption from some tolls; its citizens could sell goods before their houses in public spaces.",law_governance
e1002,Citizens of the Bourg could sell goods before their houses in public spaces,"The Bourg’s privileges involved jurisdiction and rights for taverns, inns, markets, and exemption from some tolls; its citizens could sell goods before their houses in public spaces.",economy
e1003,"The Bourg was located at crossroads of trade routes to Germany, Italy, France, and Provence","Located at crossroads of trade routes to Germany, Italy, France, and Provence, the Bourg had lively traffic and profitable inns.",transport
e1004,The Bourg had lively traffic and profitable inns,"Located at crossroads of trade routes to Germany, Italy, France, and Provence, the Bourg had lively traffic and profitable inns.",economy
e1005,"Distinct legal, freedom, and administrative structures were formalized in the Plaid général in 1368","Distinct legal, freedom, and administrative structures were formalized in 1368 in the Plaid général (later the Code or Coutumier de Lausanne).",law_governance
e1006,Each of the five city quarters formed a Panner with its own emblem and military duties,Each of the five city quarters formed a Panner with its own emblem and military duties.,military
e1007,The military household had to attend a yearly one-day free duty to the bishop,The military household had to attend a yearly one-day free duty to the bishop; longer deployments needed their consent and salary.,military
e1008,Longer deployments of the military household needed the bishop's consent and salary,The military household had to attend a yearly one-day free duty to the bishop; longer deployments needed their consent and salary.,military
e1009,"Five city Panners were augmented in times of danger by those of parish communities of Lavaux and others, totaling 15 Panners","Five city Panners were augmented in times of danger by those of parish communities of Lavaux and others, totaling 15 Panners.",military
e1010,The judicial structures included an episcopal official supervising church and clan rights.,"Judicial structures were complex: besides the episcopal official supervising church and clan rights, and special courts for chapter and priorates, the city law courts (Plaid général), Bourg juries, imperial court, and various lower courts presided over by Sénéchal, Sautier, Mayor, Mestral, etc. existed.",law_governance
e1011,Special courts existed for chapter and priorates.,"Judicial structures were complex: besides the episcopal official supervising church and clan rights, and special courts for chapter and priorates, the city law courts (Plaid général), Bourg juries, imperial court, and various lower courts presided over by Sénéchal, Sautier, Mayor, Mestral, etc. existed.",law_governance
e1012,"The city law courts (Plaid général), Bourg juries, imperial court, and various lower courts presided over by Sénéchal, Sautier, Mayor, Mestral, etc. existed.","Judicial structures were complex: besides the episcopal official supervising church and clan rights, and special courts for chapter and priorates, the city law courts (Plaid général), Bourg juries, imperial court, and various lower courts presided over by Sénéchal, Sautier, Mayor, Mestral, etc. existed.",law_governance
e1013,Formal city administration was introduced after the 1481 union,Formal city administration was introduced only after the 1481 union.,administration
e1014,The bishops of Lausanne were very powerful in the early Middle Ages.,"Once very powerful in the early Middle Ages, the bishop-counts’ power waned as citizens acquired freedoms by various means.",historical_background
e1015,The power of the bishop-counts of Lausanne waned as citizens acquired freedoms by various means.,"Once very powerful in the early Middle Ages, the bishop-counts’ power waned as citizens acquired freedoms by various means.",politics
e1016,The general assembly (cives et bourgeois) originally chose city council and leaders,"Municipal authorities included the general assembly (cives et bourgeois), originally choosing city council and leaders.",administration
e1017,"The Cité had its own council influenced by clergy, which disappeared after the 1481 unification.","The Cité had its own council, influenced by clergy, disappearing after 1481 unification.",administration
e1018,City governance comprised upper or small council with 24 members after 1494,"After 1494, city governance comprised upper or small council (24 members), lower council (Rière Conseil, 60 members), and large council of 200.",administration
e1019,City governance comprised lower council (Rière Conseil) with 60 members after 1494,"After 1494, city governance comprised upper or small council (24 members), lower council (Rière Conseil, 60 members), and large council of 200.",administration
e1020,City governance comprised large council of 200 members after 1494,"After 1494, city governance comprised upper or small council (24 members), lower council (Rière Conseil, 60 members), and large council of 200.",administration
e1021,"In 1529, the two Priors were replaced by a Syndic elected for three years in Lausanne.","In 1529, the two Priors were replaced by a Syndic elected for three years, titled Bürgermeister (mayor) since 1533.",administration
e1022,"Since 1533, the Syndic was titled Bürgermeister (mayor) in Lausanne.","In 1529, the two Priors were replaced by a Syndic elected for three years, titled Bürgermeister (mayor) since 1533.",administration
e1023,"Until the 1798 revolution, city authorities comprised mayor, upper council, lower council, and council of 200","Until the 1798 revolution, city authorities comprised mayor, upper council, lower council, and council of 200—a special status in canton Vaud.",administration
e1024,"In 1512, Lausanne sourced revenue solely from taxes on Jews and Lombards (moneylenders).",Lausanne was poor; still in 1512 it sourced revenue solely from taxes on Jews and Lombards (moneylenders) and official positions were poorly paid.,economy
e1025,Official positions in Lausanne were poorly paid in 1512.,Lausanne was poor; still in 1512 it sourced revenue solely from taxes on Jews and Lombards (moneylenders) and official positions were poorly paid.,economy
e1026,City hall was originally the old hall on Place du Pont,"City hall was originally the old hall on Place du Pont; a new hall on Place de la Palud was built starting 1458, completed ten years later.",administration
e1027,"A new hall on Place de la Palud was built starting 1458, completed in 1468","City hall was originally the old hall on Place du Pont; a new hall on Place de la Palud was built starting 1458, completed ten years later.",construction
e1028,Lausanne avoided serious war during the Middle Ages,"During the Middle Ages, Lausanne avoided serious war.",military
e1029,Citizens sought to expand rights during the Middle Ages,"Citizens sought to expand rights, aided by conflicts between bishops and House of Savoy, often siding with one or the other.",law_governance
e1030,Conflicts occurred between bishops and House of Savoy during the Middle Ages,"Citizens sought to expand rights, aided by conflicts between bishops and House of Savoy, often siding with one or the other.",politics
e1031,Lausanne gained free imperial city status by late 15th century,"By late 15th century, the city gained free imperial city status and adopted the double-headed imperial eagle in arms.",administration
e1032,Lausanne adopted the double-headed imperial eagle in arms by late 15th century,"By late 15th century, the city gained free imperial city status and adopted the double-headed imperial eagle in arms.",administration
e1033,Emperor Charles V referred to Lausanne as a “Reichsstadt” in a letter dated 5 July 1536,The founding document is missing but a 5 July 1536 letter from Emperor Charles V refers to Lausanne as a “Reichsstadt.”,administration
e1034,"Bernese troops under Count of Greierz entered Lausanne, looted the cathedral, and plundered archives","In 1476, Bernese troops under Count of Greierz entered the city, looted the cathedral, and plundered archives.",military
e1035,Relations between city and bishop deteriorated,"Relations between city and bishop deteriorated, leading Lausanne to seek alliances with Bern and Fribourg.",politics
e1036,Lausanne sought alliances with Bern and Fribourg,"Relations between city and bishop deteriorated, leading Lausanne to seek alliances with Bern and Fribourg.",politics
e1037,The city concluded Burgrecht with Bern and Fribourg in 1525 despite opposition from Duke of Savoy and bishop,"Though opposed by Duke of Savoy and bishop, the city concluded Burgrecht with Bern and Fribourg in 1525, commemorated by shields in council chambers.",law_governance
e1038,"Geneva, recently Protestant, faced ducal and episcopal pressure","Geneva, recently Protestant, faced ducal and episcopal pressure, called Bern for aid; Bernese forces occupied Vaud in 1536.",religion
e1039,Geneva called Bern for aid,"Geneva, recently Protestant, faced ducal and episcopal pressure, called Bern for aid; Bernese forces occupied Vaud in 1536.",politics
e1040,Bernese forces occupied Vaud in 1536,"Geneva, recently Protestant, faced ducal and episcopal pressure, called Bern for aid; Bernese forces occupied Vaud in 1536.",military
e1041,Bernese troops led by General Hans Franz Nägeli took Lausanne,"On March 31, Bernese troops led by General Hans Franz Nägeli took Lausanne, which had to recognize Bern’s suzerainty as successor to the exiled bishop.",military
e1042,Lausanne had to recognize Bern’s suzerainty as successor to the exiled bishop,"On March 31, Bernese troops led by General Hans Franz Nägeli took Lausanne, which had to recognize Bern’s suzerainty as successor to the exiled bishop.",politics
e1043,"Bern officially introduced the Reformation on October 15, 1536","Bern introduced the Reformation officially on October 15, 1536, which had already been preached by Guillaume Farel since 1529.",religion
e1044,Guillaume Farel preached the Reformation in Bern since 1529,"Bern introduced the Reformation officially on October 15, 1536, which had already been preached by Guillaume Farel since 1529.",religion
e1045,The city was compensated for losing the bishop’s seat by founding an academy and retaining its court and administration,The city was compensated for losing the bishop’s seat by founding an academy and retaining its court and administration.,administration
e1046,Former church lands were given to the city and are still held today,"Former church lands were also given to the city, still held today.",administration
e1047,Bern’s rule brought peace and submission but little liberty,Bern’s rule brought peace and submission but little liberty; only twice were efforts made to restore prior order or gain more autonomy: Isbrand d’Aux’s failed 1588 Savoy plot and Major Davel’s failed 1723 uprising.,politics
e1048,Isbrand d’Aux’s failed 1588 Savoy plot,Bern’s rule brought peace and submission but little liberty; only twice were efforts made to restore prior order or gain more autonomy: Isbrand d’Aux’s failed 1588 Savoy plot and Major Davel’s failed 1723 uprising.,politics
e1049,Major Davel’s failed 1723 uprising,Bern’s rule brought peace and submission but little liberty; only twice were efforts made to restore prior order or gain more autonomy: Isbrand d’Aux’s failed 1588 Savoy plot and Major Davel’s failed 1723 uprising.,politics
e1050,Bernese-era Lausanne was peaceful,"Otherwise, Bernese-era Lausanne was peaceful.",historical_background
e1051,"Lausanne welcomed many refugees including Protestants from France, Savoy, and England, totaling more than 1,000 by 1790–97, including bishops, nobles, officers, and merchants","The city welcomed many refugees including Protestants from France, Savoy, England (King Charles I’s judges), totaling more than 1,000 by 1790–97, including bishops, nobles, officers, merchants.",migration
e1052,A temporary population surge led to food fears and expulsion of foreigners in 1797,A temporary population surge led to food fears and expulsion of foreigners in 1797.,social
e1053,Celebrations of Bastille Day in 1791 led to military occupation and punishment,French Revolution stirred unrest; celebrations of Bastille Day in 1791 led to military occupation and punishment.,military
e1054,Napoleon Bonaparte was warmly received during his visit in 1797.,Napoleon Bonaparte was warmly received during 1797 visit.,historical_background
e1055,Vaud declared independence as Léman Republic,"On January 24, 1798, Vaud declared independence as Léman Republic, displaying green flags instead of Bernese bear.",politics
e1056,"French troops occupied the region en route to Bern, using churches and schools as barracks","French troops soon occupied the region en route to Bern, occupying churches and schools as barracks.",military
e1057,"Napoleon, heading the Italian campaign, visited Lausanne","Napoleon, heading the Italian campaign, again visited Lausanne.",military
e1058,Peasant bands called “paper burners” destroyed archives fearing the return of feudal rights,"In spring 1802, peasant bands called “paper burners” (Brûleurs de papier) destroyed archives in a fear of returning feudal rights.",social
e1059,The Helvetic authorities fled to Lausanne to resist the new government.,"The Helvetic authorities fled to Lausanne around then to resist new government, with the first post-Reformation mass since 1536 held October 30, 1802.",politics
e1060,"The first post-Reformation mass since 1536 was held in Lausanne on October 30, 1802.","The Helvetic authorities fled to Lausanne around then to resist new government, with the first post-Reformation mass since 1536 held October 30, 1802.",religion
e1061,The Act of Mediation created the canton of Vaud with Lausanne as capital,The Act of Mediation created the canton of Vaud with Lausanne as capital in April 1803.,administration
e1062,The Swiss federal assembly appointed Lausanne as seat of the Federal Supreme Court.,"On June 26, 1874, the Swiss federal assembly appointed Lausanne as seat of the Federal Supreme Court.",administration
e1063,The city has grown and prospered since then.,"Since then, the city has grown and prospered.",economy
e1064,Railway construction threatened bypassing Lausanne,"Railway construction threatened bypassing the city, prompting authorities to fight financially and politically to ensure the Bern-Lausanne line.",infrastructure
e1065,Authorities fought financially and politically to ensure the Bern-Lausanne railway line,"Railway construction threatened bypassing the city, prompting authorities to fight financially and politically to ensure the Bern-Lausanne line.",politics
e1066,"Old city fortifications and towers were demolished since the early 19th century, sparing only a few remains","Old city fortifications and towers were demolished since the early 19th century, sparing only a few remains.",construction
e1067,Lausanne was or is home to many famous men and families,Lausanne was or is home to many famous men and families.,social
e1068,Philosopher Allamand lived from 1709 to 1784.,Among citizens are philosophers Allamand (1709–1784) and his brother physicist Allamand (1713–1787);,culture
e1069,Physicist Allamand lived from 1713 to 1787.,Among citizens are philosophers Allamand (1709–1784) and his brother physicist Allamand (1713–1787);,culture
e1070,Henri de Charrière lived from 1715 to 1792 and was a general.,General Henri de Charrière (1715–1792),other
e1071,Salomon de Charrière lived from 1724 to 1793 and was an educator.,educator Salomon de Charrière (1724–1793),education
e1072,Pierre Marc Louis de Charrière lived from 1795 to 1874 and was a historian.,historian Pierre Marc Louis de Charrière (1795–1874),culture
e1073,Jean Pierre de Crousaz was a writer.,de Crousaz family with writer Jean Pierre de Crousaz (1663–1750);,culture
e1074,Historian Abraham Ruchat lived from 1678 to 1750,historian Abraham Ruchat (1678–1750);,historical_background
e1075,Jean Philippe Loys de Cheseaux was an astronomer and physicist.,astronomer and physicist Jean Philippe Loys de Cheseaux (1718–1751) and physicist/economist Charles Louis Loys de Cheseaux (1730–1789);,other
e1076,Charles Louis Loys de Cheseaux was a physicist and economist.,astronomer and physicist Jean Philippe Loys de Cheseaux (1718–1751) and physicist/economist Charles Louis Loys de Cheseaux (1730–1789);,other
e1077,Auguste Tissot was a physician and author of Avis au peuple sur sa santé,"physician Auguste Tissot (1728–1797), author of Avis au peuple sur sa santé;",other
e1078,Charles de Loys de Bochat was a historian.,de Loys family including historian Charles de Loys de Bochat (1695–1754);,culture
e1079,Mathias Mayor was a surgeon.,surgeon Mathias Mayor (1775–1817);,other
e1080,Isabelle de Montolieu was a writer.,writer Isabelle de Montolieu (1751–1832);,culture
e1081,Jean Jacques Porchat was a poet.,"de Loys, poet Jean Jacques Porchat (1800–1864);",culture
e1082,Louis Dufour was a physicist.,physicist Louis Dufour (1832–1892);,other
e1083,Aimé Louis Herminjard lived from 1817 to 1900,historian Aimé Louis Herminjard (1817–1900);,historical_background
e1084,Ferdinand Lecomte was a military writer.,military writer Ferdinand Lecomte (1826–1899);,military
e1085,Henri Warnery lived from 1859 to 1902,writers Henri Warnery (1859–1902) and Louis Favrat (1827–1893);,other
e1086,Louis Favrat lived from 1827 to 1893,writers Henri Warnery (1859–1902) and Louis Favrat (1827–1893);,other
e1087,L. Ruchonnet was a jurist and politician.,"jurist and politician L. Ruchonnet (1834–1893), and many others.",politics
e1088,Voltaire resided in Mont Riond-Dapples estate and Rue du Grand Chêne 6,"Voltaire resided in Mont Riond-Dapples estate and Rue du Grand Chêne 6, staging plays in Mon Repos.",culture
e1089,Voltaire staged plays in Mon Repos,"Voltaire resided in Mont Riond-Dapples estate and Rue du Grand Chêne 6, staging plays in Mon Repos.",culture
e1090,The house at Place de la Madeleine was the residence of early Reformed pastors.,"The house at Place de la Madeleine, former Chorherr Benoît de Pontareuse’s and home of reformers Pierre Caroli, Viret, and Farel, was the residence of early Reformed pastors.",religion
e1091,The Forney house (Rue de Bourg 16) was a famous inn named Lion d’Or hosting distinguished visitors throughout the 18th and mid-19th centuries.,The Forney house (Rue de Bourg 16) was a famous inn throughout the 18th and mid-19th centuries—Lion d’Or—hosting distinguished visitors.,culture
e1092,The former Steiner house became headquarters for generals during revolutionary turmoil,"In late 18th century, the former Steiner house became headquarters for generals during revolutionary turmoil.",military
e1093,"Berthier, Suchet, and other generals lived in Lausanne","Berthier, Suchet, and other generals lived in city.",military
e1094,Helvetic government fled to Lausanne and resided at Beau Séjour,"Helvetic government fled to Lausanne, residing at Beau Séjour.",politics
e1095,La Chablière estate hosted Prince Ludwig of Württemberg and several famous foreigners,La Chablière estate hosted Prince Ludwig of Württemberg and several famous foreigners.,social
e1096,Queen Catherine of Westphalia lived in La Rosière,"La Rosière was home to Queen Catherine of Westphalia, wife of Jérôme Bonaparte, who also lived in Lausanne.",historical_background
e1097,Jérôme Bonaparte lived in Lausanne,"La Rosière was home to Queen Catherine of Westphalia, wife of Jérôme Bonaparte, who also lived in Lausanne.",historical_background
e1098,Houses Morin and Bugnion played roles during Vaud’s uprising,"During Vaud’s uprising in January 1798, houses Morin (Place de la Palud 21) and Bugnion (Rue du Grand Chêne 1) played roles.",politics
e1099,Napoleon’s brothers resided at La Rosière in 1815,"In 1815, Napoleon’s brothers resided at La Rosière.",other
e1100,Lord Byron was stranded for two days at Hôtel d’Angleterre in Ouchy.,"Lord Byron, stranded two days in June 1816 at Hôtel d’Angleterre in Ouchy, wrote The Prisoner of Chillon.",other
e1101,Lord Byron wrote The Prisoner of Chillon.,"Lord Byron, stranded two days in June 1816 at Hôtel d’Angleterre in Ouchy, wrote The Prisoner of Chillon.",culture
e1102,Actor Kemble died at Beau Site estate,Actor Kemble died at Beau Site estate (road to Vevey) in 1823.,other
e1103,King Edward VII and other crowned dignitaries visited Lausanne.,King Edward VII and other crowned dignitaries have visited.,other
e1104,Dante's visit to Lausanne remains disputed,Dante’s visit remains disputed; many other famous people have stayed.,historical_background
e1105,Helvetic plague struck Lübeck,"Helvetic plague struck Lübeck, others.",public_health
e1106,"Medieval plague outbreaks (Black Death) repeatedly struck Lausanne, last in 1615","Medieval plague outbreaks (Black Death) repeatedly struck Lausanne, last in 1615.",public_health
e1107,"Major fires occurred in 1219, 1265, and 1320 in Lausanne.","Major fires occurred in 1219, 1265, 1320.",other
e1108,A large fire in 1405 destroyed Le Pont and La Palud quarters in Lausanne.,"A large 1405 fire destroyed Le Pont and La Palud quarters, prompting new construction.",other
e1109,The 1405 fire prompted new construction in Le Pont and La Palud quarters.,"A large 1405 fire destroyed Le Pont and La Palud quarters, prompting new construction.",construction
e1110,Lausanne suffered in Burgundian wars,Lausanne suffered in Burgundian wars.,military
e1111,"Flon river flood caused extensive destruction on July 9, 1778","Flon river floods caused extensive destruction on July 9, 1778; September 4, 1832 (9 deaths); October 30, 1888; June 2, 1889.",climate_environment
e1112,"Flon river flood caused extensive destruction and 9 deaths on September 4, 1832","Flon river floods caused extensive destruction on July 9, 1778; September 4, 1832 (9 deaths); October 30, 1888; June 2, 1889.",public_health
e1113,"Flon river flood caused extensive destruction on October 30, 1888","Flon river floods caused extensive destruction on July 9, 1778; September 4, 1832 (9 deaths); October 30, 1888; June 2, 1889.",climate_environment
e1114,"Flon river flood caused extensive destruction on June 2, 1889","Flon river floods caused extensive destruction on July 9, 1778; September 4, 1832 (9 deaths); October 30, 1888; June 2, 1889.",climate_environment
e1115,The Flon was regulated and embanked after 1889 flooding,"After 1889 flooding, the Flon was regulated and embanked.",infrastructure
