fact_id,text
fact_place_place_zurich_switzerland_industry_is_of_great_importance_in_zurich,Industry is of great importance in Zurich.
fact_place_place_oerlikon_zurich_switzerland_mechanical_engineering_is_found_in_oerlikon,Mechanical engineering is found in Oerlikon.
fact_place_place_albisrieden_zurich_switzerland_mechanical_engineering_is_found_in_albisrieden,Mechanical engineering is found in Albisrieden.
fact_place_place_altstetten_zurich_switzerland_mechanical_engineering_is_found_in_altstetten,Mechanical engineering is found in Altstetten.
fact_place_place_schlieren_zurich_switzerland_mechanical_engineering_is_found_in_schlieren,Mechanical engineering is found in Schlieren.
fact_place_place_schlieren_zurich_switzerland_there_is_a_wagon_factory_in_schlieren,There is a wagon factory in Schlieren.
fact_place_place_dietikon_zurich_switzerland_cotton_industry_is_found_in_dietikon,Cotton industry is found in Dietikon.
fact_place_place_zurich_switzerland_the_large_railway_junction_zurich_dominates_the_traffic_lines_of_the_district,The large railway junction Zurich dominates the traffic lines of the district.
fact_place_place_chur_switzerland_the_lakeside_railways_along_the_lake_mediate_traffic_with_chur,The lakeside railways along the lake mediate traffic with Chur.
fact_place_place_arlberg_austria_the_lakeside_railways_along_the_lake_mediate_traffic_with_the_arlberg,The lakeside railways along the lake mediate traffic with the Arlberg.
fact_place_place_baden_switzerland_the_line_to_baden_leads_to_western_switzerland_and_basel,The line to Baden leads to western Switzerland and Basel.
fact_place_place_basel_switzerland_the_line_to_baden_leads_to_western_switzerland_and_basel,The line to Baden leads to western Switzerland and Basel.
fact_place_place_affoltern_zug_a_branch_line_goes_to_affoltern_zug,A branch line goes to Affoltern-Zug.
fact_place_place_schaffhausen_switzerland_through_the_northern_ridge_run_in_a_common_tunnel_the_lines_to_schaffhausen,"Through the northern ridge run, in a common tunnel, the lines to Schaffhausen."
fact_place_place_romanshorn_switzerland_through_the_northern_ridge_run_in_a_common_tunnel_the_lines_to_romanshorn,"Through the northern ridge run, in a common tunnel, the lines to Romanshorn."
fact_place_place_st_gallen_switzerland_through_the_northern_ridge_run_in_a_common_tunnel_the_lines_to_st_gallen,"Through the northern ridge run, in a common tunnel, the lines to St. Gallen."
fact_place_place_glatt_valley_through_the_northern_ridge_run_in_a_common_tunnel_the_lines_into_the_glatt_valley,"Through the northern ridge run, in a common tunnel, the lines into the Glatt valley."
fact_place_place_sihl_valley_railway_secondary_lines_include_the_sihl_valley_railway,Secondary lines include the Sihl Valley Railway.
fact_place_place_limmat_valley_tramway_secondary_lines_include_the_limmat_valley_tramway_with_branch_to_weiningen,Secondary lines include the Limmat Valley tramway with branch to Weiningen.
fact_place_place_weiningen_switzerland_the_limmat_valley_tramway_has_a_branch_to_weiningen,The Limmat Valley tramway has a branch to Weiningen.
fact_place_place_zurich_hoengg_secondary_lines_include_the_tram_lines_zurich_hoengg,Secondary lines include the tram lines Zurich-Hoengg.
fact_place_place_zurich_oerlikon_seebach_secondary_lines_include_the_tram_lines_zurich_oerlikon_seebach,Secondary lines include the tram lines Zurich-Oerlikon-Seebach.
fact_place_place_uetliberg_zurich_switzerland_there_is_an_adhesion_railway_to_the_uetliberg,There is an adhesion railway to the Uetliberg.
fact_place_place_zurich_switzerland_municipality_and_capital_of_the_canton_and_district_of_zurich,Municipality and capital of the canton and district of Zurich.
fact_place_place_zurich_switzerland_largest_city_of_switzerland,Largest city of Switzerland.
fact_place_place_zurich_switzerland_the_federal_observatory_is_located_on_the_zurichberg,The federal observatory is located on the Zurichberg.
fact_place_place_zurich_switzerland_the_altitude_of_the_observatory_is_470_m,The altitude of the observatory is 470 m.
fact_place_place_zurich_switzerland_the_city_area_extends_westward_to_the_ridge_of_the_uetliberg,The city area extends westward to the ridge of the Uetliberg.
fact_place_place_zurich_switzerland_the_summit_signal_of_the_uetliberg_lies_on_the_city_boundary_at_874_m_above_sea_level,The summit signal of the Uetliberg lies on the city boundary at 874 m above sea level.
fact_place_place_zurichberg_zurich_switzerland_the_federal_observatory_is_located_on_the_zurichberg,The federal observatory is located on the Zurichberg.
fact_place_place_zurichberg_zurich_switzerland_the_geographical_coordinates_of_the_federal_observatory_are_47_22_38_n_latitude_and_8_33_3_9_e_longitude_from_greenwich,"The geographical coordinates of the federal observatory are 47° 22' 38"" N latitude and 8° 33' 3.9"" E longitude from Greenwich."
fact_place_place_zurichberg_zurich_switzerland_the_altitude_of_the_observatory_is_470_m,The altitude of the observatory is 470 m.
fact_place_place_limmat_switzerland_the_limmat_descends_to_level_400_m_before_hoengg_over_a_distance_of_6_km_within_the_city_area,The Limmat descends to level 400 m before Hoengg over a distance of 6 km within the city area.
fact_place_place_limmat_switzerland_the_average_gradient_of_the_limmat_in_the_city_area_is_1_5,The average gradient of the Limmat in the city area is 1.5‰.
fact_place_place_uetliberg_zurich_switzerland_the_city_area_extends_westward_to_the_ridge_of_the_uetliberg,The city area extends westward to the ridge of the Uetliberg.
fact_place_place_uetliberg_zurich_switzerland_the_summit_signal_of_the_uetliberg_lies_on_the_city_boundary_at_874_m_above_sea_level,The summit signal of the Uetliberg lies on the city boundary at 874 m above sea level.
fact_date_date_1908_1908_1908_the_magnetic_declination_in_1908_was_11½_w,The magnetic declination in 1908 was 11½° W.
fact_place_place_baldern_zurich_switzerland_the_boundary_follows_the_ridge_to_the_baldern,The boundary follows the ridge to the Baldern.
fact_place_place_leimbach_zurich_switzerland_the_boundary_includes_the_former_municipality_of_leimbach_to_the_sihl,The boundary includes the former municipality of Leimbach to the Sihl.
fact_place_place_sihl_river_zurich_switzerland_the_boundary_includes_the_former_municipality_of_leimbach_to_the_sihl,The boundary includes the former municipality of Leimbach to the Sihl.
fact_place_place_etlisberg_zurich_switzerland_the_boundary_is_south_of_the_etlisberg_between_wollishofen_and_mönchhof_to_the_lake,The boundary is south of the Etlisberg between Wollishofen and Mönchhof to the lake.
fact_place_place_wollishofen_zurich_switzerland_the_boundary_is_south_of_the_etlisberg_between_wollishofen_and_mönchhof_to_the_lake,The boundary is south of the Etlisberg between Wollishofen and Mönchhof to the lake.
fact_place_place_mönchhof_the_boundary_is_south_of_the_etlisberg_between_wollishofen_and_mönchhof_to_the_lake,The boundary is south of the Etlisberg between Wollishofen and Mönchhof to the lake.
fact_place_place_lake_zurich_switzerland_the_boundary_reaches_the_lake_south_of_the_etlisberg_between_wollishofen_and_mönchhof,The boundary reaches the lake south of the Etlisberg between Wollishofen and Mönchhof.
fact_place_place_burghölzli_psychiatric_hospital_zurich_switzerland_on_the_right_bank_the_boundary_runs_south_of_the_burghölzli_psychiatric_hospital_up_to_the_realp,"On the right bank, the boundary runs south of the Burghölzli psychiatric hospital up to the Realp."
fact_place_place_realp_the_boundary_runs_south_of_the_burghölzli_psychiatric_hospital_up_to_the_realp,The boundary runs south of the Burghölzli psychiatric hospital up to the Realp.
fact_place_place_wehrenbach_zurich_switzerland_the_boundary_crosses_the_wehrenbach,The boundary crosses the Wehrenbach.
fact_place_place_elefantenbach_zurich_switzerland_the_boundary_follows_the_middle_course_of_the_elefantenbach_for_a_short_distance,The boundary follows the middle course of the Elefantenbach for a short distance.
fact_place_place_loorenkopf_zurich_switzerland_the_boundary_encircles_the_loorenkopf,The boundary encircles the Loorenkopf.
fact_place_place_glatt_valley_zurich_switzerland_the_boundary_runs_in_a_fairly_regular_direction_from_se_to_nw_on_the_glatt_valley_side_of_the_zurichberg,The boundary runs in a fairly regular direction from SE to NW on the Glatt valley side of the Zurichberg.
fact_place_place_zurichberg_zurich_switzerland_the_boundary_runs_on_the_glatt_valley_side_of_the_zurichberg,The boundary runs on the Glatt valley side of the Zurichberg.
fact_place_place_käferberg_zurich_switzerland_the_boundary_reaches_the_northern_slope_of_the_käferberg_via_the_saddle_of_the_milchbuck,The boundary reaches the northern slope of the Käferberg via the saddle of the Milchbuck.
fact_place_place_milchbuck_zurich_switzerland_the_boundary_reaches_the_northern_slope_of_the_käferberg_via_the_saddle_of_the_milchbuck,The boundary reaches the northern slope of the Käferberg via the saddle of the Milchbuck.
fact_place_place_hardturm_at_hardturm_it_touches_the_limmat,At Hardturm it touches the Limmat.
fact_place_place_limmat_switzerland_the_limmat_forms_the_municipal_boundary_up_to_below_the_hoengger_bridge,The Limmat forms the municipal boundary up to below the Hoengger bridge.
fact_place_place_hoengger_bridge_the_municipal_boundary_extends_up_to_below_the_hoengger_bridge,The municipal boundary extends up to below the Hoengger bridge.
fact_place_place_triemli_the_triemli_is_circumvented_to_the_southeast,The Triemli is circumvented to the southeast.
fact_place_place_döltschi_from_the_döltschi_the_line_rises_again_at_the_uto,"From the Döltschi, the line rises again at the Uto."
fact_place_place_uto_from_the_döltschi_the_line_rises_again_at_the_uto,"From the Döltschi, the line rises again at the Uto."
fact_place_place_hotel_uetliberg_the_line_encloses_northeast_past_the_hotel_uetliberg_to_the_summit_signal,The line encloses northeast past the Hotel Uetliberg to the summit signal.
fact_place_place_uetliberg_zurich_switzerland_the_area_rises_with_both_edges_to_the_summit_heights_of_the_uetliberg_in_the_west,The area rises with both edges to the summit heights of the Uetliberg in the west.
fact_place_place_zurichberg_zurich_switzerland_the_area_rises_with_both_edges_to_the_summit_heights_of_the_zurichberg_in_the_east,The area rises with both edges to the summit heights of the Zurichberg in the east.
fact_place_place_käferberg_zurich_switzerland_the_area_rises_with_both_edges_to_the_summit_heights_of_the_käferberg_in_the_east,The area rises with both edges to the summit heights of the Käferberg in the east.
fact_place_place_zurich_switzerland_the_area_of_the_city_of_zurich_united_with_its_outer_municipalities_forms_a_horseshoe_shape_on_the_map_around_the_lower_lake_basin,The area of the city of Zurich united with its outer municipalities forms a horseshoe shape on the map around the lower lake basin.
fact_place_place_zurich_switzerland_the_area_is_44_17_km_2,The area is 44.17 km^2.
fact_place_place_zurich_switzerland_the_city_area_consists_of_the_actual_former_zurich_in_the_center,The city area consists of the actual former Zurich in the center.
fact_place_place_zurich_switzerland_zurich_is_the_largest_community_in_switzerland,Zurich is the largest community in Switzerland.
fact_place_place_wollishofen_zurich_switzerland_wollishofen_has_been_united_with_the_old_town_of_zurich_since_1893,Wollishofen has been united with the old town of Zurich since 1893.
fact_place_place_enge_zurich_switzerland_enge_has_been_united_with_the_old_town_of_zurich_since_1893,Enge has been united with the old town of Zurich since 1893.
fact_place_place_wiedikon_zurich_switzerland_wiedikon_has_been_united_with_the_old_town_of_zurich_since_1893,Wiedikon has been united with the old town of Zurich since 1893.
fact_place_place_aussersihl_zurich_switzerland_aussersihl_has_been_united_with_the_old_town_of_zurich_since_1893,Aussersihl has been united with the old town of Zurich since 1893.
fact_place_place_wipkingen_zurich_switzerland_wipkingen_has_been_united_with_the_old_town_of_zurich_since_1893,Wipkingen has been united with the old town of Zurich since 1893.
fact_place_place_unterstrass_zurich_switzerland_unterstrass_has_been_united_with_the_old_town_of_zurich_since_1893,Unterstrass has been united with the old town of Zurich since 1893.
fact_place_place_oberstrass_zurich_switzerland_oberstrass_has_been_united_with_the_old_town_of_zurich_since_1893,Oberstrass has been united with the old town of Zurich since 1893.
fact_place_place_fluntern_zurich_switzerland_fluntern_has_been_united_with_the_old_town_of_zurich_since_1893,Fluntern has been united with the old town of Zurich since 1893.
fact_place_place_hottingen_zurich_switzerland_hottingen_has_been_united_with_the_old_town_of_zurich_since_1893,Hottingen has been united with the old town of Zurich since 1893.
fact_place_place_hirslanden_zurich_switzerland_hirslanden_has_been_united_with_the_old_town_of_zurich_since_1893,Hirslanden has been united with the old town of Zurich since 1893.
fact_place_place_riesbach_zurich_switzerland_riesbach_has_been_united_with_the_old_town_of_zurich_since_1893,Riesbach has been united with the old town of Zurich since 1893.
fact_date_date_1893_1893_1893_the_outer_municipalities_were_united_with_the_old_town_of_zurich_since_1893,The outer municipalities were united with the old town of Zurich since 1893.
fact_place_place_zurich_switzerland_zurich_is_a_city_approached_slowly_by_ship_downstream_on_a_mild_summer_evening,Zurich is a city approached slowly by ship downstream on a mild summer evening.
fact_place_place_zurich_switzerland_zurichhorn_is_a_bushy_area_in_zurich_where_the_hornbach_has_formed_a_wide_densely_settled_delta_in_the_lake,"Zurichhorn is a bushy area in Zurich where the Hornbach has formed a wide, densely settled delta in the lake."
fact_place_place_zurich_switzerland_the_lake_near_zurich_becomes_narrower_with_artificially_reclaimed_settlement_areas_on_both_sides,The lake near Zurich becomes narrower with artificially reclaimed settlement areas on both sides.
fact_place_place_zurich_switzerland_on_the_left_side_above_the_lake_are_the_venerable_belvoirpark_and_rich_villa_quarters_on_the_moraine_hills_of_enge,On the left side above the lake are the venerable Belvoirpark and rich villa quarters on the moraine hills of Enge.
fact_place_place_zurich_switzerland_on_the_right_side_above_the_lake_is_the_zurichberg_a_single_airy_garden_city_from_the_hirslanderberg_down_to_the_rigiquartier,"On the right side above the lake is the Zurichberg, a single airy garden city from the Hirslanderberg down to the Rigiquartier."
fact_place_place_zurichhorn_zurich_switzerland_zurichhorn_is_a_bushy_area_where_the_hornbach_has_formed_a_wide_densely_settled_delta_in_the_lake,"Zurichhorn is a bushy area where the Hornbach has formed a wide, densely settled delta in the lake."
fact_place_place_hornbach_the_hornbach_has_formed_a_wide_densely_settled_delta_in_the_lake_at_zurichhorn,"The Hornbach has formed a wide, densely settled delta in the lake at Zurichhorn."
fact_place_place_belvoirpark_zurich_switzerland_belvoirpark_is_located_on_the_left_side_above_the_artificially_reclaimed_settlement_areas_near_zurich,Belvoirpark is located on the left side above the artificially reclaimed settlement areas near Zurich.
fact_place_place_enge_zurich_switzerland_enge_has_rich_villa_quarters_on_the_moraine_hills_above_the_lake_on_the_left_side,Enge has rich villa quarters on the moraine hills above the lake on the left side.
fact_place_place_zurichberg_zurich_switzerland_zurichberg_is_a_single_airy_garden_city_on_the_right_side_above_the_artificially_reclaimed_settlement_areas_near_zurich,Zurichberg is a single airy garden city on the right side above the artificially reclaimed settlement areas near Zurich.
fact_place_place_hirslanderberg_hirslanderberg_is_part_of_the_zurichberg_garden_city_area_from_hirslanderberg_down_to_the_rigiquartier,Hirslanderberg is part of the Zurichberg garden city area from Hirslanderberg down to the Rigiquartier.
fact_place_place_rigiquartier_rigiquartier_is_part_of_the_zurichberg_garden_city_area_from_hirslanderberg_down_to_the_rigiquartier,Rigiquartier is part of the Zurichberg garden city area from Hirslanderberg down to the Rigiquartier.
fact_place_place_zurich_switzerland_zurich_is_seen_from_the_lake,Zurich is seen from the lake.
fact_place_place_the_lake_the_lake_still_gleams,The lake still gleams.
fact_place_place_sihl_zurich_switzerland_black_blue_dark_mixed_forest_interspersed_with_dark_yews_rises_beyond_the_sihl,"Black-blue dark mixed forest, interspersed with dark yews, rises beyond the Sihl."
fact_place_place_uetliberg_zurich_switzerland_the_uetliberg_ridge_is_straight_and_has_bare_sandstone_emerging_here_and_there_in_hollow_niches,The Uetliberg ridge is straight and has bare sandstone emerging here and there in hollow niches.
fact_place_place_uetliberg_zurich_switzerland_comfortable_inns_greet_from_the_summit_of_the_uetliberg_ridge,Comfortable inns greet from the summit of the Uetliberg ridge.
fact_place_place_zurichberg_zurich_switzerland_the_last_golden_rays_of_the_evening_sun_flee_up_over_the_zurichberg,The last golden rays of the evening sun flee up over the Zurichberg.
fact_place_place_grossmünster_zurich_switzerland_the_two_grossmünster_towers_are_sharp_profiled,The two Grossmünster towers are sharp-profiled.
fact_place_place_fraumünster_zurich_switzerland_the_fraumünster_spire_is_slender,The Fraumünster spire is slender.
fact_place_place_tonhalle_zurich_switzerland_the_viennese_delicate_new_tonhalle_blocks_the_way,The Viennese delicate new Tonhalle blocks the way.
fact_place_place_red_and_white_castles_the_red_and_white_castles_are_built_on_former_lake_ground_in_zurich,The Red and White Castles are built on former lake ground in Zurich.
fact_place_place_rentenanstalt_zurich_switzerland_the_rentenanstalt_is_built_on_former_lake_ground_in_zurich,The Rentenanstalt is built on former lake ground in Zurich.
fact_place_place_unfall_zürich_zurich_switzerland_unfall_zürich_is_built_on_former_lake_ground_in_zurich,Unfall Zürich is built on former lake ground in Zurich.
fact_place_place_city_theatre_the_city_theatre_is_built_on_former_lake_ground_in_zurich,The city theatre is built on former lake ground in Zurich.
fact_place_place_uetliberg_castle_zurich_switzerland_uto_castle_is_built_on_former_lake_ground_in_zurich,Uto castle is built on former lake ground in Zurich.
fact_place_place_limmat_zurich_switzerland_the_limmat_flows_under_the_arches_of_the_quaibrücke_in_zurich,The Limmat flows under the arches of the Quaibrücke in Zurich.
fact_place_place_quaibrücke_zurich_switzerland_the_quaibrücke_is_a_monumental_bridge_in_zurich,The Quaibrücke is a monumental bridge in Zurich.
fact_place_place_st_peter_s_church_zurich_switzerland_st_peter_s_tower_with_the_large_clock_completes_the_characteristic_silhouette_of_zurich,St. Peter's tower with the large clock completes the characteristic silhouette of Zurich.
fact_place_place_uetliberg_zurich_switzerland_spotlights_from_the_uto_shine_over_the_city,Spotlights from the Uto shine over the city.
fact_place_place_urania_sternwarte_zurich_switzerland_spotlights_from_the_original_urania_tower_shine_over_the_city,Spotlights from the original Urania tower shine over the city.
fact_place_place_tonhalle_zurich_switzerland_spotlights_from_the_tonhalle_shine_over_the_city,Spotlights from the Tonhalle shine over the city.
fact_place_place_lakeside_edge_the_lakeside_edge_of_zurich_is_illuminated_at_night_with_banks_and_bridges_wearing_light_wreaths,The lakeside edge of Zurich is illuminated at night with banks and bridges wearing light wreaths.
fact_place_place_lake_the_lake_is_the_outlet_of_the_river,The lake is the outlet of the river.
fact_place_place_both_lake_shores_the_picture_gathers_from_both_lake_shores,The picture gathers from both lake shores.
fact_place_place_the_lake_the_lake_facilitated_traffic_by_water,The lake facilitated traffic by water.
fact_place_place_the_lake_the_lake_can_easily_be_blocked_at_the_outlet_and_served_as_a_defense,The lake can easily be blocked at the outlet and served as a defense.
fact_place_place_the_valley_traffic_was_facilitated_down_the_valley_by_water,Traffic was facilitated down the valley by water.
fact_place_place_the_moraine_ridge_the_moraine_ridge_was_used_to_form_an_inner_line_of_defense,The moraine ridge was used to form an inner line of defense.
fact_place_place_the_higher_mountains_east_and_west_the_higher_mountains_east_and_west_form_outer_protective_walls,The higher mountains east and west form outer protective walls.
fact_place_place_zurich_switzerland_zurich_became_the_depot_for_goods_mediation_between_italy_and_germany,Zurich became the depot for goods mediation between Italy and Germany.
fact_place_place_zurich_switzerland_zurich_s_own_industry_developed_early_and_expansively,Zurich's own industry developed early and expansively.
fact_place_place_zurich_switzerland_the_first_swiss_railway_ran_from_zurich,The first Swiss railway ran from Zurich.
fact_place_place_zurich_switzerland_zurich_is_the_hub_of_railway_lines_from_schaffhausen_winterthur_romanshorn_frauenfeld_singen_etzwilen_st_gallen_the_glatt_valley_the_right_and_left_lake_shores_the_,"Zurich is the hub of railway lines from Schaffhausen, Winterthur, Romanshorn-Frauenfeld, Singen-Etzwilen, St. Gallen, the Glatt valley, the right and left lake shores, the Glarus region, the canton of Graubünden, the Arlberg, Wädenswil-Einsiedeln, Ricken-Toggenburg, Lucerne-Zug (Gotthard), Basel-Brugg, western Switzerland-Aarau-Brugg."
fact_place_place_zurich_switzerland_zurich_is_the_largest_swiss_city_with_high_significance_due_to_its_railway_connections,Zurich is the largest Swiss city with high significance due to its railway connections.
fact_place_place_baden_aargau_switzerland_the_spanish_brötli_bahn_railway_line_connected_zurich_to_baden,The 'Spanish Brötli Bahn' railway line connected Zurich to Baden.
fact_place_place_schaffhausen_switzerland_there_is_a_railway_line_from_schaffhausen_to_zurich,There is a railway line from Schaffhausen to Zurich.
fact_place_place_winterthur_switzerland_there_is_a_railway_line_from_winterthur_to_zurich,There is a railway line from Winterthur to Zurich.
fact_place_place_romanshorn_frauenfeld_there_is_a_railway_line_from_romanshorn_frauenfeld_to_zurich,There is a railway line from Romanshorn-Frauenfeld to Zurich.
fact_place_place_singen_etzwilen_there_is_a_railway_line_from_singen_etzwilen_to_zurich,There is a railway line from Singen-Etzwilen to Zurich.
fact_place_place_st_gallen_switzerland_there_is_a_railway_line_from_st_gallen_to_zurich,There is a railway line from St. Gallen to Zurich.
fact_place_place_glatt_valley_there_is_a_railway_line_from_the_glatt_valley_to_zurich,There is a railway line from the Glatt valley to Zurich.
fact_place_place_right_and_left_lake_shores_there_are_railway_lines_from_the_right_and_left_lake_shores_to_zurich,There are railway lines from the right and left lake shores to Zurich.
fact_place_place_glarus_switzerland_there_is_traffic_from_the_glarus_region_to_zurich,There is traffic from the Glarus region to Zurich.
fact_place_place_graubünden_switzerland_there_is_traffic_from_the_canton_of_graubünden_to_zurich,There is traffic from the canton of Graubünden to Zurich.
fact_place_place_arlberg_austria_there_is_traffic_from_the_arlberg_to_zurich,There is traffic from the Arlberg to Zurich.
fact_place_place_wädenswil_einsiedeln_there_is_a_railway_line_from_wädenswil_einsiedeln_to_zurich,There is a railway line from Wädenswil-Einsiedeln to Zurich.
fact_place_place_ricken_toggenburg_there_will_soon_be_a_railway_line_from_ricken_toggenburg_to_zurich,There will soon be a railway line from Ricken-Toggenburg to Zurich.
fact_place_place_lucerne_zug_gotthard_there_is_a_railway_line_from_lucerne_zug_gotthard_to_zurich,There is a railway line from Lucerne-Zug (Gotthard) to Zurich.
fact_place_place_basel_brugg_there_is_a_railway_line_from_basel_brugg_to_zurich,There is a railway line from Basel-Brugg to Zurich.
fact_place_place_western_switzerland_aarau_brugg_there_is_a_railway_line_from_western_switzerland_aarau_brugg_to_zurich,There is a railway line from western Switzerland-Aarau-Brugg to Zurich.
fact_place_place_zurich_switzerland_the_paragraph_mentions_a_historical_map_of_the_city_of_zurich,The paragraph mentions a historical map of the city of Zurich.
fact_place_place_uetliberg_zurich_switzerland_the_heights_of_the_uetliberg_provide_a_view_of_the_city_map,The heights of the Uetliberg provide a view of the city map.
fact_place_place_old_town_zurich_switzerland_the_old_town_is_hilly_and_angular_with_dark_age_gray_sandstone_houses_and_blackened_tile_ridges,"The old town is hilly and angular with dark, age-gray sandstone houses and blackened tile ridges."
fact_place_place_lake_zurich_zurich_switzerland_the_outer_zone_s_street_grid_blocks_gradually_dissolve_uphill_on_both_sides_of_the_lake_into_villa_quarters,The outer zone's street grid blocks gradually dissolve uphill on both sides of the lake into villa quarters.
fact_place_place_limmat_zurich_switzerland_the_outer_zone_s_street_grid_blocks_gradually_dissolve_uphill_on_both_sides_of_the_limmat_into_villa_quarters,The outer zone's street grid blocks gradually dissolve uphill on both sides of the Limmat into villa quarters.
fact_place_place_schanzengraben_zurich_switzerland_the_angular_shape_of_the_schanzengraben_betrays_the_extent_of_the_former_small_city_on_the_left_limmat_bank,The angular shape of the Schanzengraben betrays the extent of the former 'small city' on the left Limmat bank.
fact_place_place_seilergraben_hirschengraben_seilergraben_hirschengraben_enclose_the_large_right_bank_city_uphill,Seilergraben-Hirschengraben enclose the 'large' (right bank) city uphill.
fact_place_place_bürkliplatz_zurich_switzerland_bürkliplatz_was_formerly_called_stadthausplatz,Bürkliplatz was formerly called Stadthausplatz.
fact_place_place_enge_zurich_switzerland_beautiful_parks_lie_to_the_left_towards_enge,Beautiful parks lie to the left towards Enge.
fact_place_place_bahnhofstrasse_zurich_switzerland_beautiful_parks_lie_before_us_towards_bahnhofstrasse,Beautiful parks lie before us towards Bahnhofstrasse.
fact_place_place_quaibrücke_zurich_switzerland_the_quaibrücke_was_built_in_1882_83_from_coarse_black_forest_granite,The Quaibrücke was built in 1882/83 from coarse Black Forest granite.
fact_place_place_quaibrücke_zurich_switzerland_it_bridges_the_limmat_s_outflow_from_the_lake_with_a_length_of_165_m,It bridges the Limmat's outflow from the lake with a length of 165 m.
fact_date_date_1882_83_1882_1883_the_quaibrücke_was_built_in_1882_83_from_coarse_black_forest_granite,The Quaibrücke was built in 1882/83 from coarse Black Forest granite.
fact_place_place_lake_from_here_in_clear_especially_föhn_weather_one_enjoys_a_magnificent_view_of_lake_and_mountains,"From here, in clear, especially föhn weather, one enjoys a magnificent view of lake and mountains."
fact_place_place_zollikon_zurich_switzerland_behind_the_pointed_church_tower_of_zollikon_rises_the_magnificent_layered_mass_of_the_glärnisch,Behind the pointed church tower of Zollikon rises the magnificent layered mass of the Glärnisch.
fact_place_place_glärnisch_glarus_switzerland_the_glärnisch_has_the_vrenelisgärtli_and_the_bächistock_behind_the_great_firn_shoulder,The Glärnisch has the Vrenelisgärtli and the Bächistock behind the great firn shoulder.
fact_place_place_vrenelisgärtli_glarus_switzerland_vrenelisgärtli_is_part_of_the_glärnisch_massif,Vrenelisgärtli is part of the Glärnisch massif.
fact_place_place_bächistock_glarus_switzerland_bächistock_is_behind_the_great_firn_shoulder_of_the_glärnisch,Bächistock is behind the great firn shoulder of the Glärnisch.
fact_place_place_faulen_to_the_right_follows_the_limestone_block_of_the_faulen,To the right follows the limestone block of the Faulen.
fact_place_place_drusberg_canton_of_zurich_switzerland_in_the_front_scene_is_the_obliquely_striped_drusberg_in_the_upper_sihl_valley,In the front scene is the obliquely striped Drusberg in the upper Sihl valley.
fact_place_place_sihl_valley_zurich_switzerland_drusberg_is_located_in_the_upper_sihl_valley,Drusberg is located in the upper Sihl valley.
fact_place_place_bifertenstock_glarus_switzerland_bifertenstock_is_visible_following_drusberg,Bifertenstock is visible following Drusberg.
fact_place_place_tödi_glarus_switzerland_tödi_is_visible_following_bifertenstock,Tödi is visible following Bifertenstock.
fact_place_place_klariden_glarus_switzerland_klariden_is_visible_following_tödi,Klariden is visible following Tödi.
fact_place_place_scheerhorn_glarus_switzerland_scheerhorn_is_visible_following_klariden,Scheerhorn is visible following Klariden.
fact_place_place_düssistock_glarus_switzerland_the_elegant_firn_pyramid_of_the_düssistock_is_visible,The elegant firn pyramid of the Düssistock is visible.
fact_place_place_mythen_schwyz_switzerland_in_the_mid_ground_the_mythen_often_stand_out_in_dark_blue_gray,"In the mid-ground, the Mythen often stand out in dark blue-gray."
fact_place_place_windgällen_uri_switzerland_behind_the_mighty_windgällen_wall_is_the_porphyry_summit_of_the_kleinen_windgälle_below_to_the_right,Behind the mighty Windgällen wall is the porphyry summit of the Kleinen Windgälle below to the right.
fact_place_place_kleinen_windgälle_uri_switzerland_the_porphyry_summit_of_the_kleinen_windgälle_is_below_to_the_right_of_the_windgällen_wall,The porphyry summit of the Kleinen Windgälle is below to the right of the Windgällen wall.
fact_place_place_kaiserstock_uri_switzerland_over_the_gap_of_kaiserstock_and_rossberg_rises_the_ridge_rich_bristenstock,Over the gap of Kaiserstock and Rossberg rises the ridge-rich Bristenstock.
fact_place_place_rossberg_uri_switzerland_over_the_gap_of_kaiserstock_and_rossberg_rises_the_ridge_rich_bristenstock,Over the gap of Kaiserstock and Rossberg rises the ridge-rich Bristenstock.
fact_place_place_bristenstock_uri_switzerland_the_ridge_rich_bristenstock_rises_over_the_gap_of_kaiserstock_and_rossberg,The ridge-rich Bristenstock rises over the gap of Kaiserstock and Rossberg.
fact_place_place_western_urnäsch_the_firn_wreath_extends_to_the_western_urnäsch_urirotstock_schlossstock_and_wissig,"The firn wreath extends to the western Urnäsch (Urirotstock, Schlossstock, and Wissig)."
fact_place_place_urirotstock_urirotstock_is_part_of_the_western_urnäsch_firn_wreath,Urirotstock is part of the western Urnäsch firn wreath.
fact_place_place_schlossstock_schlossstock_is_part_of_the_western_urnäsch_firn_wreath,Schlossstock is part of the western Urnäsch firn wreath.
fact_place_place_wissig_wissig_is_part_of_the_western_urnäsch_firn_wreath,Wissig is part of the western Urnäsch firn wreath.
fact_place_place_hohen_ronen_the_wooded_molasse_mountains_of_the_hohen_ronen_appear_before_the_western_urnäsch,The wooded molasse mountains of the Hohen Ronen appear before the western Urnäsch.
fact_place_place_gottschalkenberg_the_wooded_molasse_mountains_of_the_gottschalkenberg_appear_before_the_western_urnäsch,The wooded molasse mountains of the Gottschalkenberg appear before the western Urnäsch.
fact_place_place_sihlwald_canton_of_zurich_switzerland_the_sihlwald_is_located_on_the_albis_slope,The Sihlwald is located on the Albis slope.
fact_place_place_albis_canton_of_zurich_switzerland_the_sihlwald_is_located_on_the_albis_slope,The Sihlwald is located on the Albis slope.
fact_place_place_zimmerberg_canton_of_zurich_switzerland_the_low_moraine_ridge_of_the_zimmerberg_extends_up_towards_hütten_and_schindellegi,The low moraine ridge of the Zimmerberg extends up towards Hütten and Schindellegi.
fact_place_place_hütten_canton_of_zurich_switzerland_the_low_moraine_ridge_of_the_zimmerberg_extends_up_towards_hütten,The low moraine ridge of the Zimmerberg extends up towards Hütten.
fact_place_place_schindellegi_canton_of_zurich_switzerland_the_low_moraine_ridge_of_the_zimmerberg_extends_up_towards_schindellegi,The low moraine ridge of the Zimmerberg extends up towards Schindellegi.
fact_place_place_lake_zurich_canton_of_zurich_switzerland_sunlit_villages_are_speckled_lakewards,Sunlit villages are speckled lakewards.
fact_place_place_quaibrücke_zürich_switzerland_quaibrücke_is_located_downstream_of_the_old_town_toward_the_limmat,Quaibrücke is located downstream of the old town toward the Limmat.
fact_place_place_limmat_zürich_switzerland_the_quaibrücke_is_located_toward_the_limmat,The Quaibrücke is located toward the Limmat.
fact_place_place_zwingli_monument_zürich_switzerland_the_zwingli_monument_was_built_in_1885,The Zwingli monument was built in 1885.
fact_place_place_zwingli_monument_zürich_switzerland_it_is_a_high_bronze_statue_of_the_great_reformer,It is a high bronze statue of the great reformer.
fact_place_place_zwingli_monument_zürich_switzerland_it_is_framed_by_dark_groups_of_trees,It is framed by dark groups of trees.
fact_place_place_zwingli_monument_zürich_switzerland_it_is_located_in_front_of_the_old_wasserkirche,It is located in front of the old Wasserkirche.
fact_place_place_wasserkirche_zürich_switzerland_the_old_wasserkirche_now_houses_the_city_library,The old Wasserkirche now houses the city library.
fact_place_place_wasserkirche_zürich_switzerland_it_is_located_in_front_of_the_zwingli_monument,It is located in front of the Zwingli monument.
fact_place_place_helmhaus_zürich_switzerland_the_helmhaus_adjoins_to_the_north_of_the_wasserkirche,The Helmhaus adjoins to the north of the Wasserkirche.
fact_place_place_münsterbrücke_zürich_switzerland_from_the_münsterbrücke_offers_a_characteristic_city_view,From the Münsterbrücke offers a characteristic city view.
fact_place_place_grossmünster_zürich_switzerland_the_grossmünster_has_two_gothic_towers,The Grossmünster has two Gothic towers.
fact_place_place_grossmünster_zürich_switzerland_the_towers_formerly_ended_in_pointed_spires_and_are_now_crowned_with_wooden_domes,The towers formerly ended in pointed spires and are now crowned with wooden domes.
fact_place_place_grossmünster_zürich_switzerland_it_is_the_church_of_the_former_collegiate_chapter,It is the church of the former collegiate chapter.
fact_place_place_grossmünster_zürich_switzerland_it_was_the_place_of_zwingli_s_activity_from_1519_to_1531,It was the place of Zwingli’s activity from 1519 to 1531.
fact_place_place_grossmünster_zürich_switzerland_it_was_built_in_romanesque_style_in_1078_on_the_site_of_an_older_burnt_church,It was built in Romanesque style in 1078 on the site of an older burnt church.
fact_place_place_grossmünster_zürich_switzerland_on_the_southern_tower_there_is_a_stone_carving_of_emperor_charlemagne_with_a_sword_on_his_knees_and_a_golden_crown_on_his_head,"On the southern tower, there is a stone carving of Emperor Charlemagne with a sword on his knees and a golden crown on his head."
fact_place_place_cloister_upper_daughters_school_in_the_noteworthy_cloister_upper_daughters_school_stands_a_fountain_with_the_statue_of_emperor_charlemagne_in_sandstone,In the noteworthy cloister (upper daughters' school) stands a fountain with the statue of Emperor Charlemagne in sandstone.
fact_date_date_1885_1885_1885_the_zwingli_monument_was_built_in_1885,The Zwingli monument was built in 1885.
fact_date_date_1519_1531_1519_1531_zwingli_s_activity_at_the_grossmünster_took_place_from_1519_to_1531,Zwingli’s activity at the Grossmünster took place from 1519 to 1531.
fact_date_date_1078_1078_1078_the_grossmünster_was_built_in_romanesque_style_in_1078_on_the_site_of_an_older_burnt_church,The Grossmünster was built in Romanesque style in 1078 on the site of an older burnt church.
fact_place_place_limmatquai_zurich_switzerland_down_the_limmatquai_some_guild_houses_follow,"Down the Limmatquai, some guild houses follow."
fact_place_place_town_hall_zurich_switzerland_the_venerable_town_hall_is_built_over_the_limmat,The venerable town hall is built over the Limmat.
fact_place_place_town_hall_zurich_switzerland_it_is_the_third_building_on_this_site,It is the third building on this site.
fact_place_place_town_hall_zurich_switzerland_the_first_was_entirely_wooden,The first was entirely wooden.
fact_place_place_town_hall_zurich_switzerland_the_large_town_hall_was_wooden_until_1502,The large town hall was wooden until 1502.
fact_place_place_town_hall_zurich_switzerland_in_1504_it_received_glass_windows_previously_only_covered_with_cloth,"In 1504 it received glass windows, previously only covered with cloth."
fact_place_place_town_hall_zurich_switzerland_the_previous_building_was_demolished_in_1694,The previous building was demolished in 1694.
fact_place_place_town_hall_zurich_switzerland_today_s_building_is_in_noble_german_renaissance_style,Today's building is in noble German renaissance style.
fact_place_place_town_hall_zurich_switzerland_in_the_vestibule_is_a_bust_of_the_poet_and_zurich_state_scribe_gottfried_keller,In the vestibule is a bust of the poet and Zurich state scribe Gottfried Keller.
fact_place_place_town_hall_zurich_switzerland_on_the_upper_floor_is_the_cantonal_council_chamber_also_used_as_the_session_room_by_the_great_city_council,"On the upper floor is the cantonal council chamber, also used as the session room by the great city council."
fact_date_date_1400_1400_1400_the_large_town_hall_was_wooden_at_least_toward_the_small_left_bank_city_in_1400,The large town hall was wooden at least toward the small (left bank) city in 1400.
fact_date_date_1502_1502_1502_the_large_town_hall_was_wooden_until_1502,The large town hall was wooden until 1502.
fact_date_date_1504_1504_1504_in_1504_the_town_hall_received_glass_windows_previously_only_covered_with_cloth,"In 1504 the town hall received glass windows, previously only covered with cloth."
fact_date_date_1694_1694_1694_the_previous_town_hall_building_was_demolished_in_1694,The previous town hall building was demolished in 1694.
fact_place_place_zurich_switzerland_the_tribune_for_the_listeners_is_well_arranged,The tribune for the listeners is well arranged.
fact_place_place_zurich_switzerland_the_town_hall_is_located_in_zurich,The town hall is located in Zurich.
fact_place_place_zurich_switzerland_the_wide_gemüsebrücke_with_its_blue_shaded_market_stalls_leads_the_eye_across_to_the_green_hill_of_lindenhof,The wide Gemüsebrücke with its blue-shaded market stalls leads the eye across to the green hill of Lindenhof.
fact_place_place_zurich_switzerland_the_green_hill_of_lindenhof_has_the_freemason_lodge_and_the_tower_of_st_peter_s_church_with_mighty_clock_faces,The green hill of Lindenhof has the Freemason lodge and the tower of St. Peter's Church with mighty clock faces.
fact_place_place_zurich_switzerland_until_about_the_mid_16th_century_the_clock_faces_of_st_peter_s_church_were_the_only_public_clock_in_zurich,"Until about the mid-16th century, the clock faces of St. Peter's Church were the only public clock in Zurich."
fact_place_place_zurich_switzerland_the_narrow_windowed_narrow_and_tall_houses_of_the_schipfe_are_in_zurich,"The narrow-windowed, narrow and tall houses of the Schipfe are in Zurich."
fact_place_place_zurich_switzerland_the_wühre_has_the_richly_baroque_built_guild_house_zur_meise_representing_bourgeois_nobility_in_sandstone_with_a_wrought_iron_courtyard_gate,"The Wühre has the richly Baroque-built guild house “zur Meise,” representing bourgeois nobility in sandstone with a wrought-iron courtyard gate."
fact_place_place_zurich_switzerland_on_the_left_bank_is_the_slenderly_turreted_fraumünster_church_founded_by_ludwig_the_german_in_853,"On the left bank is the slenderly turreted Fraumünster church, founded by Ludwig the German in 853."
fact_place_place_zurich_switzerland_hans_waldmann_s_tomb_is_in_the_fraumünster_church,Hans Waldmann's tomb is in the Fraumünster church.
fact_place_place_zurich_switzerland_the_old_cloister_architect_was_gull,The old cloister architect was Gull.
fact_place_place_zurich_switzerland_the_friendly_town_hall_is_attached_to_the_fraumünster_church_and_connected_with_the_old_cloister,The friendly town hall is attached to the Fraumünster church and connected with the old cloister.
fact_place_place_zurich_switzerland_the_friendly_town_hall_is_the_central_office_of_municipal_administration,The friendly town hall is the central office of municipal administration.
fact_place_place_zurich_switzerland_the_federal_post_office_is_attached_to_the_fraumünster_church,The federal post office is attached to the Fraumünster church.
fact_place_place_zurich_switzerland_all_these_buildings_are_constructed_from_molasse_sandstone_from_the_bäch_and_bollingen_quarries,All these buildings are constructed from molasse sandstone from the Bäch and Bollingen quarries.
fact_place_place_zurich_switzerland_the_molasse_sandstone_has_a_dark_weathering_color_giving_the_cityscape_a_slightly_melancholic_touch,The molasse sandstone has a dark weathering color giving the cityscape a slightly melancholic touch.
fact_place_place_zurich_switzerland_the_new_prediger_tower_towers_above_the_narrower_cityscape,The new Prediger tower towers above the narrower cityscape.
fact_place_place_zurich_switzerland_the_simple_basilica_of_the_roman_catholic_liebfrauenkirche_has_a_bluntly_squared_campanile_of_dazzling_white_tuff_limestone,The simple basilica of the Roman Catholic Liebfrauenkirche has a bluntly squared campanile of dazzling white tuff limestone.
fact_place_place_zurich_switzerland_the_limmat_river_is_framed_by_industrial_buildings_on_piles_of_the_two_mill_piers,The Limmat river is framed by industrial buildings on piles of the two mill piers.
fact_place_place_zurich_switzerland_the_urania_tower_has_a_cupola_extending_into_a_round_gallery_housing_the_public_observatory_tower,The Urania tower has a cupola extending into a round gallery housing the public observatory tower.
fact_date_date_1846_1846_1846_meyer_von_knonau_wrote_about_the_tribune_for_the_listeners_in_1846,Meyer von Knonau wrote about the tribune for the listeners in 1846.
fact_date_date_853_853_853_the_fraumünster_church_was_founded_by_ludwig_the_german_in_853,The Fraumünster church was founded by Ludwig the German in 853.
fact_date_date_mid_16th_century_1550_1560_until_about_the_mid_16th_century_the_clock_faces_of_st_peter_s_church_were_the_only_public_clock_in_zurich,"Until about the mid-16th century, the clock faces of St. Peter's Church were the only public clock in Zurich."
fact_place_place_münsterbrücke_zurich_switzerland_the_münsterbrücke_was_inaugurated_in_1838,The Münsterbrücke was inaugurated in 1838.
fact_place_place_münsterbrücke_zurich_switzerland_it_spans_the_river_with_four_gently_arched_arches,It spans the river with four gently arched arches.
fact_place_place_münsterbrücke_zurich_switzerland_the_vaults_and_cladding_are_made_of_black_marble_from_the_wallenstadtsee_quarries,The vaults and cladding are made of black marble from the Wallenstadtsee quarries.
fact_place_place_münsterbrücke_zurich_switzerland_the_main_cornice_is_made_from_white_bleached_gotthard_granite_taken_near_mellingen_from_massive_erratic_blocks,The main cornice is made from white-bleached Gotthard granite taken near Mellingen from massive erratic blocks.
fact_place_place_münsterbrücke_zurich_switzerland_the_building_was_commissioned_by_zurich_merchants_under_the_direction_of_engineer_negrelli,The building was commissioned by Zurich merchants under the direction of engineer Negrelli.
fact_place_place_münsterbrücke_zurich_switzerland_it_was_constructed_by_konrad_stadler_and_two_other_zurich_architects,It was constructed by Konrad Stadler and two other Zurich architects.
fact_place_place_walenstadt_st_gallen_switzerland_black_marble_used_for_the_vaults_and_cladding_of_the_münsterbrücke_comes_from_the_wallenstadtsee_quarries,Black marble used for the vaults and cladding of the Münsterbrücke comes from the Wallenstadtsee quarries.
fact_place_place_gotthard_pass_switzerland_the_main_cornice_of_the_münsterbrücke_is_made_from_white_bleached_gotthard_granite,The main cornice of the Münsterbrücke is made from white-bleached Gotthard granite.
fact_place_place_mellingen_aargau_switzerland_the_gotthard_granite_used_for_the_main_cornice_was_taken_near_mellingen_from_massive_erratic_blocks,The Gotthard granite used for the main cornice was taken near Mellingen from massive erratic blocks.
fact_place_place_zurich_switzerland_the_münsterbrücke_was_commissioned_by_zurich_merchants,The Münsterbrücke was commissioned by Zurich merchants.
fact_place_place_zurich_switzerland_the_building_was_constructed_by_konrad_stadler_and_two_other_zurich_architects,The building was constructed by Konrad Stadler and two other Zurich architects.
fact_place_place_zurich_switzerland_engineer_negrelli_directed_the_construction_of_the_münsterbrücke,Engineer Negrelli directed the construction of the Münsterbrücke.
fact_date_date_1838_1838_1838_the_münsterbrücke_was_inaugurated_in_1838,The Münsterbrücke was inaugurated in 1838.
fact_place_place_quay_the_quay_is_followed_past_the_cheerful_swan_colony_and_under_the_arches_to_the_town_hall,The quay is followed past the cheerful swan colony and 'under the arches' to the town hall.
fact_place_place_town_hall_zurich_switzerland_the_town_hall_is_reached_by_following_the_quay_past_the_swan_colony_and_under_the_arches,The town hall is reached by following the quay past the swan colony and 'under the arches'.
fact_place_place_fleischhalle_zurich_switzerland_the_fleischhalle_is_opposite_the_climb_up_the_marktgasse,The Fleischhalle is opposite the climb up the Marktgasse.
fact_place_place_gemüsebrücke_zurich_switzerland_the_gemüsebrücke_is_opposite_the_climb_up_the_marktgasse,The Gemüsebrücke is opposite the climb up the Marktgasse.
fact_place_place_marktgasse_zurich_switzerland_the_marktgasse_is_a_narrow_passage_that_once_was_the_main_traffic_channel_through_zurich,The Marktgasse is a narrow passage that once was the main traffic channel through Zurich.
fact_place_place_guild_house_zur_schmieden_zurich_switzerland_the_tall_guild_house_zur_schmieden_is_passed_when_turning_left_past_the_marktgasse,The tall guild house zur Schmieden is passed when turning left past the Marktgasse.
fact_place_place_rindermarkt_zurich_switzerland_the_rindermarkt_is_passed_when_turning_left_past_the_marktgasse,The Rindermarkt is passed when turning left past the Marktgasse.
fact_place_place_stüssihofstatt_zurich_switzerland_stüssihofstatt_looks_medieval_with_narrow_angular_alleys_and_sloping_squares,"Stüssihofstatt looks medieval with narrow, angular alleys and sloping squares."
fact_place_place_stüssihofstatt_zurich_switzerland_knight_stüssi_gravely_surveys_the_narrow_area_from_the_fountain_at_stüssihofstatt,Knight Stüssi gravely surveys the narrow area from the fountain at Stüssihofstatt.
fact_place_place_niederdorf_zurich_switzerland_the_niederdorf_is_a_bustling_area_with_shady_side_alleys,The Niederdorf is a bustling area with shady side alleys.
fact_place_place_leonhardplatz_zurich_switzerland_leonhardplatz_is_reached_through_the_niederdorf,Leonhardplatz is reached through the Niederdorf.
fact_place_place_bahnhofbrücke_zurich_switzerland_the_bahnhofbrücke_has_heavy_traffic_with_several_tram_lines_converging,The Bahnhofbrücke has heavy traffic with several tram lines converging.
fact_place_place_bahnhofbrücke_zurich_switzerland_the_bridge_can_hardly_handle_the_flow_of_vehicles_and_pedestrians_at_times,The bridge can hardly handle the flow of vehicles and pedestrians at times.
fact_place_place_limmat_the_limmat_forms_one_angle_where_the_main_station_is_located,The Limmat forms one angle where the main station is located.
fact_place_place_sihl_the_sihl_forms_one_angle_where_the_main_station_is_located,The Sihl forms one angle where the main station is located.
fact_place_place_zurich_hauptbahnhof_zurich_switzerland_zurich_station_was_built_as_a_terminal_station,Zurich station was built as a terminal station.
fact_place_place_zurich_hauptbahnhof_zurich_switzerland_zurich_station_was_a_complex_of_the_former_northeastern_railway_company,Zurich station was a complex of the former Northeastern Railway Company.
fact_place_place_zurich_hauptbahnhof_zurich_switzerland_the_station_has_allegorical_figures_above_the_middle_building_representing_art_science_commerce_and_industry,"The station has allegorical figures above the middle building representing art, science, commerce, and industry."
fact_place_place_zurich_hauptbahnhof_zurich_switzerland_the_spacious_passenger_hall_was_long_counted_as_one_of_the_largest_and_most_beautiful_in_the_world,The spacious passenger hall was long counted as one of the largest and most beautiful in the world.
fact_place_place_zurich_hauptbahnhof_zurich_switzerland_the_sumptuous_waiting_rooms_were_especially_highlighted_by_travel_guides,The sumptuous waiting rooms were especially highlighted by travel guides.
fact_place_place_zurich_hauptbahnhof_zurich_switzerland_today_zurich_station_is_architecturally_surpassed_but_impresses_with_tight_order_and_cleanliness_especially_on_busy_holidays,"Today, Zurich station is architecturally surpassed but impresses with tight order and cleanliness, especially on busy holidays."
fact_place_place_zurich_switzerland_zurich_is_mentioned_in_the_context_of_bahnhofplatz_towards_the_polytechnic,Zurich is mentioned in the context of Bahnhofplatz towards the Polytechnic.
fact_place_place_plaza_promenade_behind_the_station_the_swiss_national_museum_stands_in_the_plaza_promenade_behind_the_station_in_zurich,The Swiss National Museum stands in the plaza promenade behind the station in Zurich.
fact_place_place_zurich_switzerland_the_swiss_national_museum_was_built_by_the_city_of_zurich,The Swiss National Museum was built by the city of Zurich.
fact_date_date_1892_98_1892_1898_the_swiss_national_museum_was_built_from_1892_to_1898,The Swiss National Museum was built from 1892 to 1898.
fact_place_place_fraumünster_zurich_switzerland_there_are_three_gothic_rooms_from_fraumünster_abbey_zurich_dating_from_1489_and_1507,There are three Gothic rooms from Fraumünster Abbey Zurich dating from 1489 and 1507.
fact_place_place_swiss_national_museum_zurich_switzerland_the_national_museum_was_founded_in_1891_by_the_confederation,The National Museum was founded in 1891 by the Confederation.
fact_place_place_swiss_national_museum_zurich_switzerland_the_national_museum_was_solemnly_inaugurated_on_june_25_1898,"The National Museum was solemnly inaugurated on June 25, 1898."
fact_place_place_confluence_of_limmat_and_sihl_zurich_switzerland_the_lovely_layouts_are_located_before_the_confluence_of_the_limmat_and_sihl,The lovely layouts are located before the confluence of the Limmat and Sihl.
fact_date_date_1489_1489_1489_three_gothic_rooms_from_fraumünster_abbey_zurich_date_from_1489,Three Gothic rooms from Fraumünster Abbey Zurich date from 1489.
fact_date_date_1507_1507_1507_three_gothic_rooms_from_fraumünster_abbey_zurich_date_from_1507,Three Gothic rooms from Fraumünster Abbey Zurich date from 1507.
fact_date_date_1891_1891_1891_the_national_museum_was_founded_in_1891_by_the_confederation,The National Museum was founded in 1891 by the Confederation.
fact_date_date_june_25_1898_1898_1898_the_national_museum_was_solemnly_inaugurated_on_june_25_1898,"The National Museum was solemnly inaugurated on June 25, 1898."
fact_place_place_station_in_front_of_the_station_is_a_large_monumental_fountain_of_red_granite_with_the_statue_of_alfred_escher_by_richard_kisling,In front of the station is a large monumental fountain of red granite with the statue of Alfred Escher by Richard Kisling.
fact_place_place_bahnhofstrasse_zurich_switzerland_bahnhofstrasse_is_a_lime_tree_avenue_that_bends_left_twice_towards_paradeplatz_and_the_lake,Bahnhofstrasse is a lime tree avenue that bends left twice towards Paradeplatz and the lake.
fact_place_place_bahnhofstrasse_zurich_switzerland_bahnhofstrasse_begins_with_beautiful_hotel_buildings_in_french_architecture_at_the_station,Bahnhofstrasse begins with beautiful hotel buildings in French architecture at the station.
fact_place_place_bahnhofstrasse_zurich_switzerland_bahnhofstrasse_has_large_scale_modern_shops_and_department_stores,Bahnhofstrasse has large-scale modern shops and department stores.
fact_place_place_bahnhofstrasse_zurich_switzerland_bahnhofstrasse_has_large_blocks_including_the_central_and_kappelerhof_and_the_stock_exchange_built_by_the_zurich_trade_society_from_1877_to_1880,Bahnhofstrasse has large blocks including the central and Kappelerhof and the stock exchange built by the Zurich trade society from 1877 to 1880.
fact_place_place_bahnhofstrasse_zurich_switzerland_bahnhofstrasse_hosts_buildings_of_large_banking_institutions_such_as_swiss_bank_association_swiss_credit_institution_bank_leu_zurich_cantonal_bank_th,"Bahnhofstrasse hosts buildings of large banking institutions such as Swiss Bank Association, Swiss Credit Institution, Bank Leu, Zurich Cantonal Bank, the federal bank, and Swiss People's Bank."
fact_place_place_right_bank_zurich_switzerland_the_right_bank_has_narrow_high_gabled_alleys_contrasting_with_bahnhofstrasse,"The right bank has narrow, high-gabled alleys contrasting with Bahnhofstrasse."
fact_place_place_oetenbach_zurich_switzerland_oetenbach_was_formerly_prison_buildings_built_from_the_remains_of_the_old_oetenbach_monastery_now_demolished_and_artificially_cut_through_at_uraniastrasse,"Oetenbach was formerly prison buildings built from the remains of the old Oetenbach monastery, now demolished and artificially cut through at Uraniastrasse."
fact_place_place_rennweg_zurich_switzerland_bahnhofstrasse_skirts_the_rennweg_area,Bahnhofstrasse skirts the Rennweg area.
fact_place_place_lindenhof_zurich_switzerland_bahnhofstrasse_skirts_the_lindenhof_area,Bahnhofstrasse skirts the Lindenhof area.
fact_place_place_strohhof_zurich_switzerland_bahnhofstrasse_skirts_the_strohhof_area,Bahnhofstrasse skirts the Strohhof area.
fact_place_place_st_anna_zurich_switzerland_st_anna_is_an_isolated_glacial_debris_hill_on_the_right_of_bahnhofstrasse,St. Anna is an isolated glacial debris hill on the right of Bahnhofstrasse.
fact_place_place_katz_botanical_garden_zurich_switzerland_katz_is_an_isolated_glacial_debris_hill_with_a_botanical_garden_on_the_right_of_bahnhofstrasse,Katz is an isolated glacial debris hill with a botanical garden on the right of Bahnhofstrasse.
fact_place_place_paradeplatz_zurich_switzerland_paradeplatz_is_a_destination_point_of_bahnhofstrasse_s_bends,Paradeplatz is a destination point of Bahnhofstrasse's bends.
fact_place_place_paradeplatz_zurich_switzerland_paradeplatz_hosts_buildings_of_the_swiss_bank_association_and_swiss_credit_institution,Paradeplatz hosts buildings of the Swiss Bank Association and Swiss Credit Institution.
fact_place_place_linth_escher_school_zurich_switzerland_the_linth_escher_school_is_located_in_a_pretty_park_setting_along_bahnhofstrasse,The Linth Escher school is located in a pretty park setting along Bahnhofstrasse.
fact_place_place_pestalozzi_memorial_zurich_switzerland_the_pestalozzi_memorial_is_located_in_front_of_the_linth_escher_school_along_bahnhofstrasse,The Pestalozzi memorial is located in front of the Linth Escher school along Bahnhofstrasse.
fact_place_place_central_and_kappelerhof_the_central_and_kappelerhof_are_large_blocks_at_the_top_of_bahnhofstrasse,The central and Kappelerhof are large blocks at the top of Bahnhofstrasse.
fact_place_place_zurich_stock_exchange_zurich_switzerland_the_stock_exchange_was_built_by_the_zurich_trade_society_from_1877_to_1880,The stock exchange was built by the Zurich trade society from 1877 to 1880.
fact_place_place_swiss_bankers_association_zurich_switzerland_the_swiss_bank_association_building_on_bahnhofstrasse_has_a_colossal_statue_symbolizing_trade_by_richard_kisling,The Swiss Bank Association building on Bahnhofstrasse has a colossal statue symbolizing trade by Richard Kisling.
fact_place_place_swiss_credit_institution_the_swiss_credit_institution_is_located_at_paradeplatz_on_bahnhofstrasse,The Swiss Credit Institution is located at Paradeplatz on Bahnhofstrasse.
fact_place_place_bank_leu_zurich_switzerland_bank_leu_is_located_on_bahnhofstrasse,Bank Leu is located on Bahnhofstrasse.
fact_place_place_zurich_cantonal_bank_zurich_switzerland_zurich_cantonal_bank_is_located_on_bahnhofstrasse,Zurich Cantonal Bank is located on Bahnhofstrasse.
fact_place_place_federal_bank_the_federal_bank_is_located_on_bahnhofstrasse,The federal bank is located on Bahnhofstrasse.
fact_place_place_swiss_people_s_bank_swiss_people_s_bank_is_located_on_bahnhofstrasse,Swiss People's Bank is located on Bahnhofstrasse.
fact_place_place_augustinergasse_zurich_switzerland_augustinergasse_is_an_old_angular_street_with_cozy_oriels,"Augustinergasse is an old, angular street with cozy oriels."
fact_date_date_1889_1889_1889_the_statue_of_alfred_escher_by_richard_kisling_was_erected_in_place_of_a_tall_fountain_in_1889,The statue of Alfred Escher by Richard Kisling was erected in place of a tall fountain in 1889.
fact_date_date_1877_80_1877_1880_the_stock_exchange_was_built_by_the_zurich_trade_society_from_1877_to_1880,The stock exchange was built by the Zurich trade society from 1877 to 1880.
fact_place_place_alpenquai_zurich_switzerland_the_alpenquai_is_a_lakeside_promenade_in_zurich,The Alpenquai is a lakeside promenade in Zurich.
fact_place_place_alpenquai_zurich_switzerland_the_alpenquai_passes_through_splendid_parklands,The Alpenquai passes through splendid parklands.
fact_place_place_linth_glacier_switzerland_erratic_blocks_of_the_old_linth_glacier_are_found_in_the_parklands,Erratic blocks of the old Linth glacier are found in the parklands.
fact_place_place_walensee_switzerland_red_fieldstones_from_the_walensee_area_are_present_in_the_parklands,Red fieldstones from the Walensee area are present in the parklands.
fact_place_place_speer_switzerland_speer_nail_conglomerate_is_found_in_the_parklands,Speer nail conglomerate is found in the parklands.
fact_place_place_glärnisch_switzerland_chalk_and_jurassic_limestones_from_glärnisch_alternate_in_colorful_order_in_the_parklands,Chalk and Jurassic limestones from Glärnisch alternate in colorful order in the parklands.
fact_date_date_1881_1881_1881_the_decision_to_create_the_parklands_along_the_alpenquai_was_made_in_1881,The decision to create the parklands along the Alpenquai was made in 1881.
fact_date_date_1887_1887_1887_the_parklands_along_the_alpenquai_were_inaugurated_in_1887,The parklands along the Alpenquai were inaugurated in 1887.
fact_place_place_quay_the_quay_is_essentially_the_work_of_quay_engineer_a_bürkli,The quay is essentially the work of quay engineer A. Bürkli.
fact_place_place_quay_a_tasteful_monument_has_been_erected_for_a_bürkli,A tasteful monument has been erected for A. Bürkli.
fact_place_place_zurich_switzerland_the_city_is_indebted_to_geologist_albert_heim_for_preserving_the_natural_moraine_character_of_the_city_topography,The city is indebted to geologist Albert Heim for preserving the natural moraine character of the city topography.
fact_place_place_zurich_switzerland_the_city_topography_is_an_artificial_landscape_with_preserved_natural_moraine_character,The city topography is an artificial landscape with preserved natural moraine character.
fact_place_place_tonhalle_zurich_switzerland_the_new_tonhalle_forms_a_pretty_background,The new Tonhalle forms a pretty background.
fact_place_place_tonhalle_zurich_switzerland_the_zurich_trocadero_was_built_by_viennese_architects_fellner_and_helmer_in_1895,The Zurich Trocadero was built by Viennese architects Fellner and Helmer in 1895.
fact_place_place_zurich_trocadero_zurich_switzerland_the_zurich_trocadero_was_built_by_viennese_architects_fellner_and_helmer_in_1895,The Zurich Trocadero was built by Viennese architects Fellner and Helmer in 1895.
fact_place_place_red_castle_the_red_castle_is_also_known_as_palais_henneberg_and_has_a_marble_frieze,The “Red Castle” is also known as Palais Henneberg and has a marble frieze.
fact_place_place_white_castle_the_white_castle_is_made_of_savonnières_limestone,The “White Castle” is made of Savonnières limestone.
fact_place_place_building_of_the_swiss_pension_institution_the_building_of_the_swiss_pension_institution_is_made_of_colorful_limestone,The building of the Swiss pension institution is made of colorful limestone.
fact_place_place_belvoirpark_zurich_switzerland_belvoirpark_was_once_the_property_of_zurich_statesman_alfred_escher,Belvoirpark was once the property of Zurich statesman Alfred Escher.
fact_place_place_belvoirpark_zurich_switzerland_belvoirpark_makes_the_end_of_the_described_area,Belvoirpark makes the end of the described area.
fact_place_place_zurich_switzerland_alfred_escher_was_a_zurich_statesman_and_champion_of_the_gotthard_railway,Alfred Escher was a Zurich statesman and champion of the Gotthard railway.
fact_date_date_1895_1895_1895_the_zurich_trocadero_was_built_in_1895_by_viennese_architects_fellner_and_helmer,The Zurich Trocadero was built in 1895 by Viennese architects Fellner and Helmer.
fact_place_place_belvoirpark_zurich_switzerland_from_belvoirpark_we_ascend_over_the_gabler_to_bürgli,"From Belvoirpark, we ascend over the Gabler to Bürgli."
fact_place_place_gabler_from_belvoirpark_we_ascend_over_the_gabler_to_bürgli,"From Belvoirpark, we ascend over the Gabler to Bürgli."
fact_place_place_bürgli_from_belvoirpark_we_ascend_over_the_gabler_to_bürgli,"From Belvoirpark, we ascend over the Gabler to Bürgli."
fact_place_place_enge_zurich_switzerland_there_is_a_picturesque_church_of_enge,There is a picturesque church of Enge.
fact_place_place_zurich_switzerland_there_is_a_lovely_view_over_city_and_lake_from_the_church_of_enge,There is a lovely view over city and lake from the church of Enge.
fact_place_place_lake_there_is_a_lovely_view_over_city_and_lake_from_the_church_of_enge,There is a lovely view over city and lake from the church of Enge.
fact_place_place_enge_zurich_switzerland_there_is_a_nearby_expensive_noble_villa_quarter_of_enge,There is a nearby expensive noble villa quarter of Enge.
fact_place_place_outer_moraine_parallel_ridge_beyond_waffenplatzstrasse_we_cross_the_outer_moraine_parallel_ridge_beyond_waffenplatzstrasse_to_the_sihl,We cross the outer moraine parallel ridge beyond Waffenplatzstrasse to the Sihl.
fact_place_place_waffenplatzstrasse_we_cross_the_outer_moraine_parallel_ridge_beyond_waffenplatzstrasse_to_the_sihl,We cross the outer moraine parallel ridge beyond Waffenplatzstrasse to the Sihl.
fact_place_place_sihl_zurich_switzerland_we_cross_the_outer_moraine_parallel_ridge_beyond_waffenplatzstrasse_to_the_sihl,We cross the outer moraine parallel ridge beyond Waffenplatzstrasse to the Sihl.
fact_place_place_sihl_zurich_switzerland_the_sihl_can_often_be_crossed_almost_dry_footed_but_sometimes_it_rolls_meter_deep_murky_waves,"The Sihl can often be crossed almost dry-footed, but sometimes it rolls meter-deep murky waves."
fact_place_place_zimmerberg_zurich_switzerland_the_sihl_rolls_meter_deep_murky_waves_between_zimmerberg_and_albiskette_over_the_commons_of_the_city,The Sihl rolls meter-deep murky waves between Zimmerberg and Albiskette over the commons of the city.
fact_place_place_albiskette_zurich_switzerland_the_sihl_rolls_meter_deep_murky_waves_between_zimmerberg_and_albiskette_over_the_commons_of_the_city,The Sihl rolls meter-deep murky waves between Zimmerberg and Albiskette over the commons of the city.
fact_place_place_commons_the_federal_weapons_place_of_the_city_the_sihl_rolls_meter_deep_murky_waves_over_the_commons_the_federal_weapons_place_of_the_city,The Sihl rolls meter-deep murky waves over the commons (the federal weapons place) of the city.
fact_place_place_limmat_zurich_switzerland_the_original_bed_of_the_sihl_is_the_present_day_limmat,The original bed of the Sihl is the present-day Limmat.
fact_place_place_utoquai_bridge_zurich_switzerland_at_the_uto_bridge_the_path_branches_off_to_the_uetliberg,"At the Uto bridge, the path branches off to the Uetliberg."
fact_place_place_uetliberg_zurich_switzerland_at_the_uto_bridge_the_path_branches_off_to_the_uetliberg,"At the Uto bridge, the path branches off to the Uetliberg."
fact_place_place_albisgütli_zurich_switzerland_the_path_goes_past_the_albisgütli_shooting_house,The path goes past the Albisgütli shooting house.
fact_place_place_theresienwiese_munich_germany_theresienwiese_is_known_for_the_munich_oktoberfest,Theresienwiese is known for the Munich Oktoberfest.
fact_place_place_old_albisgütli_in_old_albisgütli_there_used_to_be_donkeys_and_horses_with_guides_ready_for_visitors_of_the_mountain_before_the_uetliberg_railway_was_built,In old Albisgütli there used to be 'donkeys and horses with guides' ready for visitors of the mountain before the Uetliberg railway was built.
fact_place_place_uetliberg_zurich_switzerland_the_uetliberg_railway_was_built_to_access_the_mountain,The Uetliberg railway was built to access the mountain.
fact_place_place_uetliberg_railway_the_uetliberg_railway_was_built_after_the_time_when_donkeys_and_horses_with_guides_were_used_for_visitors,The Uetliberg railway was built after the time when donkeys and horses with guides were used for visitors.
fact_place_place_large_brick_and_brickworks_several_large_brick_and_brickworks_mark_the_outskirts_of_the_industrial_city_district_at_the_foot_of_the_uetliberg,Several large brick and brickworks mark the outskirts of the industrial city district at the foot of the Uetliberg.
fact_place_place_large_clay_pits_large_clay_pits_are_located_at_the_foot_of_the_uetliberg_near_the_industrial_city_district,Large clay pits are located at the foot of the Uetliberg near the industrial city district.
fact_place_place_industrial_district_zurich_switzerland_the_industrial_city_district_is_located_at_the_foot_of_the_uetliberg_and_is_marked_by_brickworks_and_clay_pits,The industrial city district is located at the foot of the Uetliberg and is marked by brickworks and clay pits.
fact_place_place_sihl_river_zurich_switzerland_the_sihl_river_flows_downstream_in_the_described_area,The Sihl river flows downstream in the described area.
fact_place_place_sihl_canal_zurich_switzerland_the_sihl_canal_runs_alongside_the_sihl_river_in_the_area,The Sihl canal runs alongside the Sihl river in the area.
fact_place_place_sihlhölzli_zurich_switzerland_sihlhölzli_is_located_between_the_sihl_and_the_sihl_canal,Sihlhölzli is located between the Sihl and the Sihl canal.
fact_place_place_sihlhölzli_zurich_switzerland_it_was_formerly_a_shooting_ground,It was formerly a shooting ground.
fact_place_place_sihlhölzli_zurich_switzerland_it_is_now_a_playground_and_ice_skating_rink,It is now a playground and ice skating rink.
fact_place_place_bühl_schools_the_bühl_schools_are_located_on_a_moraine_hill_above_the_left_side_of_the_sihl,The Bühl schools are located on a moraine hill above the left side of the Sihl.
fact_place_place_wiedikon_zurich_switzerland_the_new_church_of_wiedikon_dominates_on_a_moraine_hill_above_the_left_side_of_the_sihl,The new church of Wiedikon dominates on a moraine hill above the left side of the Sihl.
fact_place_place_wiedikon_zurich_switzerland_wiedikon_is_a_district_lying_to_the_left_of_the_sihl,Wiedikon is a district lying to the left of the Sihl.
fact_place_place_wiedikon_zurich_switzerland_it_features_rectangular_barrack_like_blocks,It features rectangular barrack-like blocks.
fact_place_place_wiedikon_zurich_switzerland_it_has_some_old_fashioned_low_cozy_houses_from_village_times,"It has some old-fashioned low, cozy houses from village times."
fact_place_place_wiedikon_zurich_switzerland_overall_it_has_cramped_tenement_houses_that_are_smoky_weathered_and_tasteless,"Overall, it has cramped tenement houses that are smoky, weathered, and tasteless."
fact_place_place_aussersihl_zurich_switzerland_aussersihl_is_a_district_lying_to_the_left_of_the_sihl,Aussersihl is a district lying to the left of the Sihl.
fact_place_place_aussersihl_zurich_switzerland_it_features_rectangular_barrack_like_blocks,It features rectangular barrack-like blocks.
fact_place_place_aussersihl_zurich_switzerland_it_has_some_old_fashioned_low_cozy_houses_from_village_times,"It has some old-fashioned low, cozy houses from village times."
fact_place_place_aussersihl_zurich_switzerland_overall_it_has_cramped_tenement_houses_that_are_smoky_weathered_and_tasteless,"Overall, it has cramped tenement houses that are smoky, weathered, and tasteless."
fact_place_place_left_bank_lake_railway_the_left_bank_lake_railway_reaches_the_main_station_in_a_wide_arc_west_of_aussersihl,The left-bank lake railway reaches the main station in a wide arc west of Aussersihl.
fact_place_place_zurich_main_station_zurich_switzerland_the_left_bank_lake_railway_reaches_the_main_station_in_a_wide_arc_west_of_aussersihl,The left-bank lake railway reaches the main station in a wide arc west of Aussersihl.
fact_place_place_aussersihl_zurich_switzerland_the_left_bank_lake_railway_reaches_the_main_station_in_a_wide_arc_west_of_aussersihl,The left-bank lake railway reaches the main station in a wide arc west of Aussersihl.
fact_place_place_stauffacher_bridge_zurich_switzerland_the_route_visits_stauffacher_bridge,The route visits Stauffacher bridge.
fact_place_place_sihl_bridge_zurich_switzerland_the_route_visits_sihl_bridge,The route visits Sihl bridge.
fact_place_place_badenerstrasse_zurich_switzerland_the_route_gradually_retreats_via_the_busy_badenerstrasse,The route gradually retreats via the busy Badenerstrasse.
fact_place_place_st_jakob_church_zurich_switzerland_st_jakob_s_church_has_1400_seats_and_a_large_singers_podium,St. Jakob's church has 1400 seats and a large singers' podium.
fact_place_place_st_jakob_church_zurich_switzerland_st_jakob_s_church_was_built_in_1901,St. Jakob's church was built in 1901.
fact_place_place_barracks_area_with_arsenal_the_barracks_area_with_arsenal_is_on_the_right_when_leaving_st_jakob_s_church_towards_langstrasse,The barracks area with arsenal is on the right when leaving St. Jakob's church towards Langstrasse.
fact_place_place_langstrasse_zurich_switzerland_the_route_leads_towards_langstrasse,The route leads towards Langstrasse.
fact_place_place_zurichberg_zurich_switzerland_on_sundays_excursionists_head_for_the_zurichberg,"On Sundays, excursionists head for the Zurichberg."
fact_place_place_uetliberg_zurich_switzerland_on_sundays_excursionists_head_for_the_uetliberg,"On Sundays, excursionists head for the Uetliberg."
fact_date_date_1901_1901_1901_st_jakob_s_church_was_built_in_1901,St. Jakob's church was built in 1901.
fact_place_place_zurich_switzerland_zurich_is_mentioned_in_the_quay_grounds,Zurich is mentioned in the quay grounds.
fact_place_place_zurich_switzerland_the_street_is_one_of_the_longest_in_greater_zurich,The street is one of the longest in greater Zurich.
fact_place_place_zurich_hauptbahnhof_zurich_switzerland_the_street_passes_under_the_combined_approach_lines_of_the_main_station,The street passes under the combined approach lines of the main station.
fact_place_place_limmatplatz_zurich_switzerland_the_street_leads_over_to_limmatplatz_in_the_industrial_district_north_of_the_railway,The street leads over to Limmatplatz in the industrial district north of the railway.
fact_place_place_industrial_district_north_of_the_railway_limmatplatz_is_in_the_industrial_district_north_of_the_railway,Limmatplatz is in the industrial district north of the railway.
fact_place_place_st_john_s_church_nearby_stand_st_john_s_church,Nearby stand St. John’s church.
fact_place_place_oerlikon_zurich_switzerland_trains_from_oerlikon_rattle_down_the_far_reaching_curve_to_the_lower_station_level,Trains from Oerlikon rattle down the far-reaching curve to the lower station level.
fact_place_place_right_lake_shore_trains_from_the_right_lake_shore_from_the_lettentunnel_at_stadelhofen_rattle_down_the_far_reaching_curve_to_the_lower_station_level,Trains from the right lake shore (from the Lettentunnel at Stadelhofen) rattle down the far-reaching curve to the lower station level.
fact_place_place_lettentunnel_at_stadelhofen_trains_come_from_the_lettentunnel_at_stadelhofen,Trains come from the Lettentunnel at Stadelhofen.
fact_place_place_sihlquai_zurich_switzerland_the_industrial_railway_a_goods_line_extending_almost_to_the_main_station_ends_at_the_left_sihl_bank_sihlquai,"The industrial railway, a goods line extending almost to the main station, ends at the left Sihl bank (Sihlquai)."
fact_place_place_sihlquai_zurich_switzerland_the_municipal_filter_plants_for_drinking_water_are_located_on_the_sihlquai,The municipal filter plants for drinking water are located on the Sihlquai.
fact_place_place_escher_wyss_co_escher_wyss_co_is_a_renowned_machine_factory_located_along_the_left_sihl_bank,Escher-Wyss & Co. is a renowned machine factory located along the left Sihl bank.
fact_place_place_steinfels_soap_factory_the_steinfels_soap_factory_is_located_along_the_left_sihl_bank,The Steinfels soap factory is located along the left Sihl bank.
fact_place_place_joint_stock_brewery_the_joint_stock_brewery_is_located_along_the_left_sihl_bank,The joint-stock brewery is located along the left Sihl bank.
fact_place_place_city_mill_the_city_mill_is_located_along_the_left_sihl_bank,The city mill is located along the left Sihl bank.
fact_place_place_limmat_zurich_switzerland_pumping_and_power_plants_near_letten_station_are_located_further_downstream_across_the_limmat,Pumping and power plants near Letten station are located further downstream across the Limmat.
fact_place_place_letten_station_zurich_switzerland_pumping_and_power_plants_near_letten_station_are_located_further_downstream_across_the_limmat,Pumping and power plants near Letten station are located further downstream across the Limmat.
fact_place_place_former_gasworks_the_former_gasworks_are_now_arranged_for_troop_accommodation_cavalry_in_case_of_mobilization,The former gasworks are now arranged for troop accommodation (cavalry) in case of mobilization.
fact_place_place_wipkinger_bridge_zurich_switzerland_the_newly_widened_wipkinger_bridge_offers_a_pretty_view_downstream_of_the_limmat_valley_and_to_the_village_of_hoengg,The newly widened Wipkinger bridge offers a pretty view downstream of the Limmat valley and to the village of Hoengg.
fact_place_place_limmat_valley_zurich_switzerland_the_wipkinger_bridge_offers_a_view_downstream_of_the_limmat_valley,The Wipkinger bridge offers a view downstream of the Limmat valley.
fact_place_place_höngg_zurich_switzerland_the_village_of_hoengg_leans_gently_against_the_slope_of_käferberg,The village of Hoengg leans gently against the slope of Käferberg.
fact_place_place_käferberg_zurich_switzerland_the_village_of_hoengg_leans_gently_against_the_slope_of_käferberg,The village of Hoengg leans gently against the slope of Käferberg.
fact_place_place_right_bank_of_limmat_zurich_switzerland_with_the_right_limmat_bank_we_enter_the_fourth_city_district,"With the right Limmat bank, we enter the fourth city district."
fact_place_place_district_4_zurich_switzerland_the_fourth_city_district_is_entered_via_the_right_limmat_bank,The fourth city district is entered via the right Limmat bank.
fact_place_place_wipkingen_zurich_switzerland_wipkingen_still_largely_retains_its_village_character,Wipkingen still largely retains its village character.
fact_place_place_röschibachstrasse_zurich_switzerland_the_route_passes_through_röschibachstrasse,The route passes through Röschibachstrasse.
fact_place_place_nordstrasse_zurich_switzerland_the_route_crosses_the_kilometres_long_nordstrasse,The route crosses the kilometres-long Nordstrasse.
fact_place_place_rotbuchstrasse_zurich_switzerland_the_route_goes_through_rotbuchstrasse_up_to_rötel,The route goes through Rotbuchstrasse up to Rötel.
fact_place_place_rötel_the_route_goes_through_rotbuchstrasse_up_to_rötel,The route goes through Rotbuchstrasse up to Rötel.
fact_place_place_oerlikon_seebacher_tramway_one_can_travel_back_by_the_oerlikon_seebacher_tramway,One can travel back by the Oerlikon-Seebacher tramway.
fact_place_place_weinbergstrasse_zurich_switzerland_the_newest_city_line_goes_through_weinbergstrasse_through_the_district_unterstrass_to_leonhardsplatz_at_the_bahnhofbrücke,The newest city line goes through Weinbergstrasse through the district Unterstrass to Leonhardsplatz at the Bahnhofbrücke.
fact_place_place_unterstrass_zurich_switzerland_the_newest_city_line_goes_through_unterstrass_to_leonhardsplatz_at_the_bahnhofbrücke,The newest city line goes through Unterstrass to Leonhardsplatz at the Bahnhofbrücke.
fact_place_place_leonhardsplatz_zurich_switzerland_the_newest_city_line_goes_to_leonhardsplatz_at_the_bahnhofbrücke,The newest city line goes to Leonhardsplatz at the Bahnhofbrücke.
fact_place_place_bahnhofbrücke_zurich_switzerland_the_newest_city_line_goes_to_leonhardsplatz_at_the_bahnhofbrücke,The newest city line goes to Leonhardsplatz at the Bahnhofbrücke.
fact_place_place_zurich_switzerland_zurich_includes_wiedikon_the_church_and_the_schools,"Zurich includes Wiedikon, the church and the schools."
fact_place_place_wiedikon_zurich_switzerland_wiedikon_is_part_of_zurich,Wiedikon is part of Zurich.
fact_place_place_the_church_the_church_is_located_in_zurich,The church is located in Zurich.
fact_place_place_the_schools_the_schools_are_located_in_zurich,The schools are located in Zurich.
fact_place_place_riedlistrasse_there_is_a_magnificent_school_building_on_riedlistrasse_above_the_church,There is a magnificent school building on Riedlistrasse above the church.
fact_place_place_höhenstrasse_on_the_höhenstrasse_we_enjoy_the_magnificent_overview_of_the_city_and_surroundings,On the Höhenstrasse we enjoy the magnificent overview of the city and surroundings.
fact_place_place_rigi_quarter_the_rigi_quarter_is_freely_built_and_garden_rich,The Rigi quarter is freely built and garden-rich.
fact_place_place_schlieren_zurich_switzerland_the_city_gasworks_with_three_mighty_gasometers_is_located_in_schlieren,The city gasworks with three mighty gasometers is located in Schlieren.
fact_place_place_zurich_switzerland_the_city_is_located_at_the_outlet_of_the_large_lake,The city is located at the outlet of the large lake.
fact_place_place_zurich_switzerland_the_city_is_at_the_confluence_of_the_limmat_and_sihl_rivers,The city is at the confluence of the Limmat and Sihl rivers.
fact_place_place_zurich_switzerland_the_city_lies_in_an_open_valley_upwards_and_downwards_capable_of_expansion,"The city lies in an open valley upwards and downwards, capable of expansion."
fact_place_place_zurich_switzerland_the_city_is_laterally_limited_by_the_almost_straight_uetliberg_ridge_and_the_gently_rolling_zurichberg,The city is laterally limited by the almost straight Uetliberg ridge and the gently rolling Zurichberg.
fact_place_place_zurich_switzerland_the_city_is_nourished_and_moved_by_the_tame_lake_water_and_the_wild_young_sihl,The city is nourished and moved by the tame lake water and the wild young Sihl.
fact_place_place_zurich_switzerland_the_city_is_limited_on_the_sides_by_established_not_excessively_high_rock_walls,"The city is limited on the sides by established, not excessively high rock walls."
fact_place_place_lake_zurich_switzerland_the_large_lake_is_the_outlet_location_of_the_city,The large lake is the outlet location of the city.
fact_place_place_limmat_river_switzerland_the_limmat_river_meets_the_sihl_river_at_the_city,The Limmat river meets the Sihl river at the city.
fact_place_place_sihl_river_switzerland_the_sihl_river_meets_the_limmat_river_at_the_city,The Sihl river meets the Limmat river at the city.
fact_place_place_sihl_river_switzerland_the_sihl_is_described_as_wild_and_young,The Sihl is described as wild and young.
fact_place_place_uetliberg_zurich_switzerland_the_uetliberg_ridge_is_almost_straight_and_laterally_limits_the_city,The Uetliberg ridge is almost straight and laterally limits the city.
fact_place_place_zurichberg_zurich_switzerland_the_zurichberg_is_gently_rolling_and_laterally_limits_the_city,The Zurichberg is gently rolling and laterally limits the city.
fact_place_place_höhenstrasse_from_the_höhenstrasse_down_one_overlooks_the_impressive_building_complex_of_the_cantonal_and_federal_universities,"From the Höhenstrasse down, one overlooks the impressive building complex of the cantonal and federal universities."
fact_place_place_universities_zurich_switzerland_the_cantonal_and_federal_universities_are_located_below_the_höhenstrasse,The cantonal and federal universities are located below the Höhenstrasse.
fact_place_place_eth_zurich_zurich_switzerland_the_main_building_of_the_swiss_federal_polytechnic_school_deserves_mention,The main building of the Swiss Federal Polytechnic School deserves mention.
fact_place_place_eth_zurich_zurich_switzerland_the_school_was_founded_in_1855,The school was founded in 1855.
fact_place_place_eth_zurich_zurich_switzerland_the_school_includes_the_construction_school_engineering_school_mechanical_agricultural_and_forestry_departments,"The school includes the construction school, engineering school, mechanical, agricultural and forestry departments."
fact_place_place_eth_zurich_zurich_switzerland_it_has_a_department_for_training_specialized_teachers_in_mathematics_and_natural_sciences,It has a department for training specialized teachers in mathematics and natural sciences.
fact_place_place_eth_zurich_zurich_switzerland_it_has_a_philosophical_economic_so_called_free_subjects_department,It has a philosophical-economic (so-called free subjects) department.
fact_place_place_eth_zurich_zurich_switzerland_it_has_a_military_science_department,It has a military science department.
fact_date_date_1855_1855_1855_the_swiss_federal_polytechnic_school_was_founded_in_1855,The Swiss Federal Polytechnic School was founded in 1855.
fact_place_place_university_complex_the_main_building_is_part_of_the_university_complex,The main building is part of the university complex.
fact_place_place_old_town_zurich_switzerland_the_main_building_stands_foremost_on_the_scenic_ramp_of_the_university_complex_towards_the_old_town,The main building stands foremost on the scenic ramp of the university complex towards the old town.
fact_date_date_1861_64_1861_1864_the_main_building_was_built_according_to_plans_by_gottfried_semper_from_1861_to_1864,The main building was built according to plans by Gottfried Semper from 1861 to 1864.
fact_date_date_1864_1864_1864_the_main_building_has_been_fully_operational_since_1864,The main building has been fully operational since 1864.
fact_place_place_university_of_zurich_zurich_switzerland_the_south_wing_is_currently_occupied_by_the_university,The south wing is currently occupied by the University.
fact_place_place_university_of_zurich_zurich_switzerland_the_university_will_soon_receive_a_magnificent_new_home_in_close_proximity,The University will soon receive a magnificent new home in close proximity.
fact_place_place_eth_zurich_zurich_switzerland_behind_the_polytechnic_stands_the_old_chemical_laboratory_hygienic_institute,Behind the polytechnic stands the old chemical laboratory (hygienic institute).
fact_place_place_old_chemical_laboratory_hygienic_institute_the_old_chemical_laboratory_hygienic_institute_stands_behind_the_polytechnic,The old chemical laboratory (hygienic institute) stands behind the polytechnic.
fact_place_place_federal_materials_testing_institute_a_whole_network_of_scientific_institutes_line_up_including_the_federal_materials_testing_institute,A whole network of scientific institutes line up including the federal materials testing institute.
fact_place_place_federal_testing_institute_for_fuels_a_whole_network_of_scientific_institutes_line_up_including_the_federal_testing_institute_for_fuels,A whole network of scientific institutes line up including the federal testing institute for fuels.
fact_place_place_federal_machine_laboratory_the_federal_machine_laboratory_was_built_in_1899_1900,The federal machine laboratory was built in 1899/1900.
fact_place_place_federal_chemical_laboratories_the_federal_chemical_laboratories_were_occupied_in_1886,The federal chemical laboratories were occupied in 1886.
fact_place_place_federal_chemical_laboratories_they_include_the_swiss_agricultural_chemical_institute_and_seed_control_station,They include the Swiss agricultural chemical institute and seed control station.
fact_place_place_swiss_agricultural_chemical_institute_and_seed_control_station_they_are_part_of_the_federal_chemical_laboratories,They are part of the federal chemical laboratories.
fact_place_place_federal_central_office_for_forestry_research_the_federal_central_office_for_forestry_research_is_part_of_the_network_of_scientific_institutes,The federal central office for forestry research is part of the network of scientific institutes.
fact_place_place_agricultural_and_forestry_school_the_agricultural_and_forestry_school_was_established_in_1874_and_has_an_experimental_garden,The agricultural and forestry school was established in 1874 and has an experimental garden.
fact_place_place_federal_observatory_the_federal_observatory_is_part_of_the_scientific_institutes,The federal observatory is part of the scientific institutes.
fact_place_place_federal_physics_building_the_federal_physics_building_was_built_in_1890,The federal physics building was built in 1890.
fact_place_place_federal_physics_building_it_houses_the_swiss_meteorological_central_institute,It houses the Swiss meteorological central institute.
fact_place_place_swiss_meteorological_central_institute_it_is_located_in_the_federal_physics_building,It is located in the federal physics building.
fact_place_place_cantonal_hospital_the_cantonal_hospital_is_part_of_the_described_institutions,The cantonal hospital is part of the described institutions.
fact_place_place_laboratory_of_the_cantonal_chemist_and_dental_polyclinic_the_laboratory_of_the_cantonal_chemist_and_dental_polyclinic_was_built_in_1899_1900,The laboratory of the cantonal chemist and dental polyclinic was built in 1899/1900.
fact_place_place_anatomy_anatomy_is_listed_among_the_institutions,Anatomy is listed among the institutions.
fact_place_place_isolation_hospital_the_isolation_hospital_is_part_of_the_institutions,The isolation hospital is part of the institutions.
fact_place_place_pathological_institute_the_pathological_institute_was_established_in_1832,The pathological institute was established in 1832.
fact_place_place_eye_clinic_the_eye_clinic_is_part_of_the_institutions,The eye clinic is part of the institutions.
fact_place_place_blind_and_deaf_mute_institute_the_blind_and_deaf_mute_institute_is_part_of_the_institutions,The blind and deaf-mute institute is part of the institutions.
fact_place_place_cantonal_physics_and_physiology_building_the_cantonal_physics_and_physiology_building_is_part_of_the_institutions,The cantonal physics and physiology building is part of the institutions.
fact_place_place_cantonal_chemical_laboratories_of_the_university_the_cantonal_chemical_laboratories_of_the_university_were_recently_opened_in_spring_1909,The cantonal chemical laboratories of the University were recently opened in spring 1909.
fact_place_place_new_cantonal_school_building_the_new_cantonal_school_building_is_opposite_the_old_cantonal_school_on_rämistrasse,The new cantonal school building is opposite the old cantonal school on Rämistrasse.
fact_place_place_old_cantonal_school_on_rämistrasse_the_old_cantonal_school_on_rämistrasse_was_built_in_1839_42_by_architect_wegmann,The old cantonal school on Rämistrasse was built in 1839–42 by architect Wegmann.
fact_place_place_wolfbach_schoolhouse_adjacent_to_the_city_is_the_wolfbach_schoolhouse,Adjacent to the city is the Wolfbach schoolhouse.
fact_place_place_music_conservatory_in_florhofgasse_the_music_conservatory_in_florhofgasse_was_built_between_1900_and_1902_and_has_a_large_concert_hall_with_450_seats,The music conservatory in Florhofgasse was built between 1900 and 1902 and has a large concert hall with 450 seats.
fact_place_place_hirschengraben_schoolhouse_the_hirschengraben_schoolhouse_is_magnificent,The Hirschengraben schoolhouse is magnificent.
fact_place_place_collegiate_building_at_rechberg_the_collegiate_building_at_rechberg_is_an_old_handsome_patrician_house,"The collegiate building at Rechberg is an old, handsome patrician house."
fact_date_date_1899_1900_1899_1900_the_federal_machine_laboratory_was_built_in_1899_1900,The federal machine laboratory was built in 1899/1900.
fact_date_date_1899_1900_1899_1900_the_laboratory_of_the_cantonal_chemist_and_dental_polyclinic_was_built_in_1899_1900,The laboratory of the cantonal chemist and dental polyclinic was built in 1899/1900.
fact_date_date_1886_1886_1886_the_federal_chemical_laboratories_were_occupied_in_1886,The federal chemical laboratories were occupied in 1886.
fact_date_date_1874_1874_1874_the_agricultural_and_forestry_school_was_established_in_1874,The agricultural and forestry school was established in 1874.
fact_date_date_1890_1890_1890_the_federal_physics_building_was_built_in_1890,The federal physics building was built in 1890.
fact_date_date_spring_1909_1909_1909_the_cantonal_chemical_laboratories_of_the_university_were_recently_opened_in_spring_1909,The cantonal chemical laboratories of the University were recently opened in spring 1909.
fact_date_date_1839_42_1839_1842_the_old_cantonal_school_on_rämistrasse_was_built_in_1839_42_by_architect_wegmann,The old cantonal school on Rämistrasse was built in 1839–42 by architect Wegmann.
fact_date_date_1832_1832_1832_the_pathological_institute_was_established_in_1832,The pathological institute was established in 1832.
fact_date_date_1900_1902_1900_1902_the_music_conservatory_in_florhofgasse_was_built_between_1900_and_1902,The music conservatory in Florhofgasse was built between 1900 and 1902.
fact_place_place_zurich_switzerland_zurich_is_a_city_with_a_notable_school_system,Zurich is a city with a notable school system.
fact_place_place_zurich_switzerland_municipal_school_buildings_are_especially_striking_in_zurich_s_cityscape,Municipal school buildings are especially striking in Zurich's cityscape.
fact_place_place_zurich_switzerland_at_the_time_of_the_city_unification_in_1893_there_were_39_schoolhouses_in_the_old_city_and_outer_municipalities_combined,"At the time of the city unification in 1893, there were 39 schoolhouses in the old city and outer municipalities combined."
fact_place_place_zurich_switzerland_the_oldest_schoolhouse_was_the_plain_schoolhouse_at_badenerstrasse_occupied_in_1821,"The oldest schoolhouse was the plain schoolhouse at Badenerstrasse, occupied in 1821."
fact_place_place_zurich_switzerland_the_youngest_schoolhouse_was_the_tall_school_palace_at_hirschengraben_built_in_1893_by_architect_alexander_koch,"The youngest schoolhouse was the tall school palace at Hirschengraben, built in 1893 by architect Alexander Koch."
fact_place_place_zurich_switzerland_since_1893_almost_every_year_a_school_building_with_various_facilities_has_been_added,"Since 1893, almost every year a school building with various facilities has been added."
fact_place_place_zurich_switzerland_new_school_buildings_have_classrooms_planned_for_a_maximum_of_55_primary_or_35_secondary_students,New school buildings have classrooms planned for a maximum of 55 primary or 35 secondary students.
fact_place_place_zurich_switzerland_new_buildings_have_floor_space_of_7_10_11_or_7_9_meters_use_low_pressure_steam_and_hot_water_heating_and_have_abandoned_air_heating,"New buildings have floor space of 7×10–11 or 7×9 meters, use low-pressure steam and hot water heating, and have abandoned air heating."
fact_place_place_zurich_switzerland_construction_costs_between_1889_and_1902_amounted_to_42_000_fr_per_class_770_fr_per_student_and_25_73_fr_per_m3,"Construction costs between 1889 and 1902 amounted to 42,000 Fr. per class, 770 Fr. per student, and 25.73 Fr. per m3."
fact_date_date_1893_1893_1893_the_city_unification_of_zurich_occurred_in_1893,The city unification of Zurich occurred in 1893.
fact_date_date_1893_1893_1893_the_tall_school_palace_at_hirschengraben_was_built_in_1893,The tall school palace at Hirschengraben was built in 1893.
fact_date_date_1821_1821_1821_the_plain_schoolhouse_at_badenerstrasse_was_occupied_in_1821,The plain schoolhouse at Badenerstrasse was occupied in 1821.
fact_date_date_1889_1902_1889_1902_construction_costs_for_school_buildings_were_calculated_for_the_period_1889_1902,Construction costs for school buildings were calculated for the period 1889-1902.
fact_place_place_höhen_and_bergstrasse_the_way_leads_from_the_höhen_and_bergstrasse_to_the_dolder_forest_house,The way leads from the Höhen- and Bergstrasse to the Dolder Forest House.
fact_place_place_dolder_forest_house_zurich_switzerland_the_dolder_forest_house_is_at_the_entrance_to_the_large_beautiful_dolderpark,The Dolder Forest House is at the entrance to the large beautiful Dolderpark.
fact_place_place_dolderpark_zurich_switzerland_dolderpark_is_described_as_large_and_beautiful,Dolderpark is described as large and beautiful.
fact_place_place_kreuzkirche_zurich_switzerland_the_cable_car_passes_the_mighty_dome_of_the_kreuzkirche,The cable car passes the mighty dome of the Kreuzkirche.
fact_place_place_römerhof_zurich_switzerland_the_route_goes_down_to_römerhof,The route goes down to Römerhof.
fact_place_place_st_antonius_church_zurich_switzerland_the_municipal_tram_passes_the_original_st_antonius_church,The municipal tram passes the original St. Antonius church.
fact_place_place_hottingen_zurich_switzerland_the_tram_passes_through_hottingen,The tram passes through Hottingen.
fact_place_place_bahnhof_stadelhofen_zurich_switzerland_the_tram_passes_via_kreuzplatz_bahnhof_stadelhofen,The tram passes via Kreuzplatz-Bahnhof Stadelhofen.
fact_place_place_high_promenade_zurich_switzerland_the_tram_passes_south_of_the_tree_crowned_hill_of_the_high_promenade,The tram passes south of the tree-crowned hill of the High Promenade.
fact_place_place_nägeli_monument_zurich_switzerland_the_nägeli_monument_is_located_at_the_high_promenade,The Nägeli Monument is located at the High Promenade.
fact_place_place_french_and_english_churches_french_and_english_churches_are_located_at_the_high_promenade,French and English churches are located at the High Promenade.
fact_place_place_city_theater_the_city_theater_was_built_by_fellner_and_helmer_in_vienna_and_inaugurated_in_autumn_1891,The city theater was built by Fellner and Helmer in Vienna and inaugurated in autumn 1891.
fact_place_place_old_theater_at_untern_zäune_the_old_theater_at_untern_zäune_burned_down_on_the_night_of_january_1_2_1890,"The old theater at Untern Zäune burned down on the night of January 1/2, 1890."
fact_place_place_corso_theater_zurich_switzerland_the_corso_theater_is_a_variety_stage_opened_in_1900,The Corso Theater is a variety stage opened in 1900.
fact_place_place_tonhalleplatz_zurich_switzerland_the_route_passes_the_old_tonhalle_square,The route passes the old Tonhalle square.
fact_place_place_quaibrücke_zurich_switzerland_the_tour_starts_and_ends_at_quaibrücke,The tour starts and ends at Quaibrücke.
fact_date_date_autumn_1891_1891_1891_the_city_theater_was_inaugurated_in_autumn_1891,The city theater was inaugurated in autumn 1891.
fact_date_date_night_of_january_1_2_1890_1890_1890_the_old_theater_at_untern_zäune_burned_down_on_the_night_of_january_1_2_1890,"The old theater at Untern Zäune burned down on the night of January 1/2, 1890."
fact_date_date_1900_1900_1900_the_corso_theater_opened_in_1900,The Corso Theater opened in 1900.
fact_place_place_heimplatz_zurich_switzerland_heimplatz_is_near_pfauen_theater_in_zurich,Heimplatz is near Pfauen Theater in Zurich.
fact_place_place_heimplatz_zurich_switzerland_heimplatz_has_a_monument_to_the_singing_father_ignaz_heim,Heimplatz has a monument to the singing father Ignaz Heim.
fact_place_place_heimplatz_zurich_switzerland_heimplatz_has_a_new_art_house_whose_completion_will_crown_years_of_efforts_by_enthusiasts_of_fine_arts,Heimplatz has a new art house whose completion will crown years of efforts by enthusiasts of fine arts.
fact_place_place_pfauen_theater_zurich_switzerland_pfauen_theater_is_the_city_theater_s_drama_stage_in_zurich,Pfauen Theater is the city theater’s drama stage in Zurich.
fact_place_place_upper_court_the_upper_court_has_the_jury_court_chamber_and_the_plain_obmann_office_former_barefoot_monastery,The upper court has the jury court chamber and the plain “Obmann office” (former Barefoot monastery).
fact_place_place_obmann_office_the_obmann_office_is_the_former_barefoot_monastery,The Obmann office is the former Barefoot monastery.
fact_place_place_obmann_office_the_obmann_office_is_the_central_office_of_cantonal_administration_with_many_branches_housed_in_neighboring_buildings_due_to_lack_of_space,The Obmann office is the central office of cantonal administration with many branches housed in neighboring buildings due to lack of space.
fact_place_place_botanical_garden_the_botanical_garden_was_laid_out_in_1836_on_the_former_bollwerk_zur_katze_in_the_west_corner_of_schanzengraben,The botanical garden was laid out in 1836 on the former “Bollwerk zur Katze” in the west corner of Schanzengraben.
fact_place_place_botanical_garden_the_botanical_garden_includes_a_morphological_biological_plant_section_a_systematic_department_tropical_useful_and_ornamental_plants_in_greenhouses_and_phytogeographi,"The botanical garden includes a morphological-biological plant section, a systematic department, tropical useful and ornamental plants in greenhouses, and phytogeographic groups (Alpinum)."
fact_place_place_botanical_garden_the_museum_in_the_botanical_garden_houses_a_type_herbarium_for_the_identification_of_swiss_plants_accessible_to_the_public,The museum in the botanical garden houses a type herbarium for the identification of Swiss plants accessible to the public.
fact_place_place_botanical_garden_the_museum_holds_an_extensive_herbarium_of_the_canton_of_zurich_a_helveticum_herbarium_a_general_herbarium_and_some_specialist_herbaria_including_those_of_hegetschwei,"The museum holds an extensive herbarium of the canton of Zurich, a Helveticum herbarium, a general herbarium, and some specialist herbaria including those of Hegetschweiler and Gessner."
fact_place_place_botanical_garden_the_park_is_adorned_with_monuments_to_botanists_heinrich_zollinger_oswald_heer_a_de_candolle_and_konrad_gessner,"The park is adorned with monuments to botanists Heinrich Zollinger, Oswald Heer, A. de Candolle, and Konrad Gessner."
fact_place_place_selnau_zurich_switzerland_selnau_is_near_the_uetliberg_and_sihl_valley_railway_station,Selnau is near the Uetliberg and Sihl valley railway station.
fact_place_place_selnau_zurich_switzerland_in_selnau_is_the_narrow_district_office_with_a_mighty_erratic_block_in_front,In Selnau is the narrow district office with a mighty erratic block in front.
fact_place_place_uetliberg_zurich_switzerland_uetliberg_is_near_selnau_and_the_sihl_valley_railway_station,Uetliberg is near Selnau and the Sihl valley railway station.
fact_place_place_sihl_valley_railway_station_the_sihl_valley_railway_station_is_near_selnau_and_uetliberg,The Sihl valley railway station is near Selnau and Uetliberg.
fact_date_date_1836_1836_1836_the_botanical_garden_was_laid_out_in_1836,The botanical garden was laid out in 1836.
fact_place_place_zurich_switzerland_zurich_is_mentioned_in_the_context_of_badenerstrasse_and_saint_jakob_s_church,Zurich is mentioned in the context of Badenerstrasse and Saint Jakob's Church.
fact_place_place_badenerstrasse_badenerstrasse_is_a_street_in_zurich,Badenerstrasse is a street in Zurich.
fact_place_place_saint_jakob_s_church_saint_jakob_s_church_is_located_in_zurich,Saint Jakob's Church is located in Zurich.
fact_place_place_zurich_switzerland_the_innermost_city_districts_have_a_picturesque_small_town_almost_medieval_physiognomy,"The innermost city districts have a picturesque small-town, almost medieval physiognomy."
fact_place_place_zurich_switzerland_the_narrow_alleys_in_these_districts_are_often_unhygienic_and_confusing_even_for_natives,The narrow alleys in these districts are often unhygienic and confusing even for natives.
fact_place_place_peter_tower_zurich_switzerland_there_is_a_small_labyrinth_around_the_peter_tower,There is a small labyrinth around the Peter tower.
fact_place_place_gemüsebrücke_zurich_switzerland_the_small_labyrinth_extends_up_to_the_gemüsebrücke,The small labyrinth extends up to the Gemüsebrücke.
fact_place_place_right_bank_of_limmat_river_zurich_switzerland_the_right_bank_between_the_limmat_and_zäune_neumarkt_rindermarkt_also_features_narrow_alleys,The right bank between the Limmat and Zäune-Neumarkt-Rindermarkt also features narrow alleys.
fact_place_place_kirchgasse_zurich_switzerland_original_oriels_decorate_the_fronts_of_kirchgasse,Original oriels decorate the fronts of Kirchgasse.
fact_place_place_schipfe_zurich_switzerland_original_oriels_decorate_the_fronts_of_schipfe,Original oriels decorate the fronts of Schipfe.
fact_place_place_lower_zäune_original_oriels_decorate_the_fronts_of_lower_zäune,Original oriels decorate the fronts of lower Zäune.
fact_place_place_augustinergasse_zurich_switzerland_original_oriels_decorate_the_fronts_of_augustinergasse,Original oriels decorate the fronts of Augustinergasse.
fact_place_place_zurich_switzerland_the_dark_green_gray_sandstone_center_of_the_city_is_distinctly_separated_from_the_outer_districts,The dark green-gray sandstone center of the city is distinctly separated from the outer districts.
fact_place_place_zurich_switzerland_foreign_material_has_found_its_way_into_the_old_town_where_modern_business_palaces_are_built_instead_of_cozy_bourgeois_houses,"Foreign material has found its way into the old town, where modern business palaces are built instead of cozy bourgeois houses."
fact_place_place_zurich_switzerland_sandstone_gradually_displaced_a_formerly_closer_colorful_building_material_in_the_old_city_center,"Sandstone gradually displaced a formerly closer, colorful building material in the old city center."
fact_place_place_zurich_switzerland_former_moraine_blocks_still_appear_here_and_there_in_old_masonry_during_demolition,Former moraine blocks still appear here and there in old masonry during demolition.
fact_place_place_zurich_switzerland_in_the_12th_and_13th_centuries_houses_were_mostly_wooden_huts_about_two_storeys_high_with_one_room_shared_by_multiple_households,"In the 12th and 13th centuries, houses were mostly wooden huts about two storeys high with one room shared by multiple households."
fact_place_place_zurich_switzerland_stone_houses_were_rare_in_the_12th_and_13th_centuries_and_explicitly_named_in_documents,Stone houses were rare in the 12th and 13th centuries and explicitly named in documents.
fact_place_place_zurich_switzerland_after_the_fire_of_1313_an_ordinance_required_every_rebuilt_house_to_have_at_least_one_floor_masonry,"After the fire of 1313, an ordinance required every rebuilt house to have at least one floor masonry."
fact_place_place_zurich_switzerland_numerous_marble_memorial_plaques_remind_of_famous_names_associated_with_the_city,Numerous marble memorial plaques remind of famous names associated with the city.
fact_place_place_zurich_switzerland_zwingli_s_office_apartment_was_at_kirchgasse_in_the_city,Zwingli's office apartment was at Kirchgasse in the city.
fact_place_place_zurich_switzerland_heinrich_pestalozzi_s_birthplace_was_at_rüdenplatz_in_the_city,Heinrich Pestalozzi’s birthplace was at Rüdenplatz in the city.
fact_place_place_zurich_switzerland_birthplace_of_gottfried_keller_was_at_rindermarkt_in_the_city,Birthplace of Gottfried Keller was at Rindermarkt in the city.
fact_place_place_zurich_switzerland_house_of_escher_von_der_linth_was_at_sihlstrasse_in_the_city,House of Escher von der Linth was at Sihlstrasse in the city.
fact_place_place_lägern_dielsdorf_zurich_switzerland_white_dielsdorf_lägern_limestones_were_used_as_building_materials_for_the_outer_districts,White Dielsdorf Lägern limestones were used as building materials for the outer districts.
fact_place_place_solothurn_switzerland_so_called_solothurn_marble_was_used_as_building_material_for_the_outer_districts,So-called Solothurn marble was used as building material for the outer districts.
fact_place_place_black_forest_germany_massive_black_forest_granite_from_the_albthal_was_used_as_building_material_for_the_outer_districts,Massive Black Forest granite from the Albthal was used as building material for the outer districts.
fact_place_place_albthal_black_forest_germany_massive_black_forest_granite_from_the_albthal_was_used_as_building_material_for_the_outer_districts,Massive Black Forest granite from the Albthal was used as building material for the outer districts.
fact_place_place_lake_langensee_ticino_switzerland_delicately_pink_granite_from_baveno_italy_at_lake_langensee_is_brought_by_the_gotthard_railway,Delicately pink granite from Baveno (Italy) at Lake Langensee is brought by the Gotthard railway.
fact_place_place_baveno_piedmont_italy_delicately_pink_granite_from_baveno_italy_at_lake_langensee_is_brought_by_the_gotthard_railway,Delicately pink granite from Baveno (Italy) at Lake Langensee is brought by the Gotthard railway.
fact_place_place_gotthard_railway_the_gotthard_railway_brings_delicately_pink_granite_from_baveno_at_lake_langensee,The Gotthard railway brings delicately pink granite from Baveno at Lake Langensee.
fact_place_place_savonnières_france_large_quantities_of_easily_workable_savonnières_fossil_limestone_are_imported_from_france,Large quantities of easily workable Savonnières fossil limestone are imported from France.
fact_place_place_france_large_quantities_of_easily_workable_savonnières_fossil_limestone_are_imported_from_france,Large quantities of easily workable Savonnières fossil limestone are imported from France.
fact_place_place_zwingli_monument_zurich_switzerland_at_the_zwingli_monument_in_front_of_the_wasserkirche_9_different_types_of_rock_were_used_for_the_construction_of_the_bronze_statue,"At the Zwingli monument in front of the Wasserkirche, 9 different types of rock were used for the construction of the bronze statue."
fact_place_place_wasserkirche_zurich_switzerland_the_zwingli_monument_is_located_in_front_of_the_wasserkirche,The Zwingli monument is located in front of the Wasserkirche.
fact_date_date_12th_and_13th_centuries_1101_1300_in_the_12th_and_13th_centuries_houses_were_mostly_wooden_huts_about_two_storeys_high_with_one_room_shared_by_multiple_households,"In the 12th and 13th centuries, houses were mostly wooden huts about two storeys high with one room shared by multiple households."
fact_date_date_12th_and_13th_centuries_1101_1300_stone_houses_were_rare_in_the_12th_and_13th_centuries_and_explicitly_named_in_documents,Stone houses were rare in the 12th and 13th centuries and explicitly named in documents.
fact_date_date_1313_1313_1313_after_the_terrible_fire_of_1313_that_consumed_more_than_half_of_the_small_city_an_ordinance_was_issued_that_every_rebuilt_house_should_have_at_least_one_floor_masonry,"After the terrible fire of 1313 that consumed more than half of the small city, an ordinance was issued that every rebuilt house should have at least one floor masonry."
fact_place_place_zurichberg_zurich_switzerland_heim_and_imfeld_created_a_mountain_panorama_from_zurichberg,Heim and Imfeld created a mountain panorama from Zurichberg.
fact_place_place_zurichberg_zurich_switzerland_heim_alb_created_a_panorama_from_the_alcohol_free_spa_on_the_zurichberg_in_1901,"Heim, Alb. created a panorama from the alcohol-free spa on the Zurichberg in 1901."
fact_place_place_stadthausplatz_zurich_switzerland_heim_alb_created_a_mountain_view_from_stadthausplatz_bürkliplatz,"Heim, Alb. created a mountain view from Stadthausplatz (Bürkliplatz)."
fact_place_place_bürkliplatz_zurich_switzerland_heim_alb_created_a_mountain_view_from_bürkliplatz_stadthausplatz,"Heim, Alb. created a mountain view from Bürkliplatz (Stadthausplatz)."
fact_place_place_enge_park_zurich_switzerland_heim_alb_created_a_mountain_view_from_the_hill_in_the_enge_park,"Heim, Alb. created a mountain view from the hill in the Enge park."
fact_place_place_zurich_switzerland_city_map_published_by_the_municipal_surveying_office_consists_of_9_sheets_at_1_5000_scale,City map published by the municipal surveying office consists of 9 sheets at 1:5000 scale.
fact_place_place_zurich_switzerland_tourist_overview_map_at_1_15000_scale_1_75000_out_of_print_is_available,Tourist overview map at 1:15000 scale (1:75000 out of print) is available.
fact_place_place_zurich_switzerland_annual_report_of_the_city_council_for_1907_was_published_in_zurich_in_1908,Annual report of the city council for 1907 was published in Zurich in 1908.
fact_place_place_zurich_switzerland_commemorative_publication_for_the_50th_anniversary_of_the_polytechnic_was_published_in_zurich_in_1905,Commemorative publication for the 50th anniversary of the polytechnic was published in Zurich in 1905.
fact_place_place_zurich_switzerland_bär_e_wrote_about_the_women_s_monastery_st_verena_in_zurich_in_1902_03,"Bär, E. wrote about the women’s monastery St. Verena in Zurich in 1902/03."
fact_place_place_zurich_switzerland_wehrli_leo_wrote_what_the_stones_in_zurich_tell_us_in_1897,"Wehrli, Leo wrote 'What the stones in Zurich tell us' in 1897."
fact_place_place_zurich_switzerland_künzli_e_wrote_the_stones_of_the_quays_guide_through_the_quays_in_zurich_in_1898,"Künzli, E. wrote 'The stones of the quays' (Guide through the quays in Zurich) in 1898."
fact_place_place_zurich_switzerland_schinz_h_wrote_a_guide_to_the_botanical_garden_of_the_university_of_zurich_in_1908,"Schinz, H. wrote a guide to the botanical garden of the University of Zurich in 1908."
fact_date_date_1901_1901_1901_heim_alb_created_a_panorama_from_the_alcohol_free_spa_on_the_zurichberg_in_1901,"Heim, Alb. created a panorama from the alcohol-free spa on the Zurichberg in 1901."
fact_date_date_1907_1907_1907_annual_report_of_the_city_council_for_1907_was_published_in_zurich_in_1908,Annual report of the city council for 1907 was published in Zurich in 1908.
fact_date_date_1908_1908_1908_annual_report_of_the_city_council_for_1907_was_published_in_zurich_in_1908,Annual report of the city council for 1907 was published in Zurich in 1908.
fact_date_date_1908_1908_1908_schinz_h_wrote_a_guide_to_the_botanical_garden_of_the_university_of_zurich_in_1908,"Schinz, H. wrote a guide to the botanical garden of the University of Zurich in 1908."
fact_date_date_1905_1905_1905_commemorative_publication_for_the_50th_anniversary_of_the_polytechnic_was_published_in_zurich_in_1905,Commemorative publication for the 50th anniversary of the polytechnic was published in Zurich in 1905.
fact_date_date_1902_03_1902_1903_bär_e_wrote_about_the_women_s_monastery_st_verena_in_zurich_in_1902_03,"Bär, E. wrote about the women’s monastery St. Verena in Zurich in 1902/03."
fact_date_date_1897_1897_1897_wehrli_leo_wrote_what_the_stones_in_zurich_tell_us_in_1897,"Wehrli, Leo wrote 'What the stones in Zurich tell us' in 1897."
fact_date_date_1898_1898_1898_künzli_e_wrote_the_stones_of_the_quays_guide_through_the_quays_in_zurich_in_1898,"Künzli, E. wrote 'The stones of the quays' (Guide through the quays in Zurich) in 1898."
fact_place_place_zurich_switzerland_the_article_refers_to_zurich_canton,The article refers to Zurich (Canton).
fact_place_place_zurich_switzerland_the_city_of_zurich_had_150_703_inhabitants_according_to_the_federal_census_of_1900,"The city of Zurich had 150,703 inhabitants according to the federal census of 1900."
fact_place_place_zurich_switzerland_30_891_inhabitants_were_citizens_of_the_city_of_zurich,"30,891 inhabitants were citizens of the city of Zurich."
fact_place_place_zurich_switzerland_30_864_inhabitants_were_citizens_of_other_municipalities_in_the_canton_of_zurich,"30,864 inhabitants were citizens of other municipalities in the canton of Zurich."
fact_place_place_zurich_switzerland_45_187_inhabitants_were_citizens_of_other_cantons,"45,187 inhabitants were citizens of other cantons."
fact_place_place_zurich_switzerland_106_942_inhabitants_were_swiss_citizens_in_total,"106,942 inhabitants were Swiss citizens in total."
fact_place_place_zurich_switzerland_43_761_inhabitants_were_foreigners,"43,761 inhabitants were foreigners."
fact_place_place_zurich_switzerland_the_religious_distribution_included_102_794_protestants_43_655_catholics_2_713_israelites_and_1_541_others_or_unknown,"The religious distribution included 102,794 Protestants, 43,655 Catholics, 2,713 Israelites, and 1,541 others or unknown."
fact_place_place_zurich_switzerland_by_mother_tongue_140_803_spoke_german_2_586_french_5_100_italian_415_romansh_and_1_799_other_languages,"By mother tongue, 140,803 spoke German, 2,586 French, 5,100 Italian, 415 Romansh, and 1,799 other languages."
fact_place_place_zurich_switzerland_47_5_of_the_population_was_male_and_52_5_female,47.5% of the population was male and 52.5% female.
fact_date_date_1900_1900_1900_the_federal_census_of_1900_recorded_the_population_and_demographic_details_of_zurich,The federal census of 1900 recorded the population and demographic details of Zurich.
fact_place_place_zurich_switzerland_the_literature_gives_population_numbers_for_the_city_of_zurich_from_earlier_times,The literature gives population numbers for the city of Zurich from earlier times.
fact_place_place_zurich_switzerland_after_the_city_unification_in_1893_the_population_increased_rapidly,"After the city unification in 1893, the population increased rapidly."
fact_place_place_zurich_switzerland_the_economic_downturn_of_1899_1900_brought_a_period_of_decrease,The economic downturn of 1899/1900 brought a period of decrease.
fact_place_place_zurich_switzerland_since_1902_the_number_has_been_rising_again_albeit_more_slowly,"Since 1902, the number has been rising again, albeit more slowly."
fact_place_place_zurich_switzerland_the_estimated_population_at_the_end_of_1906_was_172_855,"The estimated population at the end of 1906 was 172,855."
fact_place_place_zurich_switzerland_the_estimated_population_at_the_end_of_1907_was_177_437,"The estimated population at the end of 1907 was 177,437."
fact_place_place_zurich_switzerland_the_estimated_population_at_the_end_of_1908_was_180_224,"The estimated population at the end of 1908 was 180,224."
fact_place_place_zurich_switzerland_the_actual_population_number_is_probably_1_000_to_2_000_lower_due_to_incomplete_deregistrations_especially_of_italian_migrant_workers,"The actual population number is probably 1,000 to 2,000 lower due to incomplete deregistrations, especially of Italian migrant workers."
fact_date_date_1893_1893_1893_after_the_city_unification_in_1893_the_population_increased_rapidly,"After the city unification in 1893, the population increased rapidly."
fact_date_date_1899_1900_1899_1900_the_economic_downturn_of_1899_1900_brought_a_period_of_decrease,The economic downturn of 1899/1900 brought a period of decrease.
fact_date_date_1902_1902_1902_since_1902_the_number_has_been_rising_again_albeit_more_slowly,"Since 1902, the number has been rising again, albeit more slowly."
fact_date_date_end_of_1906_1906_1906_the_estimated_population_at_the_end_of_1906_was_172_855,"The estimated population at the end of 1906 was 172,855."
fact_date_date_end_of_1907_1907_1907_the_estimated_population_at_the_end_of_1907_was_177_437,"The estimated population at the end of 1907 was 177,437."
fact_date_date_end_of_1908_1908_1908_the_estimated_population_at_the_end_of_1908_was_180_224,"The estimated population at the end of 1908 was 180,224."
fact_place_place_zurich_switzerland_the_residential_population_increased_by_4_582_persons_in_1907_in_zurich,"The residential population increased by 4,582 persons in 1907 in Zurich."
fact_place_place_zurich_switzerland_the_residential_population_increased_by_2_65_in_1907_in_zurich,The residential population increased by 2.65% in 1907 in Zurich.
fact_place_place_zurich_switzerland_if_the_increase_continues_evenly_the_population_should_reach_about_200_000_around_1912_or_1913_in_zurich,"If the increase continues evenly, the population should reach about 200,000 around 1912 or 1913 in Zurich."
fact_date_date_1907_1907_1907_the_residential_population_increased_by_4_582_persons_in_1907,"The residential population increased by 4,582 persons in 1907."
fact_date_date_1907_1907_1907_the_residential_population_increased_by_2_65_in_1907,The residential population increased by 2.65% in 1907.
fact_date_date_around_1912_or_1913_1912_1913_the_population_should_reach_about_200_000_around_1912_or_1913_if_the_increase_continues_evenly,"The population should reach about 200,000 around 1912 or 1913 if the increase continues evenly."
fact_place_place_zurich_switzerland_829_naturalized_persons_came_from_the_canton_of_zurich,829 naturalized persons came from the canton of Zurich.
fact_date_date_1907_1907_1907_number_of_births_was_4_921_in_1907,"Number of births was 4,921 in 1907."
fact_date_date_1907_1907_1907_number_of_deaths_was_2_710_in_1907,"Number of deaths was 2,710 in 1907."
fact_date_date_1907_1907_1907_number_of_marriages_was_1_674_in_1907,"Number of marriages was 1,674 in 1907."
fact_date_date_1907_1907_1907_number_of_divorces_was_212_in_1907,Number of divorces was 212 in 1907.
fact_date_date_1907_1907_1907_number_of_naturalizations_was_1_397_in_1907,"Number of naturalizations was 1,397 in 1907."
fact_place_place_zurich_switzerland_the_marriage_rate_in_zurich_fell_steadily_between_1898_and_1903_from_1_816_to_1_417_a_reduction_of_22,"The marriage rate in Zurich fell steadily between 1898 and 1903, from 1,816 to 1,417, a reduction of 22%."
fact_place_place_zurich_switzerland_the_surplus_of_births_in_zurich_was_2_702_in_1899_and_has_been_falling_continuously_since_1901,"The surplus of births in Zurich was 2,702 in 1899 and has been falling continuously since 1901."
fact_place_place_zurich_switzerland_in_1905_the_surplus_of_births_in_zurich_was_1_919_despite_the_rising_population,"In 1905, the surplus of births in Zurich was 1,919 despite the rising population."
fact_place_place_zurich_switzerland_in_1901_the_live_birth_rate_in_zurich_was_32_84_of_the_mid_year_population,"In 1901, the live birth rate in Zurich was 32.84‰ of the mid-year population."
fact_place_place_zurich_switzerland_in_1906_the_live_birth_rate_in_zurich_was_25_23_of_the_mid_year_population,"In 1906, the live birth rate in Zurich was 25.23‰ of the mid-year population."
fact_place_place_zurich_switzerland_in_1907_the_live_birth_rate_in_zurich_was_23_25_of_the_mid_year_population,"In 1907, the live birth rate in Zurich was 23.25‰ of the mid-year population."
fact_place_place_zurich_switzerland_mortality_in_zurich_declined_but_not_as_much_as_the_birth_rate,Mortality in Zurich declined but not as much as the birth rate.
fact_place_place_zurich_switzerland_in_1907_zurich_had_a_population_of_81_531_taxpayers,"In 1907, Zurich had a population of 81,531 taxpayers."
fact_place_place_zurich_switzerland_in_1907_only_1_678_taxpayers_in_zurich_declared_an_income_of_5_100_fr_and_more_including_cantonal_and_municipal_officials,"In 1907, only 1,678 taxpayers in Zurich declared an income of 5,100 Fr. and more, including cantonal and municipal officials."
fact_place_place_zurich_switzerland_in_1907_only_1_026_taxpayers_in_zurich_declared_an_income_over_6_100_fr,"In 1907, only 1,026 taxpayers in Zurich declared an income over 6,100 Fr."
fact_place_place_zurich_switzerland_in_1907_only_298_taxpayers_in_zurich_declared_an_income_over_10_100_fr,"In 1907, only 298 taxpayers in Zurich declared an income over 10,100 Fr."
fact_place_place_zurich_switzerland_in_1907_only_1_532_taxpayers_in_zurich_had_assets_over_100_000_fr,"In 1907, only 1,532 taxpayers in Zurich had assets over 100,000 Fr."
fact_date_date_1898_1898_1898_the_marriage_rate_in_zurich_in_1898_was_1_816,"The marriage rate in Zurich in 1898 was 1,816."
fact_date_date_1903_1903_1903_the_marriage_rate_in_zurich_in_1903_was_1_417,"The marriage rate in Zurich in 1903 was 1,417."
fact_date_date_1899_1899_1899_the_surplus_of_births_in_zurich_in_1899_was_2_702,"The surplus of births in Zurich in 1899 was 2,702."
fact_date_date_1901_1901_1901_the_surplus_of_births_in_zurich_began_falling_continuously_since_1901,The surplus of births in Zurich began falling continuously since 1901.
fact_date_date_1901_1901_1901_the_live_birth_rate_in_zurich_in_1901_was_32_84_of_the_mid_year_population,The live birth rate in Zurich in 1901 was 32.84‰ of the mid-year population.
fact_date_date_1905_1905_1905_the_surplus_of_births_in_zurich_in_1905_was_1_919_despite_the_rising_population,"The surplus of births in Zurich in 1905 was 1,919 despite the rising population."
fact_date_date_1906_1906_1906_the_live_birth_rate_in_zurich_in_1906_was_25_23_of_the_mid_year_population,The live birth rate in Zurich in 1906 was 25.23‰ of the mid-year population.
fact_date_date_1907_1907_1907_the_live_birth_rate_in_zurich_in_1907_was_23_25_of_the_mid_year_population,The live birth rate in Zurich in 1907 was 23.25‰ of the mid-year population.
fact_date_date_1907_1907_1907_in_1907_zurich_had_a_population_of_81_531_taxpayers,"In 1907, Zurich had a population of 81,531 taxpayers."
fact_date_date_1907_1907_1907_in_1907_only_1_678_taxpayers_in_zurich_declared_an_income_of_5_100_fr_and_more_including_cantonal_and_municipal_officials,"In 1907, only 1,678 taxpayers in Zurich declared an income of 5,100 Fr. and more, including cantonal and municipal officials."
fact_date_date_1907_1907_1907_in_1907_only_1_026_taxpayers_in_zurich_declared_an_income_over_6_100_fr,"In 1907, only 1,026 taxpayers in Zurich declared an income over 6,100 Fr."
fact_date_date_1907_1907_1907_in_1907_only_298_taxpayers_in_zurich_declared_an_income_over_10_100_fr,"In 1907, only 298 taxpayers in Zurich declared an income over 10,100 Fr."
fact_date_date_1907_1907_1907_in_1907_only_1_532_taxpayers_in_zurich_had_assets_over_100_000_fr,"In 1907, only 1,532 taxpayers in Zurich had assets over 100,000 Fr."
fact_place_place_resident_population_the_resident_population_is_referenced_in_the_context_of_zurich,The resident population is referenced in the context of Zurich.
fact_date_date_1906_1906_1906_the_mutation_amounts_arise_in_the_resident_population_corresponding_to_the_normal_year_1906,The mutation amounts arise in the resident population corresponding to the normal year 1906.
fact_place_place_zurich_switzerland_about_78_000_persons_moved_within_the_city,"About 78,000 persons moved within the city."
fact_place_place_zurich_switzerland_about_44_000_persons_moved_in_to_the_city,"About 44,000 persons moved in to the city."
fact_place_place_zurich_switzerland_about_40_700_persons_moved_out_of_the_city,"About 40,700 persons moved out of the city."
fact_place_place_zurich_switzerland_the_city_had_a_gain_of_3_300_persons_due_to_migration,"The city had a gain of 3,300 persons due to migration."
fact_place_place_zurich_switzerland_there_were_1_750_marriages_in_the_resident_population_of_the_city,"There were 1,750 marriages in the resident population of the city."
fact_place_place_zurich_switzerland_there_were_about_4_300_births_in_the_city,"There were about 4,300 births in the city."
fact_place_place_zurich_switzerland_there_were_about_2_550_deaths_in_the_city,"There were about 2,550 deaths in the city."
fact_place_place_zurich_switzerland_the_city_had_a_surplus_of_births_of_1_750_persons,"The city had a surplus of births of 1,750 persons."
fact_place_place_zurich_switzerland_the_annual_increase_in_population_was_5_050_persons,"The annual increase in population was 5,050 persons."
fact_place_place_zurich_switzerland_guests_staying_in_hotels_numbered_about_300_000_persons,"Guests staying in hotels numbered about 300,000 persons."
fact_place_place_cologne_germany_cologne_has_a_move_rate_of_44,Cologne has a move rate of 44%.
fact_place_place_wrocław_poland_breslau_has_a_move_rate_of_49,Breslau has a move rate of 49%.
fact_place_place_dresden_germany_dresden_has_a_move_rate_of_28,Dresden has a move rate of 28%.
fact_place_place_nuremberg_germany_nuremberg_has_a_move_rate_of_36,Nuremberg has a move rate of 36%.
fact_place_place_district_i_district_i_had_29_500_inhabitants_in_1895,"District I had 29,500 inhabitants in 1895."
fact_place_place_district_i_district_i_had_25_900_inhabitants_at_the_end_of_1900,"District I had 25,900 inhabitants at the end of 1900."
fact_place_place_district_i_district_i_had_20_000_inhabitants_in_1906_the_same_as_early_as_1860,"District I had 20,000 inhabitants in 1906, the same as early as 1860."
fact_date_date_1895_1895_1895_district_i_had_29_500_inhabitants_in_1895,"District I had 29,500 inhabitants in 1895."
fact_date_date_end_of_1900_1900_1900_district_i_had_25_900_inhabitants_at_the_end_of_1900,"District I had 25,900 inhabitants at the end of 1900."
fact_date_date_1906_1906_1906_district_i_had_20_000_inhabitants_in_1906_the_same_as_early_as_1860,"District I had 20,000 inhabitants in 1906, the same as early as 1860."
fact_date_date_early_as_1860_1860_1860_district_i_had_20_000_inhabitants_in_1906_the_same_as_early_as_1860,"District I had 20,000 inhabitants in 1906, the same as early as 1860."
fact_date_date_1893_1893_1893_immigration_amounted_to_27_100_persons_in_1893,"Immigration amounted to 27,100 persons in 1893."
fact_date_date_1905_1905_1905_immigration_amounted_to_40_300_persons_in_1905,"Immigration amounted to 40,300 persons in 1905."
fact_place_place_zurich_switzerland_the_year_1908_showed_a_migration_gain_of_only_913_persons_in_zurich,The year 1908 showed a migration gain of only 913 persons in Zurich.
fact_place_place_zurich_switzerland_immigration_in_zurich_in_1908_was_45_403_persons,"Immigration in Zurich in 1908 was 45,403 persons."
fact_place_place_zurich_switzerland_emigration_in_zurich_in_1908_was_44_490_persons,"Emigration in Zurich in 1908 was 44,490 persons."
fact_place_place_zurich_switzerland_italian_immigration_to_zurich_fell_from_8_200_in_1907_to_7_100_in_1908,"Italian immigration to Zurich fell from 8,200 in 1907 to 7,100 in 1908."
fact_place_place_zurich_switzerland_the_number_of_marriages_in_zurich_in_1908_was_1_877_the_maximum_since_1893,"The number of marriages in Zurich in 1908 was 1,877, the maximum since 1893."
fact_date_date_1908_1908_1908_the_year_1908_showed_a_migration_gain_of_only_913_persons,The year 1908 showed a migration gain of only 913 persons.
fact_date_date_1908_1908_1908_immigration_was_45_403_and_emigration_was_44_490_in_1908,"Immigration was 45,403 and emigration was 44,490 in 1908."
fact_date_date_1908_1908_1908_italian_immigration_fell_to_7_100_in_1908,"Italian immigration fell to 7,100 in 1908."
fact_date_date_1908_1908_1908_number_of_marriages_was_1_877_in_1908,"Number of marriages was 1,877 in 1908."
fact_date_date_1907_1907_1907_migration_gain_in_1907_was_2_735,"Migration gain in 1907 was 2,735."
fact_date_date_1907_1907_1907_italian_immigration_was_8_200_in_1907,"Italian immigration was 8,200 in 1907."
fact_date_date_1902_1902_1902_the_migration_gain_in_1908_was_never_so_low_since_1902,The migration gain in 1908 was never so low since 1902.
fact_date_date_1893_1893_1893_the_number_of_marriages_in_1908_was_the_maximum_since_1893,The number of marriages in 1908 was the maximum since 1893.
fact_place_place_zurich_switzerland_the_city_citizen_population_has_been_in_significant_decline_for_years_due_to_excess_deaths,The city-citizen population has been in significant decline for years due to excess deaths.
fact_place_place_zurich_switzerland_foreigners_have_predominated_in_the_still_remaining_birth_surplus_in_recent_years,Foreigners have predominated in the still remaining birth surplus in recent years.
fact_date_date_1901_1901_1901_for_the_first_time_since_1901_the_number_of_births_increased_to_4_246,"For the first time since 1901, the number of births increased to 4,246."
fact_date_date_1907_1907_1907_in_1907_foreigners_made_up_53_4_of_the_birth_surplus,"In 1907, foreigners made up 53.4% of the birth surplus."
fact_place_place_zurich_switzerland_zurich_received_40_289_immigrants_in_1905,"Zurich received 40,289 immigrants in 1905."
fact_place_place_zurich_switzerland_of_the_immigrants_in_zurich_in_1905_21_711_were_foreigners,"Of the immigrants in Zurich in 1905, 21,711 were foreigners."
fact_place_place_zurich_switzerland_half_of_the_foreigners_in_zurich_in_1905_were_germans,Half of the foreigners in Zurich in 1905 were Germans.
fact_place_place_zurich_switzerland_a_quarter_of_the_foreigners_in_zurich_in_1905_were_italians,A quarter of the foreigners in Zurich in 1905 were Italians.
fact_place_place_zurich_switzerland_a_quarter_of_the_foreigners_in_zurich_in_1905_were_from_austria_russia_france_etc,"A quarter of the foreigners in Zurich in 1905 were from Austria, Russia, France, etc."
fact_place_place_zurich_switzerland_42_5_of_all_immigrants_came_directly_from_abroad_to_zurich,42.5% of all immigrants came directly from abroad to Zurich.
fact_place_place_zurich_switzerland_of_those_coming_from_other_swiss_locations_to_zurich_30_were_foreigners,"Of those coming from other Swiss locations to Zurich, 30% were foreigners."
fact_place_place_zurich_switzerland_16_of_all_immigrants_in_zurich_in_1905_were_dependents,16% of all immigrants in Zurich in 1905 were dependents.
fact_place_place_zurich_switzerland_84_of_all_immigrants_in_zurich_in_1905_were_self_employed,84% of all immigrants in Zurich in 1905 were self-employed.
fact_place_place_zurich_switzerland_more_than_80_of_all_immigrants_moved_for_economic_reasons,More than 80% of all immigrants moved for economic reasons.
fact_place_place_zurich_switzerland_in_1905_34_1_of_all_immigrants_to_zurich_came_from_a_distance_of_up_to_50_kilometers,"In 1905, 34.1% of all immigrants to Zurich came from a distance of up to 50 kilometers."
fact_place_place_zurich_switzerland_in_1905_25_of_immigrants_from_up_to_50_kilometers_came_from_at_most_10_km,"In 1905, 25% of immigrants from up to 50 kilometers came from at most 10 km."
fact_place_place_zurich_switzerland_in_1905_19_5_of_all_immigrants_to_zurich_came_from_50_100_km_distance,"In 1905, 19.5% of all immigrants to Zurich came from 50–100 km distance."
fact_place_place_zurich_switzerland_in_1905_23_1_of_all_immigrants_to_zurich_came_from_over_300_km_distance,"In 1905, 23.1% of all immigrants to Zurich came from over 300 km distance."
fact_date_date_1905_1905_1905_in_1905_zurich_had_40_289_immigrants,"In 1905, Zurich had 40,289 immigrants."
fact_date_date_1905_1905_1905_in_1905_21_711_of_the_immigrants_in_zurich_were_foreigners,"In 1905, 21,711 of the immigrants in Zurich were foreigners."
fact_date_date_1905_1905_1905_in_1905_34_1_of_all_immigrants_to_zurich_came_from_a_distance_of_up_to_50_kilometers,"In 1905, 34.1% of all immigrants to Zurich came from a distance of up to 50 kilometers."
fact_date_date_1905_1905_1905_in_1905_19_5_of_all_immigrants_to_zurich_came_from_50_100_km_distance,"In 1905, 19.5% of all immigrants to Zurich came from 50–100 km distance."
fact_date_date_1905_1905_1905_in_1905_23_1_of_all_immigrants_to_zurich_came_from_over_300_km_distance,"In 1905, 23.1% of all immigrants to Zurich came from over 300 km distance."
fact_date_date_1905_1905_1905_in_1905_16_of_all_immigrants_in_zurich_were_dependents,"In 1905, 16% of all immigrants in Zurich were dependents."
fact_date_date_1905_1905_1905_in_1905_84_of_all_immigrants_in_zurich_were_self_employed,"In 1905, 84% of all immigrants in Zurich were self-employed."
fact_place_place_zurich_switzerland_zurich_is_mentioned_in_the_context_of_gemüsemarkt_and_st_peter_s_church,Zurich is mentioned in the context of Gemüsemarkt and St. Peter's Church.
fact_place_place_gemüsemarkt_gemüsemarkt_is_a_location_in_zurich,Gemüsemarkt is a location in Zurich.
fact_place_place_st_peter_s_church_st_peter_s_church_is_a_location_in_zurich,St. Peter's Church is a location in Zurich.
fact_place_place_inner_city_in_the_inner_city_more_and_more_former_apartments_are_being_converted_into_department_stores_and_offices,"In the inner city, more and more former apartments are being converted into department stores and offices."
fact_place_place_outer_districts_there_is_lively_construction_activity_in_the_outer_districts_which_is_often_interrupted_by_strikes,"There is lively construction activity in the outer districts, which is often interrupted by strikes."
fact_place_place_zurich_switzerland_zurich_marches_near_the_top_of_swiss_cities_in_terms_of_average_room_price,Zurich marches near the top of Swiss cities in terms of average room price.
fact_date_date_1906_07_1906_1907_the_average_room_price_was_279_fr_in_1906_07,The average room price was 279 Fr. in 1906/07.
fact_place_place_zurich_switzerland_the_city_has_established_an_official_municipal_housing_register_since_june_1906,The city has established an official municipal housing register since June 1906.
fact_place_place_zurich_switzerland_the_city_builds_its_own_apartment_blocks,The city builds its own apartment blocks.
fact_place_place_zurich_switzerland_in_1907_a_total_of_213_new_buildings_were_built_with_696_apartments_and_insured_for_17_4_million_fr,"In 1907, a total of 213 new buildings were built with 696 apartments and insured for 17.4 million Fr."
fact_place_place_zurich_switzerland_in_1907_zurich_counted_14_641_buildings,"In 1907, Zurich counted 14,641 buildings."
fact_place_place_zurich_switzerland_750_buildings_have_been_added_since_1899,750 buildings have been added since 1899.
fact_date_date_june_1906_1906_1906_the_official_municipal_housing_register_has_been_in_operation_since_june_1906,The official municipal housing register has been in operation since June 1906.
fact_date_date_1907_1907_1907_in_1907_a_total_of_213_new_buildings_were_built_with_696_apartments_and_insured_for_17_4_million_fr,"In 1907, a total of 213 new buildings were built with 696 apartments and insured for 17.4 million Fr."
fact_date_date_1907_1907_1907_in_1907_zurich_counted_14_641_buildings,"In 1907, Zurich counted 14,641 buildings."
fact_date_date_since_1899_1899_1907_750_buildings_have_been_added_since_1899,750 buildings have been added since 1899.
fact_place_place_zurich_switzerland_since_the_general_removal_of_the_old_ramparts_and_leveling_of_their_ditches_in_1833_the_structural_development_of_the_city_has_thrived,"Since the general removal of the old ramparts and leveling of their ditches in 1833, the structural development of the city has thrived."
fact_place_place_zurich_switzerland_especially_through_the_city_unification_in_1893_it_took_a_tremendous_upswing,"Especially through the city unification in 1893, it took a tremendous upswing."
fact_place_place_zurich_switzerland_a_new_building_law_for_localities_with_urban_conditions_1893_requires_greater_distance_of_houses_from_neighboring_plots_3_5_m,A new building law for localities with urban conditions (1893) requires greater distance of houses from neighboring plots (3.5 m).
fact_place_place_zurich_switzerland_previously_everyone_built_more_or_less_for_themselves_as_they_liked,"Previously, everyone built more or less for themselves as they liked."
fact_place_place_zurich_switzerland_in_1770_houses_were_on_average_2½_storeys_high,"In 1770, houses were on average 2½ storeys high."
fact_date_date_1833_1833_1833_since_the_general_removal_of_the_old_ramparts_and_leveling_of_their_ditches_in_1833_the_structural_development_of_the_city_has_thrived,"Since the general removal of the old ramparts and leveling of their ditches in 1833, the structural development of the city has thrived."
fact_date_date_1893_1893_1893_especially_through_the_city_unification_in_1893_it_took_a_tremendous_upswing,"Especially through the city unification in 1893, it took a tremendous upswing."
fact_date_date_1893_1893_1893_a_new_building_law_for_localities_with_urban_conditions_1893_requires_greater_distance_of_houses_from_neighboring_plots_3_5_m,A new building law for localities with urban conditions (1893) requires greater distance of houses from neighboring plots (3.5 m).
fact_date_date_1770_1770_1770_in_1770_houses_were_on_average_2½_storeys_high,"In 1770, houses were on average 2½ storeys high."
fact_place_place_zurich_switzerland_the_new_building_law_in_zurich_no_longer_allows_the_6th_residential_floor_and_requires_a_minimum_height_of_2_5_m_for_living_rooms,The new building law in Zurich no longer allows the 6th residential floor and requires a minimum height of 2.5 m for living rooms.
fact_place_place_zurich_switzerland_in_zurich_regulations_for_open_development_of_large_districts_were_added_in_1901,"In Zurich, regulations for open development of large districts were added in 1901."
fact_place_place_zurich_switzerland_before_1900_in_zurich_single_family_houses_were_only_7_6_of_all_residential_buildings,"Before 1900 in Zurich, single-family houses were only 7.6% of all residential buildings."
fact_place_place_zurich_switzerland_after_1900_in_zurich_single_family_houses_increased_to_19_8_of_all_residential_buildings,"After 1900 in Zurich, single-family houses increased to 19.8% of all residential buildings."
fact_place_place_zurich_switzerland_around_1900_in_zurich_a_construction_and_real_estate_crisis_appeared,"Around 1900 in Zurich, a construction and real estate crisis appeared."
fact_date_date_1901_1901_1901_in_1901_regulations_for_open_development_of_large_districts_were_added,"In 1901, regulations for open development of large districts were added."
fact_date_date_before_1900_none_1899_before_1900_single_family_houses_were_only_7_6_of_all_residential_buildings,"Before 1900, single-family houses were only 7.6% of all residential buildings."
fact_date_date_afterwards_1900_none_after_1900_single_family_houses_increased_to_19_8_of_all_residential_buildings,"After 1900, single-family houses increased to 19.8% of all residential buildings."
fact_date_date_around_1900_1895_1905_around_1900_a_construction_and_real_estate_crisis_appeared,"Around 1900, a construction and real estate crisis appeared."
fact_place_place_zurich_switzerland_zurich_today_has_its_current_territorial_extent,Zurich today has its current territorial extent.
fact_date_date_since_1809_1809_2024_since_1809_there_has_been_the_state_fire_insurance_with_model_registration_of_construction_activity,Since 1809 there has been the state fire insurance with model registration of construction activity.
fact_place_place_zurich_switzerland_zurich_becomes_more_a_residential_city_again_except_for_the_old_town,"Zurich becomes more a residential city again, except for the old town."
fact_date_date_1906_1906_1906_the_total_insurance_value_of_private_buildings_with_and_without_apartments_and_public_buildings_was_in_1906_681_9_million_swiss_francs,The total insurance value of private buildings with and without apartments and public buildings was in 1906 681.9 million Swiss francs.
fact_place_place_zurich_switzerland_in_1906_there_were_a_total_of_35_900_apartments_in_the_city,"In 1906, there were a total of 35,900 apartments in the city."
fact_date_date_1906_1906_1906_in_1906_there_were_a_total_of_35_900_apartments_in_the_city,"In 1906, there were a total of 35,900 apartments in the city."
fact_place_place_zurich_switzerland_the_paragraph_is_from_a_page_about_zurich,The paragraph is from a page about Zurich.
fact_place_place_zurich_switzerland_the_periodic_reports_of_the_statistical_office_of_the_city_of_zurich_are_used_as_sources,The periodic reports of the statistical office of the city of Zurich are used as sources.
fact_place_place_zurich_switzerland_wolff_h_wrote_about_zurich_s_population_since_the_city_unification_1893_1906,"Wolff, H. wrote about Zurich's population since the city unification (1893–1906)."
fact_place_place_zurich_switzerland_the_immigration_into_the_city_is_analyzed_according_to_the_kilometer_distance_of_immigration_regions,The immigration into the city is analyzed according to the kilometer distance of immigration regions.
fact_place_place_zurich_switzerland_wolff_h_gave_a_lecture_on_zurich_s_structural_development_especially_housing_construction_at_the_statistical_and_economic_society_of_the_canton_of_zurich_in_january,"Wolff, H. gave a lecture on Zurich’s structural development, especially housing construction, at the Statistical and Economic Society of the Canton of Zurich in January 1908."
fact_date_date_1893_1906_1893_1906_wolff_h_wrote_about_zurich_s_population_since_the_city_unification_1893_1906,"Wolff, H. wrote about Zurich's population since the city unification (1893–1906)."
fact_date_date_1907_1907_1907_annual_report_of_the_city_council_for_1907,Annual report of the city council for 1907.
fact_date_date_1908_1908_1908_wolff_h_gave_a_lecture_on_zurich_s_structural_development_in_january_1908,"Wolff, H. gave a lecture on Zurich’s structural development in January 1908."
fact_place_place_lake_the_natural_water_conditions_of_the_lake_likely_influenced_the_city_s_health_conditions,The natural water conditions of the lake likely influenced the city’s health conditions.
fact_place_place_limmat_zurich_switzerland_the_natural_water_conditions_of_the_limmat_likely_influenced_the_city_s_health_conditions,The natural water conditions of the Limmat likely influenced the city’s health conditions.
fact_place_place_limmat_zurich_switzerland_in_1553_one_could_paddle_around_fraumünster_in_a_canoe_on_the_limmat,"In 1553, one could paddle around Fraumünster in a canoe on the Limmat."
fact_place_place_limmat_zurich_switzerland_in_1556_the_limmat_flowed_over_the_mill_piers,"In 1556, the Limmat flowed over the mill piers."
fact_place_place_sihl_zurich_switzerland_the_natural_water_conditions_of_the_sihl_likely_influenced_the_city_s_health_conditions,The natural water conditions of the Sihl likely influenced the city’s health conditions.
fact_place_place_zurich_switzerland_the_natural_water_conditions_of_the_lake_limmat_and_sihl_likely_influenced_the_city_s_health_conditions,"The natural water conditions of the lake, Limmat, and Sihl likely influenced the city’s health conditions."
fact_place_place_house_zum_schwert_in_1344_an_inundation_washed_away_the_house_zum_schwert,"In 1344, an inundation washed away the house “zum Schwert”."
fact_place_place_three_mills_in_1344_an_inundation_washed_away_three_mills,"In 1344, an inundation washed away three mills."
fact_place_place_hardturm_bridge_zurich_switzerland_in_1344_debris_from_the_inundation_destroyed_the_bridge_at_hardturm,"In 1344, debris from the inundation destroyed the bridge at Hardturm."
fact_place_place_fraumünster_zurich_switzerland_in_1553_one_could_paddle_around_fraumünster_in_a_canoe,"In 1553, one could paddle around Fraumünster in a canoe."
fact_date_date_1344_1344_1344_in_1344_an_inundation_washed_away_the_house_zum_schwert_and_three_mills_whose_debris_destroyed_the_bridge_at_hardturm,"In 1344, an inundation washed away the house “zum Schwert” and three mills, whose debris destroyed the bridge at Hardturm."
fact_date_date_1553_1553_1553_in_1553_one_could_paddle_around_fraumünster_in_a_canoe,"In 1553, one could paddle around Fraumünster in a canoe."
fact_date_date_1556_1556_1556_in_1556_the_limmat_flowed_over_the_mill_piers,"In 1556, the Limmat flowed over the mill piers."
fact_place_place_sihl_zurich_switzerland_the_sihl_also_occasionally_flooded_the_platzspitz,The Sihl also occasionally flooded the Platzspitz.
fact_place_place_platzspitz_zurich_switzerland_the_sihl_also_occasionally_flooded_the_platzspitz,The Sihl also occasionally flooded the Platzspitz.
fact_place_place_weinplatz_zurich_switzerland_in_1404_and_1512_one_could_walk_dryfoot_from_weinplatz_to_the_town_hall,"In 1404 and 1512, one could walk dryfoot from Weinplatz to the town hall."
fact_place_place_weinplatz_zurich_switzerland_weinplatz_was_then_called_kornhausplatz_in_1404_and_1512,Weinplatz was then called Kornhausplatz in 1404 and 1512.
fact_place_place_town_hall_in_1404_and_1512_one_could_walk_dryfoot_from_weinplatz_to_the_town_hall,"In 1404 and 1512, one could walk dryfoot from Weinplatz to the town hall."
fact_place_place_lower_vegetable_bridge_the_big_stone_below_the_lower_vegetable_bridge_was_dry_in_1580_1585_1654_1740_and_1814,"The big stone below the lower (vegetable) bridge was dry in 1580, 1585, 1654, 1740, and 1814."
fact_date_date_1404_1404_1404_in_1404_one_could_walk_dryfoot_from_weinplatz_to_the_town_hall,"In 1404, one could walk dryfoot from Weinplatz to the town hall."
fact_date_date_1512_1512_1512_in_1512_one_could_walk_dryfoot_from_weinplatz_to_the_town_hall,"In 1512, one could walk dryfoot from Weinplatz to the town hall."
fact_date_date_1580_1580_1580_the_big_stone_below_the_lower_vegetable_bridge_was_dry_in_1580,The big stone below the lower (vegetable) bridge was dry in 1580.
fact_date_date_1585_1585_1585_the_big_stone_below_the_lower_vegetable_bridge_was_dry_in_1585,The big stone below the lower (vegetable) bridge was dry in 1585.
fact_date_date_1654_1654_1654_the_big_stone_below_the_lower_vegetable_bridge_was_dry_in_1654,The big stone below the lower (vegetable) bridge was dry in 1654.
fact_date_date_1740_1740_1740_the_big_stone_below_the_lower_vegetable_bridge_was_dry_in_1740,The big stone below the lower (vegetable) bridge was dry in 1740.
fact_date_date_1814_1814_1814_the_big_stone_below_the_lower_vegetable_bridge_was_dry_in_1814,The big stone below the lower (vegetable) bridge was dry in 1814.
fact_date_date_1908_1908_1908_in_1908_water_levels_were_very_low_but_caused_no_further_major_disadvantages,"In 1908, water levels were very low but caused no further major disadvantages."
fact_place_place_lake_zurich_zurich_switzerland_the_average_lake_level_is_409_2_m_above_sea_level,The average lake level is 409.2 m above sea level.
fact_place_place_lake_zurich_zurich_switzerland_the_highest_lake_level_reached_was_411_00_m_on_july_8_1817,"The highest lake level reached was 411.00 m on July 8, 1817."
fact_place_place_lake_zurich_zurich_switzerland_the_lowest_lake_levels_recorded_were_408_50_m_on_january_29_1854_408_56_m_on_february_25_1882_and_408_60_m_on_february_25_1891,"The lowest lake levels recorded were 408.50 m on January 29, 1854, 408.56 m on February 25, 1882, and 408.60 m on February 25, 1891."
fact_place_place_lake_zurich_zurich_switzerland_the_zero_point_of_lake_and_limmat_gauges_was_411_28_m_in_march_1909,The zero point of lake and Limmat gauges was 411.28 m in March 1909.
fact_place_place_lake_zurich_zurich_switzerland_the_lake_area_is_87_78_km²,The lake area is 87.78 km².
fact_place_place_lake_zurich_zurich_switzerland_the_water_content_of_the_lake_is_4_000_million_m³,"The water content of the lake is 4,000 million m³."
fact_place_place_lake_zurich_zurich_switzerland_the_catchment_area_is_1_819_7_km²,"The catchment area is 1,819.7 km²."
fact_place_place_limmat_zurich_switzerland_average_discharge_of_limmat_and_schanzengraben_is_87_m³_s,Average discharge of Limmat and Schanzengraben is 87 m³/s.
fact_place_place_limmat_zurich_switzerland_maximum_discharge_was_350_m³_s_on_june_15_1876,"Maximum discharge was 350 m³/s on June 15, 1876."
fact_place_place_limmat_zurich_switzerland_minimum_discharge_was_15_5_m³_s_on_february_25_1891,"Minimum discharge was 15.5 m³/s on February 25, 1891."
fact_place_place_schanzengraben_zurich_switzerland_average_discharge_of_limmat_and_schanzengraben_is_87_m³_s,Average discharge of Limmat and Schanzengraben is 87 m³/s.
fact_place_place_schanzengraben_zurich_switzerland_maximum_discharge_was_350_m³_s_on_june_15_1876,"Maximum discharge was 350 m³/s on June 15, 1876."
fact_place_place_schanzengraben_zurich_switzerland_minimum_discharge_was_15_5_m³_s_on_february_25_1891,"Minimum discharge was 15.5 m³/s on February 25, 1891."
fact_date_date_july_8_1817_1817_1817_the_highest_lake_level_reached_was_411_00_m_on_july_8_1817,"The highest lake level reached was 411.00 m on July 8, 1817."
fact_date_date_january_29_1854_1854_1854_the_lowest_lake_level_recorded_was_408_50_m_on_january_29_1854,"The lowest lake level recorded was 408.50 m on January 29, 1854."
fact_date_date_february_25_1882_1882_1882_the_lowest_lake_level_recorded_was_408_56_m_on_february_25_1882,"The lowest lake level recorded was 408.56 m on February 25, 1882."
fact_date_date_february_25_1891_1891_1891_the_lowest_lake_level_recorded_was_408_60_m_on_february_25_1891,"The lowest lake level recorded was 408.60 m on February 25, 1891."
fact_date_date_february_25_1891_1891_1891_minimum_discharge_was_15_5_m³_s_on_february_25_1891,"Minimum discharge was 15.5 m³/s on February 25, 1891."
fact_date_date_march_1909_1909_1909_the_zero_point_of_lake_and_limmat_gauges_was_411_28_m_in_march_1909,The zero point of lake and Limmat gauges was 411.28 m in March 1909.
fact_date_date_june_15_1876_1876_1876_maximum_discharge_was_350_m³_s_on_june_15_1876,"Maximum discharge was 350 m³/s on June 15, 1876."
fact_place_place_lake_the_lake_acts_health_conserving_as_a_general_climatic_factor_and_as_a_bathing_opportunity,The lake acts health-conserving as a general climatic factor and as a bathing opportunity.
fact_place_place_lake_the_average_surface_temperature_of_the_lake_is_10_9_c,The average surface temperature of the lake is 10.9 °C.
fact_place_place_lake_the_maximum_surface_temperature_of_the_lake_is_22_0_c,The maximum surface temperature of the lake is 22.0 °C.
fact_place_place_lake_at_16_m_depth_the_lake_temperature_is_5_9_or_11_6_c,"At 16 m depth, the lake temperature is 5.9 or 11.6 °C."
fact_place_place_lake_individuals_bathe_in_the_lake_even_in_winter_including_during_frozen_lake_conditions,"Individuals bathe in the lake even in winter, including during frozen lake conditions."
fact_place_place_zurich_switzerland_the_city_of_zurich_maintains_11_public_bathhouses_in_the_lake_in_the_limmat_and_in_the_schanzengraben,"The city of Zurich maintains 11 public bathhouses in the lake, in the Limmat, and in the Schanzengraben."
fact_place_place_zurich_switzerland_the_bathhouses_register_300_000_to_400_000_visitors_annually,"The bathhouses register 300,000 to 400,000 visitors annually."
fact_place_place_zurich_switzerland_three_of_the_bathhouses_are_free,Three of the bathhouses are free.
fact_place_place_zurich_switzerland_the_city_grants_annual_subsidies_to_the_air_and_sun_bath_facilities_of_the_nature_cure_association,The city grants annual subsidies to the air and sun bath facilities of the nature cure association.
fact_place_place_zurich_switzerland_the_city_recently_expanded_the_men_s_bathhouse_at_bürkliplatz_for_air_baths,The city recently expanded the men's bathhouse at Bürkliplatz for air baths.
fact_place_place_limmat_zurich_switzerland_the_city_of_zurich_maintains_public_bathhouses_in_the_limmat,The city of Zurich maintains public bathhouses in the Limmat.
fact_place_place_schanzengraben_zurich_switzerland_the_city_of_zurich_maintains_public_bathhouses_in_the_schanzengraben,The city of Zurich maintains public bathhouses in the Schanzengraben.
fact_place_place_bürkliplatz_zurich_switzerland_the_men_s_bathhouse_at_bürkliplatz_was_recently_expanded_for_air_baths,The men's bathhouse at Bürkliplatz was recently expanded for air baths.
fact_date_date_1907_1907_1907_in_1907_bad_summer_289_077_paying_visitors_were_recorded_at_the_bathhouses,"In 1907 (bad summer), 289,077 paying visitors were recorded at the bathhouses."
fact_date_date_1906_1906_1906_in_1906_343_816_paying_visitors_were_recorded_at_the_bathhouses,"In 1906, 343,816 paying visitors were recorded at the bathhouses."
fact_place_place_lindenhof_zurich_switzerland_the_old_city_already_had_its_lindenhof_the_historical_core_point_of_the_city,"The old city already had its Lindenhof, the “historical core point of the city.”"
fact_place_place_lindenhof_zurich_switzerland_the_roman_castrum_turicense_and_later_a_royal_palace_were_said_to_have_stood_on_the_lindenhof,The Roman castrum Turicense and later a royal palace were said to have stood on the Lindenhof.
fact_place_place_winkelwies_on_the_geissberg_the_winkelwies_is_located_on_the_geissberg,The Winkelwies is located on the Geissberg.
fact_place_place_platzspitz_zurich_switzerland_the_old_shooting_meadow_is_now_the_platzspitz_promenade,The old shooting meadow is now the Platzspitz promenade.
fact_place_place_botanical_garden_the_botanical_garden_came_later_as_an_open_space_in_the_city,The botanical garden came later as an open space in the city.
fact_place_place_sihlhölzli_zurich_switzerland_sihlhölzli_is_one_of_the_open_spaces_mentioned,Sihlhölzli is one of the open spaces mentioned.
fact_place_place_high_promenade_with_old_churchyard_the_high_promenade_includes_an_old_churchyard,The High Promenade includes an old churchyard.
fact_place_place_heimplatz_zurich_switzerland_heimplatz_is_one_of_the_city_s_open_spaces,Heimplatz is one of the city’s open spaces.
fact_place_place_stadelhoferplatz_zurich_switzerland_stadelhoferplatz_is_one_of_the_city_s_open_spaces,Stadelhoferplatz is one of the city’s open spaces.
fact_place_place_town_hall_facilities_the_town_hall_facilities_are_part_of_the_city_s_open_spaces,The town hall facilities are part of the city’s open spaces.
fact_place_place_large_quays_with_the_wonderful_quay_facilities_the_large_quays_with_wonderful_quay_facilities_stretch_like_green_foliage_from_belvoirpark_to_the_quaibrücke_and_from_there_on_the_right,The large quays with wonderful quay facilities stretch like green foliage from Belvoirpark to the Quaibrücke and from there on the right bank to Zurichhorn.
fact_place_place_belvoirpark_zurich_switzerland_belvoirpark_is_the_starting_point_of_the_large_quays_and_quay_facilities,Belvoirpark is the starting point of the large quays and quay facilities.
fact_place_place_quaibrücke_zurich_switzerland_the_large_quays_and_quay_facilities_stretch_to_the_quaibrücke,The large quays and quay facilities stretch to the Quaibrücke.
fact_place_place_zurichhorn_zurich_switzerland_the_quay_facilities_continue_from_the_quaibrücke_on_the_right_bank_to_zurichhorn,The quay facilities continue from the Quaibrücke on the right bank to Zurichhorn.
fact_place_place_zurichhorn_zurich_switzerland_zurichhorn_is_known_for_its_friendly_old_willows_painted_by_rudolf_koller,Zurichhorn is known for its friendly old willows painted by Rudolf Koller.
fact_date_date_may_24_1908_1908_1908_a_large_part_of_the_facilities_were_damaged_on_may_24_1908_by_unusual_snow_load_on_the_young_leafy_branches,"A large part of the facilities were damaged on May 24, 1908, by unusual snow load on the young leafy branches."
fact_place_place_limmatplatz_zurich_switzerland_open_spaces_with_trees_and_playgrounds_are_provided_at_limmatplatz,Open spaces with trees and playgrounds are provided at Limmatplatz.
fact_place_place_rotwand_area_open_spaces_with_trees_and_playgrounds_are_provided_in_the_rotwand_area,Open spaces with trees and playgrounds are provided in the Rotwand area.
fact_place_place_city_alleys_there_are_4_000_street_trees_in_the_city_alleys,"There are 4,000 street trees in the city alleys."
fact_place_place_hotel_parks_baur_au_lac_dolder_there_are_several_hotel_parks_including_baur_au_lac_and_dolder,There are several hotel parks including Baur au Lac and Dolder.
fact_place_place_zurichberg_zurich_switzerland_there_are_villa_rich_districts_with_open_development_on_the_slopes_of_the_zurichberg,There are villa-rich districts with open development on the slopes of the Zurichberg.
fact_place_place_zurichberg_zurich_switzerland_the_large_forest_promenade_facilities_on_the_zurichberg_are_among_the_most_beautiful,The large forest promenade facilities on the Zurichberg are among the most beautiful.
fact_place_place_uetliberg_zurich_switzerland_there_are_villa_rich_districts_with_open_development_at_the_uetliberg_foot,There are villa-rich districts with open development at the Uetliberg foot.
fact_place_place_forest_promenade_facilities_on_the_zurichberg_käferberg_and_uetliberg_the_large_forest_promenade_facilities_on_the_zurichberg_käferberg_and_uetliberg_are_the_most_beautiful,"The large forest promenade facilities on the Zurichberg, Käferberg, and Uetliberg are the most beautiful."
fact_place_place_beautification_association_of_zurich_and_surroundings_the_beautification_association_of_zurich_and_surroundings_has_laid_out_the_forest_promenade_facilities_since_its_foundation,The Beautification Association of Zurich and Surroundings has laid out the forest promenade facilities since its foundation.
fact_date_date_1905_1905_1905_there_were_4_000_street_trees_in_the_city_alleys_in_1905,"There were 4,000 street trees in the city alleys in 1905."
fact_date_date_early_1870s_1870_1873_the_beautification_association_of_zurich_and_surroundings_was_founded_in_the_early_1870s,The Beautification Association of Zurich and Surroundings was founded in the early 1870s.
fact_place_place_manessebrünneli_uetliberg_zurich_switzerland_manessebrünneli_is_located_at_uetliberg,Manessebrünneli is located at Uetliberg.
fact_place_place_waldhüsli_waldhüsli_is_one_of_the_artistic_bridges_or_exquisite_surprises_in_the_green_halls,Waldhüsli is one of the artistic bridges or exquisite surprises in the green halls.
fact_place_place_elephant_elephant_is_one_of_the_artistic_bridges_or_exquisite_surprises_in_the_green_halls,Elephant is one of the artistic bridges or exquisite surprises in the green halls.
fact_place_place_grandmother_beech_grandmother_beech_is_one_of_the_artistic_bridges_or_exquisite_surprises_in_the_green_halls,Grandmother Beech is one of the artistic bridges or exquisite surprises in the green halls.
fact_place_place_battle_memorial_1799_battle_memorial_dates_from_1799,Battle Memorial dates from 1799.
fact_place_place_sagentobel_zurich_switzerland_there_is_a_waterfall_in_sagentobel,There is a waterfall in Sagentobel.
fact_place_place_stöckentobel_zurich_switzerland_stöckentobel_is_one_of_the_locations_mentioned,Stöckentobel is one of the locations mentioned.
fact_place_place_wehrenbach_zurich_switzerland_wehrenbach_is_one_of_the_locations_mentioned,Wehrenbach is one of the locations mentioned.
fact_place_place_weidberg_zurich_switzerland_weidberg_is_one_of_the_locations_mentioned,Weidberg is one of the locations mentioned.
fact_place_place_uetliberg_zurich_switzerland_uto_peak_with_its_observation_tower_is_a_popular_assembly_point,Uto peak with its observation tower is a popular assembly point.
fact_date_date_1799_1799_1799_the_battle_memorial_dates_from_1799,The Battle Memorial dates from 1799.
fact_place_place_black_forest_baden_württemberg_germany_the_view_reaches_beyond_the_black_forest,The view reaches beyond the Black Forest.
fact_place_place_vosges_grand_est_france_the_view_reaches_beyond_the_vosges,The view reaches beyond the Vosges.
fact_place_place_aare_river_switzerland_the_view_includes_the_silver_bands_of_the_aare_loops,The view includes the silver bands of the Aare loops.
fact_place_place_jura_mountains_switzerland_france_the_view_extends_into_the_jura_ridges,The view extends into the Jura ridges.
fact_place_place_hegau_volcanic_cones_of_hoherstoffel_and_hohentwiel_the_view_extends_north_towards_the_old_hegau_volcanic_cones_of_hoherstoffel_and_hohentwiel,The view extends north towards the old Hegau volcanic cones of Hoherstoffel and Hohentwiel.
fact_place_place_alps_from_the_alps_the_uetliberg_offers_a_distinguished_overview,"From the Alps, the Uetliberg offers a distinguished overview."
fact_place_place_uetliberg_zurich_switzerland_the_uetliberg_offers_the_most_distinguished_overview_from_säntis_to_the_bernese_oberland_ice_giants,The Uetliberg offers the most distinguished overview from Säntis to the Bernese Oberland ice giants.
fact_place_place_säntis_appenzell_ausserrhoden_switzerland_the_overview_from_uetliberg_extends_to_säntis,The overview from Uetliberg extends to Säntis.
fact_place_place_bernese_oberland_bern_switzerland_the_overview_from_uetliberg_extends_to_the_bernese_oberland_ice_giants,The overview from Uetliberg extends to the Bernese Oberland ice giants.
fact_place_place_spelterini_s_balloon_perspective_from_spelterini_s_balloon_perspective_the_city_and_lake_appear_neatly_laid_out,"From Spelterini’s balloon perspective, the city and lake appear neatly laid out."
fact_place_place_zurich_switzerland_the_city_is_thoroughly_interwoven_with_houses,The city is thoroughly interwoven with houses.
fact_place_place_lake_zurich_zurich_switzerland_the_blue_lake_has_busy_steam_swallows_sunday_rowers_elegant_sailboats_and_sports_sculls,"The blue lake has busy steam swallows, Sunday rowers, elegant sailboats and sports sculls."
fact_place_place_lakeside_villages_further_up_are_friendly_lakeside_villages,Further up are friendly lakeside villages.
fact_place_place_sihl_valley_zurich_switzerland_the_wooded_sihl_valley_is_near_the_city,The wooded Sihl valley is near the city.
fact_place_place_sihlwald_zurich_switzerland_the_large_city_forest_sihlwald_is_located_in_the_sihl_valley,The large city forest Sihlwald is located in the Sihl valley.
fact_place_place_municipal_game_park_there_is_a_municipal_game_park_near_the_city,There is a municipal game park near the city.
fact_place_place_zurich_switzerland_the_street_cleaning_and_removal_system_can_be_satisfactory_in_zurich,The street cleaning and removal system can be satisfactory in Zurich.
fact_place_place_zurich_switzerland_compared_to_other_larger_cities_zurich_stands_out_advantageously,"Compared to other larger cities, Zurich stands out advantageously."
fact_place_place_zurich_switzerland_in_summer_spraying_cars_with_a_range_of_5_and_7_5_m_partially_connected_to_the_electric_tram_operation_take_care_to_suppress_dust_in_zurich,"In summer, spraying cars with a range of 5 and 7.5 m, partially connected to the electric tram operation, take care to suppress dust in Zurich."
fact_place_place_zurich_switzerland_cleaning_is_done_with_sweeping_rollers_in_zurich,Cleaning is done with sweeping rollers in Zurich.
fact_place_place_zurich_switzerland_rapid_snow_removal_from_main_streets_in_winter_is_done_by_emptying_into_the_limmat_in_zurich,Rapid snow removal from main streets in winter is done by emptying into the Limmat in Zurich.
fact_place_place_zurich_switzerland_unemployed_people_find_welcome_employment_in_zurich_during_rapid_snow_removal_in_winter,Unemployed people find welcome employment in Zurich during rapid snow removal in winter.
fact_place_place_zurich_switzerland_there_is_a_municipal_garbage_incineration_plant_in_zurich,There is a municipal garbage incineration plant in Zurich.
fact_place_place_zurich_switzerland_garbage_collected_in_zurich_in_1907_was_58_390_m³_equal_to_21_293_t_of_which_20_231_t_were_incinerated,"Garbage collected in Zurich in 1907 was 58,390 m³ equal to 21,293 t, of which 20,231 t were incinerated."
fact_place_place_zurich_switzerland_there_is_a_carcass_burning_facility_podewils_system_in_zurich,There is a carcass burning facility (Podewils system) in Zurich.
fact_place_place_zurich_switzerland_excretions_are_collected_in_buckets_in_zurich,Excretions are collected in buckets in Zurich.
fact_place_place_zurich_switzerland_in_1907_7_848_m³_of_excretions_were_collected_in_10_441_buckets_with_218_502_exchanges_in_zurich,"In 1907, 7,848 m³ of excretions were collected in 10,441 buckets with 218,502 exchanges in Zurich."
fact_place_place_zurich_switzerland_bucket_washing_is_done_at_the_hardhüsligut_in_zurich,Bucket washing is done at the Hardhüsligut in Zurich.
fact_place_place_zurich_switzerland_there_are_64_sanitary_facilities_in_zurich_in_total_oil_urinals_beetz_system,"There are 64 sanitary facilities in Zurich in total (oil urinals, Beetz system)."
fact_date_date_1907_1907_1907_garbage_collected_in_zurich_in_1907_was_58_390_m³_equal_to_21_293_t_of_which_20_231_t_were_incinerated,"Garbage collected in Zurich in 1907 was 58,390 m³ equal to 21,293 t, of which 20,231 t were incinerated."
fact_date_date_1907_1907_1907_in_1907_7_848_m³_of_excretions_were_collected_in_10_441_buckets_with_218_502_exchanges_in_zurich,"In 1907, 7,848 m³ of excretions were collected in 10,441 buckets with 218,502 exchanges in Zurich."
fact_place_place_zurich_switzerland_zurich_is_mentioned_in_the_context_of_hygienic_conditions,Zurich is mentioned in the context of hygienic conditions.
fact_place_place_house_zum_rüden_house_zum_rüden_is_mentioned_in_zurich,House zum Rüden is mentioned in Zurich.
fact_place_place_zurich_switzerland_the_official_meat_inspection_provides_reliable_data_on_meat_consumption_in_zurich,The official meat inspection provides reliable data on meat consumption in Zurich.
fact_place_place_zurich_switzerland_there_had_so_far_been_three_public_and_35_private_slaughterhouses_and_a_central_meat_hall_for_sale_in_zurich,There had so far been three public and 35 private slaughterhouses and a central meat hall for sale in Zurich.
fact_place_place_zurich_switzerland_a_large_municipal_slaughterhouse_in_zurich_will_be_completed_in_1909_costing_about_6_million_francs,"A large municipal slaughterhouse in Zurich will be completed in 1909, costing about 6 million francs."
fact_place_place_zurich_switzerland_in_1907_various_types_of_animals_were_slaughtered_in_zurich_with_a_total_weight_of_7_687_787_kg,"In 1907, various types of animals were slaughtered in Zurich with a total weight of 7,687,787 kg."
fact_place_place_zurich_switzerland_meat_imports_including_poultry_and_fish_in_zurich_amounted_to_3_954_903_kg_totaling_11_642_690_kg,"Meat imports including poultry and fish in Zurich amounted to 3,954,903 kg, totaling 11,642,690 kg."
fact_place_place_zurich_switzerland_the_daily_meat_consumption_per_head_of_population_in_zurich_was_173_g_in_1907_up_from_169_g_in_1906,"The daily meat consumption per head of population in Zurich was 173 g in 1907, up from 169 g in 1906."
fact_place_place_zurich_switzerland_more_than_three_quarters_of_slaughtered_meat_in_zurich_came_from_switzerland_and_barely_one_quarter_was_foreign_cattle,"More than three quarters of slaughtered meat in Zurich came from Switzerland, and barely one quarter was foreign cattle."
fact_date_date_1909_1909_1909_a_large_municipal_slaughterhouse_in_zurich_will_be_completed_in_1909,A large municipal slaughterhouse in Zurich will be completed in 1909.
fact_date_date_1907_1907_1907_in_1907_various_types_of_animals_were_slaughtered_in_zurich_with_a_total_weight_of_7_687_787_kg,"In 1907, various types of animals were slaughtered in Zurich with a total weight of 7,687,787 kg."
fact_date_date_1907_1907_1907_meat_imports_including_poultry_and_fish_in_zurich_amounted_to_3_954_903_kg_totaling_11_642_690_kg,"Meat imports including poultry and fish in Zurich amounted to 3,954,903 kg, totaling 11,642,690 kg."
fact_date_date_1907_1907_1907_the_daily_meat_consumption_per_head_of_population_in_zurich_was_173_g_in_1907,The daily meat consumption per head of population in Zurich was 173 g in 1907.
fact_date_date_1906_1906_1906_the_daily_meat_consumption_per_head_of_population_in_zurich_was_169_g_in_1906,The daily meat consumption per head of population in Zurich was 169 g in 1906.
fact_date_date_1906_1906_1906_meat_prices_per_half_kilo_in_1906_are_given_for_various_types_of_meat,Meat prices per half kilo in 1906 are given for various types of meat.
fact_place_place_zurich_switzerland_negotiations_on_milk_supply_are_ongoing_between_the_city_and_the_cooperative_food_association,Negotiations on milk supply are ongoing between the city and the cooperative food association.
fact_date_date_1907_1907_1907_in_1907_119_700_liters_of_milk_were_imported_daily_at_a_selling_price_of_23_cents,"In 1907, 119,700 liters of milk were imported daily, at a selling price of 23 cents."
fact_date_date_1907_1907_1907_on_average_there_were_5_4_controls_per_seller_in_the_year,"On average, there were 5.4 controls per seller in the year."
fact_place_place_bahnhofstrasse_zurich_switzerland_market_stalls_are_set_up_on_bahnhofstrasse_twice_weekly_throughout_the_year,Market stalls are set up on Bahnhofstrasse twice weekly throughout the year.
fact_place_place_petersstrasse_zurich_switzerland_market_stalls_are_set_up_on_petersstrasse_twice_weekly_throughout_the_year,Market stalls are set up on Petersstrasse twice weekly throughout the year.
fact_place_place_münzplatz_zurich_switzerland_market_stalls_are_set_up_on_münzplatz_twice_weekly_throughout_the_year,Market stalls are set up on Münzplatz twice weekly throughout the year.
fact_place_place_uraniastrasse_zurich_switzerland_market_stalls_are_set_up_on_uraniastrasse_twice_weekly_throughout_the_year,Market stalls are set up on Uraniastrasse twice weekly throughout the year.
fact_place_place_sihlhofstrasse_zurich_switzerland_market_stalls_are_set_up_on_sihlhofstrasse_twice_weekly_throughout_the_year,Market stalls are set up on Sihlhofstrasse twice weekly throughout the year.
fact_place_place_usteristrasse_zurich_switzerland_market_stalls_are_set_up_on_usteristrasse_twice_weekly_throughout_the_year,Market stalls are set up on Usteristrasse twice weekly throughout the year.
fact_place_place_schweizergasse_zurich_switzerland_market_stalls_are_set_up_on_schweizergasse_twice_weekly_throughout_the_year,Market stalls are set up on Schweizergasse twice weekly throughout the year.
fact_place_place_lintheschergasse_zurich_switzerland_market_stalls_are_set_up_on_lintheschergasse_twice_weekly_throughout_the_year,Market stalls are set up on Lintheschergasse twice weekly throughout the year.
fact_place_place_schützengasse_zurich_switzerland_market_stalls_are_set_up_on_schützengasse_twice_weekly_throughout_the_year,Market stalls are set up on Schützengasse twice weekly throughout the year.
fact_place_place_rathausquai_zurich_switzerland_market_stalls_are_set_up_on_rathausquai_under_the_arches_twice_weekly_throughout_the_year,Market stalls are set up on Rathausquai (under the arches) twice weekly throughout the year.
fact_place_place_rathausbrücke_zurich_switzerland_market_stalls_are_set_up_on_rathausbrücke_twice_weekly_throughout_the_year,Market stalls are set up on Rathausbrücke twice weekly throughout the year.
fact_place_place_hirschengraben_zurich_switzerland_market_stalls_are_set_up_on_hirschengraben_twice_weekly_throughout_the_year,Market stalls are set up on Hirschengraben twice weekly throughout the year.
fact_place_place_stauffacherstrasse_zurich_switzerland_market_stalls_are_set_up_on_stauffacherstrasse_twice_weekly_throughout_the_year,Market stalls are set up on Stauffacherstrasse twice weekly throughout the year.
fact_date_date_tuesdays_and_fridays_none_none_the_market_with_vegetables_fruits_and_other_foodstuffs_is_held_twice_weekly_on_tuesdays_and_fridays_throughout_the_year,"The market with vegetables, fruits, and other foodstuffs is held twice weekly on Tuesdays and Fridays throughout the year."
fact_place_place_bahnhofstrasse_zurich_switzerland_the_domestic_products_market_on_bahnhofstrasse_regularly_had_727_vendors_in_1907,The domestic products market on Bahnhofstrasse regularly had 727 vendors in 1907.
fact_place_place_bahnhofstrasse_zurich_switzerland_the_flower_market_is_always_the_most_beautiful_at_the_upper_end_of_bahnhofstrasse,The flower market is always the most beautiful at the upper end of Bahnhofstrasse.
fact_place_place_uraniastrasse_zurich_switzerland_in_autumn_from_mid_september_to_mid_november_there_is_a_wholesale_market_for_fruit_and_potatoes_at_uraniastrasse,"In autumn, from mid-September to mid-November, there is a wholesale market for fruit and potatoes at Uraniastrasse."
fact_place_place_hirschengraben_zurich_switzerland_in_autumn_from_mid_september_to_mid_november_there_is_a_wholesale_market_for_fruit_and_potatoes_at_hirschengraben,"In autumn, from mid-September to mid-November, there is a wholesale market for fruit and potatoes at Hirschengraben."
fact_place_place_hirschengraben_zurich_switzerland_around_christmas_hirschengraben_and_many_other_city_squares_come_alive_with_a_cheerful_christmas_tree_market,"Around Christmas, Hirschengraben and many other city squares come alive with a cheerful Christmas tree market."
fact_place_place_zurich_switzerland_the_fruit_mainly_came_from_the_districts_of_zurich,The fruit mainly came from the districts of Zurich.
fact_place_place_bülach_zurich_switzerland_the_fruit_mainly_came_from_bülach,The fruit mainly came from Bülach.
fact_place_place_dielsdorf_zurich_switzerland_the_fruit_mainly_came_from_dielsdorf,The fruit mainly came from Dielsdorf.
fact_place_place_horgen_zurich_switzerland_the_fruit_mainly_came_from_horgen,The fruit mainly came from Horgen.
fact_place_place_uster_zurich_switzerland_the_fruit_mainly_came_from_uster,The fruit mainly came from Uster.
fact_place_place_cantons_of_aargau_and_zug_the_fruit_mainly_came_from_the_cantons_of_aargau_and_zug,The fruit mainly came from the cantons of Aargau and Zug.
fact_place_place_alsace_france_plums_also_came_from_alsace,Plums also came from Alsace.
fact_place_place_rafzerfeld_switzerland_potatoes_came_from_rafzerfeld,Potatoes came from Rafzerfeld.
fact_place_place_schaffhausen_switzerland_potatoes_came_from_the_canton_of_schaffhausen,Potatoes came from the canton of Schaffhausen.
fact_date_date_1907_1907_1907_the_domestic_products_market_on_bahnhofstrasse_regularly_had_727_vendors_in_1907,The domestic products market on Bahnhofstrasse regularly had 727 vendors in 1907.
fact_date_date_1907_1907_1907_in_1907_the_following_quantities_were_imported_3_000_q_of_apples_few_pears_120_q_of_plums_and_316_q_of_potatoes,"In 1907, the following quantities were imported: 3,000 q of apples, few pears, 120 q of plums, and 316 q of potatoes."
fact_date_date_1907_1907_1907_in_1907_about_1_700_fir_trees_were_sold,"In 1907, about 1,700 fir trees were sold."
fact_date_date_mid_september_to_mid_november_none_none_in_autumn_from_mid_september_to_mid_november_there_is_a_wholesale_market_for_fruit_and_potatoes_at_uraniastrasse_and_hirschengraben,"In autumn, from mid-September to mid-November, there is a wholesale market for fruit and potatoes at Uraniastrasse and Hirschengraben."
fact_place_place_zurich_switzerland_at_the_end_of_1907_zurich_had_1_061_inns_including_85_hotels,"At the end of 1907, Zurich had 1,061 inns including 85 hotels."
fact_place_place_zurich_switzerland_zurich_had_about_1_000_small_retail_outlets_for_spirits_at_the_end_of_1907,"Zurich had about 1,000 small retail outlets for spirits at the end of 1907."
fact_place_place_zurich_switzerland_certain_districts_of_the_city_of_zurich_have_a_worrying_excess_of_inns,Certain districts of the city of Zurich have a worrying excess of inns.
fact_place_place_zurich_switzerland_in_the_niederdorf_district_of_zurich_there_are_29_pubs_on_74_houses,"In the Niederdorf district of Zurich, there are 29 pubs on 74 houses."
fact_place_place_zurich_switzerland_at_zeughausstrasse_10_in_zurich_there_are_23_houses,"At Zeughausstrasse 10 in Zurich, there are 23 houses."
fact_place_place_zurich_switzerland_at_seebahnstrasse_11_in_zurich_there_are_45_houses,"At Seebahnstrasse 11 in Zurich, there are 45 houses."
fact_place_place_zurich_switzerland_at_konradstrasse_11_in_zurich_there_are_46_houses,"At Konradstrasse 11 in Zurich, there are 46 houses."
fact_place_place_zurich_switzerland_at_zwinglistrasse_10_in_zurich_there_are_34_houses,"At Zwinglistrasse 10 in Zurich, there are 34 houses."
fact_place_place_zurich_switzerland_at_langstrasse_28_in_zurich_there_are_91_houses,"At Langstrasse 28 in Zurich, there are 91 houses."
fact_date_date_at_the_end_of_1907_1907_1907_at_the_end_of_1907_zurich_had_1_061_inns_including_85_hotels,"At the end of 1907, Zurich had 1,061 inns including 85 hotels."
fact_date_date_at_the_end_of_1907_1907_1907_at_the_end_of_1907_zurich_had_about_1_000_small_retail_outlets_for_spirits,"At the end of 1907, Zurich had about 1,000 small retail outlets for spirits."
fact_place_place_women_s_association_for_temperance_and_public_welfare_the_women_s_association_for_temperance_and_public_welfare_operates_9_alcohol_free_establishments,The Women’s Association for Temperance and Public Welfare operates 9 alcohol-free establishments.
fact_place_place_women_s_association_for_temperance_and_public_welfare_7_000_to_8_000_guests_visit_these_establishments_daily,"7,000 to 8,000 guests visit these establishments daily."
fact_place_place_women_s_association_for_temperance_and_public_welfare_260_female_employees_find_employment_and_housing_there,260 female employees find employment and housing there.
fact_place_place_women_s_association_for_temperance_and_public_welfare_the_association_s_businesses_began_12_years_ago,The association's businesses began 12 years ago.
fact_place_place_women_s_association_for_temperance_and_public_welfare_today_they_have_annual_assets_and_liabilities_exceeding_one_million_francs,Today they have annual assets and liabilities exceeding one million francs.
fact_date_date_12_years_ago_2012_2012_the_association_s_businesses_began_12_years_ago,The association's businesses began 12 years ago.
fact_place_place_zurichberg_zurichberg_is_one_of_the_three_large_public_houses_each_valued_at_about_half_a_million,Zurichberg is one of the three large public houses each valued at about half a million.
fact_place_place_zum_blauen_seidenhof_zum_blauen_seidenhof_is_one_of_the_three_large_public_houses_each_valued_at_about_half_a_million,zum blauen Seidenhof is one of the three large public houses each valued at about half a million.
fact_place_place_zum_olivenbaum_zum_olivenbaum_is_one_of_the_three_large_public_houses_each_valued_at_about_half_a_million,zum Olivenbaum is one of the three large public houses each valued at about half a million.
fact_place_place_karl_dem_grossen_karl_dem_grossen_is_a_newly_expanded_restaurant,Karl dem Grossen is a newly expanded restaurant.
fact_place_place_zurich_switzerland_zurich_offers_the_hustle_and_bustle_in_these_public_houses_as_among_its_most_original_and_honorable_things,Zurich offers the hustle and bustle in these public houses as among its most original and honorable things.
fact_place_place_zurich_switzerland_zurich_has_class_differences_that_seem_to_blur_in_crowds_flocking_to_and_from_these_places,Zurich has class differences that seem to blur in crowds flocking to and from these places.
fact_place_place_nidelbad_nidelbad_was_a_destination_for_summer_excursions_involving_a_two_horse_küchlifahrt,Nidelbad was a destination for summer excursions involving a two-horse Küchlifahrt.
fact_place_place_waid_waid_was_a_nearby_destination_for_summer_excursions_involving_a_two_horse_küchlifahrt,Waid was a nearby destination for summer excursions involving a two-horse Küchlifahrt.
fact_place_place_rennweg_the_first_pipe_well_was_built_in_1430_at_rennweg,The first pipe well was built in 1430 at Rennweg.
fact_place_place_zurich_switzerland_around_the_middle_of_the_19th_century_seven_wellworks_supplied_the_city_with_110_plus_7_in_the_city_district_itself_mostly_wooden_capped_springs,"Around the middle of the 19th century, seven wellworks supplied the city with 110 (plus 7 in the city district itself) mostly wooden-capped springs."
fact_place_place_limmat_zurich_switzerland_there_were_pumping_stations_in_the_limmat,There were pumping stations in the Limmat.
fact_place_place_schipfe_zurich_switzerland_there_were_pumping_stations_in_the_schipfe,There were pumping stations in the Schipfe.
fact_place_place_schanzengraben_zurich_switzerland_there_were_pumping_stations_at_the_schanzengraben,There were pumping stations at the Schanzengraben.
fact_place_place_mühlesteg_zurich_switzerland_a_new_30_hp_pumping_station_from_the_limmat_for_service_water_at_the_upper_mühlesteg_was_to_be_built_by_the_city,A new 30-hp pumping station from the Limmat for service water at the upper Mühlesteg was to be built by the city.
fact_date_date_1430_1430_1430_the_first_pipe_well_was_built_in_1430_at_rennweg,The first pipe well was built in 1430 at Rennweg.
fact_date_date_middle_of_the_19th_century_1840_1860_around_the_middle_of_the_19th_century_seven_wellworks_supplied_the_city_with_110_plus_7_in_the_city_district_itself_mostly_wooden_capped_springs,"Around the middle of the 19th century, seven wellworks supplied the city with 110 (plus 7 in the city district itself) mostly wooden-capped springs."
fact_date_date_1844_1844_1844_there_were_pumping_stations_in_the_limmat_in_the_schipfe_and_at_the_schanzengraben_g_meyer_von_knonau_der_kanton_zürich_1844,"There were pumping stations in the Limmat, in the Schipfe, and at the Schanzengraben (G. Meyer von Knonau, Der Kanton Zürich, 1844)."
fact_date_date_1860_onwards_1860_none_from_1860_onwards_systematic_investigations_for_a_rational_water_supply_were_carried_out,"From 1860 onwards, systematic investigations for a rational water supply were carried out."
fact_date_date_1867_1867_1867_based_on_a_1867_report_by_bürkli_it_was_fundamentally_decided_that_the_existing_springs_were_to_be_refitted_and_a_new_30_hp_pumping_station_from_the_limmat_for_service_wa,"Based on a 1867 report by Bürkli, it was fundamentally decided that the existing springs were to be refitted and a new 30-hp pumping station from the Limmat for service water at the upper Mühlesteg was to be built by the city."
fact_place_place_polytechnic_two_reservoirs_were_constructed_at_the_polytechnic_in_1868,Two reservoirs were constructed at the Polytechnic in 1868.
fact_place_place_schmelzberg_above_the_observatory_two_reservoirs_were_constructed_at_schmelzberg_above_the_observatory_in_1868,Two reservoirs were constructed at Schmelzberg above the observatory in 1868.
fact_place_place_limmat_zurich_switzerland_a_filter_was_constructed_in_the_limmat_bed_below_the_bauschanze_in_1868,A filter was constructed in the Limmat bed below the Bauschanze in 1868.
fact_place_place_pumping_station_a_cement_pipe_was_built_from_the_filter_to_the_pumping_station_in_1868,A cement pipe was built from the filter to the pumping station in 1868.
fact_date_date_1868_1868_1868_construction_began_in_1868,Construction began in 1868.
fact_place_place_platzspitz_zurich_switzerland_a_new_pumping_station_was_provisionally_built_at_platzspitz,A new pumping station was provisionally built at Platzspitz.
fact_place_place_platzspitz_zurich_switzerland_the_pumping_station_at_platzspitz_was_completed_in_1870,The pumping station at Platzspitz was completed in 1870.
fact_place_place_platzspitz_zurich_switzerland_the_pumping_station_at_platzspitz_together_with_the_old_one_could_pump_15_000_m³_daily,"The pumping station at Platzspitz together with the old one could pump 15,000 m³ daily."
fact_place_place_letten_zurich_switzerland_in_1875_the_construction_of_a_definitive_water_plant_at_the_letten_was_decided,In 1875 the construction of a definitive water plant at the Letten was decided.
fact_place_place_limmat_zurich_switzerland_the_limmat_was_dammed_at_drahtschmidli_by_a_needle_weir,The Limmat was dammed at Drahtschmidli by a needle weir.
fact_place_place_limmat_zurich_switzerland_the_damming_of_the_limmat_generated_a_water_power_of_900_hp,The damming of the Limmat generated a water power of 900 hp.
fact_place_place_drahtschmidli_zurich_switzerland_the_limmat_was_dammed_at_drahtschmidli_by_a_needle_weir,The Limmat was dammed at Drahtschmidli by a needle weir.
fact_date_date_1872_1872_1872_already_in_1872_there_was_too_little_service_water,"Already in 1872, there was too little service water."
fact_date_date_1870_1870_1870_the_pumping_station_at_platzspitz_was_completed_in_1870,The pumping station at Platzspitz was completed in 1870.
fact_date_date_1875_1875_1875_in_1875_the_construction_of_a_definitive_water_plant_at_the_letten_was_decided,In 1875 the construction of a definitive water plant at the Letten was decided.
fact_place_place_langensteinen_oberstrass_a_separate_reservoir_was_built_at_langensteinen_oberstrass,A separate reservoir was built at Langensteinen (Oberstrass).
fact_place_place_langensteinen_oberstrass_the_dam_closure_at_langensteinen_oberstrass_still_stands_today,The dam closure at Langensteinen (Oberstrass) still stands today.
fact_place_place_the_little_castle_on_the_zurichberg_a_third_drinking_water_reservoir_for_the_high_pressure_zone_was_built_above_the_little_castle_on_the_zurichberg,A third drinking water reservoir for the high-pressure zone was built above the little castle on the Zurichberg.
fact_date_date_1879_1879_1879_the_plant_was_completed_in_1879,The plant was completed in 1879.
fact_place_place_zurich_switzerland_a_severe_typhus_epidemic_broke_out_in_zurich_in_1884,A severe typhus epidemic broke out in Zurich in 1884.
fact_place_place_zurich_switzerland_the_rapid_spread_of_the_epidemic_was_suspected_to_be_caused_by_an_infection_of_the_water_supply_in_zurich,The rapid spread of the epidemic was suspected to be caused by an infection of the water supply in Zurich.
fact_place_place_zurich_switzerland_the_cement_pipe_in_the_limmat_in_zurich_was_badly_damaged_and_almost_clogged_in_one_place,The cement pipe in the Limmat in Zurich was badly damaged and almost clogged in one place.
fact_place_place_zurich_switzerland_an_extended_water_commission_was_established_in_zurich_to_address_the_issue,An extended water commission was established in Zurich to address the issue.
fact_place_place_limmat_zurich_switzerland_the_cement_pipe_in_the_limmat_was_badly_damaged_and_almost_clogged_in_one_place,The cement pipe in the Limmat was badly damaged and almost clogged in one place.
fact_date_date_1884_1884_1884_a_severe_typhus_epidemic_broke_out_in_zurich_in_1884,A severe typhus epidemic broke out in Zurich in 1884.
fact_place_place_lake_lake_water_should_be_maintained_as_the_main_drinking_water_source,Lake water should be maintained as the main drinking water source.
fact_place_place_schanzengraben_zurich_switzerland_water_is_led_by_an_iron_pipe_through_schanzengraben_sihl_to_a_filter_plant_at_sihlquai,Water is led by an iron pipe through Schanzengraben-Sihl to a filter plant at Sihlquai.
fact_place_place_sihlquai_zurich_switzerland_there_is_a_filter_plant_at_sihlquai,There is a filter plant at Sihlquai.
fact_place_place_letten_pumping_station_zurich_switzerland_water_is_led_from_the_filter_plant_at_sihlquai_to_the_letten_pumping_station,Water is led from the filter plant at Sihlquai to the Letten pumping station.
fact_place_place_the_new_great_filtration_plant_the_new_great_filtration_plant_used_sand_and_gravel_filters_in_10_chambers,The new great filtration plant used sand and gravel filters in 10 chambers.
fact_place_place_the_new_great_filtration_plant_the_new_great_filtration_plant_was_introduced_in_zurich,The new great filtration plant was introduced in Zurich.
fact_date_date_1885_1885_1885_construction_work_began_in_1885,Construction work began in 1885.
fact_date_date_1886_1886_1886_the_new_filter_plant_was_put_into_operation_in_1886,The new filter plant was put into operation in 1886.
fact_place_place_zurich_switzerland_zurich_is_mentioned_in_the_context_of_the_kreuzkirche_and_neumünster,Zurich is mentioned in the context of the Kreuzkirche and Neumünster.
fact_place_place_kreuzkirche_the_kreuzkirche_is_located_in_zurich,The Kreuzkirche is located in Zurich.
fact_place_place_neumünster_the_neumünster_is_located_in_zurich,The Neumünster is located in Zurich.
fact_place_place_sihl_zurich_switzerland_much_of_the_richly_productive_sihl_springs_began_to_be_supplied_from_1907_onward,Much of the richly productive Sihl springs began to be supplied from 1907 onward.
fact_place_place_lorze_switzerland_much_of_the_richly_productive_lorze_springs_began_to_be_supplied_from_1907_onward,Much of the richly productive Lorze springs began to be supplied from 1907 onward.
fact_place_place_zurich_switzerland_the_number_of_public_fountains_in_the_city_was_increased_starting_from_1907,The number of public fountains in the city was increased starting from 1907.
fact_date_date_1905_1905_1905_in_1905_the_average_water_consumption_per_capita_per_day_was_given_as_220_liters_with_a_maximum_of_315_liters,"In 1905 the average water consumption per capita per day was given as 220 liters, with a maximum of 315 liters."
fact_date_date_from_1907_onward_1907_none_from_1907_onward_much_of_the_richly_productive_sihl_and_lorze_springs_began_to_be_supplied,From 1907 onward much of the richly productive Sihl and Lorze springs began to be supplied.
fact_place_place_zurich_switzerland_zurich_is_mentioned_in_the_context_of_the_church_of_enge,Zurich is mentioned in the context of the Church of Enge.
fact_place_place_the_church_of_enge_the_church_of_enge_is_located_in_zurich,The Church of Enge is located in Zurich.
fact_place_place_sihl_and_lorze_valleys_they_arise_on_blue_sticky_tough_basic_moraine_clay_of_the_1st_ice_age_in_a_similar_manner_from_the_30_40_m_high_covering_gravel_conglomerate_of_the_sihl_and_lor,"They arise on blue, sticky-tough basic moraine clay of the 1st ice age in a similar manner from the 30-40 m high covering gravel conglomerate of the Sihl and Lorze valleys at Sihlsprung-Menzingen."
fact_place_place_sihlsprung_menzingen_zug_switzerland_they_arise_on_blue_sticky_tough_basic_moraine_clay_of_the_1st_ice_age_in_a_similar_manner_from_the_30_40_m_high_covering_gravel_conglomerate_of_th,"They arise on blue, sticky-tough basic moraine clay of the 1st ice age in a similar manner from the 30-40 m high covering gravel conglomerate of the Sihl and Lorze valleys at Sihlsprung-Menzingen."
fact_place_place_uetliberg_zurich_switzerland_the_hotel_spring_on_the_uto_peak_arises_in_a_similar_manner_on_the_1st_ice_age_moraine_clay,The hotel spring on the Uto peak arises in a similar manner on the 1st ice age moraine clay.
fact_place_place_nagelfluh_plate_the_porous_nagelfluh_plate_acts_as_a_magnificent_natural_filter_apparatus_creating_a_very_constant_yield,The porous Nagelfluh plate acts as a magnificent natural filter apparatus creating a very constant yield.
fact_date_date_1st_ice_age_115000_11000_they_arise_on_blue_sticky_tough_basic_moraine_clay_of_the_1st_ice_age,"They arise on blue, sticky-tough basic moraine clay of the 1st ice age."
fact_place_place_sihl_springs_zurich_switzerland_the_sihl_springs_are_connected_by_an_11_5_km_long_pipe_line_with_up_to_40_cm_diameter,The Sihl springs are connected by an 11.5 km long pipe line with up to 40 cm diameter.
fact_place_place_lorze_springs_zurich_switzerland_the_lorze_springs_are_connected_by_a_5_7_km_long_up_to_50_cm_wide_pipe_line_to_sihlbrugg,"The Lorze springs are connected by a 5.7 km long, up to 50 cm wide pipe line to Sihlbrugg."
fact_place_place_sihlbrugg_zurich_switzerland_from_sihlbrugg_a_17_7_km_long_55_cm_wide_pipe_with_2_5_gradient_runs_through_the_sihl_valley_to_the_new_reservoir_near_albisgütli,"From Sihlbrugg, a 17.7 km long, 55 cm wide pipe with 2.5‰ gradient runs through the Sihl valley to the new reservoir near Albisgütli."
fact_place_place_sihl_valley_zurich_switzerland_the_pipe_runs_through_the_sihl_valley_to_the_new_reservoir_near_albisgütli,The pipe runs through the Sihl valley to the new reservoir near Albisgütli.
fact_place_place_albisgütli_zurich_switzerland_the_new_reservoir_is_located_near_albisgütli_at_500_m_above_sea_level_which_is_91_m_above_lake_level,"The new reservoir is located near Albisgütli at 500 m above sea level, which is 91 m above lake level."
fact_place_place_albisgütli_zurich_switzerland_water_is_distributed_from_the_reservoir_to_the_supply_lines_for_the_public_spring_water_fountains_and_to_the_medium_and_low_pressure_pipeline_zones_of_th,Water is distributed from the reservoir to the supply lines for the public spring water fountains and to the medium and low-pressure pipeline zones of the lake water system.
fact_date_date_normal_rainfall_year_1905_1905_1905_in_the_normal_rainfall_year_1905_about_20_400_liters_per_minute_of_water_were_distributed_from_the_reservoir,"In the normal rainfall year 1905, about 20,400 liters per minute of water were distributed from the reservoir."
fact_place_place_sihl_lorze_springs_the_water_of_the_sihl_lorze_springs_is_very_good_in_quality,The water of the Sihl-Lorze springs is very good in quality.
fact_place_place_sihl_lorze_springs_the_sihl_lorze_springs_supply_over_half_of_the_entire_water_requirement_of_the_city_of_zurich,The Sihl-Lorze springs supply over half of the entire water requirement of the city of Zurich.
fact_place_place_sihl_valley_zurich_switzerland_the_sihl_valley_springs_have_supplied_the_city_of_zurich_since_december_4_1902,"The Sihl valley springs have supplied the city of Zurich since December 4, 1902."
fact_place_place_lorze_valley_switzerland_the_lorze_valley_springs_have_supplied_the_city_of_zurich_since_november_25_1902,"The Lorze valley springs have supplied the city of Zurich since November 25, 1902."
fact_place_place_zurich_switzerland_the_facility_supplies_over_half_of_the_entire_water_requirement_of_the_city,The facility supplies over half of the entire water requirement of the city.
fact_place_place_zurich_switzerland_with_continued_population_growth_in_zurich_a_larger_water_intake_facility_must_be_considered_in_the_next_few_years,"With continued population growth in Zurich, a larger water intake facility must be considered in the next few years."
fact_date_date_1905_1905_1905_in_1905_the_water_showed_temperatures_of_8_6_c_in_january_and_10_9_c_in_september,"In 1905, the water showed temperatures of 8.6°C in January and 10.9°C in September."
fact_date_date_1905_1905_1905_in_1905_the_water_had_a_bacterial_count_of_0_37,"In 1905, the water had a bacterial count of 0–37."
fact_date_date_december_4_1902_1902_1902_the_sihl_valley_springs_have_supplied_the_city_since_december_4_1902,"The Sihl valley springs have supplied the city since December 4, 1902."
fact_date_date_november_25_1902_1902_1902_the_lorze_valley_springs_have_supplied_the_city_since_november_25_1902,"The Lorze valley springs have supplied the city since November 25, 1902."
fact_place_place_zurich_switzerland_the_total_city_water_consumption_from_october_1_1906_to_september_30_1907_amounted_to_14_700_098_m³,"The total city water consumption from October 1, 1906, to September 30, 1907, amounted to 14,700,098 m³."
fact_place_place_zurich_switzerland_67_6_of_water_consumption_fell_on_the_low_pressure_zone,67.6% of water consumption fell on the low-pressure zone.
fact_place_place_zurich_switzerland_27_3_of_water_consumption_fell_on_the_medium_pressure_zone,27.3% of water consumption fell on the medium-pressure zone.
fact_place_place_zurich_switzerland_4_1_of_water_consumption_fell_on_the_high_pressure_zone,4.1% of water consumption fell on the high-pressure zone.
fact_place_place_zurich_switzerland_1_of_water_consumption_fell_on_the_upper_high_pressure_zone,1% of water consumption fell on the upper high-pressure zone.
fact_place_place_zurich_switzerland_average_consumption_was_237_liters_per_head_per_day_with_a_maximum_of_330_liters,"Average consumption was 237 liters per head per day, with a maximum of 330 liters."
fact_place_place_zurich_switzerland_revenue_from_supplied_water_was_chf_1_751_000_including_public_use,"Revenue from supplied water was CHF 1,751,000, including public use."
fact_place_place_zurich_switzerland_net_profit_was_over_half_a_million_chf_after_3_depreciation,Net profit was over half a million CHF after 3% depreciation.
fact_place_place_zurich_switzerland_the_pipeline_network_was_128_km_long_at_the_end_of_1907_excluding_spring_water_pipelines,"The pipeline network was 128 km long at the end of 1907, excluding spring water pipelines."
fact_place_place_zurich_switzerland_there_was_a_2_67_km_long_900_mm_diameter_intake_pipe_from_the_lake_to_the_filters,There was a 2.67 km long 900 mm diameter intake pipe from the lake to the filters.
fact_place_place_zurich_switzerland_there_was_a_0_51_km_pipe_from_the_filter_to_the_pumping_station,There was a 0.51 km pipe from the filter to the pumping station.
fact_date_date_october_1_1906_to_september_30_1907_1906_1907_the_total_city_water_consumption_from_october_1_1906_to_september_30_1907_amounted_to_14_700_098_m³,"The total city water consumption from October 1, 1906, to September 30, 1907, amounted to 14,700,098 m³."
fact_date_date_october_1_1906_to_september_30_1907_1906_1907_the_pipeline_network_length_and_revenue_data_refer_to_the_period_ending_in_1907,The pipeline network length and revenue data refer to the period ending in 1907.
fact_place_place_letten_zurich_switzerland_the_water_supply_plant_at_letten_is_located_below_the_city_of_zurich,The water supply plant at Letten is located below the city of Zurich.
fact_place_place_limmat_switzerland_the_sewer_system_flows_into_the_limmat_river,The sewer system flows into the Limmat river.
fact_place_place_zurich_switzerland_the_sewer_system_runs_through_the_entire_city_of_zurich,The sewer system runs through the entire city of Zurich.
fact_date_date_1867_1867_1867_the_expansion_of_the_sewer_system_with_the_bucket_system_started_in_1867,The expansion of the sewer system with the bucket system started in 1867.
fact_place_place_hospitals_hospitals_mentioned_include_cantonal_municipal_and_private_voluntary_types,"Hospitals mentioned include cantonal, municipal and private voluntary types."
fact_place_place_poor_patients_poor_patients_receive_excellent_social_care_by_various_aid_institutions,Poor patients receive excellent social care by various aid institutions.
fact_place_place_zurich_switzerland_cholera_last_affected_zurich_in_1867,Cholera last affected Zurich in 1867.
fact_place_place_zurich_switzerland_among_the_general_funds_of_zurich_city_foundations_still_exists_a_fund_for_assistance_in_cholera_epidemics,Among the general funds of Zurich city foundations still exists a “Fund for Assistance in Cholera Epidemics.”
fact_place_place_zurich_switzerland_typhus_is_no_longer_endemic_in_zurich,Typhus is no longer endemic in Zurich.
fact_place_place_zurich_switzerland_the_last_typhus_epidemic_in_zurich_in_1884_led_to_thorough_sanitation_of_the_drinking_water_supply,The last typhus epidemic in Zurich in 1884 led to thorough sanitation of the drinking water supply.
fact_place_place_zurich_switzerland_scarlet_fever_and_diphtheria_are_constantly_present_in_zurich,Scarlet fever and diphtheria are constantly present in Zurich.
fact_place_place_zurich_switzerland_modern_serum_treatment_makes_diphtheria_less_dangerous_than_in_earlier_times_in_zurich,Modern serum treatment makes diphtheria less dangerous than in earlier times in Zurich.
fact_place_place_zurich_switzerland_many_parents_in_zurich_apparently_lack_insight_for_restricting_schoolhouse_hazards,Many parents in Zurich apparently lack insight for restricting schoolhouse hazards.
fact_place_place_zurich_switzerland_authorities_in_zurich_lack_effective_legislation_to_enforce_restrictions_despite_existing_free_bacterial_examinations_and_compulsory_free_disinfection_in_cases_of_s,"Authorities in Zurich lack effective legislation to enforce restrictions despite existing free bacterial examinations and compulsory free disinfection in cases of scarlet fever, diphtheria, typhus, smallpox, and puerperal fever."
fact_place_place_zurich_switzerland_in_1907_462_scarlet_fever_cases_and_417_diphtheria_cases_in_zurich_led_to_1_265_school_exclusions,"In 1907, 462 scarlet fever cases and 417 diphtheria cases in Zurich led to 1,265 school exclusions."
fact_date_date_1867_1867_1867_cholera_last_affected_zurich_in_1867,Cholera last affected Zurich in 1867.
fact_date_date_1884_1884_1884_the_last_typhus_epidemic_in_zurich_in_1884_led_to_thorough_sanitation_of_the_drinking_water_supply,The last typhus epidemic in Zurich in 1884 led to thorough sanitation of the drinking water supply.
fact_date_date_1907_1907_1907_in_1907_462_scarlet_fever_cases_and_417_diphtheria_cases_in_zurich_led_to_1_265_school_exclusions,"In 1907, 462 scarlet fever cases and 417 diphtheria cases in Zurich led to 1,265 school exclusions."
fact_place_place_zurich_switzerland_the_scarlet_fever_frequency_in_zurich_in_previous_years_was_recorded,The scarlet fever frequency in Zurich in previous years was recorded.
fact_date_date_1906_1906_1906_the_scarlet_fever_frequency_in_zurich_in_1906_was_505,The scarlet fever frequency in Zurich in 1906 was 505.
fact_date_date_1905_1905_1905_the_scarlet_fever_frequency_in_zurich_in_1905_was_1_050,"The scarlet fever frequency in Zurich in 1905 was 1,050."
fact_date_date_1904_1904_1904_the_scarlet_fever_frequency_in_zurich_in_1904_was_961,The scarlet fever frequency in Zurich in 1904 was 961.
fact_date_date_1903_1903_1903_the_scarlet_fever_frequency_in_zurich_in_1903_was_1_174,"The scarlet fever frequency in Zurich in 1903 was 1,174."
fact_place_place_zurich_switzerland_the_paragraph_reports_infectious_disease_cases_in_zurich,The paragraph reports infectious disease cases in Zurich.
fact_date_date_1903_1903_1903_in_1903_there_were_238_cases_of_diphtheria_in_zurich,"In 1903, there were 238 cases of diphtheria in Zurich."
fact_date_date_1903_1903_1903_in_1903_there_were_21_cases_of_measles_in_zurich,"In 1903, there were 21 cases of measles in Zurich."
fact_date_date_1903_1903_1903_in_1903_there_were_41_cases_of_typhus_in_zurich,"In 1903, there were 41 cases of typhus in Zurich."
fact_date_date_1904_1904_1904_in_1904_there_were_344_cases_of_diphtheria_in_zurich,"In 1904, there were 344 cases of diphtheria in Zurich."
fact_date_date_1904_1904_1904_in_1904_there_were_1_234_cases_of_measles_in_zurich,"In 1904, there were 1,234 cases of measles in Zurich."
fact_date_date_1904_1904_1904_in_1904_there_were_83_cases_of_typhus_in_zurich,"In 1904, there were 83 cases of typhus in Zurich."
fact_date_date_1905_1905_1905_in_1905_there_were_427_cases_of_diphtheria_in_zurich,"In 1905, there were 427 cases of diphtheria in Zurich."
fact_date_date_1905_1905_1905_in_1905_there_were_60_cases_of_measles_in_zurich,"In 1905, there were 60 cases of measles in Zurich."
fact_date_date_1905_1905_1905_in_1905_there_were_59_cases_of_typhus_in_zurich,"In 1905, there were 59 cases of typhus in Zurich."
fact_date_date_1906_1906_1906_in_1906_there_were_467_cases_of_diphtheria_in_zurich,"In 1906, there were 467 cases of diphtheria in Zurich."
fact_date_date_1906_1906_1906_in_1906_there_were_1_217_cases_of_measles_in_zurich,"In 1906, there were 1,217 cases of measles in Zurich."
fact_date_date_1906_1906_1906_in_1906_there_were_47_cases_of_typhus_in_zurich,"In 1906, there were 47 cases of typhus in Zurich."
fact_date_date_1907_1907_1907_in_1907_there_were_no_cases_of_smallpox_in_zurich,"In 1907, there were no cases of smallpox in Zurich."
fact_date_date_1907_1907_1907_in_1907_there_were_16_cases_of_tetanus_in_zurich,"In 1907, there were 16 cases of tetanus in Zurich."
fact_date_date_1907_1907_1907_in_1907_there_were_215_cases_of_measles_in_zurich,"In 1907, there were 215 cases of measles in Zurich."
fact_date_date_1907_1907_1907_in_1907_there_were_46_cases_of_typhus_in_zurich,"In 1907, there were 46 cases of typhus in Zurich."
fact_date_date_1907_1907_1907_in_1907_there_were_23_cases_of_puerperal_fever_in_zurich,"In 1907, there were 23 cases of puerperal fever in Zurich."
fact_date_date_1907_1907_1907_in_1907_there_were_120_cases_of_other_infectious_diseases_in_zurich,"In 1907, there were 120 cases of other infectious diseases in Zurich."
fact_date_date_1907_1907_1907_in_1907_there_was_a_total_of_1_511_infectious_disease_cases_in_zurich,"In 1907, there was a total of 1,511 infectious disease cases in Zurich."
fact_place_place_zurich_switzerland_eye_and_ear_examinations_of_schoolchildren_were_reported_in_the_section_on_education_in_canton_zurich,Eye and ear examinations of schoolchildren were reported in the section on education in Canton Zurich.
fact_place_place_zurich_switzerland_a_free_school_dental_clinic_has_recently_been_established_in_canton_zurich,A free school dental clinic has recently been established in Canton Zurich.
fact_place_place_zurich_switzerland_a_special_assistant_to_the_city_school_doctor_in_canton_zurich_is_in_charge_of_combating_head_parasites_among_school_youth,A special assistant to the city school doctor in Canton Zurich is in charge of combating head parasites among school youth.
fact_place_place_zurich_switzerland_the_special_assistant_is_jocularly_called_vögelitante_bird_aunt_by_the_schoolchildren_in_canton_zurich,The special assistant is jocularly called “Vögelitante” (bird aunt) by the schoolchildren in Canton Zurich.
fact_place_place_zurich_switzerland_in_the_reporting_year_1907_503_children_including_499_girls_or_1_99_of_the_student_body_25_275_were_ordered_to_undergo_cleaning_in_canton_zurich,"In the reporting year 1907, 503 children (including 499 girls), or 1.99% of the student body (25,275), were ordered to undergo cleaning in Canton Zurich."
fact_date_date_1907_1907_1907_in_1907_503_children_including_499_girls_or_1_99_of_the_student_body_were_ordered_to_undergo_cleaning,"In 1907, 503 children (including 499 girls), or 1.99% of the student body, were ordered to undergo cleaning."
fact_date_date_1905_1905_1905_in_1905_2_9_of_the_student_body_were_ordered_to_undergo_cleaning,"In 1905, 2.9% of the student body were ordered to undergo cleaning."
fact_date_date_1903_1903_1903_in_1903_11_7_of_the_student_body_were_ordered_to_undergo_cleaning,"In 1903, 11.7% of the student body were ordered to undergo cleaning."
fact_place_place_zurich_switzerland_zurich_has_a_total_of_18_cemeteries,Zurich has a total of 18 cemeteries.
fact_place_place_zurich_switzerland_burial_is_carried_out_at_the_city_s_expense,Burial is carried out at the city's expense.
fact_place_place_district_i_district_i_has_cemetery_sihlfeld_the_central_cemetery_with_crematorium_and_outstanding_monuments,"District I has Cemetery Sihlfeld, the central cemetery with crematorium and outstanding monuments."
fact_place_place_district_i_district_i_has_a_cemetery_on_the_high_promenade_which_is_no_longer_in_operation_and_partly_preserves_bodies_due_to_clayey_moraine_soil,"District I has a cemetery on the High Promenade, which is no longer in operation and partly preserves bodies due to clayey moraine soil."
fact_date_date_1907_1907_1907_in_1907_1_614_burials_were_carried_out_at_a_daily_maximum_of_16,"In 1907, 1,614 burials were carried out at a daily maximum of 16."
fact_place_place_district_2_zurich_switzerland_district_ii_includes_the_cemeteries_enge_manegg_leimbach_and_wollishofen,"District II includes the cemeteries Enge, Manegg, Leimbach, and Wollishofen."
fact_place_place_enge_zurich_switzerland_enge_is_a_cemetery_located_in_district_ii,Enge is a cemetery located in District II.
fact_place_place_manegg_zurich_switzerland_manegg_is_a_cemetery_located_in_district_ii,Manegg is a cemetery located in District II.
fact_place_place_leimbach_zurich_switzerland_leimbach_is_a_cemetery_located_in_district_ii,Leimbach is a cemetery located in District II.
fact_place_place_wollishofen_zurich_switzerland_wollishofen_is_a_cemetery_located_in_district_ii,Wollishofen is a cemetery located in District II.
fact_place_place_district_3_zurich_switzerland_district_iii_is_mentioned_in_the_context_of_hygienic_conditions,District III is mentioned in the context of hygienic conditions.
fact_place_place_sihlfeld_cemetery_zurich_switzerland_cemetery_sihlfeld_sections_b_and_c_are_located_in_district_iii,Cemetery Sihlfeld sections B and C are located in District III.
fact_place_place_old_cemeteries_aussersihl_and_wiedikon_old_cemeteries_aussersihl_and_wiedikon_are_mentioned_in_district_iii,Old cemeteries Aussersihl and Wiedikon are mentioned in District III.
fact_place_place_district_4_zurich_switzerland_district_iv_includes_the_cemeteries_nordheim_unterstrass_old_cemetery_oberstrass_and_cemetery_wipkingen,"District IV includes the cemeteries Nordheim, Unterstrass, old cemetery Oberstrass, and cemetery Wipkingen."
fact_place_place_nordheim_nordheim_is_a_cemetery_in_district_iv_of_zurich,Nordheim is a cemetery in District IV of Zurich.
fact_place_place_unterstrass_zurich_switzerland_unterstrass_is_a_cemetery_in_district_iv_of_zurich,Unterstrass is a cemetery in District IV of Zurich.
fact_place_place_oberstrass_zurich_switzerland_the_old_cemetery_oberstrass_is_located_in_district_iv_of_zurich,The old cemetery Oberstrass is located in District IV of Zurich.
fact_place_place_wipkingen_zurich_switzerland_the_cemetery_wipkingen_is_located_in_district_iv_of_zurich,The cemetery Wipkingen is located in District IV of Zurich.
fact_place_place_district_v_district_v_includes_cemeteries_realp_and_enzenbühl_old_cemetery_neumünster_and_cemetery_allmend_muntern,"District V includes cemeteries Realp and Enzenbühl, old cemetery Neumünster, and cemetery Allmend Muntern."
fact_place_place_realp_uri_switzerland_realp_cemetery_is_located_in_district_v,Realp cemetery is located in District V.
fact_place_place_enzenbühl_enzenbühl_cemetery_is_located_in_district_v,Enzenbühl cemetery is located in District V.
fact_place_place_old_cemetery_neumünster_old_cemetery_neumünster_is_located_in_district_v,Old cemetery Neumünster is located in District V.
fact_place_place_cemetery_allmend_muntern_cemetery_allmend_muntern_is_located_in_district_v,Cemetery Allmend Muntern is located in District V.
fact_place_place_neumünster_cemetery_a_new_second_crematorium_is_planned_on_the_former_neumünster_cemetery,A new (second) crematorium is planned on the former Neumünster cemetery.
fact_place_place_central_cemetery_crematorium_number_of_cremations_in_the_central_cemetery_crematorium_in_1907_was_232,Number of cremations in the central cemetery crematorium in 1907 was 232.
fact_place_place_central_cemetery_crematorium_131_corpses_were_brought_in_from_outside_to_the_central_cemetery_crematorium_in_1907,131 corpses were brought in from outside to the central cemetery crematorium in 1907.
fact_date_date_1907_1907_1907_number_of_cremations_in_the_central_cemetery_crematorium_in_1907_was_232,Number of cremations in the central cemetery crematorium in 1907 was 232.
fact_date_date_1907_1907_1907_131_corpses_were_brought_in_from_outside_to_the_central_cemetery_crematorium_in_1907,131 corpses were brought in from outside to the central cemetery crematorium in 1907.
fact_place_place_zurich_switzerland_zurich_is_one_of_the_healthiest_cities_in_switzerland,Zurich is one of the healthiest cities in Switzerland.
fact_place_place_stadthausquai_zurich_switzerland_mountain_views_from_stadthausquai_are_mentioned_in_the_bibliography,Mountain views from Stadthausquai are mentioned in the bibliography.
fact_place_place_anlage_enge_zurich_switzerland_mountain_views_from_the_hill_in_the_park_anlage_enge_are_mentioned_in_the_bibliography,Mountain views from the hill in the park Anlage Enge are mentioned in the bibliography.
fact_place_place_zurichberg_adlisberg_zurich_switzerland_maps_of_zurichberg_adlisberg_at_1_12_500_were_published_by_the_beautification_association_of_zurich_and_surroundings,"Maps of Zurichberg-Adlisberg at 1:12,500 were published by the Beautification Association of Zurich and Surroundings."
fact_place_place_uetliberg_zurich_switzerland_maps_of_uetliberg_at_1_12_500_were_published_by_the_beautification_association_of_zurich_and_surroundings,"Maps of Uetliberg at 1:12,500 were published by the Beautification Association of Zurich and Surroundings."
fact_place_place_albiskette_zurich_switzerland_an_excursion_map_of_the_albiskette_at_1_30_000_was_published_in_zurich_in_1906,"An excursion map of the Albiskette at 1:30,000 was published in Zurich in 1906."
fact_place_place_zurich_switzerland_reports_on_the_water_conditions_of_the_city_of_zurich_were_published_in_1871,Reports on the water conditions of the city of Zurich were published in 1871.
fact_place_place_zurich_switzerland_the_industrial_enterprises_of_the_city_of_zurich_were_documented_in_1903,The industrial enterprises of the city of Zurich were documented in 1903.
fact_place_place_zurich_switzerland_reports_on_water_supply_gasworks_and_sewerage_in_zurich_were_published_in_1903_and_1905,"Reports on water supply, gasworks, and sewerage in Zurich were published in 1903 and 1905."
fact_place_place_zurich_switzerland_the_construction_of_the_spring_water_supply_from_sihl_and_lorze_valleys_was_reported_in_zurich_in_1906,The construction of the spring water supply from Sihl and Lorze valleys was reported in Zurich in 1906.
fact_place_place_zurich_switzerland_annual_reports_of_the_city_council_and_central_school_board_for_1907_were_published_in_zurich_in_1908,Annual reports of the city council and central school board for 1907 were published in Zurich in 1908.
fact_place_place_zurich_switzerland_the_health_and_welfare_care_of_the_city_of_zurich_was_commemorated_in_a_publication_in_1909,The health and welfare care of the city of Zurich was commemorated in a publication in 1909.
fact_date_date_1844_1844_1844_der_kanton_zürich_vol_1_by_meyer_von_knonau_was_published_in_1844,Der Kanton Zürich Vol. 1 by Meyer von Knonau was published in 1844.
fact_date_date_1900_1900_1900_mountain_views_from_stadthausquai_and_anlage_enge_were_documented_in_1900,Mountain views from Stadthausquai and Anlage Enge were documented in 1900.
fact_date_date_1902_1902_1902_the_2nd_edition_of_maps_of_zurichberg_adlisberg_and_uetliberg_was_published_in_1902,The 2nd edition of maps of Zurichberg-Adlisberg and Uetliberg was published in 1902.
fact_date_date_1905_1905_1905_the_2nd_edition_of_maps_of_zurichberg_adlisberg_and_uetliberg_was_published_in_1905,The 2nd edition of maps of Zurichberg-Adlisberg and Uetliberg was published in 1905.
fact_date_date_1905_1905_1905_peter_h_wrote_about_water_supply_in_1905,"Peter, H. wrote about water supply in 1905."
fact_date_date_1906_1906_1906_an_excursion_map_of_the_albiskette_was_published_in_zurich_in_1906,An excursion map of the Albiskette was published in Zurich in 1906.
fact_date_date_1906_1906_1906_peter_h_reported_on_the_construction_of_the_spring_water_supply_from_sihl_and_lorze_valleys_in_1906,"Peter, H. reported on the construction of the spring water supply from Sihl and Lorze valleys in 1906."
fact_date_date_1871_1871_1871_reports_on_the_water_conditions_of_the_city_of_zurich_were_published_in_1871,Reports on the water conditions of the city of Zurich were published in 1871.
fact_date_date_1903_1903_1903_the_industrial_enterprises_of_the_city_of_zurich_were_documented_in_1903,The industrial enterprises of the city of Zurich were documented in 1903.
fact_date_date_1907_1907_1907_annual_report_of_the_city_council_and_central_school_board_for_1907_was_published,Annual report of the city council and central school board for 1907 was published.
fact_date_date_1908_1908_1908_annual_report_of_the_city_council_and_central_school_board_for_1907_was_published_in_1908,Annual report of the city council and central school board for 1907 was published in 1908.
fact_date_date_1908_1908_1908_pflüger_p_wrote_a_memorandum_on_municipal_socialism_of_zurich_in_1908,"Pflüger, P. wrote a memorandum on municipal socialism of Zurich in 1908."
fact_date_date_february_1909_1909_1909_boos_jegher_submitted_a_report_to_the_cantonal_council_and_government_council_zurich_in_february_1909,Boos-Jegher submitted a report to the Cantonal Council and Government Council Zurich in February 1909.
fact_date_date_1909_1909_1909_erismann_f_published_a_commemorative_publication_on_the_health_and_welfare_care_of_the_city_of_zurich_in_1909,"Erismann, F. published a commemorative publication on the health and welfare care of the city of Zurich in 1909."
fact_place_place_zurich_switzerland_the_article_refers_to_the_canton_of_zurich,The article refers to the canton of Zurich.
fact_place_place_zurich_main_station_zurich_switzerland_the_traffic_lines_converge_at_zurich_main_station,The traffic lines converge at Zurich main station.
fact_place_place_zurich_switzerland_zurich_main_station_is_located_in_the_zurich_city_area,Zurich main station is located in the Zurich city area.
fact_place_place_wiedikon_zurich_switzerland_wiedikon_station_facilitates_traffic_on_the_left_bank_lake_railway,Wiedikon station facilitates traffic on the left bank lake railway.
fact_place_place_enge_zurich_switzerland_enge_station_facilitates_traffic_on_the_left_bank_lake_railway,Enge station facilitates traffic on the left bank lake railway.
fact_place_place_wollishofen_zurich_switzerland_wollishofen_station_facilitates_traffic_on_the_left_bank_lake_railway,Wollishofen station facilitates traffic on the left bank lake railway.
fact_place_place_left_bank_lake_railway_wiedikon_enge_and_wollishofen_stations_are_on_the_left_bank_lake_railway,"Wiedikon, Enge, and Wollishofen stations are on the left bank lake railway."
fact_place_place_letten_zurich_switzerland_letten_station_facilitates_traffic_on_the_right_bank,Letten station facilitates traffic on the right bank.
fact_place_place_stadelhofen_zurich_switzerland_stadelhofen_station_facilitates_traffic_on_the_right_bank,Stadelhofen station facilitates traffic on the right bank.
fact_place_place_tiefenbrunnen_zurich_switzerland_tiefenbrunnen_station_facilitates_traffic_on_the_right_bank,Tiefenbrunnen station facilitates traffic on the right bank.
fact_place_place_right_bank_letten_stadelhofen_and_tiefenbrunnen_stations_are_on_the_right_bank,"Letten, Stadelhofen, and Tiefenbrunnen stations are on the right bank."
fact_place_place_selnau_station_zurich_switzerland_at_selnau_station_uetliberg_and_sihl_valley_railways_converge,"At Selnau station, Uetliberg and Sihl valley railways converge."
fact_place_place_uetliberg_railway_zurich_switzerland_the_uetliberg_railway_climbs_steeply_by_adhesion_railway_via_binz_and_waldegg_stations_towards_the_west_to_the_uetliberg_summit,The Uetliberg railway climbs steeply by adhesion railway via Binz and Waldegg stations towards the west to the Uetliberg summit.
fact_place_place_sihl_valley_railway_zurich_switzerland_the_sihl_valley_railway_leads_through_giesshübel_brunau_manegg_sod_and_adliswil_into_the_sihl_valley_and_connects_at_sihlbrugg_with_the_federal_,"The Sihl valley railway leads through Giesshübel, Brunau, Manegg, Sod, and Adliswil into the Sihl valley and connects at Sihlbrugg with the federal railway line Thalwil-Zug."
fact_place_place_binz_zurich_switzerland_binz_station_is_on_the_uetliberg_railway_route,Binz station is on the Uetliberg railway route.
fact_place_place_waldegg_zurich_switzerland_waldegg_station_is_on_the_uetliberg_railway_route,Waldegg station is on the Uetliberg railway route.
fact_place_place_uetliberg_zurich_switzerland_the_uetliberg_railway_reaches_the_uetliberg_summit_after_a_half_hour_ride,The Uetliberg railway reaches the Uetliberg summit after a half-hour ride.
fact_place_place_giesshübel_zurich_switzerland_the_sihl_valley_railway_passes_through_giesshübel,The Sihl valley railway passes through Giesshübel.
fact_place_place_brunau_zurich_switzerland_the_sihl_valley_railway_passes_through_brunau,The Sihl valley railway passes through Brunau.
fact_place_place_manegg_zurich_switzerland_the_sihl_valley_railway_passes_through_manegg,The Sihl valley railway passes through Manegg.
fact_place_place_sood_zurich_switzerland_the_sihl_valley_railway_passes_through_sod,The Sihl valley railway passes through Sod.
fact_place_place_adliswil_zurich_switzerland_the_sihl_valley_railway_passes_through_adliswil,The Sihl valley railway passes through Adliswil.
fact_place_place_sihl_valley_zurich_switzerland_the_sihl_valley_railway_leads_into_the_sihl_valley,The Sihl valley railway leads into the Sihl valley.
fact_place_place_sihlbrugg_zurich_switzerland_the_sihl_valley_railway_connects_at_sihlbrugg_with_the_federal_railway_line_thalwil_zug,The Sihl valley railway connects at Sihlbrugg with the federal railway line Thalwil-Zug.
fact_place_place_thalwil_zug_railway_line_switzerland_the_sihl_valley_railway_connects_at_sihlbrugg_with_the_federal_railway_line_thalwil_zug,The Sihl valley railway connects at Sihlbrugg with the federal railway line Thalwil-Zug.
fact_date_date_1875_1875_1875_the_uetliberg_railway_was_opened_in_1875,The Uetliberg railway was opened in 1875.
fact_place_place_zurich_switzerland_the_first_railway_line_from_zurich_to_baden_opened_on_august_9_1847,"The first railway line from Zurich to Baden opened on August 9, 1847."
fact_place_place_zurich_switzerland_the_second_railway_line_from_zurich_to_winterthur_opened_on_may_16_1855,"The second railway line from Zurich to Winterthur opened on May 16, 1855."
fact_place_place_zurich_switzerland_a_railway_line_from_zurich_to_uster_opened_on_august_1_1856,"A railway line from Zurich to Uster opened on August 1, 1856."
fact_place_place_zurich_switzerland_a_railway_line_from_zurich_to_zug_opened_on_june_1_1864,"A railway line from Zurich to Zug opened on June 1, 1864."
fact_place_place_baden_aargau_switzerland_the_first_railway_line_from_zurich_to_baden_opened_on_august_9_1847,"The first railway line from Zurich to Baden opened on August 9, 1847."
fact_place_place_winterthur_zurich_switzerland_the_second_railway_line_from_zurich_to_winterthur_opened_on_may_16_1855,"The second railway line from Zurich to Winterthur opened on May 16, 1855."
fact_place_place_uster_zurich_switzerland_a_railway_line_from_zurich_to_uster_opened_on_august_1_1856,"A railway line from Zurich to Uster opened on August 1, 1856."
fact_place_place_zug_switzerland_a_railway_line_from_zurich_to_zug_opened_on_june_1_1864,"A railway line from Zurich to Zug opened on June 1, 1864."
fact_place_place_lake_zurich_switzerland_steamship_routes_operated_on_lake_zurich_before_railway_connections_existed,Steamship routes operated on Lake Zurich before railway connections existed.
fact_place_place_lake_zurich_switzerland_the_first_steamship_on_lake_zurich_ran_on_may_19_1835,"The first steamship on Lake Zurich ran on May 19, 1835."
fact_place_place_lake_zurich_switzerland_in_1891_local_traffic_on_lake_zurich_was_significantly_promoted_by_the_introduction_of_dampfschwalben,"In 1891, local traffic on Lake Zurich was significantly promoted by the introduction of “Dampfschwalben.”"
fact_place_place_lake_zurich_switzerland_the_courses_of_the_large_steamers_on_lake_zurich_were_relatively_reduced_due_to_double_railway_service,The courses of the large steamers on Lake Zurich were relatively reduced due to double railway service.
fact_date_date_august_9_1847_1847_1847_the_first_railway_line_from_zurich_to_baden_opened_on_august_9_1847,"The first railway line from Zurich to Baden opened on August 9, 1847."
fact_date_date_may_16_1855_1855_1855_the_second_railway_line_from_zurich_to_winterthur_opened_on_may_16_1855,"The second railway line from Zurich to Winterthur opened on May 16, 1855."
fact_date_date_august_1_1856_1856_1856_a_railway_line_from_zurich_to_uster_opened_on_august_1_1856,"A railway line from Zurich to Uster opened on August 1, 1856."
fact_date_date_june_1_1864_1864_1864_a_railway_line_from_zurich_to_zug_opened_on_june_1_1864,"A railway line from Zurich to Zug opened on June 1, 1864."
fact_date_date_may_19_1835_1835_1835_the_first_steamship_on_lake_zurich_ran_on_may_19_1835,"The first steamship on Lake Zurich ran on May 19, 1835."
fact_date_date_1891_1891_1891_in_1891_local_traffic_on_lake_zurich_was_significantly_promoted_by_the_introduction_of_dampfschwalben,"In 1891, local traffic on Lake Zurich was significantly promoted by the introduction of “Dampfschwalben.”"
fact_place_place_maur_zurich_switzerland_there_is_a_postal_route_to_maur,There is a postal route to Maur.
fact_place_place_zumikon_zurich_switzerland_there_is_a_postal_route_to_zumikon,There is a postal route to Zumikon.
fact_place_place_zurich_switzerland_zurich_has_19_post_offices,Zurich has 19 post offices.
fact_place_place_zurich_switzerland_zurich_has_17_telegraph_offices,Zurich has 17 telegraph offices.
fact_place_place_zurich_switzerland_zurich_is_mentioned_in_the_context_of_the_swiss_national_museum,Zurich is mentioned in the context of the Swiss National Museum.
fact_place_place_zurich_switzerland_within_the_city_itself_a_far_reaching_and_rapidly_expanding_network_of_streetcars_facilitates_traffic,"Within the city itself, a far-reaching and rapidly expanding network of streetcars facilitates traffic."
fact_place_place_zurich_switzerland_the_first_line_was_opened_as_a_private_horse_tramway_on_september_24_1882,"The first line was opened as a private horse tramway on September 24, 1882."
fact_place_place_zurich_switzerland_the_first_electrically_operated_line_arose_to_burgwies,The first electrically operated line arose to Burgwies.
fact_place_place_zurich_switzerland_in_1898_the_power_plant_connected_with_the_pumping_station_in_letten_became_operational_so_that_the_entire_tramway_network_could_be_placed_in_municipal_electric_ope,"In 1898, the power plant connected with the pumping station in Letten became operational so that the entire tramway network could be placed in municipal electric operation."
fact_place_place_zurich_switzerland_the_central_zurichberg_railway_and_the_streetcar_of_the_industrial_district_were_annexed_by_purchase,The central Zurichberg railway and the streetcar of the industrial district were annexed by purchase.
fact_place_place_zurich_switzerland_private_tramways_still_exist_with_lines_from_giesshübel_to_albisgütli_the_limmat_valley_streetcar_from_marienstrasse_to_altstetten_schlieren_dietikon_and_others,"Private tramways still exist with lines from Giesshübel to Albisgütli, the Limmat Valley streetcar from Marienstrasse to Altstetten-Schlieren-Dietikon, and others."
fact_place_place_zurich_switzerland_there_are_three_cable_railways_to_the_heights_of_the_zurichberg_from_rigiplatz_to_rigiviertel_from_leonhardsplatz_to_the_polytechnic_and_from_römerhof_to_waldhaus_d,"There are three cable railways to the heights of the Zurichberg: from Rigiplatz to Rigiviertel, from Leonhardsplatz to the Polytechnic, and from Römerhof to Waldhaus Dolder, with subsequent streetcar to the Grand Hotel Dolder."
fact_place_place_burgwies_zurich_switzerland_the_first_electrically_operated_line_arose_to_burgwies,The first electrically operated line arose to Burgwies.
fact_place_place_letten_zurich_switzerland_in_1898_the_power_plant_connected_with_the_pumping_station_in_letten_became_operational_so_that_the_entire_tramway_network_could_be_placed_in_municipal_elect,"In 1898, the power plant connected with the pumping station in Letten became operational so that the entire tramway network could be placed in municipal electric operation."
fact_place_place_giesshübel_zurich_switzerland_private_tramways_still_exist_with_a_line_from_giesshübel_to_albisgütli,Private tramways still exist with a line from Giesshübel to Albisgütli.
fact_place_place_albisgütli_zurich_switzerland_private_tramways_still_exist_with_a_line_from_giesshübel_to_albisgütli,Private tramways still exist with a line from Giesshübel to Albisgütli.
fact_place_place_limmat_valley_switzerland_the_limmat_valley_streetcar_runs_from_marienstrasse_to_altstetten_schlieren_dietikon_continuing_over_mutschellen_to_bremgarten_unterengstringen_kloster_fahr_,"The Limmat Valley streetcar runs from Marienstrasse to Altstetten-Schlieren-Dietikon, continuing over Mutschellen to Bremgarten-Unterengstringen-Kloster Fahr-Weiningen."
fact_place_place_marienstrasse_zurich_switzerland_the_limmat_valley_streetcar_runs_from_marienstrasse_to_altstetten_schlieren_dietikon,The Limmat Valley streetcar runs from Marienstrasse to Altstetten-Schlieren-Dietikon.
fact_place_place_altstetten_schlieren_dietikon_the_limmat_valley_streetcar_runs_from_marienstrasse_to_altstetten_schlieren_dietikon,The Limmat Valley streetcar runs from Marienstrasse to Altstetten-Schlieren-Dietikon.
fact_place_place_mutschellen_switzerland_from_dietikon_the_tram_continues_over_mutschellen_to_bremgarten_unterengstringen_kloster_fahr_weiningen,"From Dietikon, the tram continues over Mutschellen to Bremgarten-Unterengstringen-Kloster Fahr-Weiningen."
fact_place_place_bremgarten_aargau_switzerland_the_tram_continues_over_mutschellen_to_bremgarten_unterengstringen_kloster_fahr_weiningen,The tram continues over Mutschellen to Bremgarten-Unterengstringen-Kloster Fahr-Weiningen.
fact_place_place_unterengstringen_zurich_switzerland_the_tram_continues_over_mutschellen_to_bremgarten_unterengstringen_kloster_fahr_weiningen,The tram continues over Mutschellen to Bremgarten-Unterengstringen-Kloster Fahr-Weiningen.
fact_place_place_kloster_fahr_zurich_switzerland_the_tram_continues_over_mutschellen_to_bremgarten_unterengstringen_kloster_fahr_weiningen,The tram continues over Mutschellen to Bremgarten-Unterengstringen-Kloster Fahr-Weiningen.
fact_place_place_weiningen_zurich_switzerland_the_tram_continues_over_mutschellen_to_bremgarten_unterengstringen_kloster_fahr_weiningen,The tram continues over Mutschellen to Bremgarten-Unterengstringen-Kloster Fahr-Weiningen.
fact_place_place_zurich_main_station_zurich_switzerland_private_tramways_still_exist_with_lines_from_the_main_station_or_wipkingen_to_hoengg,Private tramways still exist with lines from the main station or Wipkingen to Hoengg.
fact_place_place_wipkingen_zurich_switzerland_private_tramways_still_exist_with_lines_from_the_main_station_or_wipkingen_to_hoengg,Private tramways still exist with lines from the main station or Wipkingen to Hoengg.
fact_place_place_hoengg_zurich_switzerland_private_tramways_still_exist_with_lines_from_the_main_station_or_wipkingen_to_hoengg,Private tramways still exist with lines from the main station or Wipkingen to Hoengg.
fact_place_place_leonhardsplatz_zurich_switzerland_private_tramways_still_exist_with_lines_from_leonhardsplatz_to_oerlikon_seebach_glattbrugg_with_a_branch_to_schwamendingen,Private tramways still exist with lines from Leonhardsplatz to Oerlikon-Seebach-Glattbrugg with a branch to Schwamendingen.
fact_place_place_leonhardsplatz_zurich_switzerland_there_is_a_cable_railway_from_leonhardsplatz_to_the_polytechnic,There is a cable railway from Leonhardsplatz to the Polytechnic.
fact_place_place_oerlikon_seebach_glattbrugg_private_tramways_still_exist_with_lines_from_leonhardsplatz_to_oerlikon_seebach_glattbrugg_with_a_branch_to_schwamendingen,Private tramways still exist with lines from Leonhardsplatz to Oerlikon-Seebach-Glattbrugg with a branch to Schwamendingen.
fact_place_place_schwamendingen_zurich_switzerland_there_is_a_branch_from_the_line_from_leonhardsplatz_to_oerlikon_seebach_glattbrugg_to_schwamendingen,There is a branch from the line from Leonhardsplatz to Oerlikon-Seebach-Glattbrugg to Schwamendingen.
fact_place_place_zurichberg_zurich_switzerland_there_are_three_cable_railways_to_the_heights_of_the_zurichberg,There are three cable railways to the heights of the Zurichberg.
fact_place_place_rigiplatz_zurich_switzerland_there_is_a_cable_railway_from_rigiplatz_to_rigiviertel,There is a cable railway from Rigiplatz to Rigiviertel.
fact_place_place_rigiviertel_zurich_switzerland_there_is_a_cable_railway_from_rigiplatz_to_rigiviertel,There is a cable railway from Rigiplatz to Rigiviertel.
fact_place_place_eth_zurich_zurich_switzerland_there_is_a_cable_railway_from_leonhardsplatz_to_the_polytechnic,There is a cable railway from Leonhardsplatz to the Polytechnic.
fact_place_place_römerhof_zurich_switzerland_there_is_a_cable_railway_from_römerhof_to_waldhaus_dolder_with_subsequent_streetcar_to_the_grand_hotel_dolder,"There is a cable railway from Römerhof to Waldhaus Dolder, with subsequent streetcar to the Grand Hotel Dolder."
fact_place_place_waldhaus_dolder_zurich_switzerland_there_is_a_cable_railway_from_römerhof_to_waldhaus_dolder_with_subsequent_streetcar_to_the_grand_hotel_dolder,"There is a cable railway from Römerhof to Waldhaus Dolder, with subsequent streetcar to the Grand Hotel Dolder."
fact_place_place_grand_hotel_dolder_zurich_switzerland_there_is_a_streetcar_from_waldhaus_dolder_to_the_grand_hotel_dolder,There is a streetcar from Waldhaus Dolder to the Grand Hotel Dolder.
fact_date_date_september_24_1882_1882_1882_the_first_line_was_opened_as_a_private_horse_tramway_on_september_24_1882,"The first line was opened as a private horse tramway on September 24, 1882."
fact_date_date_1898_1898_1898_in_1898_the_power_plant_connected_with_the_pumping_station_in_letten_became_operational_so_that_the_entire_tramway_network_could_be_placed_in_municipal_electric_operation,"In 1898, the power plant connected with the pumping station in Letten became operational so that the entire tramway network could be placed in municipal electric operation."
fact_place_place_zurich_switzerland_zurich_is_mentioned_in_the_context_of_the_urania_public_observatory,Zurich is mentioned in the context of the Urania public observatory.
fact_place_place_lake_zurich_zurich_switzerland_numerous_motor_rowing_and_sailing_boats_can_be_rented_on_the_lake,"Numerous motor, rowing, and sailing boats can be rented on the lake."
fact_place_place_lake_zurich_zurich_switzerland_large_barges_pass_on_goods_traffic_on_the_lake,Large barges pass on goods traffic on the lake.
fact_place_place_lake_zurich_zurich_switzerland_building_material_transport_from_sandstone_quarries_and_gravel_pits_of_the_upper_lake_zurich_occurs_via_barges,Building material transport from sandstone quarries and gravel pits of the upper Lake Zurich occurs via barges.
fact_date_date_end_of_1907_1907_1907_the_total_length_of_the_municipal_streetcar_network_was_29_8_km_at_the_end_of_1907,The total length of the municipal streetcar network was 29.8 km at the end of 1907.
fact_date_date_end_of_1907_1907_1907_daily_frequency_in_1907_was_62_136_persons,"Daily frequency in 1907 was 62,136 persons."
fact_place_place_zurich_switzerland_zurich_counted_941_streets_and_squares_in_1907,Zurich counted 941 streets and squares in 1907.
fact_place_place_zurich_switzerland_due_to_rapid_city_expansion_on_the_periphery_numerous_new_streets_and_squares_are_added_annually,"Due to rapid city expansion on the periphery, numerous new streets and squares are added annually."
fact_place_place_zurich_switzerland_entire_street_sections_arise_on_the_slopes_of_the_zurichberg,Entire street sections arise on the slopes of the Zurichberg.
fact_place_place_zurich_switzerland_the_old_wild_brook_valleys_on_the_zurichberg_slopes_are_artificially_filled_or_dammed_over,The old wild brook valleys on the Zurichberg slopes are artificially filled or dammed over.
fact_place_place_zurich_switzerland_the_wolfbach_which_flowed_from_hottingen_into_the_limmat_at_the_upper_mühlesteg_has_disappeared_entirely_from_sight,"The Wolfbach, which flowed from Hottingen into the Limmat at the upper Mühlesteg, has disappeared entirely from sight."
fact_place_place_zurich_switzerland_the_klosbach_has_disappeared_entirely_from_sight,The Klosbach has disappeared entirely from sight.
fact_place_place_zurich_switzerland_the_hornbach_is_dammed,The Hornbach is dammed.
fact_place_place_zurich_switzerland_the_niche_of_the_former_lindenbach_in_district_4_almost_disappeared,The niche of the former Lindenbach in District 4 almost disappeared.
fact_place_place_zurichberg_zurich_switzerland_entire_street_sections_arise_on_the_slopes_of_the_zurichberg,Entire street sections arise on the slopes of the Zurichberg.
fact_place_place_zurichberg_zurich_switzerland_the_old_wild_brook_valleys_on_the_zurichberg_slopes_are_artificially_filled_or_dammed_over,The old wild brook valleys on the Zurichberg slopes are artificially filled or dammed over.
fact_place_place_wolfbach_the_wolfbach_which_flowed_from_hottingen_into_the_limmat_at_the_upper_mühlesteg_has_disappeared_entirely_from_sight,"The Wolfbach, which flowed from Hottingen into the Limmat at the upper Mühlesteg, has disappeared entirely from sight."
fact_place_place_hottingen_zurich_switzerland_the_wolfbach_flowed_from_hottingen_into_the_limmat_at_the_upper_mühlesteg,The Wolfbach flowed from Hottingen into the Limmat at the upper Mühlesteg.
fact_place_place_limmat_switzerland_the_wolfbach_flowed_into_the_limmat_at_the_upper_mühlesteg,The Wolfbach flowed into the Limmat at the upper Mühlesteg.
fact_place_place_upper_mühlesteg_the_wolfbach_flowed_into_the_limmat_at_the_upper_mühlesteg,The Wolfbach flowed into the Limmat at the upper Mühlesteg.
fact_place_place_klosbach_the_klosbach_has_disappeared_entirely_from_sight,The Klosbach has disappeared entirely from sight.
fact_place_place_hornbach_the_hornbach_is_dammed,The Hornbach is dammed.
fact_place_place_lindenbach_the_niche_of_the_former_lindenbach_in_district_4_almost_disappeared,The niche of the former Lindenbach in District 4 almost disappeared.
fact_place_place_district_4_zurich_switzerland_the_niche_of_the_former_lindenbach_in_district_4_almost_disappeared,The niche of the former Lindenbach in District 4 almost disappeared.
fact_date_date_1907_1907_1907_zurich_counted_941_streets_and_squares_in_1907,Zurich counted 941 streets and squares in 1907.
fact_place_place_zurich_switzerland_the_city_is_brightly_illuminated_by_gas_lights_and_electric_arc_lamps_at_night,The city is brightly illuminated by gas lights and electric arc lamps at night.
fact_place_place_zurich_switzerland_the_city_took_over_gas_lighting_in_1886,The city took over gas lighting in 1886.
fact_place_place_zurich_switzerland_the_gas_pipeline_network_reaches_to_the_outermost_boundaries_of_the_city_including_the_uetliberg_ridge,"The gas pipeline network reaches to the outermost boundaries of the city, including the Uetliberg ridge."
fact_place_place_uetliberg_zurich_switzerland_the_gas_pipeline_network_reaches_up_to_the_uetliberg_ridge,The gas pipeline network reaches up to the Uetliberg ridge.
fact_place_place_schlieren_zurich_switzerland_the_municipal_gasworks_in_schlieren_feeds_the_gas_pipeline_network,The municipal gasworks in Schlieren feeds the gas pipeline network.
fact_place_place_schlieren_zurich_switzerland_the_gasworks_is_a_model_plant_first_rate_in_its_construction_and_operation,The gasworks is a model plant first-rate in its construction and operation.
fact_date_date_1856_1856_1856_gas_lighting_was_introduced_by_a_private_company_in_1856,Gas lighting was introduced by a private company in 1856.
fact_date_date_1886_1886_1886_in_1886_the_city_took_over_the_task_of_gas_lighting,"In 1886, the city took over the task of gas lighting."
fact_date_date_december_1908_1908_1908_in_december_1908_the_municipal_gasworks_delivered_105_000_to_106_000_m³_of_gas_daily_with_a_daily_coal_consumption_of_35_wagons,"In December 1908, the municipal gasworks delivered 105,000 to 106,000 m³ of gas daily with a daily coal consumption of 35 wagons."
fact_place_place_adliswil_zurich_switzerland_adliswil_is_an_adjacent_municipality_receiving_gas_delivery,Adliswil is an adjacent municipality receiving gas delivery.
fact_place_place_oerlikon_zurich_switzerland_oerlikon_is_an_adjacent_municipality_receiving_gas_delivery,Oerlikon is an adjacent municipality receiving gas delivery.
fact_place_place_zollikon_zurich_switzerland_zollikon_is_an_adjacent_municipality_receiving_gas_delivery,Zollikon is an adjacent municipality receiving gas delivery.
fact_place_place_kilchberg_zurich_switzerland_kilchberg_is_an_adjacent_municipality_receiving_gas_delivery,Kilchberg is an adjacent municipality receiving gas delivery.
fact_place_place_schlieren_zurich_switzerland_schlieren_is_an_adjacent_municipality_receiving_gas_delivery,Schlieren is an adjacent municipality receiving gas delivery.
fact_place_place_albisrieden_altstetten_albisrieden_altstetten_is_an_adjacent_municipality_receiving_gas_delivery,Albisrieden-Altstetten is an adjacent municipality receiving gas delivery.
fact_place_place_zurich_switzerland_city_of_zurich_is_included_in_the_gas_consumption_per_capita_calculation,City of Zurich is included in the gas consumption per capita calculation.
fact_place_place_zurich_switzerland_city_of_zurich_receives_gas_delivery,City of Zurich receives gas delivery.
fact_date_date_1898_1898_1898_the_first_construction_with_a_parallel_plant_was_opened_in_1898,The first construction with a parallel plant was opened in 1898.
fact_date_date_1907_1907_1907_annual_output_in_1907_was_26_640_200_m³,"Annual output in 1907 was 26,640,200 m³."
fact_date_date_1907_1907_1907_private_consumption_and_gas_delivery_to_adjacent_municipalities_in_1907_accounted_for_22_162_889_m³,"Private consumption and gas delivery to adjacent municipalities in 1907 accounted for 22,162,889 m³."
fact_date_date_1907_1907_1907_gas_consumption_per_capita_per_year_for_city_of_zurich_and_adjacent_municipalities_was_114_02_m³,Gas consumption per capita per year for City of Zurich and adjacent municipalities was 114.02 m³.
fact_date_date_1907_1907_1907_number_of_flames_on_30_november_1907_totaled_330_130,"Number of flames on 30 November 1907 totaled 330,130."
fact_date_date_1906_to_1907_1906_1907_gas_output_increased_by_over_12_from_1906_to_1907,Gas output increased by over 12% from 1906 to 1907.
fact_place_place_zurich_switzerland_zurichers_can_be_divided_into_two_categories_active_and_passive,Zurichers can be divided into two categories: active and passive.
fact_place_place_zurich_switzerland_active_zurichers_are_engaged_in_politics,Active Zurichers are engaged in politics.
fact_place_place_zurich_switzerland_passive_zurichers_are_in_part_pushed_in_and_in_part_indifferent,Passive Zurichers are in part pushed in and in part indifferent.
fact_place_place_zurich_switzerland_active_zurichers_split_into_serious_workers_on_the_community_and_political_strivers,Active Zurichers split into serious workers on the community and political strivers.
fact_place_place_zurich_switzerland_the_city_zurich_s_daily_newspaper_is_also_the_city_gazette,The city Zurich’s daily newspaper is also the city gazette.
fact_place_place_zurich_switzerland_the_daily_newspaper_contains_briefly_held_official_announcements_on_the_first_pages,The daily newspaper contains briefly held official announcements on the first pages.
fact_place_place_zurich_switzerland_the_daily_newspaper_is_swollen_to_40_or_more_folio_pages_on_a_saturday_before_a_vote_or_election_day,The daily newspaper is swollen to 40 or more folio pages on a Saturday before a vote or election day.
fact_place_place_zurich_switzerland_the_daily_newspaper_includes_full_and_half_page_calls_from_political_party_committees,The daily newspaper includes full- and half-page calls from political party committees.
fact_place_place_zurich_switzerland_newspapers_and_periodicals_currently_1909_appear_in_zurich_numbering_about_160,Newspapers and periodicals currently (1909) appear in Zurich numbering about 160.
fact_place_place_zurich_switzerland_the_friday_weekly_today_zürcher_freitagszeitung_bürklizitig_circulation_3_500_dates_back_to_1673_and_is_probably_the_oldest_swiss_newspaper,"The Friday weekly, today Zürcher Freitagszeitung (Bürklizitig, circulation 3,500), dates back to 1673 and is probably the oldest Swiss newspaper."
fact_place_place_zurich_switzerland_the_zürcher_zeitung_was_first_published_on_january_12_1780,"The Zürcher Zeitung was first published on January 12, 1780."
fact_place_place_zurich_switzerland_since_1821_the_zürcher_zeitung_has_been_called_neue_zürcher_zeitung,Since 1821 the Zürcher Zeitung has been called Neue Zürcher Zeitung.
fact_place_place_zurich_switzerland_the_neue_zürcher_zeitung_appeared_daily_since_1843_for_several_years_thrice_daily_with_a_circulation_of_15_000,"The Neue Zürcher Zeitung appeared daily since 1843, for several years thrice daily, with a circulation of 15,000."
fact_place_place_zurich_switzerland_as_early_as_1801_the_paper_must_have_been_very_loyal_to_the_government_because_its_publisher_then_asked_the_government_governor_to_partially_exempt_it_from_censorsh,"As early as 1801, the paper must have been very loyal to the government because its publisher then asked the government governor to partially exempt it from censorship."
fact_date_date_1909_1909_1909_newspapers_and_periodicals_currently_1909_appear_in_zurich_numbering_about_160,Newspapers and periodicals currently (1909) appear in Zurich numbering about 160.
fact_date_date_1666_1666_1666_already_in_1666_a_weekly_paper_appeared,Already in 1666 a weekly paper appeared.
fact_date_date_1673_1673_1673_the_friday_weekly_today_zürcher_freitagszeitung_dates_back_to_1673_and_is_probably_the_oldest_swiss_newspaper,"The Friday weekly, today Zürcher Freitagszeitung, dates back to 1673 and is probably the oldest Swiss newspaper."
fact_date_date_january_12_1780_1780_1780_the_zürcher_zeitung_was_first_published_on_january_12_1780,"The Zürcher Zeitung was first published on January 12, 1780."
fact_date_date_1821_1821_1821_since_1821_the_zürcher_zeitung_has_been_called_neue_zürcher_zeitung,Since 1821 the Zürcher Zeitung has been called Neue Zürcher Zeitung.
fact_date_date_1843_1843_1843_the_neue_zürcher_zeitung_appeared_daily_since_1843_for_several_years_thrice_daily,"The Neue Zürcher Zeitung appeared daily since 1843, for several years thrice daily."
fact_date_date_1801_1801_1801_as_early_as_1801_the_paper_must_have_been_very_loyal_to_the_government_because_its_publisher_then_asked_the_government_governor_to_partially_exempt_it_from_censorship,"As early as 1801, the paper must have been very loyal to the government because its publisher then asked the government governor to partially exempt it from censorship."
fact_place_place_zurich_switzerland_the_city_zurich_daily_official_gazette_circulation_27_000_has_existed_since_1837,"The city Zurich daily (official gazette, circulation 27,000) has existed since 1837."
fact_place_place_zurich_switzerland_the_nebelspalter_is_a_permanent_weekly_political_satirical_paper_appearing_in_zurich_since_1874,The Nebelspalter is a permanent weekly political satirical paper appearing in Zurich since 1874.
fact_date_date_1837_1837_1837_the_city_zurich_daily_official_gazette_circulation_27_000_has_existed_since_1837,"The city Zurich daily (official gazette, circulation 27,000) has existed since 1837."
fact_date_date_1874_1874_1874_the_nebelspalter_is_a_permanent_weekly_political_satirical_paper_appearing_in_zurich_since_1874,The Nebelspalter is a permanent weekly political satirical paper appearing in Zurich since 1874.
fact_place_place_zurich_switzerland_zurich_is_mentioned_in_relation_to_the_city_theatre,Zurich is mentioned in relation to the City Theatre.
fact_place_place_zurich_switzerland_the_associations_and_societies_rubric_in_the_new_zurich_city_address_book_gives_an_approximate_idea_of_the_great_space_that_association_life_occupies_in_our_city,The “Associations and Societies” rubric in the new Zurich city address book gives an approximate idea of the great space that association life occupies in our city.
fact_place_place_zurich_switzerland_association_life_offers_manifold_opportunities_to_the_population_on_the_soil_of_public_charitable_work_further_education_cultivation_of_sociability_mutual_support_a,"Association life offers manifold opportunities to the population on the soil of public charitable work, further education, cultivation of sociability, mutual support, and sports."
fact_place_place_zurich_switzerland_among_the_approximately_one_thousand_registered_associations_and_societies_in_zurich_there_are_163_professional_associations,"Among the approximately one thousand registered associations and societies in Zurich, there are 163 professional associations."
fact_place_place_zurich_switzerland_there_are_2_burial_societies_in_zurich,There are 2 burial societies in Zurich.
fact_place_place_zurich_switzerland_zurich_has_16_dramatic_associations,Zurich has 16 dramatic associations.
fact_place_place_zurich_switzerland_there_are_161_charitable_associations_and_institutions_in_zurich,There are 161 charitable associations and institutions in Zurich.
fact_place_place_zurich_switzerland_zurich_has_92_singing_societies,Zurich has 92 singing societies.
fact_place_place_zurich_switzerland_there_are_69_social_clubs_in_zurich,There are 69 social clubs in Zurich.
fact_place_place_zurich_switzerland_zurich_has_101_sick_and_support_societies_and_death_benefit_funds,Zurich has 101 sick and support societies and death benefit funds.
fact_place_place_zurich_switzerland_there_are_40_art_and_scientific_societies_in_zurich,There are 40 art and scientific societies in Zurich.
fact_place_place_zurich_switzerland_zurich_has_20_military_societies,Zurich has 20 military societies.
fact_place_place_zurich_switzerland_there_are_37_music_societies_in_zurich,There are 37 music societies in Zurich.
fact_place_place_zurich_switzerland_zurich_has_36_political_societies,Zurich has 36 political societies.
fact_place_place_zurich_switzerland_there_are_14_district_associations_in_zurich,There are 14 district associations in Zurich.
fact_place_place_zurich_switzerland_zurich_has_42_religious_societies,Zurich has 42 religious societies.
fact_place_place_zurich_switzerland_there_is_1_chess_club_in_zurich,There is 1 chess club in Zurich.
fact_place_place_zurich_switzerland_zurich_has_67_shooting_clubs,Zurich has 67 shooting clubs.
fact_place_place_zurich_switzerland_there_are_54_sports_clubs_in_zurich,There are 54 sports clubs in Zurich.
fact_place_place_zurich_switzerland_zurich_has_3_shorthand_clubs,Zurich has 3 shorthand clubs.
fact_place_place_zurich_switzerland_there_are_30_student_fraternities_and_academic_specialty_clubs_in_zurich,There are 30 student fraternities and academic specialty clubs in Zurich.
fact_place_place_zurich_switzerland_zurich_has_32_gymnastic_clubs,Zurich has 32 gymnastic clubs.
fact_place_place_zurich_switzerland_there_are_21_guild_societies_in_zurich,There are 21 guild societies in Zurich.
fact_place_place_zurich_switzerland_most_larger_associations_in_zurich_have_numerous_branch_sections_not_included_in_the_above_numbers,Most larger associations in Zurich have numerous branch sections not included in the above numbers.
fact_place_place_helmhaus_zurich_switzerland_a_central_card_catalog_exists_in_the_helmhaus,A central card catalog exists in the Helmhaus.
fact_place_place_helmhaus_zurich_switzerland_the_natural_science_society_library_is_located_at_helmhaus,The natural science society library is located at Helmhaus.
fact_place_place_helmhaus_zurich_switzerland_the_city_library_is_in_the_wasserkirche_at_helmhaus,The city library is in the Wasserkirche at Helmhaus.
fact_place_place_predigerkirche_zurich_switzerland_the_cantonal_and_university_library_is_in_the_choir_of_the_predigerkirche,The cantonal and university library is in the choir of the Predigerkirche.
fact_place_place_predigerkirche_zurich_switzerland_the_libraries_of_the_law_and_medical_surgical_societies_are_both_in_the_choir_of_the_predigerkirche,The libraries of the law and medical-surgical societies are both in the choir of the Predigerkirche.
fact_place_place_museum_of_applied_arts_zurich_switzerland_the_library_of_the_museum_of_applied_arts_is_at_the_national_museum,The library of the Museum of Applied Arts is at the National Museum.
fact_place_place_swiss_national_museum_zurich_switzerland_the_swiss_national_museum_has_a_library,The Swiss National Museum has a library.
fact_place_place_eth_zurich_zurich_switzerland_the_federal_polytechnic_school_has_45_000_titles_in_its_library,"The federal polytechnic school has 45,000 titles in its library."
fact_place_place_police_barracks_the_cantonal_military_library_is_located_in_the_police_barracks,The cantonal military library is located in the police barracks.
fact_place_place_state_archives_of_zurich_zurich_switzerland_the_state_archives_have_a_library,The state archives have a library.
fact_place_place_pestalozzianum_zurich_switzerland_the_pestalozzianum_has_a_library,The Pestalozzianum has a library.
fact_place_place_museum_the_museum_society_library_is_in_the_museum_opposite_the_meat_hall,"The museum society library is in the ""Museum"" opposite the meat hall."
fact_place_place_seilergraben_zurich_switzerland_a_library_of_the_central_office_for_social_literature_of_switzerland_with_reading_room_exists_at_seilergraben,A library of the central office for social literature of Switzerland with reading room exists at Seilergraben.
fact_date_date_1747_1747_1747_the_natural_science_society_was_founded_by_johann_gessner_in_1747,The natural science society was founded by Johann Gessner in 1747.
fact_date_date_1834_1834_1834_the_museum_society_was_founded_in_1834,The museum society was founded in 1834.
fact_place_place_the_pestalozzi_society_the_pestalozzi_society_has_public_libraries_and_reading_rooms_for_popular_education_and_popular_instruction,The Pestalozzi society has public libraries and reading rooms for popular education and popular instruction.
fact_place_place_the_pestalozzi_society_the_society_reported_210_000_visitors_in_1907_in_10_branches_across_the_whole_city,"The society reported 210,000 visitors in 1907 in 10 branches across the whole city."
fact_place_place_the_pestalozzi_society_the_society_organizes_several_popular_lectures_and_concerts_annually_in_winter,The society organizes several popular lectures and concerts annually in winter.
fact_place_place_the_pestalozzi_society_expenses_in_1907_were_nearly_45_000_francs_of_which_the_city_contributed_21_000_francs,"Expenses in 1907 were nearly 45,000 francs, of which the city contributed 21,000 francs."
fact_date_date_1907_1907_1907_the_pestalozzi_society_reported_210_000_visitors_in_1907,"The Pestalozzi society reported 210,000 visitors in 1907."
fact_date_date_1907_1907_1907_expenses_in_1907_were_nearly_45_000_francs_of_which_the_city_contributed_21_000_francs,"Expenses in 1907 were nearly 45,000 francs, of which the city contributed 21,000 francs."
fact_place_place_swiss_national_museum_zurich_switzerland_the_swiss_national_museum_has_outstanding_collections,The Swiss National Museum has outstanding collections.
fact_place_place_museum_of_applied_arts_zurich_switzerland_the_museum_of_applied_arts_of_the_city_of_zurich_has_changing_modern_exhibitions_and_spatial_art,The Museum of Applied Arts of the city of Zurich has changing modern exhibitions and spatial art.
fact_place_place_eth_zurich_zurich_switzerland_the_federal_polytechnic_has_archaeological_zoological_mineralogical_petrographic_geological_and_paleontological_collections,"The federal Polytechnic has archaeological, zoological, mineralogical, petrographic, geological, and paleontological collections."
fact_place_place_agricultural_and_forestry_school_the_agricultural_and_forestry_school_has_zoological_and_botanical_collections,The agricultural and forestry school has zoological and botanical collections.
fact_place_place_switzerland_there_are_splendid_reliefs_of_switzerland_by_becker_simon_imfeld_and_heim,"There are splendid reliefs of Switzerland by Becker, Simon, Imfeld, and Heim."
fact_place_place_seilergraben_zurich_switzerland_the_geographic_ethnographic_society_collection_is_located_at_seilergraben,The geographic-ethnographic society collection is located at Seilergraben.
fact_place_place_pestalozzianum_pestalozzianum_is_a_permanent_school_exhibition_temporarily_in_the_wollenhof_at_schipfe,Pestalozzianum is a permanent school exhibition temporarily in the Wollenhof at Schipfe.
fact_place_place_wollenhof_zurich_switzerland_the_pestalozzianum_exhibition_is_temporarily_in_the_wollenhof_at_schipfe,The Pestalozzianum exhibition is temporarily in the Wollenhof at Schipfe.
fact_place_place_schipfe_zurich_switzerland_the_pestalozzianum_exhibition_is_temporarily_in_the_wollenhof_at_schipfe,The Pestalozzianum exhibition is temporarily in the Wollenhof at Schipfe.
fact_place_place_municipal_zoological_museum_the_municipal_zoological_museum_was_formerly_the_nageli_museum_and_is_located_at_zurichhorn,The municipal zoological museum was formerly the Nageli Museum and is located at Zurichhorn.
fact_place_place_nageli_museum_the_municipal_zoological_museum_was_formerly_the_nageli_museum,The municipal zoological museum was formerly the Nageli Museum.
fact_place_place_zurichhorn_zurich_switzerland_the_municipal_zoological_museum_is_located_at_zurichhorn,The municipal zoological museum is located at Zurichhorn.
fact_place_place_mythenquai_zurich_switzerland_the_botanical_garden_with_its_collections_and_the_public_aviary_with_live_birds_are_at_mythenquai,The botanical garden with its collections and the public aviary with live birds are at Mythenquai.
fact_place_place_heimplatz_zurich_switzerland_a_worthy_building_art_house_is_now_being_built_for_fine_arts_at_heimplatz,A worthy building (art house) is now being built for fine arts at Heimplatz.
fact_place_place_künstlergütli_zurich_switzerland_the_künstlergütli_is_opposite_the_south_front_of_the_polytechnic,The Künstlergütli is opposite the south front of the Polytechnic.
fact_place_place_eth_zurich_zurich_switzerland_the_künstlergütli_has_to_make_way_for_the_new_university_building_at_the_polytechnic,The Künstlergütli has to make way for the new university building at the Polytechnic.
fact_place_place_zurich_art_society_the_permanent_exhibition_of_the_zurich_art_society_houses_valuable_pieces_especially_by_the_two_famous_zurich_painters_rudolf_koller_and_arnold_böcklin,"The permanent exhibition of the Zurich Art Society houses valuable pieces, especially by the two famous Zurich painters Rudolf Koller and Arnold Böcklin."
fact_place_place_künstlerhaus_zurich_switzerland_changing_exhibitions_of_modern_masters_are_held_in_the_künstlerhaus_a_provisional_barrack_near_the_stock_exchange,"Changing exhibitions of modern masters are held in the Künstlerhaus, a provisional barrack near the stock exchange."
fact_place_place_zurich_stock_exchange_zurich_switzerland_the_künstlerhaus_is_a_provisional_barrack_near_the_stock_exchange,The Künstlerhaus is a provisional barrack near the stock exchange.
fact_place_place_zurich_switzerland_many_valuable_paintings_are_in_private_zurich_possession_and_could_not_be_generally_accessible_in_the_previously_tight_premises,Many valuable paintings are in private Zurich possession and could not be generally accessible in the previously tight premises.
fact_place_place_zurich_switzerland_these_paintings_are_to_be_exhibited_in_the_new_art_house,These paintings are to be exhibited in the new art house.
fact_place_place_zurich_switzerland_theater_and_concerts_have_been_more_domestic_than_fine_arts_in_zurich,Theater and concerts have been more domestic than fine arts in Zurich.
fact_place_place_zurich_switzerland_acting_in_the_city_theatre_and_pfauen_theater_under_alfred_reucker_s_direction_has_deserved_full_praise_in_zurich,Acting in the City Theatre and Pfauen Theater under Alfred Reucker's direction has deserved full praise in Zurich.
fact_place_place_zurich_switzerland_kapellmeister_lothar_kempter_has_earned_great_merits_in_opera_in_zurich,Kapellmeister Lothar Kempter has earned great merits in opera in Zurich.
fact_place_place_zurich_switzerland_wagner_s_operas_were_brought_in_progressing_order_at_the_place_of_wagner_s_earlier_activity_in_zurich_to_continuous_enthusiastic_reception,Wagner’s operas were brought in progressing order at the place of Wagner's earlier activity in Zurich to continuous enthusiastic reception.
fact_place_place_zurich_switzerland_in_the_tonhalle_friedrich_hegar_has_masterfully_conducted_performances_of_works_by_beethoven_brahms_and_richard_strauss_with_orchestra_and_choirs_over_a_lifetime,"In the Tonhalle, Friedrich Hegar has masterfully conducted performances of works by Beethoven, Brahms, and Richard Strauss with orchestra and choirs over a lifetime."
fact_place_place_zurich_switzerland_the_high_musical_understanding_credited_to_the_zurich_public_is_a_result_of_artistic_education_by_zurich_masters,The high musical understanding credited to the Zurich public is a result of artistic education by Zurich masters.
fact_place_place_zurich_switzerland_zurich_masters_include_baumgartner_ignaz_heim_gustav_weber_friedrich_hegar_karl_attenhofer_gottfried_angerer_and_volkmar_andreae,"Zurich masters include Baumgartner, Ignaz Heim, Gustav Weber, Friedrich Hegar, Karl Attenhofer, Gottfried Angerer, and Volkmar Andreae."
fact_place_place_zurich_switzerland_these_masters_excelled_as_orchestra_and_choir_conductors_as_well_as_composers,These masters excelled as orchestra and choir conductors as well as composers.
fact_place_place_zurich_switzerland_performances_at_the_city_theatre_and_tonhalle_in_zurich_have_become_accessible_to_the_less_affluent_through_special_people_s_performances_and_popular_concerts,Performances at the City Theatre and Tonhalle in Zurich have become accessible to the less affluent through special people’s performances and popular concerts.
fact_place_place_zurich_switzerland_several_other_theaters_in_zurich_cater_to_fans_of_lighter_muses_including_the_central_theater_on_weinbergstrasse_the_corso_theater_at_the_old_tonhalle_square_and_th,"Several other theaters in Zurich cater to fans of lighter muses, including the Central Theater on Weinbergstrasse, the Corso Theater at the old Tonhalle square, and the intimate theater in the Urania."
fact_place_place_bonaduz_graubünden_switzerland_in_1908_09_the_singers_association_harmonie_held_concerts_for_the_fire_victims_of_bonaduz,"In 1908/09, the singers' association “Harmonie” held concerts for the fire victims of Bonaduz."
fact_place_place_zurich_switzerland_the_men_s_choir_zurich_held_concerts_for_farmers_affected_by_snow_damage_in_may_1908_09,The “Men’s Choir Zurich” held concerts for farmers affected by snow damage in May 1908/09.
fact_place_place_messina_italy_the_natural_science_society_held_a_town_hall_lecture_for_the_earthquake_victims_in_messina_in_1908_09,The Natural Science Society held a town hall lecture for the earthquake victims in Messina in 1908/09.
fact_date_date_1908_09_1908_1909_in_1908_09_the_singers_association_harmonie_held_concerts_for_the_fire_victims_of_bonaduz,"In 1908/09, the singers' association “Harmonie” held concerts for the fire victims of Bonaduz."
fact_date_date_1908_09_1908_1909_the_men_s_choir_zurich_held_concerts_for_farmers_affected_by_snow_damage_in_may_1908_09,The “Men’s Choir Zurich” held concerts for farmers affected by snow damage in May 1908/09.
fact_date_date_1908_09_1908_1909_the_natural_science_society_held_a_town_hall_lecture_for_the_earthquake_victims_in_messina_in_1908_09,The Natural Science Society held a town hall lecture for the earthquake victims in Messina in 1908/09.
fact_place_place_tonhalle_zurich_switzerland_the_zurich_tonhalle_is_the_center_of_musical_life_in_zurich,The Zurich Tonhalle is the center of musical life in Zurich.
fact_place_place_tonhalle_zurich_switzerland_the_zurich_tonhalle_hosts_countless_musical_societies_with_regular_internal_performances,The Zurich Tonhalle hosts countless musical societies with regular internal performances.
fact_place_place_tonhalle_zurich_switzerland_the_zurich_tonhalle_is_the_center_of_social_life_in_zurich,The Zurich Tonhalle is the center of social life in Zurich.
fact_place_place_tonhalle_zurich_switzerland_in_summer_the_zurich_tonhalle_features_nightly_garden_concerts_on_its_scenic_terrace,"In summer, the Zurich Tonhalle features nightly garden concerts on its scenic terrace."
fact_place_place_tonhalle_zurich_switzerland_kapellmeister_kempter_performs_symphonies_at_the_zurich_tonhalle_during_summer_concerts,Kapellmeister Kempter performs symphonies at the Zurich Tonhalle during summer concerts.
fact_place_place_tonhalle_zurich_switzerland_in_winter_the_zurich_tonhalle_hosts_various_events_including_charity_bazaars_costume_parties_dance_evenings_and_a_large_masked_ball,"In winter, the Zurich Tonhalle hosts various events including charity bazaars, costume parties, dance evenings, and a large masked ball."
fact_place_place_tonhalle_zurich_switzerland_up_to_3_000_persons_have_assembled_in_the_zurich_tonhalle_for_events,"Up to 3,000 persons have assembled in the Zurich Tonhalle for events."
fact_place_place_tonhalle_zurich_switzerland_the_zurich_tonhalle_has_hosted_both_joyful_celebrations_and_solemn_commemorations,The Zurich Tonhalle has hosted both joyful celebrations and solemn commemorations.
fact_place_place_zurich_switzerland_the_unification_of_zurich_with_its_suburbs_in_1893_left_the_church_parishes_unaffected,The unification of Zurich with its suburbs in 1893 left the church parishes unaffected.
fact_place_place_grossmünster_zurich_switzerland_grossmünster_is_one_of_the_13_protestant_parishes_in_zurich,Grossmünster is one of the 13 Protestant parishes in Zurich.
fact_place_place_fraumünster_zurich_switzerland_fraumünster_is_one_of_the_13_protestant_parishes_in_zurich,Fraumünster is one of the 13 Protestant parishes in Zurich.
fact_place_place_st_peter_zurich_switzerland_st_peter_is_one_of_the_13_protestant_parishes_in_zurich,St. Peter is one of the 13 Protestant parishes in Zurich.
fact_place_place_st_peter_zurich_switzerland_there_is_also_a_roman_catholic_parish_named_st_peter_and_paul_in_zurich,There is also a Roman Catholic parish named St. Peter and Paul in Zurich.
fact_place_place_predigern_zurich_switzerland_predigern_is_one_of_the_13_protestant_parishes_in_zurich,Predigern is one of the 13 Protestant parishes in Zurich.
fact_place_place_aussersihl_zurich_switzerland_aussersihl_is_one_of_the_13_protestant_parishes_in_zurich,Aussersihl is one of the 13 Protestant parishes in Zurich.
fact_place_place_enge_zurich_switzerland_enge_is_one_of_the_13_protestant_parishes_in_zurich,Enge is one of the 13 Protestant parishes in Zurich.
fact_place_place_fluntern_zurich_switzerland_fluntern_is_one_of_the_13_protestant_parishes_in_zurich,Fluntern is one of the 13 Protestant parishes in Zurich.
fact_place_place_neumünster_zurich_switzerland_neumünster_is_one_of_the_13_protestant_parishes_in_zurich,Neumünster is one of the 13 Protestant parishes in Zurich.
fact_place_place_oberstrass_zurich_switzerland_oberstrass_is_one_of_the_13_protestant_parishes_in_zurich,Oberstrass is one of the 13 Protestant parishes in Zurich.
fact_place_place_unterstrass_zurich_switzerland_unterstrass_is_one_of_the_13_protestant_parishes_in_zurich,Unterstrass is one of the 13 Protestant parishes in Zurich.
fact_place_place_unterstrass_zurich_switzerland_there_is_also_a_roman_catholic_parish_named_unterstrass_zurich,There is also a Roman Catholic parish named Unterstrass-Zurich.
fact_place_place_wiedikon_zurich_switzerland_wiedikon_is_one_of_the_13_protestant_parishes_in_zurich,Wiedikon is one of the 13 Protestant parishes in Zurich.
fact_place_place_wipkingen_zurich_switzerland_wipkingen_is_one_of_the_13_protestant_parishes_in_zurich,Wipkingen is one of the 13 Protestant parishes in Zurich.
fact_place_place_wollishofen_zurich_switzerland_wollishofen_is_one_of_the_13_protestant_parishes_in_zurich,Wollishofen is one of the 13 Protestant parishes in Zurich.
fact_place_place_french_parish_there_is_a_french_parish_affiliated_with_the_evangelical_state_church_in_zurich,There is a French parish affiliated with the evangelical state church in Zurich.
fact_place_place_old_catholic_parish_there_is_a_state_recognized_old_catholic_parish_in_zurich,There is a state-recognized Old Catholic parish in Zurich.
fact_place_place_evangelical_lutheran_kreuzgemeinde_the_evangelical_lutheran_kreuzgemeinde_is_a_private_religious_community_in_zurich,The Evangelical-Lutheran Kreuzgemeinde is a private religious community in Zurich.
fact_place_place_roman_catholic_parishes_st_peter_and_paul_and_unterstrass_zurich_the_roman_catholic_parishes_st_peter_and_paul_and_unterstrass_zurich_are_private_religious_communities_in_zurich,The Roman Catholic parishes St. Peter and Paul and Unterstrass-Zurich are private religious communities in Zurich.
fact_place_place_episcopal_methodist_church_the_episcopal_methodist_church_is_a_private_religious_community_in_zurich,The episcopal Methodist church is a private religious community in Zurich.
fact_place_place_israelite_religious_community_the_israelite_religious_community_is_a_private_religious_community_in_zurich,The Israelite religious community is a private religious community in Zurich.
fact_date_date_1893_1893_1893_the_unification_of_zurich_with_its_suburbs_occurred_in_1893,The unification of Zurich with its suburbs occurred in 1893.
fact_place_place_zurich_switzerland_the_administrative_organization_of_the_city_of_zurich_has_differed_from_that_of_other_zurich_municipalities_since_1893,The administrative organization of the city of Zurich has differed from that of other Zurich municipalities since 1893.
fact_place_place_zurich_switzerland_the_unification_of_the_old_town_with_the_suburbs_in_zurich_gave_legal_sanction_to_the_development_into_a_metropolis,The unification of the old town with the suburbs in Zurich gave legal sanction to the development into a metropolis.
fact_place_place_zurich_switzerland_the_communal_assembly_in_the_form_of_a_traditional_landsgemeinde_ceased_to_exist_in_zurich_from_1893,The communal assembly in the form of a traditional landsgemeinde ceased to exist in Zurich from 1893.
fact_place_place_zurich_switzerland_the_totality_of_voting_swiss_citizens_domiciled_in_zurich_exercises_considerable_influence_on_municipal_administration_via_the_ballot,The totality of voting Swiss citizens domiciled in Zurich exercises considerable influence on municipal administration via the ballot.
fact_place_place_zurich_switzerland_voting_rights_in_zurich_include_elections_for_city_president_small_city_council_large_city_council_central_school_board_district_school_boards_primary_and_secondary,"Voting rights in Zurich include elections for city president, small city council, large city council, central school board, district school boards, primary and secondary schoolteachers, debt collection officers, and justices of the peace."
fact_place_place_zurich_switzerland_the_community_in_zurich_must_vote_by_mandatory_referendum_on_the_community_ordinance_and_on_certain_large_expenditure_resolutions_of_the_large_city_council,The community in Zurich must vote by mandatory referendum on the community ordinance and on certain large expenditure resolutions of the large city council.
fact_place_place_zurich_switzerland_an_optional_referendum_applies_to_other_resolutions_of_the_large_city_council_except_specific_exceptions,An optional referendum applies to other resolutions of the large city council except specific exceptions.
fact_place_place_zurich_switzerland_a_referendum_in_zurich_is_valid_if_requested_within_20_days_by_2_000_voters,"A referendum in Zurich is valid if requested within 20 days by 2,000 voters."
fact_place_place_zurich_switzerland_any_qualified_voter_in_zurich_can_submit_a_motion_to_the_large_city_council_which_must_be_submitted_to_a_public_vote_if_supported_by_30_members_of_the_large_city_co,"Any qualified voter in Zurich can submit a motion to the large city council which must be submitted to a public vote if supported by 30 members of the large city council or 2,000 voters."
fact_date_date_1893_1893_1893_since_1893_the_administrative_organization_of_the_city_of_zurich_has_differed_from_that_of_other_zurich_municipalities,"Since 1893, the administrative organization of the city of Zurich has differed from that of other Zurich municipalities."
fact_date_date_1893_1893_1893_the_communal_assembly_in_the_form_of_a_traditional_landsgemeinde_ceased_to_exist_in_zurich_from_1893,The communal assembly in the form of a traditional landsgemeinde ceased to exist in Zurich from 1893.
fact_date_date_1893_1893_1893_the_unification_of_the_old_town_with_the_suburbs_in_zurich_occurred_in_1893,The unification of the old town with the suburbs in Zurich occurred in 1893.
fact_place_place_zurich_switzerland_zurich_has_the_escher_monument_at_bahnhofplatz,Zurich has the Escher Monument at Bahnhofplatz.
fact_place_place_city_districts_the_large_city_council_is_elected_in_the_five_city_districts_for_a_term_of_three_years,The large city council is elected in the five city districts for a term of three years.
fact_place_place_city_districts_the_city_council_currently_consists_of_125_members,The city council currently consists of 125 members.
fact_place_place_city_districts_the_city_council_s_functions_include_election_of_cantonal_jurors_tax_commission_orphanage_board_and_several_other_committees,"The city council's functions include election of cantonal jurors, tax commission, orphanage board, and several other committees."
fact_place_place_city_districts_the_city_council_sets_the_budget_and_tax_rates,The city council sets the budget and tax rates.
fact_place_place_city_districts_the_city_council_supervises_the_entire_city_administration,The city council supervises the entire city administration.
fact_place_place_city_districts_the_city_council_approves_the_annual_accounts,The city council approves the annual accounts.
fact_place_place_city_districts_the_city_council_enacts_ordinances,The city council enacts ordinances.
fact_place_place_city_districts_the_city_council_reviews_submissions_to_the_community,The city council reviews submissions to the community.
fact_date_date_three_years_none_none_the_large_city_council_is_elected_for_a_term_of_three_years,The large city council is elected for a term of three years.
fact_place_place_city_council_the_city_council_consists_of_nine_members,The city council consists of nine members.
fact_place_place_city_council_each_member_heads_an_administrative_department,Each member heads an administrative department.
fact_place_place_city_president_the_administrative_department_is_associated_with_the_city_president,The administrative department is associated with the city president.
fact_place_place_city_council_the_city_council_prepares_all_submissions_to_be_sent_to_the_large_city_council_and_the_community,The city council prepares all submissions to be sent to the large city council and the community.
fact_place_place_city_council_the_city_council_executes_resolutions_of_the_large_city_council_and_the_community,The city council executes resolutions of the large city council and the community.
fact_place_place_city_council_the_city_council_carries_out_elections_not_assigned_to_other_authorities,The city council carries out elections not assigned to other authorities.
fact_place_place_city_council_the_city_council_is_involved_in_school_administration,The city council is involved in school administration.
fact_place_place_large_city_council_the_large_city_council_receives_submissions_prepared_by_the_city_council,The large city council receives submissions prepared by the city council.
fact_place_place_large_city_council_the_large_city_council_receives_proposals_on_important_school_matters_from_the_central_school_board,The large city council receives proposals on important school matters from the central school board.
fact_place_place_community_the_community_receives_submissions_prepared_by_the_city_council,The community receives submissions prepared by the city council.
fact_place_place_central_school_board_the_central_school_board_has_25_members,The central school board has 25 members.
fact_place_place_central_school_board_the_central_school_board_is_chaired_by_a_member_of_the_city_council,The central school board is chaired by a member of the city council.
fact_place_place_central_school_board_the_central_school_board_submits_proposals_on_important_school_matters_directly_to_the_large_city_council,The central school board submits proposals on important school matters directly to the large city council.
fact_place_place_central_school_board_the_central_school_board_otherwise_prepares_matters_for_the_small_city_council,The central school board otherwise prepares matters for the small city council.
fact_place_place_small_city_council_the_small_city_council_receives_prepared_matters_from_the_central_school_board,The small city council receives prepared matters from the central school board.
fact_place_place_district_school_boards_the_district_school_boards_supervise_the_public_school_in_the_individual_city_districts,The district school boards supervise the public school in the individual city districts.
fact_place_place_zurich_switzerland_the_city_of_zurich_s_ordinary_expenses_amounted_to_about_16_million_fr_in_1907,The city of Zurich’s ordinary expenses amounted to about 16 million Fr. in 1907.
fact_place_place_zurich_switzerland_extraordinary_expenses_of_4_8_million_fr_were_incurred_in_the_city_of_zurich,Extraordinary expenses of 4.8 million Fr. were incurred in the city of Zurich.
fact_place_place_zurich_switzerland_the_most_important_items_in_the_city_budget_include_interest_on_liabilities_debt_repayment_police_force_road_maintenance_school_system_civil_engineering_and_buildin,"The most important items in the city budget include interest on liabilities, debt repayment, police force, road maintenance, school system, civil engineering, and building construction."
fact_place_place_zurich_switzerland_sources_of_income_for_the_city_include_income_from_capital_real_estate_wealth_tax_income_tax_poll_tax_fire_department_replacement_tax_property_tax_net_profit_of_the,"Sources of income for the city include income from capital, real estate, wealth tax, income tax, poll tax, fire department replacement tax, property tax, net profit of the gasworks, water supply, electricity plant, tramway, state contributions to the school system, fees for transfer of real estate, and private contributions to road construction."
fact_place_place_zurich_switzerland_the_community_s_assets_include_80_2_million_fr_of_disposable_assets_20_6_million_fr_of_indispensable_assets_totaling_100_8_million_fr,"The community’s assets include 80.2 million Fr. of disposable assets, 20.6 million Fr. of indispensable assets, totaling 100.8 million Fr."
fact_place_place_zurich_switzerland_liabilities_amounted_to_about_97_9_million_fr_with_net_assets_of_2_9_million_fr,"Liabilities amounted to about 97.9 million Fr., with net assets of 2.9 million Fr."
fact_place_place_zurich_switzerland_net_assets_of_separate_funds_and_foundations_amount_to_18_9_million_fr,Net assets of separate funds and foundations amount to 18.9 million Fr.
fact_date_date_1907_1907_1907_the_city_of_zurich_s_ordinary_expenses_amounted_to_about_16_million_fr_in_1907,The city of Zurich’s ordinary expenses amounted to about 16 million Fr. in 1907.
fact_date_date_1907_1907_1907_extraordinary_expenses_of_4_8_million_fr_were_incurred_in_1907,Extraordinary expenses of 4.8 million Fr. were incurred in 1907.
fact_place_place_zurich_switzerland_the_value_of_the_real_estate_owned_by_the_city_amounted_to_about_50_million_fr,The value of the real estate owned by the city amounted to about 50 million Fr.
fact_place_place_zurich_switzerland_31_million_fr_related_to_realizable_land_and_buildings,31 million Fr. related to realizable land and buildings.
fact_place_place_zurich_switzerland_19_million_fr_related_to_non_realizable_land_and_buildings_needed_for_administrative_purposes,19 million Fr. related to non-realizable land and buildings needed for administrative purposes.
fact_place_place_zurich_switzerland_mortgages_amounted_to_about_3_4_million_fr,Mortgages amounted to about 3.4 million Fr.
fact_place_place_zurich_switzerland_bonds_amounted_to_about_1_4_million_fr,Bonds amounted to about 1.4 million Fr.
fact_place_place_zurich_switzerland_invested_capital_in_municipal_enterprises_included_gasworks_11_7_million_fr_water_supply_5_6_million_fr_electricity_plant_6_4_million_fr_tramway_8_9_million_fr_mate,"Invested capital in municipal enterprises included gasworks (11.7 million Fr.), water supply (5.6 million Fr.), electricity plant (6.4 million Fr.), tramway (8.9 million Fr.), materials management (0.9 million Fr.), removal service (0.5 million Fr.), and garbage incineration plant (0.2 million Fr.)."
fact_place_place_zurich_switzerland_at_the_end_of_1907_about_4½_million_fr_were_held_in_city_administration_in_general_funds_and_foundations,"At the end of 1907, about 4½ million Fr. were held in city administration in general funds and foundations."
fact_date_date_end_of_1907_1907_1907_at_the_end_of_1907_about_4½_million_fr_were_held_in_city_administration_in_general_funds_and_foundations,"At the end of 1907, about 4½ million Fr. were held in city administration in general funds and foundations."
fact_place_place_zurich_switzerland_the_fund_for_a_pension_fund_is_for_municipal_officials_employees_and_workers_in_zurich,"The fund for a pension fund is for municipal officials, employees, and workers in Zurich."
fact_place_place_zurich_switzerland_the_citizen_municipality_of_zurich_holds_or_administers_several_funds_including_the_poor_fund_general_citizen_s_fund_zurich_municipal_usufruct_fund_orphanage_fund_f,"The citizen municipality of Zurich holds or administers several funds including the poor fund, general citizen's fund, Zurich municipal usufruct fund, orphanage fund, foundation for care homes, and city library fund."
fact_place_place_zurich_switzerland_the_foundation_of_the_municipal_usufruct_fund_consists_largely_of_the_sihlwald_forest_in_zurich,The Foundation of the municipal usufruct fund consists largely of the Sihlwald forest in Zurich.
fact_place_place_zurich_switzerland_the_revenues_of_the_foundation_of_the_municipal_usufruct_fund_were_intended_in_perpetuity_for_science_art_charity_and_youth_welfare_purposes_at_the_time_of_the_unif,"The revenues of the Foundation of the municipal usufruct fund were intended in perpetuity for science, art, charity, and youth welfare purposes at the time of the unification of the old town with the outer municipalities in 1893."
fact_date_date_end_of_1907_1907_1907_at_the_end_of_1907_the_assets_of_the_civic_funds_and_foundations_in_zurich_amounted_to_14_3_million_fr,"At the end of 1907, the assets of the civic funds and foundations in Zurich amounted to 14.3 million Fr."
fact_date_date_1893_1893_1893_in_1893_the_revenues_of_the_foundation_of_the_municipal_usufruct_fund_were_intended_in_perpetuity_for_science_art_charity_and_youth_welfare_purposes_at_the_time_of_the_un,"In 1893, the revenues of the Foundation of the municipal usufruct fund were intended in perpetuity for science, art, charity, and youth welfare purposes at the time of the unification of the old town with the outer municipalities."
fact_place_place_zurich_switzerland_the_municipality_has_a_number_of_partly_preventive_partly_repressive_public_health_care_institutions,"The municipality has a number of partly preventive, partly repressive public health care institutions."
fact_place_place_zurich_switzerland_food_control_is_managed_by_9_veterinarians,Food control is managed by 9 veterinarians.
fact_place_place_zurich_switzerland_there_is_a_permanent_sanitary_corps_and_a_municipal_laboratory_covering_all_foodstuffs_and_important_luxury_items,There is a permanent sanitary corps and a municipal laboratory covering all foodstuffs and important luxury items.
fact_place_place_zurich_switzerland_the_city_operates_a_number_of_lake_and_river_bathing_establishments,The city operates a number of lake and river bathing establishments.
fact_place_place_zurich_switzerland_the_municipality_approved_2_5_million_fr_in_april_1907_for_the_construction_of_housing_by_the_city,The municipality approved 2.5 million Fr. in April 1907 for the construction of housing by the city.
fact_place_place_zurich_switzerland_human_excrements_are_discharged_by_the_municipal_bucket_system,Human excrements are discharged by the municipal bucket system.
fact_place_place_zurich_switzerland_household_refuse_is_burned_in_the_municipal_refuse_incineration_plant,Household refuse is burned in the municipal refuse incineration plant.
fact_place_place_zurich_switzerland_effective_combat_of_the_health_hazards_of_prostitution_is_lacking,Effective combat of the health hazards of prostitution is lacking.
fact_place_place_zurich_switzerland_repressive_measures_include_compulsory_disinfection_in_cases_of_scarlet_fever_diphtheria_typhus_smallpox_epidemic_tetanus_and_puerperal_fever,"Repressive measures include compulsory disinfection in cases of scarlet fever, diphtheria, typhus, smallpox, epidemic tetanus, and puerperal fever."
fact_date_date_april_1907_1907_1907_in_april_1907_the_municipality_approved_2_5_million_fr_for_the_construction_of_housing_by_the_city,"In April 1907, the municipality approved 2.5 million Fr. for the construction of housing by the city."
fact_place_place_zurich_switzerland_around_24_000_fr_were_spent_in_1907_for_outpatient_treatment_of_poor_residents_in_zurich,"Around 24,000 Fr. were spent in 1907 for outpatient treatment of poor residents in Zurich."
fact_place_place_zurich_switzerland_164_persons_were_cared_for_in_the_municipal_emergency_hospital_in_zurich,164 persons were cared for in the municipal emergency hospital in Zurich.
fact_place_place_zurich_switzerland_the_construction_of_a_special_city_hospital_in_zurich_is_planned,The construction of a special city hospital in Zurich is planned.
fact_place_place_zurich_switzerland_private_health_care_in_zurich_operates_a_number_of_hospitals_including_zurich_children_s_hospital_the_red_cross_sisters_house_the_nursing_asylum_and_diaconesses_ins,"Private health care in Zurich operates a number of hospitals including Zurich Children's Hospital, the Red Cross Sisters’ House, the Nursing Asylum and Diaconesses’ Institute Neumünster, the Theodosianum, the Swiss institute for epileptics, and the Swiss nurses' school with women's hospital."
fact_place_place_zurich_switzerland_several_private_clinics_run_by_doctors_exist_in_zurich,Several private clinics run by doctors exist in Zurich.
fact_place_place_zurich_switzerland_mortality_conditions_in_zurich_have_continued_to_improve_since_1893,Mortality conditions in Zurich have continued to improve since 1893.
fact_date_date_1907_1907_1907_around_24_000_fr_were_spent_in_1907_for_outpatient_treatment_of_poor_residents_in_zurich,"Around 24,000 Fr. were spent in 1907 for outpatient treatment of poor residents in Zurich."
fact_date_date_1893_1893_1893_mortality_conditions_in_zurich_have_continued_to_improve_since_the_year_1893_unification_with_outer_municipalities,Mortality conditions in Zurich have continued to improve since the year 1893 (unification with outer municipalities).
fact_place_place_enge_zurich_switzerland_enge_has_a_charitable_society_pursuing_general_goals_of_charity,Enge has a charitable society pursuing general goals of charity.
fact_place_place_wiedikon_zurich_switzerland_wiedikon_has_a_charitable_society_pursuing_general_goals_of_charity,Wiedikon has a charitable society pursuing general goals of charity.
fact_place_place_neumünster_zurich_switzerland_neumünster_has_a_charitable_society_pursuing_general_goals_of_charity,Neumünster has a charitable society pursuing general goals of charity.
fact_place_place_neumünster_zurich_switzerland_the_charitable_society_neumünster_operates_a_savings_bank_an_old_age_asylum_nursery_schools_an_apprentice_home_and_protects_single_women,"The charitable society Neumünster operates a savings bank, an old-age asylum, nursery schools, an apprentice home, and protects single women."
fact_place_place_unterstrass_zurich_switzerland_unterstrass_has_a_charitable_society_pursuing_general_goals_of_charity,Unterstrass has a charitable society pursuing general goals of charity.
fact_place_place_wipkingen_zurich_switzerland_wipkingen_has_a_charitable_society_pursuing_general_goals_of_charity,Wipkingen has a charitable society pursuing general goals of charity.
fact_place_place_zurich_switzerland_the_zurich_aid_society_pursues_general_goals_of_charity,The Zurich aid society pursues general goals of charity.
fact_place_place_zurich_switzerland_the_zurich_aid_society_operates_or_protects_a_savings_bank_a_general_health_insurance_a_blind_and_deaf_mute_institution_and_a_nursery,"The Zurich aid society operates or protects a savings bank, a general health insurance, a blind and deaf-mute institution, and a nursery."
fact_place_place_zurich_switzerland_special_care_for_women_and_children_is_the_aim_of_the_zurich_section_of_the_swiss_charitable_women_s_association,Special care for women and children is the aim of the Zurich section of the Swiss charitable Women's Association.
fact_place_place_zurich_switzerland_the_zurich_section_operates_a_girls_nursery_several_crèches_and_a_household_school,"The Zurich section operates a girls' nursery, several crèches, and a household school."
fact_place_place_zurich_switzerland_the_zurich_section_supports_authorities_in_supervising_the_care_of_foster_children,The Zurich section supports authorities in supervising the care of foster children.
fact_place_place_zurich_switzerland_the_zurich_child_protection_association_offers_help_to_morally_endangered_neglected_abused_children,"The Zurich Child Protection Association offers help to morally endangered, neglected, abused children."
fact_place_place_zurich_switzerland_the_city_s_holiday_colonies_and_milk_cures_send_many_children_in_need_of_convalescence_to_the_countryside_every_year,The city's holiday colonies and milk cures send many children in need of convalescence to the countryside every year.
fact_place_place_zurich_switzerland_the_apprenticeship_sponsorship_zurich_enables_poor_boys_and_girls_to_learn_a_craft,The apprenticeship sponsorship Zurich enables poor boys and girls to learn a craft.
fact_place_place_zurich_switzerland_the_women_s_association_for_temperance_and_public_welfare_set_up_and_operated_a_number_of_alcohol_free_eateries_in_various_parts_of_the_city,The Women’s Association for Temperance and Public Welfare set up and operated a number of alcohol-free eateries in various parts of the city.
fact_place_place_zurich_switzerland_special_night_shelters_include_two_institutions_of_the_salvation_army_designed_for_the_very_poorest,Special night shelters include two institutions of the Salvation Army designed for the very poorest.
fact_place_place_zurich_switzerland_the_pestalozzi_society_operates_8_public_reading_rooms_and_a_public_library_with_branches_in_the_city,The Pestalozzi society operates 8 public reading rooms and a public library with branches in the city.
fact_place_place_zurich_switzerland_the_pestalozzi_society_organizes_popular_scientific_lectures_and_courses_publishes_writings_and_holds_folk_concerts,"The Pestalozzi society organizes popular scientific lectures and courses, publishes writings, and holds folk concerts."
fact_place_place_municipal_employment_office_a_municipal_employment_office_exists_for_job_placement_in_zurich,A municipal employment office exists for job placement in Zurich.
fact_place_place_unemployment_commission_an_unemployment_commission_operates_in_winter_in_zurich,An unemployment commission operates in winter in Zurich.
fact_place_place_unemployment_commission_in_1906_1907_the_unemployment_commission_supported_298_unemployed_persons_with_a_total_of_28_388_fr,"In 1906/1907, the unemployment commission supported 298 unemployed persons with a total of 28,388 Fr."
fact_place_place_special_office_for_housing_registration_there_is_a_special_office_for_housing_registration_in_zurich_that_publishes_a_bulletin_twice_weekly,There is a special office for housing registration in Zurich that publishes a bulletin twice weekly.
fact_place_place_zurich_switzerland_by_municipal_resolution_of_april_21_1907_construction_of_housing_by_the_city_of_zurich_was_started,"By municipal resolution of April 21, 1907, construction of housing by the city of Zurich was started."
fact_place_place_zurich_switzerland_a_credit_of_2_4_million_fr_was_approved_for_housing_construction_in_zurich,A credit of 2.4 million Fr. was approved for housing construction in Zurich.
fact_date_date_1906_1907_1906_1907_in_1906_1907_the_unemployment_commission_supported_298_unemployed_persons_with_a_total_of_28_388_fr,"In 1906/1907, the unemployment commission supported 298 unemployed persons with a total of 28,388 Fr."
fact_date_date_april_21_1907_1907_1907_by_municipal_resolution_of_april_21_1907_construction_of_housing_by_the_city_was_started,"By municipal resolution of April 21, 1907, construction of housing by the city was started."
fact_place_place_zurich_switzerland_the_city_introduced_the_nine_hour_day_as_the_maximum_working_time,The city introduced the nine-hour day as the maximum working time.
fact_place_place_zurich_switzerland_the_city_introduced_a_minimum_wage_of_5_fr_50_rp_for_skilled_workers_and_5_fr_for_unskilled_workers,The city introduced a minimum wage of 5 Fr. 50 Rp. for skilled workers and 5 Fr. for unskilled workers.
fact_place_place_zurich_switzerland_every_employee_and_worker_in_the_city_is_entitled_to_an_annual_recreation_leave_of_at_least_four_days,Every employee and worker in the city is entitled to an annual recreation leave of at least four days.
fact_place_place_zurich_switzerland_about_47_000_fr_was_spent_on_school_meals_in_the_city_in_1907,"About 47,000 Fr. was spent on school meals in the city in 1907."
fact_place_place_zurich_switzerland_clothing_costs_for_poor_pupils_amounted_to_5_407_fr_in_the_city,"Clothing costs for poor pupils amounted to 5,407 Fr. in the city."
fact_place_place_zurich_switzerland_there_are_about_50_municipal_kindergartens_in_the_city,There are about 50 municipal kindergartens in the city.
fact_place_place_zurich_switzerland_there_are_26_youth_nurseries_in_the_city,There are 26 youth nurseries in the city.
fact_place_place_zurich_switzerland_over_1_800_children_attend_the_municipal_kindergartens_in_the_city,"Over 1,800 children attend the municipal kindergartens in the city."
fact_place_place_zurich_switzerland_about_800_children_attend_the_youth_nurseries_in_the_city,About 800 children attend the youth nurseries in the city.
fact_place_place_zurich_switzerland_baths_exist_in_25_schools_in_the_city,Baths exist in 25 schools in the city.
fact_place_place_zurich_switzerland_school_health_care_in_the_city_is_led_by_a_permanent_school_doctor,School health care in the city is led by a permanent school doctor.
fact_place_place_zurich_switzerland_a_special_school_dental_clinic_exists_in_the_city,A special school dental clinic exists in the city.
fact_date_date_1907_1907_1907_about_47_000_fr_was_spent_on_school_meals_in_1907,"About 47,000 Fr. was spent on school meals in 1907."
fact_place_place_zurich_switzerland_the_area_of_the_city_of_zurich_was_continuously_inhabited_since_the_neolithic_period,The area of the city of Zurich was continuously inhabited since the Neolithic period.
fact_place_place_large_and_small_hafner_four_pile_dwellings_were_discovered_in_the_city_area_in_the_large_and_small_hafner,Four pile dwellings were discovered in the city area: in the large and small Hafner.
fact_place_place_bauschanze_four_pile_dwellings_were_discovered_in_the_city_area_in_the_bauschanze,Four pile dwellings were discovered in the city area: in the Bauschanze.
fact_place_place_haumesser_four_pile_dwellings_were_discovered_in_the_city_area_in_the_haumesser,Four pile dwellings were discovered in the city area: in the Haumesser.
fact_place_place_haumesser_the_haumesser_pile_dwelling_near_wollishofen_developed_especially_in_the_bronze_age,The Haumesser pile dwelling near Wollishofen developed especially in the Bronze Age.
fact_place_place_wollishofen_zurich_switzerland_the_haumesser_pile_dwelling_near_wollishofen_developed_especially_in_the_bronze_age,The Haumesser pile dwelling near Wollishofen developed especially in the Bronze Age.
fact_place_place_uetliberg_zurich_switzerland_a_refuge_arose_on_the_uetliberg_during_the_bronze_age,A refuge arose on the Uetliberg during the Bronze Age.
fact_place_place_uetliberg_zurich_switzerland_the_uetliberg_refuge_was_richly_equipped_with_ramparts_and_ditches_in_the_iron_age,The Uetliberg refuge was richly equipped with ramparts and ditches in the Iron Age.
fact_place_place_lindenhof_zurich_switzerland_in_the_iron_age_the_fortified_lindenhof_was_densely_populated,"In the Iron Age, the fortified Lindenhof was densely populated."
fact_date_date_neolithic_period_4500_2000_the_area_of_the_city_of_zurich_was_continuously_inhabited_since_the_neolithic_period,The area of the city of Zurich was continuously inhabited since the Neolithic period.
fact_date_date_younger_stone_age_3300_2200_numerous_individual_finds_from_the_younger_stone_age_were_found_in_the_city_area,Numerous individual finds from the younger Stone Age were found in the city area.
fact_date_date_end_of_the_bronze_age_1200_800_all_these_settlements_persisted_until_the_end_of_the_bronze_age,All these settlements persisted until the end of the Bronze Age.
fact_date_date_bronze_age_2200_800_the_haumesser_pile_dwelling_near_wollishofen_developed_especially_in_the_bronze_age,The Haumesser pile dwelling near Wollishofen developed especially in the Bronze Age.
fact_date_date_bronze_age_2200_800_even_then_people_already_lived_on_solid_land_and_a_refuge_arose_on_the_uetliberg,"Even then, people already lived on solid land, and a refuge arose on the Uetliberg."
fact_date_date_iron_age_800_15_in_the_iron_age_the_pile_dwellings_near_zurich_were_abandoned,"In the Iron Age, the pile dwellings near Zurich were abandoned."
fact_date_date_iron_age_800_15_the_fortified_lindenhof_was_densely_populated_in_the_iron_age,The fortified Lindenhof was densely populated in the Iron Age.
fact_date_date_iron_age_800_15_the_uetliberg_refuge_was_richly_equipped_with_ramparts_and_ditches_in_the_iron_age,The Uetliberg refuge was richly equipped with ramparts and ditches in the Iron Age.
fact_place_place_burghölzli_the_dead_were_first_buried_in_burial_mounds_as_could_be_investigated_in_burghölzli,"The dead were first buried in burial mounds, as could be investigated in Burghölzli."
fact_place_place_enge_zurich_switzerland_graves_assigned_to_the_2nd_iron_age_la_tène_period_were_found_in_enge_s_entibühl,Graves assigned to the 2nd Iron Age (La Tène period) were found in Enge's Entibühl.
fact_place_place_rebhügel_graves_assigned_to_the_2nd_iron_age_la_tène_period_were_found_on_rebhügel,Graves assigned to the 2nd Iron Age (La Tène period) were found on Rebhügel.
fact_place_place_wiedikon_zurich_switzerland_graves_assigned_to_the_2nd_iron_age_la_tène_period_were_found_near_the_new_church_wiedikon,Graves assigned to the 2nd Iron Age (La Tène period) were found near the new church Wiedikon.
fact_place_place_bäckerstrasse_zurich_3_zurich_switzerland_graves_assigned_to_the_2nd_iron_age_la_tène_period_were_found_at_bäckerstrasse_in_zurich_iii,Graves assigned to the 2nd Iron Age (La Tène period) were found at Bäckerstrasse in Zurich III.
fact_place_place_uetliberg_zurich_switzerland_graves_assigned_to_the_2nd_iron_age_la_tène_period_were_found_on_the_uetliberg,Graves assigned to the 2nd Iron Age (La Tène period) were found on the Uetliberg.
fact_place_place_altstetten_zurich_switzerland_an_important_find_was_unearthed_during_railway_construction_at_the_border_to_altstetten,An important find was unearthed during railway construction at the border to Altstetten.
fact_date_date_2nd_iron_age_la_tène_period_450_1_graves_assigned_to_the_2nd_iron_age_la_tène_period_were_found_in_multiple_locations_in_zurich,Graves assigned to the 2nd Iron Age (La Tène period) were found in multiple locations in Zurich.
fact_date_date_7th_century_bc_700_601_a_golden_bowl_probably_comes_from_a_princely_grave_of_the_7th_century_bc,A golden bowl probably comes from a princely grave of the 7th century BC.
fact_place_place_zurich_switzerland_zurich_must_also_have_been_a_mint,Zurich must also have been a mint.
fact_place_place_zurich_switzerland_a_large_treasure_of_fused_coins_made_of_potin_was_found_near_today_s_stock_exchange_in_zurich,A large treasure of fused coins made of potin was found near today’s stock exchange in Zurich.
fact_place_place_zurich_switzerland_zurich_was_certainly_one_of_the_400_villages_or_one_of_the_12_cities_the_helvetians_burned_during_their_emigration,Zurich was certainly one of the 400 villages or one of the 12 cities the Helvetians burned during their emigration.
fact_place_place_zurich_switzerland_in_roman_times_zurich_was_a_customs_station,"In Roman times, Zurich was a customs station."
fact_place_place_zurich_switzerland_the_old_name_of_zurich_was_turicum,The old name of Zurich was Turicum.
fact_place_place_lindenhof_zurich_switzerland_the_castrum_was_found_on_the_lindenhof,The castrum was found on the Lindenhof.
fact_place_place_lindenhof_zurich_switzerland_the_brickworks_stood_on_or_near_the_lindenhof,The brickworks stood on or near the Lindenhof.
fact_place_place_lindenhof_zurich_switzerland_a_roman_inscription_stone_was_found_on_the_lindenhof_in_1747,A Roman inscription stone was found on the Lindenhof in 1747.
fact_place_place_uetliberg_zurich_switzerland_the_watchtower_on_the_uetliberg_was_in_optical_connection_with_the_castrum_on_the_lindenhof,The watchtower on the Uetliberg was in optical connection with the castrum on the Lindenhof.
fact_date_date_roman_times_1_400_zurich_was_a_customs_station_in_roman_times,Zurich was a customs station in Roman times.
fact_date_date_1747_1747_1747_a_roman_inscription_stone_was_found_on_the_lindenhof_in_1747,A Roman inscription stone was found on the Lindenhof in 1747.
fact_place_place_zurich_switzerland_another_inscription_stone_found_in_zurich_speaks_of_a_guild_of_bear_hunters,Another inscription stone found in Zurich speaks of a guild of bear hunters.
fact_place_place_zurich_switzerland_roman_turicum_was_located_around_the_lindenhof,Roman Turicum was located around the Lindenhof.
fact_place_place_zurich_switzerland_similar_finds_were_made_in_the_former_outer_municipalities_of_zurich,Similar finds were made in the former outer municipalities of Zurich.
fact_place_place_lindenhof_zurich_switzerland_roman_turicum_was_located_around_the_lindenhof,Roman Turicum was located around the Lindenhof.
fact_place_place_lindenhof_zurich_switzerland_roman_graves_were_found_on_the_lindenhof,Roman graves were found on the Lindenhof.
fact_place_place_peterskirche_zurich_switzerland_a_building_with_mosaic_floor_stood_near_today_s_peterskirche,A building with mosaic floor stood near today's Peterskirche.
fact_place_place_wasserkirche_zurich_switzerland_a_building_with_mosaic_floor_stood_near_the_wasserkirche,A building with mosaic floor stood near the Wasserkirche.
fact_place_place_oetenbach_zurich_switzerland_in_oetenbach_a_roman_gold_jewel_was_discovered,In Oetenbach a Roman gold jewel was discovered.
fact_place_place_rennweg_zurich_switzerland_coin_treasures_were_found_in_rennweg_and_other_places,Coin treasures were found in Rennweg and other places.
fact_place_place_enge_s_sternen_in_enge_s_sternen_remains_of_a_roman_settlement_were_found,"In Enge’s Sternen, remains of a Roman settlement were found."
fact_place_place_gallows_near_albisrieden_another_roman_settlement_was_found_at_the_gallows_near_albisrieden,Another Roman settlement was found at the gallows near Albisrieden.
fact_place_place_waid_near_wipkingen_a_third_roman_settlement_was_found_below_the_waid_near_wipkingen,A third Roman settlement was found below the Waid near Wipkingen.
fact_place_place_zentralhof_zurich_switzerland_roman_graves_were_found_at_zentralhof,Roman graves were found at Zentralhof.
fact_place_place_münsterhof_zurich_switzerland_roman_graves_were_found_at_münsterhof,Roman graves were found at Münsterhof.
fact_place_place_tiefenhöfe_zurich_switzerland_roman_graves_were_found_at_tiefenhöfe,Roman graves were found at Tiefenhöfe.
fact_place_place_sihlfeld_zurich_switzerland_roman_graves_were_found_at_sihlfeld,Roman graves were found at Sihlfeld.
fact_place_place_baden_aargau_switzerland_the_roman_road_started_from_baden_aquae,The Roman road started from Baden (Aquae).
fact_place_place_zurich_switzerland_the_roman_road_stretched_through_zurich_via_rennweg_into_the_castrum,The Roman road stretched through Zurich via Rennweg into the castrum.
fact_place_place_zurich_switzerland_the_roman_road_went_down_strehlgasse_in_zurich,The Roman road went down Strehlgasse in Zurich.
fact_place_place_zurich_switzerland_the_roman_road_crossed_the_limmat_at_what_is_now_the_meat_hall_in_zurich,The Roman road crossed the Limmat at what is now the meat hall in Zurich.
fact_place_place_limmat_zurich_switzerland_the_roman_road_crossed_the_limmat_at_what_is_now_the_meat_hall,The Roman road crossed the Limmat at what is now the meat hall.
fact_place_place_meat_hall_the_roman_road_crossed_the_limmat_at_what_is_now_the_meat_hall,The Roman road crossed the Limmat at what is now the meat hall.
fact_place_place_alte_landstrasse_the_roman_road_runs_further_upstream_today_under_the_name_alte_landstrasse_towards_zollikon,The Roman road runs further upstream today under the name “alte Landstrasse” towards Zollikon.
fact_place_place_zollikon_zurich_switzerland_the_roman_road_runs_further_upstream_today_under_the_name_alte_landstrasse_towards_zollikon,The Roman road runs further upstream today under the name “alte Landstrasse” towards Zollikon.
fact_place_place_zurich_switzerland_zurich_is_associated_with_the_sechseläuten_festival,Zurich is associated with the Sechseläuten festival.
fact_place_place_zurich_switzerland_the_burning_of_the_böög_is_a_tradition_in_zurich,The burning of the “Böög” is a tradition in Zurich.
fact_place_place_lindenhof_zurich_switzerland_in_early_germanic_times_the_lindenhof_was_the_seat_of_the_imperial_palace,"In early Germanic times, the Lindenhof was the seat of the imperial palace."
fact_place_place_wipkingen_zurich_switzerland_wipkingen_was_a_farm_cited_in_documents_in_the_8th_and_9th_centuries_that_gradually_grew_into_a_separate_municipality_or_was_merged_with_the_city,Wipkingen was a farm cited in documents in the 8th and 9th centuries that gradually grew into a separate municipality or was merged with the city.
fact_place_place_wiedikon_zurich_switzerland_wiedikon_was_a_farm_cited_in_documents_in_the_8th_and_9th_centuries_that_gradually_grew_into_a_separate_municipality_or_was_merged_with_the_city,Wiedikon was a farm cited in documents in the 8th and 9th centuries that gradually grew into a separate municipality or was merged with the city.
fact_place_place_stadelhofen_zurich_switzerland_stadelhofen_was_a_farm_cited_in_documents_in_the_8th_and_9th_centuries_that_gradually_grew_into_a_separate_municipality_or_was_merged_with_the_city,Stadelhofen was a farm cited in documents in the 8th and 9th centuries that gradually grew into a separate municipality or was merged with the city.
fact_place_place_riesbach_zurich_switzerland_riesbach_was_a_farm_cited_in_documents_in_the_8th_and_9th_centuries_that_gradually_grew_into_a_separate_municipality_or_was_merged_with_the_city,Riesbach was a farm cited in documents in the 8th and 9th centuries that gradually grew into a separate municipality or was merged with the city.
fact_place_place_hirslanden_zurich_switzerland_hirslanden_was_a_farm_cited_in_documents_in_the_8th_and_9th_centuries_that_gradually_grew_into_a_separate_municipality_or_was_merged_with_the_city,Hirslanden was a farm cited in documents in the 8th and 9th centuries that gradually grew into a separate municipality or was merged with the city.
fact_place_place_hottingen_zurich_switzerland_hottingen_was_a_farm_cited_in_documents_in_the_8th_and_9th_centuries_that_gradually_grew_into_a_separate_municipality_or_was_merged_with_the_city,Hottingen was a farm cited in documents in the 8th and 9th centuries that gradually grew into a separate municipality or was merged with the city.
fact_place_place_fluntern_zurich_switzerland_fluntern_was_a_farm_cited_in_documents_in_the_8th_and_9th_centuries_that_gradually_grew_into_a_separate_municipality_or_was_merged_with_the_city,Fluntern was a farm cited in documents in the 8th and 9th centuries that gradually grew into a separate municipality or was merged with the city.
fact_date_date_8th_and_9th_centuries_701_900_farms_near_the_lindenhof_were_cited_in_documents_in_the_8th_and_9th_centuries,Farms near the Lindenhof were cited in documents in the 8th and 9th centuries.
fact_place_place_lindenhof_zurich_switzerland_apart_from_the_ancient_population_center_on_the_lindenhof_new_centers_had_formed_in_early_christian_times_around_the_gross_and_fraumünster,"Apart from the ancient population center on the Lindenhof, new centers had formed in early Christian times around the Gross- and Fraumünster."
fact_place_place_grossmünster_and_fraumünster_zurich_switzerland_new_centers_had_formed_in_early_christian_times_around_the_gross_and_fraumünster,New centers had formed in early Christian times around the Gross- and Fraumünster.
fact_place_place_burghölzli_zurich_switzerland_in_the_barrows_at_burghölzli_alemanni_were_buried,"In the barrows at Burghölzli, Alemanni were buried."
fact_place_place_entibühl_above_balgrist_an_alemannic_cemetery_was_almost_simultaneously_discovered_at_entibühl_above_balgrist_yielding_finds_from_alemannic_times_including_jewelry_and_weapons,"An Alemannic cemetery was almost simultaneously discovered at Entibühl above Balgrist, yielding finds from Alemannic times, including jewelry and weapons."
fact_place_place_rebhügel_wiedikon_zurich_switzerland_in_the_last_decade_two_new_alemannic_cemeteries_could_be_investigated_the_one_at_rebhügel_wiedikon,"In the last decade, two new Alemannic cemeteries could be investigated: the one at Rebhügel Wiedikon."
fact_place_place_bäckerstrasse_zurich_switzerland_in_the_last_decade_two_new_alemannic_cemeteries_could_be_investigated_the_large_cemetery_at_bäckerstrasse_in_zurich_iii,"In the last decade, two new Alemannic cemeteries could be investigated: the large cemetery at Bäckerstrasse in Zurich III."
fact_date_date_early_christian_times_300_700_new_centers_had_formed_in_early_christian_times_around_the_gross_and_fraumünster,New centers had formed in early Christian times around the Gross- and Fraumünster.
fact_date_date_until_about_the_10th_century_900_999_until_about_the_10th_century_all_three_were_enclosed_by_a_wall_into_a_city,Until about the 10th century all three were enclosed by a wall into a “city.”
fact_date_date_alemannic_frankish_times_500_800_the_graves_from_alemannic_frankish_times_are_interesting,The graves from Alemannic-Frankish times are interesting.
fact_date_date_alemannic_times_500_700_an_alemannic_cemetery_was_almost_simultaneously_discovered_at_entibühl_above_balgrist_yielding_finds_from_alemannic_times_including_jewelry_and_weapons,"An Alemannic cemetery was almost simultaneously discovered at Entibühl above Balgrist, yielding finds from Alemannic times, including jewelry and weapons."
fact_date_date_last_decade_2014_2024_in_the_last_decade_two_new_alemannic_cemeteries_could_be_investigated_the_one_at_rebhügel_wiedikon_and_the_large_cemetery_at_bäckerstrasse_in_zurich_iii,"In the last decade, two new Alemannic cemeteries could be investigated: the one at Rebhügel Wiedikon and the large cemetery at Bäckerstrasse in Zurich III."
fact_place_place_zurich_switzerland_zurichberg_is_located_in_the_canton_and_district_of_zurich,Zurichberg is located in the Canton and district of Zurich.
fact_place_place_zurichberg_zurich_switzerland_zurichberg_is_a_broad_hill_ridge_consisting_of_horizontal_layers_of_freshwater_molasse,Zurichberg is a broad hill ridge consisting of horizontal layers of freshwater molasse.
fact_place_place_zurichberg_zurich_switzerland_zurichberg_extends_approximately_5_km_lengthwise_from_se_to_nw,Zurichberg extends approximately 5 km lengthwise from SE to NW.
fact_place_place_zurichberg_zurich_switzerland_zurichberg_spreads_between_lake_zurich_and_the_glatt_valley,Zurichberg spreads between Lake Zurich and the Glatt valley.
fact_place_place_zurichberg_zurich_switzerland_the_upper_part_of_zurichberg_is_forested,The upper part of Zurichberg is forested.
fact_place_place_zurichberg_zurich_switzerland_the_beautification_association_has_laid_paths_crisscrossing_the_forested_upper_part_of_zurichberg,The Beautification Association has laid paths crisscrossing the forested upper part of Zurichberg.
fact_place_place_zurichberg_zurich_switzerland_zurichberg_contains_very_popular_walks,Zurichberg contains very popular walks.
fact_place_place_zurichberg_zurich_switzerland_the_molasse_layers_of_zurichberg_are_covered_here_and_there_by_thin_coatings_of_erratic_boulders,The molasse layers of Zurichberg are covered here and there by thin coatings of erratic boulders.
fact_place_place_zurichberg_zurich_switzerland_the_northern_end_of_zurichberg_is_marked_by_the_broad_saddle_through_which_the_road_from_zurich_to_oerlikon_passes_481_m,The northern end of Zurichberg is marked by the broad saddle through which the road from Zurich to Oerlikon passes (481 m).
fact_place_place_zurichberg_zurich_switzerland_the_southern_end_of_zurichberg_is_marked_by_the_zurich_witikon_road_617_m,The southern end of Zurichberg is marked by the Zurich-Witikon road (617 m).
fact_place_place_lake_zurich_switzerland_zurichberg_spreads_between_lake_zurich_and_the_glatt_valley,Zurichberg spreads between Lake Zurich and the Glatt valley.
fact_place_place_glatt_valley_zurich_switzerland_zurichberg_spreads_between_lake_zurich_and_the_glatt_valley,Zurichberg spreads between Lake Zurich and the Glatt valley.
fact_place_place_zurich_switzerland_the_road_from_zurich_to_oerlikon_passes_through_the_northern_end_of_zurichberg,The road from Zurich to Oerlikon passes through the northern end of Zurichberg.
fact_place_place_oerlikon_zurich_switzerland_the_road_from_zurich_to_oerlikon_passes_through_the_northern_end_of_zurichberg,The road from Zurich to Oerlikon passes through the northern end of Zurichberg.
fact_place_place_zurich_witikon_road_the_southern_end_of_zurichberg_is_marked_by_the_zurich_witikon_road_617_m,The southern end of Zurichberg is marked by the Zurich-Witikon road (617 m).
fact_place_place_lake_zurich_zurich_switzerland_lake_zurich_is_visible_from_uetliberg,Lake Zurich is visible from Uetliberg.
fact_place_place_uetliberg_zurich_switzerland_uetliberg_offers_a_view_of_lake_zurich,Uetliberg offers a view of Lake Zurich.
fact_place_place_canton_of_zurich_switzerland_the_paragraph_mentions_canton_zurich,The paragraph mentions Canton Zurich.
fact_place_place_district_zurich_the_paragraph_mentions_district_zurich,The paragraph mentions district Zurich.
fact_place_place_zurich_switzerland_the_paragraph_mentions_municipality_zurich,The paragraph mentions municipality Zurich.
fact_place_place_lake_zurich_switzerland_the_hornbach_flows_into_lake_zurich_at_the_zurichhorn,The Hornbach flows into Lake Zurich at the Zurichhorn.
fact_place_place_hornbach_the_hornbach_flows_into_lake_zurich_at_the_zurichhorn,The Hornbach flows into Lake Zurich at the Zurichhorn.
fact_place_place_zurichhorn_zurich_switzerland_zurichhorn_is_a_delta_at_the_mouth_of_the_hornbach_into_lake_zurich,Zurichhorn is a delta at the mouth of the Hornbach into Lake Zurich.
fact_place_place_cantons_zurich_schwyz_and_st_gallen_lake_zurich_is_located_in_the_cantons_of_zurich_schwyz_and_st_gallen,"Lake Zurich is located in the cantons of Zurich, Schwyz, and St. Gallen."
fact_place_place_lake_zurich_switzerland_lake_zurich_is_the_fourth_largest_of_all_swiss_lakes,Lake Zurich is the fourth largest of all Swiss lakes.
fact_place_place_lake_zurich_switzerland_lake_zurich_is_embedded_entirely_in_molasse,Lake Zurich is embedded entirely in molasse.
fact_place_place_lake_zurich_switzerland_lake_zurich_lacks_the_charm_of_the_high_mountains_compared_to_other_lakes,Lake Zurich lacks the charm of the high mountains compared to other lakes.
fact_place_place_lake_zurich_switzerland_the_upper_lake_of_lake_zurich_has_approached_the_pre_alpine_peaks_hirzli_schänniserberg_and_speer_quite_closely,"The ""Upper Lake"" of Lake Zurich has approached the pre-Alpine peaks Hirzli, Schänniserberg, and Speer quite closely."
fact_place_place_lake_zurich_switzerland_lake_zurich_has_gentle_shores_and_many_idyllic_bays,Lake Zurich has gentle shores and many idyllic bays.
fact_place_place_lake_zurich_switzerland_lake_zurich_has_been_called_the_loveliest_of_the_swiss_lakes,Lake Zurich has been called the loveliest of the Swiss lakes.
fact_place_place_lake_constance_switzerland_lake_constance_is_embedded_entirely_in_molasse_like_lake_zurich,Lake Constance is embedded entirely in molasse like Lake Zurich.
fact_place_place_lake_constance_switzerland_lake_constance_lacks_the_charm_of_the_high_mountains,Lake Constance lacks the charm of the high mountains.
fact_place_place_hirzli_switzerland_the_upper_lake_of_lake_zurich_has_approached_the_pre_alpine_peak_hirzli_quite_closely,"The ""Upper Lake"" of Lake Zurich has approached the pre-Alpine peak Hirzli quite closely."
fact_place_place_schänniserberg_switzerland_the_upper_lake_of_lake_zurich_has_approached_the_pre_alpine_peak_schänniserberg_quite_closely,"The ""Upper Lake"" of Lake Zurich has approached the pre-Alpine peak Schänniserberg quite closely."
fact_place_place_speer_switzerland_the_upper_lake_of_lake_zurich_has_approached_the_pre_alpine_peak_speer_quite_closely,"The ""Upper Lake"" of Lake Zurich has approached the pre-Alpine peak Speer quite closely."
fact_place_place_lake_zurich_zurich_switzerland_lake_zurich_has_an_ephemeral_island_east_of_the_stäfner_stone_at_lowest_water_level,Lake Zurich has an ephemeral island east of the Stäfner stone at lowest water level.
fact_place_place_stäfner_stone_the_ephemeral_island_is_located_east_of_the_stäfner_stone,The ephemeral island is located east of the Stäfner stone.
fact_date_date_march_12_1909_1909_1909_the_lowest_water_level_with_the_ephemeral_island_east_of_the_stäfner_stone_was_recorded_on_march_12_1909,"The lowest water level with the ephemeral island east of the Stäfner stone was recorded on March 12, 1909."
fact_place_place_lake_zurich_zurich_switzerland_the_earliest_mention_of_lake_zurich_can_be_found_in_the_vita_st_galli_of_the_8th_century,The earliest mention of Lake Zurich can be found in the Vita St. Galli of the 8th century.
fact_place_place_lake_zurich_zurich_switzerland_the_lake_was_called_lacus_de_turegum_in_the_8th_century,The lake was called lacus de Turegum in the 8th century.
fact_place_place_lake_zurich_zurich_switzerland_in_1250_it_was_called_lacus_turicinus,"In 1250, it was called lacus Turicinus."
fact_place_place_lake_zurich_zurich_switzerland_as_early_as_1286_the_name_zürichse_appeared_for_the_first_time,"As early as 1286, the name Zürichse appeared for the first time."
fact_place_place_lake_zurich_zurich_switzerland_the_name_zürichse_has_remained_as_zürichsee_lake_zurich_to_the_present,The name Zürichse has remained as “Zürichsee” (Lake Zurich) to the present.
fact_place_place_lake_zurich_zurich_switzerland_the_designation_zürichersee_on_newer_maps_is_a_creation_by_analogy_and_is_not_spoken_or_otherwise_written,The designation “Zürichersee” on newer maps is a creation by analogy and is not spoken or otherwise written.
fact_date_date_8th_century_701_800_the_earliest_mention_of_lake_zurich_is_found_in_the_vita_st_galli_of_the_8th_century,The earliest mention of Lake Zurich is found in the Vita St. Galli of the 8th century.
fact_date_date_1250_1250_1250_in_1250_the_lake_was_called_lacus_turicinus,"In 1250, the lake was called lacus Turicinus."
fact_date_date_1286_1286_1286_as_early_as_1286_the_name_zürichse_appeared_for_the_first_time,"As early as 1286, the name Zürichse appeared for the first time."
fact_place_place_lake_zurich_zurich_switzerland_the_oldest_depiction_of_lake_zurich_is_found_on_the_swiss_map_of_tschudi_1538,The oldest depiction of Lake Zurich is found on the Swiss map of Tschudi (1538).
fact_place_place_lake_zurich_zurich_switzerland_the_delineation_on_the_map_of_the_zurich_region_by_joost_murer_1566_is_better_than_the_tschudi_map,The delineation on the map of the Zurich region by Joost Murer (1566) is better than the Tschudi map.
fact_place_place_lake_zurich_zurich_switzerland_the_gyger_map_1667_provides_a_much_more_precise_representation_of_lake_zurich_at_the_scale_of_1_32_000,"The Gyger map (1667) provides a much more precise representation of Lake Zurich at the scale of 1:32,000."
fact_place_place_lake_zurich_zurich_switzerland_the_dufour_map_1834_1864_offers_an_even_model_representation_of_lake_zurich_at_the_scale_1_100_000,"The Dufour map (1834–1864) offers an even model representation of Lake Zurich at the scale 1:100,000."
fact_place_place_lake_zurich_zurich_switzerland_surveys_for_the_dufour_map_were_done_in_the_lake_area_from_1843_1851_by_engineer_j_wild,Surveys for the Dufour map were done in the lake area from 1843–1851 by engineer J. Wild.
fact_place_place_lake_zurich_zurich_switzerland_depth_soundings_were_conducted_for_1_210_points_in_the_main_lake_zurich_and_460_points_in_the_upper_lake,"Depth soundings were conducted for 1,210 points in the main Lake Zurich and 460 points in the upper lake."
fact_place_place_lake_zurich_zurich_switzerland_the_most_precise_lake_shore_map_was_compiled_by_the_zurich_government_in_1850_52_at_1_1_000_scale,"The most precise lake shore map was compiled by the Zurich government in 1850–52 at 1:1,000 scale."
fact_place_place_lake_zurich_zurich_switzerland_the_unpublished_lake_map_in_59_sheets_is_still_used_today_to_record_all_changes_in_lake_shores,The unpublished lake map (in 59 sheets) is still used today to record all changes in lake shores.
fact_place_place_bern_switzerland_a_relief_tone_map_was_published_in_recent_years_by_kümmerly_and_frey_in_bern_at_1_50_000,"A relief-tone map was published in recent years by Kümmerly and Frey in Bern at 1:50,000."
fact_date_date_1538_1538_1538_the_oldest_depiction_of_lake_zurich_is_found_on_the_swiss_map_of_tschudi_1538,The oldest depiction of Lake Zurich is found on the Swiss map of Tschudi (1538).
fact_date_date_1566_1566_1566_the_delineation_on_the_map_of_the_zurich_region_by_joost_murer_1566_is_better_than_the_tschudi_map,The delineation on the map of the Zurich region by Joost Murer (1566) is better than the Tschudi map.
fact_date_date_1667_1667_1667_the_gyger_map_1667_provides_a_much_more_precise_representation_of_lake_zurich_at_the_scale_of_1_32_000,"The Gyger map (1667) provides a much more precise representation of Lake Zurich at the scale of 1:32,000."
fact_date_date_1834_1864_1834_1864_the_dufour_map_1834_1864_offers_an_even_model_representation_of_lake_zurich_at_the_scale_1_100_000,"The Dufour map (1834–1864) offers an even model representation of Lake Zurich at the scale 1:100,000."
fact_date_date_1843_1851_1843_1851_surveys_for_the_dufour_map_were_done_in_the_lake_area_from_1843_1851_by_engineer_j_wild,Surveys for the Dufour map were done in the lake area from 1843–1851 by engineer J. Wild.
fact_date_date_1850_52_1850_1852_the_most_precise_lake_shore_map_was_compiled_by_the_zurich_government_in_1850_52_at_1_1_000_scale,"The most precise lake shore map was compiled by the Zurich government in 1850–52 at 1:1,000 scale."
fact_place_place_lake_zurich_zurich_switzerland_lake_zurich_is_mentioned_in_the_geographical_lexicon_of_switzerland,Lake Zurich is mentioned in the Geographical Lexicon of Switzerland.
fact_date_date_1896_1896_1896_cattle,Cattle.
fact_date_date_1901_1901_1901_7059,7059.
fact_date_date_1906_1906_1906_6798,6798.
fact_date_date_1896_1896_1896_in_1896_the_number_of_horses_was_recorded,"In 1896, the number of horses was recorded."
fact_date_date_1901_1901_1901_in_1901_the_number_recorded_was_3316,"In 1901, the number recorded was 3316."
fact_date_date_1906_1906_1906_in_1906_the_number_recorded_was_3269,"In 1906, the number recorded was 3269."
fact_date_date_column_4_none_none_column_4_shows_the_number_3192,Column 4 shows the number 3192.
fact_date_date_1896_1896_1896_pigs,Pigs.
fact_date_date_1901_1901_1901_1824,1824.
fact_date_date_1906_1906_1906_1669,1669.
fact_date_date_1896_1896_1896_sheep,Sheep.
fact_date_date_1901_1901_1901_201,201.
fact_date_date_1906_1906_1906_684,684.
fact_date_date_1896_1896_1896_goats,Goats.
fact_date_date_1901_1901_1901_1182,1182.
fact_date_date_1906_1906_1906_1177,1177.
fact_date_date_column_4_1315_1315_1315_column_4_1315,Column 4: 1315.
fact_date_date_1896_1896_1896_1896_beehives,1896: Beehives.
fact_date_date_1901_1901_1901_1901_1979,1901: 1979.
fact_date_date_1906_1906_1906_1906_2038,1906: 2038.
fact_date_date_1357_1357_1357_the_year_mentioned_is_1357,The year mentioned is 1357.
fact_date_date_1374_1374_1374_the_year_mentioned_is_1374,The year mentioned is 1374.
fact_date_date_1410_1410_1410_the_year_mentioned_is_1410,The year mentioned is 1410.
fact_place_place_zurich_switzerland_the_population_of_zurich_was_4_713_in_the_year_1467,"The population of Zurich was 4,713 in the year 1467."
fact_date_date_1467_1467_1467_the_population_of_zurich_was_4_713_in_the_year_1467,"The population of Zurich was 4,713 in the year 1467."
fact_date_date_1634_1634_1634_population_was_8_222_in_1634,"Population was 8,222 in 1634."
fact_date_date_1671_1671_1671_year_mentioned_is_1671,Year mentioned is 1671.
fact_date_date_1769_1769_1769_the_population_was_10_579_in_1769,"The population was 10,579 in 1769."
fact_place_place_zurich_switzerland_population_was_14_243_in_1836,"Population was 14,243 in 1836."
fact_place_place_zurich_switzerland_population_including_outer_municipalities_was_27_376_in_1836,"Population including outer municipalities was 27,376 in 1836."
fact_date_date_1836_1836_1836_population_was_14_243_in_zurich_in_1836,"Population was 14,243 in Zurich in 1836."
fact_date_date_1836_1836_1836_population_including_outer_municipalities_was_27_376_in_zurich_in_1836,"Population including outer municipalities was 27,376 in Zurich in 1836."
fact_place_place_zurich_switzerland_the_population_of_zurich_in_1860_was_19_758,"The population of Zurich in 1860 was 19,758."
fact_date_date_1860_1860_1860_the_population_of_zurich_in_1860_was_19_758,"The population of Zurich in 1860 was 19,758."
fact_date_date_1870_1870_1870_year_mentioned_is_1870,Year mentioned is 1870.
fact_date_date_1870_1870_1870_population_was_20_780_in_1870,"Population was 20,780 in 1870."
fact_date_date_1880_1880_1880_the_population_was_21_453_in_1880,"The population was 21,453 in 1880."
fact_date_date_1888_1888_1888_the_population_was_28_225_in_1888,"The population was 28,225 in 1888."
fact_date_date_1888_1888_1888_including_outer_municipalities_the_population_was_91_227_in_1888,"Including outer municipalities, the population was 91,227 in 1888."
fact_place_place_zurich_switzerland_the_population_of_zurich_in_1894_was_121_057,"The population of Zurich in 1894 was 121,057."
fact_place_place_zurich_switzerland_on_july_1_1894_the_9_outer_municipalities_enge_wiedikon_aussersihl_unterstrass_oberstrass_fluntern_hottingen_hirslanden_and_riesbach_were_included_in_zurich,"On July 1, 1894, the 9 outer municipalities Enge, Wiedikon, Aussersihl, Unterstrass, Oberstrass, Fluntern, Hottingen, Hirslanden, and Riesbach were included in Zurich."
fact_place_place_zurich_switzerland_the_municipalities_wollishofen_and_wipkingen_were_also_united_with_the_city_of_zurich,The municipalities Wollishofen and Wipkingen were also united with the city of Zurich.
fact_date_date_1894_1894_1894_the_population_of_zurich_was_121_057_in_1894,"The population of Zurich was 121,057 in 1894."
fact_date_date_1894_1894_1894_the_9_outer_municipalities_and_the_municipalities_wollishofen_and_wipkingen_were_united_with_zurich_in_1894,The 9 outer municipalities and the municipalities Wollishofen and Wipkingen were united with Zurich in 1894.
fact_date_date_1862_1862_1862_year_mentioned_is_1862,Year mentioned is 1862.
fact_date_date_1862_1862_1862_number_of_residential_houses_was_3514_in_1862,Number of residential houses was 3514 in 1862.
fact_date_date_1862_1862_1862_insurance_value_was_140_million_fr_in_1862,Insurance value was 140 million Fr. in 1862.
fact_date_date_1892_1892_1892_year_mentioned_is_1892,Year mentioned is 1892.
fact_date_date_1892_1892_1892_number_of_residential_houses_was_7338,Number of residential houses was 7338.
fact_date_date_1892_1892_1892_insurance_value_was_359_million_fr,Insurance value was 359 million Fr.
fact_date_date_1900_1900_1900_year_is_1900,Year is 1900.
fact_date_date_1900_1900_1900_residential_houses_numbered_9867_in_1900,Residential houses numbered 9867 in 1900.
fact_date_date_1900_1900_1900_insurance_value_was_552_million_fr_in_1900,Insurance value was 552 million Fr. in 1900.
fact_date_date_1906_1906_1906_in_1906_there_were_10_122_residential_houses,"In 1906, there were 10,122 residential houses."
fact_date_date_1906_1906_1906_in_1906_the_insurance_value_was_597_million_fr,"In 1906, the insurance value was 597 million Fr."
fact_date_date_before_1863_none_1862_the_data_refers_to_a_time_before_1863,The data refers to a time before 1863.
fact_date_date_1863_1892_1863_1892_the_buildings_were_constructed_between_1863_and_1892,The buildings were constructed between 1863 and 1892.
fact_date_date_1893_1900_1893_1900_the_buildings_were_constructed_between_1893_and_1900,The buildings were constructed between 1893 and 1900.
fact_date_date_1901_1906_1901_1906_the_buildings_were_constructed_between_1901_and_1906,The buildings were constructed between 1901 and 1906.
fact_place_place_zurich_switzerland_zurich_had_1770_residential_houses,Zurich had 1770 residential houses.
fact_place_place_zurich_switzerland_zurich_had_a_population_of_10_6,Zurich had a population of 10.6.
fact_place_place_zurich_switzerland_housing_number_for_the_entire_city_46_200,"Housing number for the entire city: 46,200."
fact_place_place_old_town_zurich_switzerland_housing_number_for_the_old_town_13_2,Housing number for the old town: 13.2.
fact_date_date_end_of_1862_1862_1862_residential_houses_end_of_1862,Residential houses: end of 1862.
fact_date_date_end_of_1862_1862_1862_population_3514,Population: 3514.
fact_place_place_zurich_switzerland_housing_number_for_the_entire_city_is_106_000,"Housing number for the entire city is 106,000."
fact_place_place_old_town_zurich_switzerland_housing_number_for_the_old_town_is_14_4,Housing number for the old town is 14.4.
fact_date_date_end_of_1892_1892_1892_residential_houses_counted_at_the_end_of_1892,Residential houses counted at the end of 1892.
fact_place_place_zurich_switzerland_housing_number_for_the_entire_city_150_700,"Housing number for the entire city: 150,700."
fact_place_place_old_town_zurich_switzerland_housing_number_for_the_old_town_15_3,Housing number for the old town: 15.3.
fact_date_date_end_of_1900_1900_1900_residential_houses_end_of_1900,Residential houses: end of 1900.
fact_date_date_end_of_1900_1900_1900_population_9867,Population: 9867.
fact_place_place_zurich_switzerland_housing_number_for_the_entire_city_171_000,"Housing number for the entire city: 171,000."
fact_place_place_old_town_zurich_switzerland_housing_number_for_the_old_town_16_4,Housing number for the old town: 16.4.
fact_date_date_end_of_1906_1906_1906_residential_houses_end_of_1906,Residential houses: end of 1906.
fact_date_date_end_of_1906_1906_1906_population_10_427,"Population: 10,427."
fact_date_date_1893_1893_1893_total_deaths_in_1893_were_18_37,Total deaths in 1893 were 18.37.
fact_date_date_1893_1893_1893_deaths_from_pulmonary_tuberculosis_in_1893_were_2_23,Deaths from pulmonary tuberculosis in 1893 were 2.23.
fact_date_date_1894_1894_1894_total_deaths_in_1894_were_17_46,Total deaths in 1894 were 17.46.
fact_date_date_1894_1894_1894_deaths_from_pulmonary_tuberculosis_in_1894_were_2_22,Deaths from pulmonary tuberculosis in 1894 were 2.22.
fact_date_date_1895_1895_1895_total_deaths_in_1895_were_17_38,Total deaths in 1895 were 17.38.
fact_date_date_1895_1895_1895_deaths_from_pulmonary_tuberculosis_in_1895_were_2_04,Deaths from pulmonary tuberculosis in 1895 were 2.04.
fact_date_date_1896_1896_1896_total_deaths_in_1896_were_16_71,Total deaths in 1896 were 16.71.
fact_date_date_1896_1896_1896_deaths_from_pulmonary_tuberculosis_in_1896_were_1_94,Deaths from pulmonary tuberculosis in 1896 were 1.94.
fact_date_date_1897_1897_1897_total_deaths_in_1897_were_16_50,Total deaths in 1897 were 16.50.
fact_date_date_1897_1897_1897_deaths_from_pulmonary_tuberculosis_in_1897_were_2_04,Deaths from pulmonary tuberculosis in 1897 were 2.04.
fact_date_date_1898_1898_1898_total_deaths_in_1898_were_17_33,Total deaths in 1898 were 17.33.
fact_date_date_1898_1898_1898_deaths_from_pulmonary_tuberculosis_in_1898_were_2_14,Deaths from pulmonary tuberculosis in 1898 were 2.14.
fact_date_date_1899_1899_1899_total_deaths_in_1899_were_15_42,Total deaths in 1899 were 15.42.
fact_date_date_1899_1899_1899_deaths_from_pulmonary_tuberculosis_in_1899_were_2_09,Deaths from pulmonary tuberculosis in 1899 were 2.09.
fact_date_date_1900_1900_1900_total_deaths_were_18_65_in_1900,Total deaths were 18.65 in 1900.
fact_date_date_1900_1900_1900_deaths_from_pulmonary_tuberculosis_were_2_49_in_1900,Deaths from pulmonary tuberculosis were 2.49 in 1900.
fact_date_date_1901_1901_1901_total_deaths_in_1901_were_15_32,Total deaths in 1901 were 15.32.
fact_date_date_1901_1901_1901_deaths_from_pulmonary_tuberculosis_in_1901_were_2_11,Deaths from pulmonary tuberculosis in 1901 were 2.11.
fact_date_date_1902_1902_1902_total_deaths_in_1902_were_15_92,Total deaths in 1902 were 15.92.
fact_date_date_1902_1902_1902_deaths_from_pulmonary_tuberculosis_in_1902_were_1_87,Deaths from pulmonary tuberculosis in 1902 were 1.87.
fact_date_date_1903_1903_1903_total_deaths_in_1903_were_14_74,Total deaths in 1903 were 14.74.
fact_date_date_1903_1903_1903_deaths_from_pulmonary_tuberculosis_in_1903_were_2_16,Deaths from pulmonary tuberculosis in 1903 were 2.16.
fact_date_date_1904_1904_1904_total_deaths_in_1904_were_14_55,Total deaths in 1904 were 14.55.
fact_date_date_1904_1904_1904_deaths_from_pulmonary_tuberculosis_in_1904_were_1_96,Deaths from pulmonary tuberculosis in 1904 were 1.96.
fact_date_date_1905_1905_1905_total_deaths_in_1905_were_14_41,Total deaths in 1905 were 14.41.
fact_date_date_1905_1905_1905_deaths_from_pulmonary_tuberculosis_in_1905_were_1_91,Deaths from pulmonary tuberculosis in 1905 were 1.91.
fact_date_date_1906_1906_1906_total_deaths_in_1906_were_13_58,Total deaths in 1906 were 13.58.
fact_date_date_1906_1906_1906_deaths_from_pulmonary_tuberculosis_in_1906_were_1_74,Deaths from pulmonary tuberculosis in 1906 were 1.74.
fact_date_date_1907_1907_1907_total_deaths_in_1907_were_12_74,Total deaths in 1907 were 12.74.
fact_date_date_1907_1907_1907_deaths_from_pulmonary_tuberculosis_in_1907_were_1_63,Deaths from pulmonary tuberculosis in 1907 were 1.63.
fact_place_place_zurich_switzerland_zurich_is_the_municipality_and_capital_of_the_canton_and_district_of_zurich,Zurich is the municipality and capital of the canton and district of Zurich.
fact_place_place_zurich_switzerland_zurich_is_the_largest_city_of_switzerland,Zurich is the largest city of Switzerland.
fact_place_place_zurich_switzerland_the_federal_observatory_is_located_on_the_zurichberg_in_zurich,The federal observatory is located on the Zurichberg in Zurich.
fact_place_place_zurich_switzerland_the_average_lake_level_altitude_is_408_6_m,The average lake level altitude is 408.6 m.
fact_place_place_zurich_switzerland_the_limmat_river_descends_to_level_400_m_before_hoengg_within_the_city_area,The Limmat river descends to level 400 m before Hoengg within the city area.
fact_place_place_zurich_switzerland_the_summit_signal_of_uetliberg_lies_on_the_city_boundary_at_874_m_above_sea_level,The summit signal of Uetliberg lies on the city boundary at 874 m above sea level.
fact_date_date_1908_1908_1908_the_magnetic_declination_in_zurich_in_1908_was_11½_w,The magnetic declination in Zurich in 1908 was 11½° W.
fact_place_place_zurich_switzerland_zurich_includes_wiedikon,Zurich includes Wiedikon.
fact_place_place_wiedikon_zurich_switzerland_wiedikon_has_a_church,Wiedikon has a church.
fact_place_place_wiedikon_zurich_switzerland_wiedikon_has_schools,Wiedikon has schools.
fact_place_place_zurich_switzerland_zurich_is_mentioned_in_the_paragraph,Zurich is mentioned in the paragraph.
fact_place_place_badenerstrasse_badenerstrasse_is_a_street_mentioned_in_zurich,Badenerstrasse is a street mentioned in Zurich.
fact_place_place_saint_jakob_s_church_saint_jakob_s_church_is_a_church_mentioned_in_zurich,Saint Jakob's Church is a church mentioned in Zurich.
fact_place_place_gemüsemarkt_zurich_switzerland_gemüsemarkt_is_a_location_in_zurich,Gemüsemarkt is a location in Zurich.
fact_place_place_st_peter_s_church_zurich_switzerland_st_peter_s_church_is_located_in_zurich,St. Peter's Church is located in Zurich.
fact_place_place_neumünster_neumünster_is_located_in_zurich,Neumünster is located in Zurich.
fact_place_place_enge_zurich_switzerland_the_church_of_enge_is_located_in_enge,The Church of Enge is located in Enge.
fact_place_place_zurich_switzerland_zurich_is_associated_with_the_swiss_national_museum,Zurich is associated with the Swiss National Museum.
fact_place_place_zurich_switzerland_zurich_is_mentioned_in_relation_to_the_urania_public_observatory,Zurich is mentioned in relation to the Urania public observatory.
fact_place_place_lake_zurich_zurich_switzerland_lake_zurich_is_a_geographical_feature_in_switzerland,Lake Zurich is a geographical feature in Switzerland.
fact_place_place_zurich_switzerland_zurich_is_depicted_from_the_west_in_a_woodcut,Zurich is depicted from the west in a woodcut.
fact_date_date_around_1540_1535_1545_the_woodcut_was_created_around_1540,The woodcut was created around 1540.
fact_place_place_zurich_switzerland_zurich_is_the_political_municipality_of_the_canton_of_zurich,Zurich is the political municipality of the canton of Zurich.
fact_place_place_zurich_switzerland_zurich_is_the_cantonal_capital_and_district_capital,Zurich is the cantonal capital and district capital.
fact_place_place_zurich_switzerland_zurich_is_located_at_the_outflow_of_the_limmat_from_lake_zurich,Zurich is located at the outflow of the Limmat from Lake Zurich.
fact_place_place_zurich_switzerland_zurich_lies_between_the_albis_ridge_in_the_west_and_adlisberg_and_zurichberg_in_the_east,Zurich lies between the Albis ridge in the west and Adlisberg and Zurichberg in the east.
fact_place_place_limmat_switzerland_the_limmat_flows_out_from_lake_zurich_at_zurich,The Limmat flows out from Lake Zurich at Zurich.
fact_place_place_lake_zurich_switzerland_lake_zurich_is_the_lake_from_which_the_limmat_flows_out_at_zurich,Lake Zurich is the lake from which the Limmat flows out at Zurich.
fact_place_place_albis_switzerland_the_albis_ridge_is_located_west_of_zurich,The Albis ridge is located west of Zurich.
fact_place_place_adlisberg_zurich_switzerland_adlisberg_is_located_east_of_zurich,Adlisberg is located east of Zurich.
fact_place_place_zurichberg_zurich_switzerland_zurichberg_is_located_east_of_zurich,Zurichberg is located east of Zurich.
fact_place_place_zurich_switzerland_the_city_developed_from_early_medieval_partly_fortified_settlement_cores,"The city developed from early medieval, partly fortified settlement cores."
fact_place_place_zurich_switzerland_the_settlement_cores_included_lindenhof_hill_fraumünster_münsterhof_on_the_left_bank_and_niederdorf_and_grossmünster_on_the_right_bank_of_the_limmat,"The settlement cores included Lindenhof hill, Fraumünster-Münsterhof on the left bank, and Niederdorf and Grossmünster on the right bank of the Limmat."
fact_place_place_zurich_switzerland_these_cores_were_enclosed_by_an_extensive_city_wall_in_the_12th_century_newly_built_in_the_13th_century,"These cores were enclosed by an extensive city wall in the 12th century, newly built in the 13th century."
fact_place_place_zurich_switzerland_stadelhof_remained_outside_the_city_wall,Stadelhof remained outside the city wall.
fact_place_place_zurich_switzerland_baroque_star_shaped_fortifications_were_constructed_in_the_17th_century_expanding_the_fortified_settlement_area,"Baroque star-shaped fortifications were constructed in the 17th century, expanding the fortified settlement area."
fact_place_place_zurich_switzerland_in_1893_the_municipalities_of_aussersihl_enge_fluntern_hirslanden_hottingen_leimbach_oberstrass_riesbach_unterstrass_wiedikon_wipkingen_and_wollishofen_merged_into_,"In 1893, the municipalities of Aussersihl, Enge, Fluntern, Hirslanden, Hottingen, Leimbach, Oberstrass, Riesbach, Unterstrass, Wiedikon, Wipkingen, and Wollishofen merged into Zurich."
fact_place_place_zurich_switzerland_in_1934_affoltern_bei_zürich_albisrieden_altstetten_höngg_oerlikon_schwamendingen_seebach_and_witikon_became_part_of_zurich,"In 1934, Affoltern bei Zürich, Albisrieden, Altstetten, Höngg, Oerlikon, Schwamendingen, Seebach, and Witikon became part of Zurich."
fact_date_date_12th_century_1101_1200_the_settlement_cores_were_enclosed_by_an_extensive_city_wall_in_the_12th_century,The settlement cores were enclosed by an extensive city wall in the 12th century.
fact_date_date_13th_century_1201_1300_the_city_wall_was_newly_built_in_the_13th_century,The city wall was newly built in the 13th century.
fact_date_date_17th_century_1601_1700_baroque_star_shaped_fortifications_were_constructed_in_the_17th_century_leading_to_an_expansion_of_the_fortified_settlement_area,"Baroque star-shaped fortifications were constructed in the 17th century, leading to an expansion of the fortified settlement area."
fact_date_date_1893_1893_1893_in_1893_several_municipalities_merged_into_zurich,"In 1893, several municipalities merged into Zurich."
fact_date_date_1934_1934_1934_in_1934_additional_municipalities_became_part_of_zurich,"In 1934, additional municipalities became part of Zurich."
fact_place_place_zurich_switzerland_zurich_is_home_to_federal_institutions_such_as_eth_and_the_national_museum,Zurich is home to federal institutions such as ETH and the National Museum.
fact_place_place_zurich_switzerland_zurich_hosts_private_media_company_tamedia_and_public_media_company_swiss_radio_and_television,Zurich hosts private media company Tamedia and public media company Swiss Radio and Television.
fact_place_place_zurich_switzerland_zurich_hosts_international_football_organization_fifa_and_ice_hockey_organization_iihf,Zurich hosts international football organization FIFA and ice hockey organization IIHF.
fact_place_place_zurich_switzerland_zurich_is_the_economic_center_of_switzerland,Zurich is the economic center of Switzerland.
fact_place_place_zurich_switzerland_zurich_hosts_numerous_banks_and_financial_service_providers_such_as_ubs_credit_suisse_group_swiss_re_swiss_life_and_zurich_financial_services,"Zurich hosts numerous banks and financial service providers such as UBS, Credit Suisse Group, Swiss Re, Swiss Life, and Zurich Financial Services."
fact_place_place_zurich_switzerland_zurich_hosts_national_firms_like_migros,Zurich hosts national firms like Migros.
fact_place_place_zurich_switzerland_zurich_hosts_internationally_active_companies_such_as_ibm_switzerland_google_siemens_and_asea_brown_boveri_abb,"Zurich hosts internationally active companies such as IBM Switzerland, Google, Siemens, and Asea Brown Boveri (ABB)."
fact_place_place_zurich_switzerland_the_data_refers_to_the_population_structure_of_the_municipality_of_zurich,The data refers to the population structure of the municipality of Zurich.
fact_date_date_1850_2000_1850_2000_data_covers_the_years_1850_to_2000_according_to_the_territorial_status_of_2000,Data covers the years 1850 to 2000 according to the territorial status of 2000.
fact_date_date_1888_1930_1888_1930_population_data_from_1888_to_1930_includes_old_catholics,Population data from 1888 to 1930 includes Old Catholics.
fact_date_date_from_1950_1950_2000_from_1950_population_data_includes_roman_catholics,"From 1950, population data includes Roman Catholics."
fact_place_place_katzensee_zurich_switzerland_flint_tools_from_the_mesolithic_were_found_at_katzensee_indicating_the_oldest_settlement_on_city_territory,"Flint tools from the Mesolithic were found at Katzensee, indicating the oldest settlement on city territory."
fact_place_place_lower_lake_basin_numerous_finds_in_the_lower_lake_basin_testify_to_significant_settlement_during_the_neolithic_and_bronze_age,Numerous finds in the lower lake basin testify to significant settlement during the Neolithic and Bronze Age.
fact_place_place_kleiner_hafner_zurich_switzerland_the_oldest_pile_dwelling_finds_originate_from_the_former_island_kleiner_hafner_in_front_of_bellevue,The oldest pile dwelling finds originate from the former island Kleiner Hafner in front of Bellevue.
fact_place_place_letten_zurich_switzerland_metal_objects_from_the_bronze_age_were_found_in_the_limmat_at_letten_possibly_deposited_as_votive_offerings,"Metal objects from the Bronze Age were found in the Limmat at Letten, possibly deposited as votive offerings."
fact_place_place_rathausbrücke_zurich_switzerland_metal_objects_from_the_bronze_age_were_found_in_the_limmat_near_rathausbrücke_possibly_deposited_as_votive_offerings,"Metal objects from the Bronze Age were found in the Limmat near Rathausbrücke, possibly deposited as votive offerings."
fact_place_place_limmat_switzerland_metal_objects_from_the_bronze_age_were_found_in_the_limmat_possibly_deposited_as_votive_offerings,"Metal objects from the Bronze Age were found in the Limmat, possibly deposited as votive offerings."
fact_place_place_uetliberg_zurich_switzerland_in_the_hallstatt_and_early_la_tène_periods_a_significant_central_settlement_was_located_on_the_uetliberg,"In the Hallstatt and early La Tène periods, a significant central settlement was located on the Uetliberg."
fact_place_place_höngg_zurich_switzerland_burial_mounds_from_the_hallstatt_and_early_la_tène_periods_examined_in_höngg_contained_burials_with_partly_rich_grave_goods,Burial mounds from the Hallstatt and early La Tène periods examined in Höngg contained burials with partly rich grave goods.
fact_place_place_balgrist_zurich_switzerland_burial_mounds_from_the_hallstatt_and_early_la_tène_periods_examined_in_balgrist_contained_burials_with_partly_rich_grave_goods,Burial mounds from the Hallstatt and early La Tène periods examined in Balgrist contained burials with partly rich grave goods.
fact_place_place_burghölzli_zurich_switzerland_burial_mounds_from_the_hallstatt_and_early_la_tène_periods_examined_in_burghölzli_contained_burials_with_partly_rich_grave_goods,Burial mounds from the Hallstatt and early La Tène periods examined in Burghölzli contained burials with partly rich grave goods.
fact_date_date_mesolithic_10000_4500_flint_tools_from_the_mesolithic_were_found_at_katzensee,Flint tools from the Mesolithic were found at Katzensee.
fact_date_date_about_4300_to_800_bc_4300_800_numerous_finds_on_and_in_the_lower_lake_basin_testify_to_significant_settlement_during_the_neolithic_and_bronze_age_in_the_period_from_about_4300_to_800_bc,Numerous finds on and in the lower lake basin testify to significant settlement during the Neolithic and Bronze Age in the period from about 4300 to 800 BC.
fact_date_date_bronze_age_2200_800_numerous_finds_on_and_in_the_lower_lake_basin_testify_to_significant_settlement_during_the_bronze_age,Numerous finds on and in the lower lake basin testify to significant settlement during the Bronze Age.
fact_date_date_hallstatt_period_800_450_in_the_hallstatt_period_a_significant_central_settlement_was_located_on_the_uetliberg,"In the Hallstatt period, a significant central settlement was located on the Uetliberg."
fact_date_date_early_la_tène_period_450_250_in_the_early_la_tène_period_a_significant_central_settlement_was_located_on_the_uetliberg,"In the early La Tène period, a significant central settlement was located on the Uetliberg."
fact_date_date_early_and_middle_la_tène_period_450_150_from_the_early_and_middle_la_tène_period_sporadic_grave_finds_are_known_within_the_city_area,"From the early and middle La Tène period, sporadic grave finds are known within the city area."
fact_place_place_limmat_zurich_switzerland_the_limmat_is_a_river_on_whose_left_side_a_celtic_oppidum_existed,The Limmat is a river on whose left side a Celtic oppidum existed.
fact_place_place_lindenhof_zurich_switzerland_lindenhof_is_a_moraine_hill_where_the_celtic_oppidum_was_located,Lindenhof is a moraine hill where the Celtic oppidum was located.
fact_place_place_st_petershügel_zurich_switzerland_st_petershügel_is_a_moraine_hill_part_of_the_celtic_oppidum_area,St. Petershügel is a moraine hill part of the Celtic oppidum area.
fact_place_place_sihlbühl_sihlbühl_was_a_moraine_hill_in_the_north_now_dismantled_part_of_the_celtic_oppidum_area,"Sihlbühl was a moraine hill in the north, now dismantled, part of the Celtic oppidum area."
fact_place_place_bahnhofstrasse_zurich_switzerland_a_lump_of_over_17_000_fused_celtic_coins_was_found_on_the_southern_bahnhofstrasse,"A lump of over 17,000 fused Celtic coins was found on the southern Bahnhofstrasse."
fact_date_date_80_bc_onwards_80_none_a_celtic_oppidum_is_verifiable_from_80_bc_onwards_on_the_left_side_of_the_limmat,A Celtic oppidum is verifiable from 80 BC onwards on the left side of the Limmat.
fact_date_date_around_100_bc_100_100_a_lump_of_over_17_000_fused_celtic_coins_from_around_100_bc_was_uncovered_on_the_southern_bahnhofstrasse,"A lump of over 17,000 fused Celtic coins from around 100 BC was uncovered on the southern Bahnhofstrasse."
fact_place_place_bäckerstrasse_the_richly_furnished_woman_s_grave_was_found_on_bäckerstrasse,The richly furnished woman's grave was found on Bäckerstrasse.
fact_place_place_swiss_national_museum_zurich_switzerland_the_pair_of_bird_shaped_fibulae_from_the_grave_are_held_at_the_swiss_national_museum_in_zurich,The pair of bird-shaped fibulae from the grave are held at the Swiss National Museum in Zurich.
fact_date_date_6th_century_501_600_the_woman_s_grave_on_bäckerstrasse_dates_to_the_6th_century,The woman's grave on Bäckerstrasse dates to the 6th century.
fact_place_place_limmat_zurich_switzerland_a_civilian_small_town_center_vicus_developed_on_both_sides_of_the_limmat,A civilian small-town center (vicus?) developed on both sides of the Limmat.
fact_place_place_statio_turicensis_a_gravestone_dated_around_200_names_the_statio_turicensis_a_customs_station_of_the_gallic_customs_for_trade_in_the_border_area_to_rhaetia,"A gravestone dated around 200 names the Statio Turicensis, a customs station of the Gallic customs for trade in the border area to Rhaetia."
fact_place_place_weinplatz_zurich_switzerland_a_public_bath_stood_at_the_bay_under_weinplatz,A public bath stood at the bay under Weinplatz.
fact_place_place_rathausbrücke_zurich_switzerland_a_harbor_and_river_crossing_are_suspected_near_rathausbrücke,A harbor and river crossing are suspected near Rathausbrücke.
fact_place_place_grosse_hafner_zurich_switzerland_on_the_grosse_hafner_a_former_island_in_front_of_seefeld_there_was_an_island_sanctuary_used_from_the_1st_to_4th_centuries,"On the Grosse Hafner, a former island in front of Seefeld, there was an island sanctuary used from the 1st to 4th centuries."
fact_place_place_seefeld_zurich_switzerland_grosse_hafner_is_a_former_island_in_front_of_seefeld,Grosse Hafner is a former island in front of Seefeld.
fact_place_place_storchengasse_zurich_switzerland_another_temple_possibly_existed_in_the_round_building_uncovered_at_storchengasse,Another temple possibly existed in the round building uncovered at Storchengasse.
fact_place_place_oetenbach_area_a_dedicatory_stone_donated_by_bear_hunters_to_the_deities_diana_and_silvanus_and_a_hoard_of_gold_jewelry_possibly_indicate_another_sanctuary_in_the_oetenbach_area,A dedicatory stone donated by bear hunters to the deities Diana and Silvanus and a hoard of gold jewelry possibly indicate another sanctuary in the Oetenbach area.
fact_date_date_16_15_bc_16_15_roman_military_stationing_occurred_during_the_alpine_campaign_16_15_bc,Roman military stationing occurred during the Alpine campaign 16-15 BC.
fact_date_date_40_or_30_bc_40_30_roman_military_stationing_occurred_already_from_40_or_30_bc_in_the_existing_celtic_settlement,Roman military stationing occurred already from 40 or 30 BC in the existing Celtic settlement.
fact_date_date_around_200_190_210_a_gravestone_dated_around_200_names_the_statio_turicensis,A gravestone dated around 200 names the Statio Turicensis.
fact_date_date_1st_to_4th_centuries_1_400_an_island_sanctuary_on_the_grosse_hafner_was_used_from_the_1st_to_4th_centuries,An island sanctuary on the Grosse Hafner was used from the 1st to 4th centuries.
fact_date_date_122_122_122_the_island_sanctuary_on_the_grosse_hafner_was_newly_built_in_122_on_a_round_plan_with_wooden_posts,The island sanctuary on the Grosse Hafner was newly built in 122 on a round plan with wooden posts.
fact_date_date_around_70_65_75_the_transition_to_stone_construction_in_residential_buildings_can_be_observed_around_70,The transition to stone construction in residential buildings can be observed around 70.
fact_place_place_lindenhof_zurich_switzerland_in_late_roman_times_probably_in_the_early_4th_century_the_summit_of_the_lindenhof_hill_was_fortified_with_a_castellum,"In late Roman times, probably in the early 4th century, the summit of the Lindenhof hill was fortified with a castellum."
fact_place_place_lindenhof_zurich_switzerland_the_castellum_offered_residence_and_refuge_to_the_civilian_population_even_after_the_withdrawal_of_the_troops_and_the_end_of_western_roman_administration,The castellum offered residence and refuge to the civilian population even after the withdrawal of the troops and the end of Western Roman administration.
fact_place_place_lindenhof_zurich_switzerland_within_the_castellum_several_stone_buildings_were_erected_in_the_7th_and_8th_centuries_after_terrain_works,"Within the castellum, several stone buildings were erected in the 7th and 8th centuries after terrain works."
fact_place_place_bäckerstrasse_zurich_switzerland_the_burials_examined_in_the_bäckerstrasse_cemetery_from_the_6th_century_suggest_a_majority_roman_speaking_population,The burials examined in the Bäckerstrasse cemetery from the 6th century suggest a majority Roman-speaking population.
fact_place_place_bäckerstrasse_zurich_switzerland_among_them_is_a_woman_s_grave_with_a_germanic_fibula_costume_pointing_towards_the_frankish_area,Among them is a woman's grave with a Germanic fibula costume pointing towards the Frankish area.
fact_place_place_st_petershügel_zurich_switzerland_the_plate_and_wall_graves_investigated_on_st_petershügel_were_built_using_mortar_plaster_and_lime_whitewash,"The plate and wall graves investigated on St. Petershügel were built using mortar, plaster and lime whitewash."
fact_place_place_st_petershügel_zurich_switzerland_they_prove_that_building_techniques_introduced_in_roman_times_were_used_in_a_7th_century_cemetery,They prove that building techniques introduced in Roman times were used in a 7th-century cemetery.
fact_place_place_st_petershügel_zurich_switzerland_the_grave_goods_of_two_swords_spatha_sax_in_a_male_grave_follow_germanic_burial_customs,"The grave goods of two swords (spatha, sax) in a male grave follow Germanic burial customs."
fact_place_place_niederdorf_zurich_switzerland_remains_of_wooden_houses_from_the_7th_and_8th_centuries_were_found_in_niederdorf,Remains of wooden houses from the 7th and 8th centuries were found in Niederdorf.
fact_date_date_early_4th_century_301_330_in_late_roman_times_probably_in_the_early_4th_century_the_summit_of_the_lindenhof_hill_was_fortified_with_a_castellum,"In late Roman times, probably in the early 4th century, the summit of the Lindenhof hill was fortified with a castellum."
fact_date_date_6th_century_501_600_the_burials_examined_in_the_bäckerstrasse_cemetery_from_the_6th_century_suggest_a_majority_roman_speaking_population,The burials examined in the Bäckerstrasse cemetery from the 6th century suggest a majority Roman-speaking population.
fact_date_date_7th_century_601_700_building_techniques_introduced_in_roman_times_were_used_in_a_7th_century_cemetery_on_st_petershügel,Building techniques introduced in Roman times were used in a 7th-century cemetery on St. Petershügel.
fact_date_date_7th_and_8th_centuries_601_800_within_the_castellum_several_stone_buildings_were_erected_in_the_7th_and_8th_centuries_after_terrain_works,"Within the castellum, several stone buildings were erected in the 7th and 8th centuries after terrain works."
fact_date_date_7th_and_8th_centuries_601_800_remains_of_wooden_houses_from_the_same_time_were_found_in_niederdorf,Remains of wooden houses from the same time were found in Niederdorf.
fact_place_place_zurich_switzerland_zurich_was_the_center_of_an_extensive_carolingian_imperial_estate_complex_in_the_8th_and_9th_centuries,Zurich was the center of an extensive Carolingian imperial estate complex in the 8th and 9th centuries.
fact_place_place_zurich_switzerland_zurich_included_the_royal_court_with_the_albis_forest_and_properties_in_uri,Zurich included the royal court with the Albis forest and properties in Uri.
fact_place_place_zurich_switzerland_zurich_s_economic_center_was_the_stadelhof,Zurich's economic center was the Stadelhof.
fact_place_place_zurich_switzerland_zurich_was_a_center_of_rule_for_the_dukes_of_swabia_appointed_in_the_10th_century_as_bailiffs,Zurich was a center of rule for the dukes of Swabia appointed in the 10th century as bailiffs.
fact_place_place_zurich_switzerland_coin_minting_market_and_toll_rights_in_zurich_illustrate_the_importance_of_economy_and_trade,"Coin minting, market and toll rights in Zurich illustrate the importance of economy and trade."
fact_place_place_zurich_switzerland_in_the_11th_and_12th_centuries_zurich_had_economic_relations_up_to_the_baltic_sea_area,"In the 11th and 12th centuries, Zurich had economic relations up to the Baltic Sea area."
fact_place_place_albis_forest_the_albis_forest_was_included_in_the_royal_court_functions_of_zurich_s_carolingian_imperial_estate,The Albis forest was included in the royal court functions of Zurich's Carolingian imperial estate.
fact_place_place_uri_switzerland_uri_was_part_of_the_properties_included_in_the_royal_court_functions_of_zurich_s_carolingian_imperial_estate,Uri was part of the properties included in the royal court functions of Zurich's Carolingian imperial estate.
fact_place_place_stadelhof_the_stadelhof_was_the_economic_center_of_the_royal_court_in_zurich_s_carolingian_imperial_estate,The Stadelhof was the economic center of the royal court in Zurich's Carolingian imperial estate.
fact_place_place_fraumünster_zurich_switzerland_ludwig_the_german_equipped_the_fraumünster_monastery_with_the_carolingian_estate_in_a_deed_of_donation_in_853,Ludwig the German equipped the Fraumünster monastery with the Carolingian estate in a deed of donation in 853.
fact_place_place_fraumünster_zurich_switzerland_abbesses_hildegard_and_berta_daughters_of_ludwig_the_german_demonstrate_the_close_connection_of_the_convent_to_the_royal_house,"Abbesses Hildegard and Berta, daughters of Ludwig the German, demonstrate the close connection of the convent to the royal house."
fact_place_place_lindenhof_zurich_switzerland_foundations_of_a_monumental_building_uncovered_on_lindenhof_are_interpreted_as_remains_of_a_carolingian_palace_building,Foundations of a monumental building uncovered on Lindenhof are interpreted as remains of a Carolingian palace building.
fact_date_date_8th_and_9th_centuries_701_900_zurich_was_the_center_of_an_extensive_carolingian_imperial_estate_complex_in_the_8th_and_9th_centuries,Zurich was the center of an extensive Carolingian imperial estate complex in the 8th and 9th centuries.
fact_date_date_around_760_760_760_the_fiscus_zurich_was_created_around_760_establishing_an_administrative_organization,"The fiscus Zurich was created around 760, establishing an administrative organization."
fact_date_date_853_853_853_ludwig_the_german_equipped_the_fraumünster_monastery_with_the_estate_in_a_deed_of_donation_in_853,Ludwig the German equipped the Fraumünster monastery with the estate in a deed of donation in 853.
fact_date_date_10th_century_901_1000_in_the_10th_century_dukes_of_swabia_were_appointed_as_bailiffs_for_the_royal_property_in_zurich,"In the 10th century, dukes of Swabia were appointed as bailiffs for the royal property in Zurich."
fact_date_date_11th_and_12th_centuries_1001_1200_in_the_11th_and_12th_centuries_zurich_had_economic_relations_up_to_the_baltic_sea_area,"In the 11th and 12th centuries, Zurich had economic relations up to the Baltic Sea area."
fact_place_place_zurich_switzerland_royal_visits_to_zurich_resumed_after_1000,Royal visits to Zurich resumed after 1000.
fact_place_place_zurich_switzerland_henry_iii_stayed_six_times_in_the_palace_on_lindenhof_between_1045_1055,Henry III stayed six times in the palace on Lindenhof between 1045-1055.
fact_place_place_zurich_switzerland_the_palace_on_lindenhof_was_expanded_into_a_residence_with_a_two_story_hall_and_chapel,The palace on Lindenhof was expanded into a residence with a two-story hall and chapel.
fact_place_place_zurich_switzerland_otto_of_freising_described_zurich_as_the_most_distinguished_city_of_swabia_in_the_mid_12th_century,Otto of Freising described Zurich as the most distinguished city of Swabia in the mid-12th century.
fact_place_place_zurich_switzerland_zurich_left_the_domain_of_the_staufer_dukes_in_the_staufer_zähringer_compromise_of_1098,Zurich left the domain of the Staufer dukes in the Staufer-Zähringer compromise of 1098.
fact_place_place_zurich_switzerland_the_counts_of_lenzburg_were_appointed_as_provosts_and_monastery_bailiffs_in_976,The counts of Lenzburg were appointed as provosts and monastery bailiffs in 976.
fact_place_place_zurich_switzerland_the_counts_of_lenzburg_were_confirmed_in_their_roles_in_1098,The counts of Lenzburg were confirmed in their roles in 1098.
fact_place_place_zurich_switzerland_the_dukes_of_zähringen_were_appointed_holders_of_imperial_rights_in_1098,The dukes of Zähringen were appointed holders of imperial rights in 1098.
fact_place_place_zurich_switzerland_after_the_extinction_of_the_lenzburg_line_the_zähringers_were_the_sole_city_lords_from_1173_to_1218,"After the extinction of the Lenzburg line, the Zähringers were the sole city lords from 1173 to 1218."
fact_place_place_zurich_switzerland_the_royal_palace_was_converted_into_a_castle_with_towers_and_ditches_probably_by_the_zähringers,"The royal palace was converted into a castle with towers and ditches, probably by the Zähringers."
fact_place_place_lindenhof_zurich_switzerland_henry_iii_stayed_six_times_in_the_palace_on_lindenhof_between_1045_1055,Henry III stayed six times in the palace on Lindenhof between 1045-1055.
fact_place_place_lindenhof_zurich_switzerland_the_palace_was_expanded_into_a_residence_with_a_two_story_hall_and_chapel,The palace was expanded into a residence with a two-story hall and chapel.
fact_place_place_lindenhof_zurich_switzerland_the_royal_palace_was_converted_into_a_castle_with_towers_and_ditches_probably_by_the_zähringers,"The royal palace was converted into a castle with towers and ditches, probably by the Zähringers."
fact_place_place_swabia_germany_zurich_was_described_as_the_most_distinguished_city_of_swabia_in_the_mid_12th_century_by_otto_of_freising,Zurich was described as the most distinguished city of Swabia in the mid-12th century by Otto of Freising.
fact_place_place_staufer_dukes_zurich_left_the_domain_of_the_staufer_dukes_in_the_staufer_zähringer_compromise_of_1098,Zurich left the domain of the Staufer dukes in the Staufer-Zähringer compromise of 1098.
fact_place_place_counts_of_lenzburg_the_counts_of_lenzburg_were_appointed_as_provosts_and_monastery_bailiffs_in_976,The counts of Lenzburg were appointed as provosts and monastery bailiffs in 976.
fact_place_place_counts_of_lenzburg_the_counts_of_lenzburg_were_confirmed_in_their_roles_in_1098,The counts of Lenzburg were confirmed in their roles in 1098.
fact_place_place_counts_of_lenzburg_the_lenzburg_line_became_extinct_before_1173,The Lenzburg line became extinct before 1173.
fact_place_place_dukes_of_zähringen_the_dukes_of_zähringen_were_appointed_holders_of_imperial_rights_in_1098,The dukes of Zähringen were appointed holders of imperial rights in 1098.
fact_place_place_dukes_of_zähringen_the_zähringers_were_the_sole_city_lords_from_1173_to_1218,The Zähringers were the sole city lords from 1173 to 1218.
fact_date_date_after_1000_1001_1500_royal_visits_to_zurich_resumed_after_1000,Royal visits to Zurich resumed after 1000.
fact_date_date_1045_1055_1045_1055_henry_iii_stayed_six_times_in_the_palace_on_lindenhof_between_1045_1055,Henry III stayed six times in the palace on Lindenhof between 1045-1055.
fact_date_date_1045_1055_1045_1055_the_palace_on_lindenhof_was_expanded_into_a_residence_with_a_two_story_hall_and_chapel_during_this_period,The palace on Lindenhof was expanded into a residence with a two-story hall and chapel during this period.
fact_date_date_mid_12th_century_1140_1160_otto_of_freising_described_zurich_as_the_most_distinguished_city_of_swabia_in_the_mid_12th_century,Otto of Freising described Zurich as the most distinguished city of Swabia in the mid-12th century.
fact_date_date_1098_1098_1098_in_the_staufer_zähringer_compromise_of_1098_zurich_left_the_domain_of_the_staufer_dukes,"In the Staufer-Zähringer compromise of 1098, Zurich left the domain of the Staufer dukes."
fact_date_date_1098_1098_1098_the_counts_of_lenzburg_were_confirmed_and_the_dukes_of_zähringen_were_appointed_holders_of_imperial_rights_in_1098,The counts of Lenzburg were confirmed and the dukes of Zähringen were appointed holders of imperial rights in 1098.
fact_date_date_976_976_976_the_counts_of_lenzburg_were_appointed_as_provosts_and_monastery_bailiffs_in_976,The counts of Lenzburg were appointed as provosts and monastery bailiffs in 976.
fact_date_date_1173_to_1218_1173_1218_the_zähringers_were_the_sole_city_lords_from_1173_to_1218,The Zähringers were the sole city lords from 1173 to 1218.
fact_place_place_fraumünster_zurich_switzerland_the_fraumünster_convent_formed_in_the_10th_century,The Fraumünster convent formed in the 10th century.
fact_place_place_fraumünster_zurich_switzerland_the_oldest_archaeologically_proven_church_of_the_benedictine_nunnery_fraumünster_is_a_large_hall_church_of_the_9th_century_with_a_transept_and_three_aps,The oldest archaeologically proven church of the Benedictine nunnery Fraumünster is a large hall church of the 9th century with a transept and three apses.
fact_place_place_fraumünster_zurich_switzerland_before_the_fraumünster_church_stood_an_early_medieval_post_building_of_unknown_function,Before the Fraumünster church stood an early medieval post building of unknown function.
fact_place_place_fraumünster_zurich_switzerland_in_its_early_period_the_fraumünster_monastery_had_an_enclosure_with_a_ditch,"In its early period, the Fraumünster monastery had an enclosure with a ditch."
fact_place_place_grossmünster_zurich_switzerland_the_grossmünster_convent_formed_in_the_10th_century,The Grossmünster convent formed in the 10th century.
fact_place_place_grossmünster_zurich_switzerland_the_grossmünster_was_regarded_as_the_place_of_burial_of_the_city_saints,The Grossmünster was regarded as the place of burial of the city saints.
fact_place_place_grossmünster_zurich_switzerland_the_passion_story_written_down_at_the_end_of_the_8th_century_reports_miracles_at_the_graves_of_the_city_saints_suggesting_a_cult_building_already_exist,"The passion story written down at the end of the 8th century reports miracles at the graves of the city saints, suggesting a cult building already existed at that time."
fact_place_place_grossmünster_zurich_switzerland_the_grossmünster_church_was_rebuilt_in_late_romanesque_style_between_1100_and_1230_replacing_a_predecessor_building,"The Grossmünster church was rebuilt in late Romanesque style between 1100 and 1230, replacing a predecessor building."
fact_place_place_wasserkirche_zurich_switzerland_the_wasserkirche_formed_in_the_10th_century,The Wasserkirche formed in the 10th century.
fact_place_place_wasserkirche_zurich_switzerland_the_oldest_predecessor_of_the_wasserkirche_can_be_dated_to_1000,The oldest predecessor of the Wasserkirche can be dated to 1000.
fact_place_place_wasserkirche_zurich_switzerland_the_wasserkirche_houses_the_martyr_s_stone_indicating_the_spot_on_a_limmat_island_venerated_as_the_place_of_the_beheading_of_the_city_saints,The Wasserkirche houses the martyr's stone indicating the spot on a Limmat island venerated as the place of the beheading of the city saints.
fact_place_place_st_peter_church_zurich_switzerland_the_parish_church_of_st_peter_formed_part_of_the_sacred_landscape_shaped_by_the_local_martyr_cult,The parish church of St. Peter formed part of the sacred landscape shaped by the local martyr cult.
fact_place_place_st_peter_church_zurich_switzerland_the_church_of_st_peter_was_first_mentioned_in_857,The church of St. Peter was first mentioned in 857.
fact_place_place_st_peter_church_zurich_switzerland_st_peter_is_attested_as_a_parish_church_from_the_12th_century,St. Peter is attested as a parish church from the 12th century.
fact_place_place_st_peter_church_zurich_switzerland_st_peter_possibly_followed_on_the_vanished_church_of_st_stephan_west_of_lindenhof,St. Peter possibly followed on the vanished church of St. Stephan west of Lindenhof.
fact_place_place_st_stephan_the_church_of_st_stephan_was_located_west_of_lindenhof_and_is_now_vanished,The church of St. Stephan was located west of Lindenhof and is now vanished.
fact_place_place_zurichberg_zurich_switzerland_the_augustinian_canons_monastery_of_st_martin_was_founded_on_zurichberg_in_1127,The Augustinian canons' monastery of St. Martin was founded on Zurichberg in 1127.
fact_date_date_10th_century_901_1000_the_fraumünster_and_grossmünster_convents_formed_in_the_10th_century,The Fraumünster and Grossmünster convents formed in the 10th century.
fact_date_date_10th_century_901_1000_the_wasserkirche_and_the_parish_churches_of_st_peter_and_st_stephan_formed_an_exceptional_sacred_landscape_in_the_10th_century,The Wasserkirche and the parish churches of St. Peter and St. Stephan formed an exceptional sacred landscape in the 10th century.
fact_date_date_9th_century_801_900_the_oldest_archaeologically_proven_church_of_the_benedictine_nunnery_fraumünster_is_a_large_hall_church_of_the_9th_century,The oldest archaeologically proven church of the Benedictine nunnery Fraumünster is a large hall church of the 9th century.
fact_date_date_end_of_the_8th_century_780_799_the_passion_story_written_down_at_the_end_of_the_8th_century_reports_miracles_at_the_graves_of_the_city_saints,The passion story written down at the end of the 8th century reports miracles at the graves of the city saints.
fact_date_date_between_1100_and_1230_1100_1230_the_grossmünster_church_was_rebuilt_in_late_romanesque_style_between_1100_and_1230_replacing_a_predecessor_building,"The Grossmünster church was rebuilt in late Romanesque style between 1100 and 1230, replacing a predecessor building."
fact_date_date_1000_1000_1000_the_oldest_predecessor_of_the_wasserkirche_can_be_dated_to_1000,The oldest predecessor of the Wasserkirche can be dated to 1000.
fact_date_date_857_857_857_the_church_of_st_peter_was_first_mentioned_in_857,The church of St. Peter was first mentioned in 857.
fact_date_date_12th_century_1101_1200_st_peter_is_attested_as_a_parish_church_from_the_12th_century,St. Peter is attested as a parish church from the 12th century.
fact_date_date_1127_1127_1127_the_augustinian_canons_monastery_of_st_martin_was_founded_on_zurichberg_in_1127,The Augustinian canons' monastery of St. Martin was founded on Zurichberg in 1127.
fact_place_place_fraumünster_zurich_switzerland_wooden_buildings_near_fraumünster_date_from_carolingian_times,Wooden buildings near Fraumünster date from Carolingian times.
fact_place_place_eastern_bank_of_the_limmat_river_zurich_switzerland_there_were_embankments_for_a_probable_embankment_at_the_eastern_limmat_bank_from_carolingian_times,There were embankments for a probable embankment at the eastern Limmat bank from Carolingian times.
fact_place_place_lindenhof_zurich_switzerland_the_expanded_defensive_ditch_of_lindenhof_at_upper_rennweg_is_dated_to_the_10th_11th_century,The expanded defensive ditch of Lindenhof at upper Rennweg is dated to the 10th-11th century.
fact_place_place_limmat_river_shore_zurich_switzerland_the_first_extensive_city_wall_and_a_bossed_square_stone_wall_on_the_limmat_shore_are_evidenced_archaeologically,The first extensive city wall and a bossed square stone wall on the Limmat shore are evidenced archaeologically.
fact_place_place_eastern_district_zurich_switzerland_in_the_eastern_city_district_regular_sequences_of_building_complexes_alleys_and_moats_give_the_impression_of_planned_plots,"In the eastern city district, regular sequences of building complexes, alleys and moats give the impression of planned plots."
fact_place_place_guild_house_of_the_carpenters_zurich_switzerland_the_four_story_core_building_of_the_guild_house_of_the_carpenters_is_dendro_dated_to_1156,The four-story core building of the Guild House of the Carpenters is dendro-dated to 1156.
fact_date_date_8th_century_701_800_written_sources_from_the_8th_century_provide_clues_about_the_settlement_s_topography,Written sources from the 8th century provide clues about the settlement's topography.
fact_date_date_carolingian_times_750_900_wooden_buildings_near_fraumünster_and_embankments_at_the_eastern_limmat_bank_date_from_carolingian_times,Wooden buildings near Fraumünster and embankments at the eastern Limmat bank date from Carolingian times.
fact_date_date_10th_11th_century_901_1100_the_expanded_defensive_ditch_of_lindenhof_at_upper_rennweg_is_dated_to_the_10th_11th_century,The expanded defensive ditch of Lindenhof at upper Rennweg is dated to the 10th-11th century.
fact_date_date_12th_century_1101_1200_the_intensive_building_activity_of_the_12th_century_was_recorded_in_written_sources,The intensive building activity of the 12th century was recorded in written sources.
fact_date_date_12th_century_1101_1200_the_first_extensive_city_wall_and_a_bossed_square_stone_wall_on_the_limmat_shore_are_evidenced_archaeologically,The first extensive city wall and a bossed square stone wall on the Limmat shore are evidenced archaeologically.
fact_date_date_12th_century_1101_1200_the_four_story_core_building_of_the_guild_house_of_the_carpenters_is_dendro_dated_to_1156,The four-story core building of the Guild House of the Carpenters is dendro-dated to 1156.
fact_date_date_1156_1156_1156_the_four_story_core_building_of_the_guild_house_of_the_carpenters_is_dendro_dated_to_1156,The four-story core building of the Guild House of the Carpenters is dendro-dated to 1156.
fact_place_place_zurich_switzerland_the_imperial_bailiwick_zurich_was_assigned_in_1098_to_the_dukes_of_zähringen,The imperial bailiwick Zurich was assigned in 1098 to the Dukes of Zähringen.
fact_place_place_zurich_switzerland_after_the_extinction_of_the_dukes_of_zähringen_in_1218_the_bailiwick_was_no_longer_granted_as_a_hereditary_office_to_a_prince,"After the extinction of the Dukes of Zähringen in 1218, the bailiwick was no longer granted as a hereditary office to a prince."
fact_place_place_zurich_switzerland_the_bailiwick_was_limited_in_time_to_an_imperial_official_usually_coming_from_the_citizenry,"The bailiwick was limited in time to an imperial official, usually coming from the citizenry."
fact_place_place_zurich_switzerland_the_imperial_immediacy_of_the_city_was_certified_several_times_until_1512_by_emperor_and_empire,The imperial immediacy of the city was certified several times until 1512 by emperor and empire.
fact_place_place_zurich_switzerland_the_imperial_immediacy_formed_the_basis_for_the_gradual_development_of_municipal_self_government,The imperial immediacy formed the basis for the gradual development of municipal self-government.
fact_place_place_lindenhof_zurich_switzerland_the_old_center_of_power_on_lindenhof_must_have_been_destroyed_by_citizens_in_the_early_13th_century,The old center of power on Lindenhof must have been destroyed by citizens in the early 13th century.
fact_place_place_lindenhof_zurich_switzerland_the_destruction_occurred_long_before_1271_according_to_written_records,The destruction occurred long before 1271 according to written records.
fact_date_date_1098_1098_1098_the_imperial_bailiwick_zurich_was_assigned_in_1098_to_the_dukes_of_zähringen,The imperial bailiwick Zurich was assigned in 1098 to the Dukes of Zähringen.
fact_date_date_1218_1218_1218_the_dukes_of_zähringen_became_extinct_in_1218,The Dukes of Zähringen became extinct in 1218.
fact_date_date_early_13th_century_1201_1233_the_old_center_of_power_on_lindenhof_must_have_been_destroyed_by_citizens_in_the_early_13th_century,The old center of power on Lindenhof must have been destroyed by citizens in the early 13th century.
fact_date_date_1271_1271_1271_the_destruction_of_lindenhof_occurred_long_before_1271_according_to_written_records,The destruction of Lindenhof occurred long before 1271 according to written records.
fact_date_date_until_1512_none_1512_the_imperial_immediacy_of_the_city_was_certified_several_times_until_1512_by_emperor_and_empire,The imperial immediacy of the city was certified several times until 1512 by emperor and empire.
fact_place_place_fraumünster_zurich_switzerland_the_fraumünster_chapter_was_freed_from_bailiff_interference,The Fraumünster chapter was freed from bailiff interference.
fact_place_place_fraumünster_zurich_switzerland_its_abbess_attained_the_rank_of_imperial_princess_attested_from_1234,"Its abbess attained the rank of imperial princess, attested from 1234."
fact_place_place_fraumünster_zurich_switzerland_the_abbess_appointed_the_mayor_early_on_and_influenced_the_election_of_other_officials,The abbess appointed the mayor early on and influenced the election of other officials.
fact_place_place_fraumünster_zurich_switzerland_the_abbess_granted_the_coin_and_toll_rights_determined_minting_standards_and_measures_and_certified_municipal_legal_transactions_with_her_seal,"The abbess granted the coin and toll rights, determined minting standards and measures, and certified municipal legal transactions with her seal."
fact_place_place_fraumünster_zurich_switzerland_from_the_late_13th_century_the_manorial_rights_and_prerogatives_of_the_abbey_increasingly_came_under_the_influence_of_the_bourgeoisie,"From the late 13th century, the manorial rights and prerogatives of the abbey increasingly came under the influence of the bourgeoisie."
fact_place_place_fraumünster_zurich_switzerland_lower_jurisdiction_remained_with_the_convent,Lower jurisdiction remained with the convent.
fact_place_place_fraumünster_zurich_switzerland_the_abbess_certified_the_sworn_letters_and_law_books_until_1433,The abbess certified the 'Sworn Letters' and law books until 1433.
fact_place_place_fraumünster_zurich_switzerland_due_to_economic_decline_the_city_increasingly_intervened_in_monastery_affairs_in_the_late_middle_ages,"Due to economic decline, the city increasingly intervened in monastery affairs in the late Middle Ages."
fact_place_place_fraumünster_zurich_switzerland_the_monastery_was_dissolved_in_the_reformation_in_1524_and_its_property_confiscated,The monastery was dissolved in the Reformation in 1524 and its property confiscated.
fact_place_place_fraumünster_zurich_switzerland_the_city_combined_the_fraumünster_estate_into_the_fraumünster_office,The city combined the Fraumünster estate into the Fraumünster office.
fact_place_place_fraumünster_zurich_switzerland_the_former_monastery_s_assets_were_administered_separately_from_other_monastic_holdings,The former monastery's assets were administered separately from other monastic holdings.
fact_place_place_fraumünster_zurich_switzerland_the_office_of_obmann_was_established_in_1533_to_manage_the_assets,The office of Obmann was established in 1533 to manage the assets.
fact_date_date_1234_1234_1234_the_abbess_attained_the_rank_of_imperial_princess_attested_from_1234,"The abbess attained the rank of imperial princess, attested from 1234."
fact_date_date_late_13th_century_1275_1299_from_the_late_13th_century_the_manorial_rights_and_prerogatives_of_the_abbey_increasingly_came_under_the_influence_of_the_bourgeoisie,"From the late 13th century, the manorial rights and prerogatives of the abbey increasingly came under the influence of the bourgeoisie."
fact_date_date_1433_1433_1433_in_1433_emperor_sigismund_allowed_the_citizenry_to_change_legal_texts_independently,"In 1433, Emperor Sigismund allowed the citizenry to change legal texts independently."
fact_date_date_late_middle_ages_1300_1500_due_to_economic_decline_the_city_increasingly_intervened_in_monastery_affairs_in_the_late_middle_ages,"Due to economic decline, the city increasingly intervened in monastery affairs in the late Middle Ages."
fact_date_date_1524_1524_1524_the_monastery_was_dissolved_in_the_reformation_in_1524_and_its_property_confiscated,The monastery was dissolved in the Reformation in 1524 and its property confiscated.
fact_date_date_1533_1533_1533_the_office_of_obmann_was_established_in_1533_to_manage_the_former_monastery_s_assets,The office of Obmann was established in 1533 to manage the former monastery's assets.
fact_place_place_zurich_switzerland_the_oldest_seal_stamp_of_the_city_of_zurich_is_from_1347,The oldest seal stamp of the city of Zurich is from 1347.
fact_date_date_1347_1347_1347_the_oldest_seal_stamp_of_the_city_of_zurich_dates_to_1347,The oldest seal stamp of the city of Zurich dates to 1347.
fact_place_place_zurich_switzerland_a_council_is_attested_in_zurich_from_1220,A council is attested in Zurich from 1220.
fact_place_place_zurich_switzerland_the_council_evolved_from_the_imperial_bailiff_s_court,The council evolved from the imperial bailiff's court.
fact_place_place_zurich_switzerland_the_council_members_initially_mainly_appeared_as_witnesses_in_property_transfers_until_the_mid_13th_century,The council members initially mainly appeared as witnesses in property transfers until the mid-13th century.
fact_place_place_zurich_switzerland_from_1250_the_council_is_better_traceable_through_council_lists_fully_mentioned_in_1252,"From 1250, the council is better traceable through council lists, fully mentioned in 1252."
fact_place_place_zurich_switzerland_the_council_consisted_of_twelve_members_knights_and_citizens_divided_into_fasten_lent_summer_and_autumn_councils_each_with_a_term_of_four_months,"The council consisted of twelve members, knights and citizens, divided into fasten (Lent), summer, and autumn councils, each with a term of four months."
fact_place_place_zurich_switzerland_the_town_hall_is_first_mentioned_in_1252_as_the_place_where_a_document_was_issued,The town hall is first mentioned in 1252 as the place where a document was issued.
fact_place_place_zurich_switzerland_the_judge_s_letter_first_drafted_around_1250_is_the_oldest_codification_of_the_city_s_laws,The judge's letter first drafted around 1250 is the oldest codification of the city's laws.
fact_place_place_zurich_switzerland_the_renewed_version_of_the_judge_s_letter_in_1304_forbade_the_formation_of_guilds_as_political_groups_but_they_remained_as_trade_guilds,"The renewed version of the judge's letter in 1304 forbade the formation of guilds as political groups, but they remained as trade guilds."
fact_date_date_1220_1220_1220_a_council_is_attested_in_zurich_from_1220,A council is attested in Zurich from 1220.
fact_date_date_mid_13th_century_1240_1260_until_the_mid_13th_century_the_exact_competences_of_the_council_are_not_known,"Until the mid-13th century, the exact competences of the council are not known."
fact_date_date_1250_1250_1250_from_1250_the_council_is_better_traceable_through_council_lists,"From 1250, the council is better traceable through council lists."
fact_date_date_1250_1250_1250_the_judge_s_letter_was_first_drafted_around_1250,The judge's letter was first drafted around 1250.
fact_date_date_1252_1252_1252_council_lists_are_fully_mentioned_in_1252,Council lists are fully mentioned in 1252.
fact_date_date_1252_1252_1252_the_town_hall_is_first_mentioned_in_1252_as_the_place_where_a_document_was_issued,The town hall is first mentioned in 1252 as the place where a document was issued.
fact_date_date_1304_1304_1304_the_renewed_version_of_the_judge_s_letter_in_1304_forbade_the_formation_of_guilds_as_political_groups,The renewed version of the judge's letter in 1304 forbade the formation of guilds as political groups.
fact_place_place_winterthur_switzerland_after_the_failed_attack_on_winterthur_in_1292_the_bourgeois_commercial_patriciate_increasingly_displaced_the_knights_from_the_council,"After the failed attack on Winterthur in 1292, the bourgeois-commercial patriciate increasingly displaced the knights from the council."
fact_place_place_rapperswil_switzerland_the_councilors_banished_to_rapperswil_unsuccessfully_tried_to_regain_power,The councilors banished to Rapperswil unsuccessfully tried to regain power.
fact_place_place_zurich_switzerland_the_rise_of_the_patricians_was_halted_in_1336_by_the_brun_guild_revolution,The rise of the patricians was halted in 1336 by the Brun guild revolution.
fact_place_place_zurich_switzerland_in_the_first_sworn_letter_the_council_is_divided_into_a_baptistal_and_natal_council_with_six_month_terms_each,"In the ""First Sworn Letter,"" the council is divided into a Baptistal and Natal council with six-month terms each."
fact_place_place_zurich_switzerland_the_council_consisted_of_26_members_13_from_the_konstaffel_and_13_guild_masters_of_the_13_newly_formed_guilds,The council consisted of 26 members: 13 from the Konstaffel and 13 guild masters of the 13 newly formed guilds.
fact_place_place_zurich_switzerland_mayor_rudolf_brun_was_elected_for_life_with_dictatorial_powers,Mayor Rudolf Brun was elected for life with dictatorial powers.
fact_place_place_zurich_switzerland_the_guild_constitution_remained_in_a_modified_form_until_1798,The guild constitution remained in a modified form until 1798.
fact_place_place_zurich_switzerland_the_zurich_murder_night_occurred_in_1350,The Zurich murder night occurred in 1350.
fact_date_date_1292_1292_1292_after_the_failed_attack_on_winterthur_in_1292_the_bourgeois_commercial_patriciate_increasingly_displaced_the_knights_from_the_council,"After the failed attack on Winterthur in 1292, the bourgeois-commercial patriciate increasingly displaced the knights from the council."
fact_date_date_1336_1336_1336_the_rise_of_the_patricians_was_halted_in_1336_by_the_brun_guild_revolution,The rise of the patricians was halted in 1336 by the Brun guild revolution.
fact_date_date_1350_1350_1350_the_zurich_murder_night_occurred_in_1350,The Zurich murder night occurred in 1350.
fact_date_date_1798_1798_1798_the_guild_constitution_remained_in_a_modified_form_until_1798,The guild constitution remained in a modified form until 1798.
fact_place_place_state_archives_zurich_zurich_switzerland_the_second_sworn_letter_is_held_at_the_state_archives_zurich,"The ""Second Sworn Letter"" is held at the State Archives Zurich."
fact_date_date_1373_1373_1373_the_second_sworn_letter_dates_from_1373,"The ""Second Sworn Letter"" dates from 1373."
fact_place_place_zurich_switzerland_the_mayor_s_powers_in_zurich_were_curtailed_in_1373_in_favor_of_the_council,The mayor's powers in Zurich were curtailed in 1373 in favor of the council.
fact_place_place_zurich_switzerland_the_councilors_of_the_konstaffel_in_zurich_were_elected_by_the_outgoing_council_consules_and_scabini_starting_in_1373,"The councilors of the Konstaffel in Zurich were elected by the outgoing council, consules, and scabini starting in 1373."
fact_place_place_zurich_switzerland_the_great_council_and_small_council_became_the_supreme_state_authority_in_zurich_after_1393,The Great Council and Small Council became the supreme state authority in Zurich after 1393.
fact_place_place_zurich_switzerland_after_1401_the_great_council_in_zurich_defended_its_right_to_self_appointment_and_elected_guild_superiors,"After 1401, the Great Council in Zurich defended its right to self-appointment and elected guild superiors."
fact_place_place_zurich_switzerland_from_the_15th_century_the_guild_masters_college_controlled_council_and_guilds_in_zurich,"From the 15th century, the guild masters' college controlled council and guilds in Zurich."
fact_place_place_zurich_switzerland_guild_powers_were_limited_to_trade_rights_after_hans_waldmann_s_overthrow_in_1489_in_zurich,Guild powers were limited to trade rights after Hans Waldmann's overthrow in 1489 in Zurich.
fact_place_place_zurich_switzerland_the_fourth_or_fifth_sworn_letter_of_1498_in_zurich_allowed_free_guild_choice_for_professional_groups,The 'Fourth' or 'Fifth Sworn Letter' of 1498 in Zurich allowed free guild choice for professional groups.
fact_place_place_zurich_switzerland_from_1490_hintersassen_were_included_in_the_konstaffel_in_zurich,"From 1490, Hintersassen were included in the Konstaffel in Zurich."
fact_date_date_1373_1373_1373_in_1373_the_mayor_s_powers_were_curtailed_and_his_term_restricted_to_the_six_month_council_cycle_in_zurich,"In 1373, the mayor's powers were curtailed and his term restricted to the six-month council cycle in Zurich."
fact_date_date_1393_1393_1393_in_1393_the_third_sworn_letter_sanctioned_the_election_of_guild_members_among_the_consules_and_made_the_great_council_and_small_council_the_supreme_state_authority_in_zur,"In 1393, the 'Third Sworn Letter' sanctioned the election of guild members among the consules and made the Great Council and Small Council the supreme state authority in Zurich."
fact_date_date_1401_1401_1401_after_the_pogroms_against_jews_in_1401_the_great_council_in_zurich_defended_its_right_to_self_appointment_and_elected_guild_superiors,"After the pogroms against Jews in 1401, the Great Council in Zurich defended its right to self-appointment and elected guild superiors."
fact_date_date_15th_century_1401_1500_from_the_15th_century_the_guild_masters_college_took_control_over_council_and_guilds_in_zurich,"From the 15th century, the guild masters' college took control over council and guilds in Zurich."
fact_date_date_1489_1489_1489_hans_waldmann_was_overthrown_in_1489_leading_to_a_limitation_of_guild_powers_to_trade_rights_in_zurich,"Hans Waldmann was overthrown in 1489, leading to a limitation of guild powers to trade rights in Zurich."
fact_date_date_1498_1498_1498_the_fourth_or_fifth_sworn_letter_of_1498_allowed_free_guild_choice_for_professional_groups_in_zurich,The 'Fourth' or 'Fifth Sworn Letter' of 1498 allowed free guild choice for professional groups in Zurich.
fact_date_date_1490_1490_1490_from_1490_hintersassen_were_included_in_the_konstaffel_in_zurich,"From 1490, Hintersassen were included in the Konstaffel in Zurich."
fact_place_place_great_council_the_great_council_or_council_of_two_hundred_consisted_from_the_late_15th_century_of_both_mayors_48_members_of_the_old_and_new_small_councils_144_zwölfer_and_the_achtzehn,"The Great Council or Council of Two Hundred consisted from the late 15th century of both mayors, 48 members of the old and new Small Councils, 144 Zwölfer, and the Achtzehner, totaling 212 members."
fact_place_place_great_council_the_great_council_s_competences_included_decisions_on_war_and_peace_conclusion_of_new_alliances_election_of_mayor_council_bailiffs_and_officials_as_well_as_tax_matters,"The Great Council's competences included decisions on war and peace, conclusion of new alliances, election of mayor, council, bailiffs, and officials, as well as tax matters."
fact_place_place_small_councils_the_small_councils_were_elected_by_the_sitting_small_and_great_councilors,The small councils were elected by the sitting small and great councilors.
fact_place_place_secret_council_the_secret_council_was_initially_differently_composed_and_eventually_formed_by_the_nine_bodily_heads_for_prior_consultation,The Secret Council was initially differently composed and eventually formed by the nine bodily heads for prior consultation.
fact_place_place_secret_council_the_secret_council_was_permanently_established_from_1633,The Secret Council was permanently established from 1633.
fact_place_place_accounting_council_the_accounting_council_was_responsible_for_the_state_budget,The accounting council was responsible for the state budget.
fact_place_place_war_council_the_war_council_was_an_important_body,The war council was an important body.
fact_date_date_late_15th_century_1471_1500_the_great_council_or_council_of_two_hundred_consisted_from_the_late_15th_century_of_both_mayors_48_members_of_the_old_and_new_small_councils_144_zwölfer_and_,"The Great Council or Council of Two Hundred consisted from the late 15th century of both mayors, 48 members of the old and new Small Councils, 144 Zwölfer, and the Achtzehner, totaling 212 members."
fact_date_date_1633_1633_1633_the_secret_council_was_permanently_established_from_1633,The Secret Council was permanently established from 1633.
fact_place_place_zurich_switzerland_the_sworn_letters_were_amended_twice_more_until_the_end_of_the_ancien_régime_in_zurich,"The ""Sworn Letters"" were amended twice more until the end of the Ancien Régime in Zurich."
fact_place_place_zurich_switzerland_the_sixth_sworn_letter_of_1654_confirmed_the_free_guild_choice_of_merchants_in_zurich,"The ""Sixth Sworn Letter"" of 1654 confirmed the free guild choice of merchants in Zurich."
fact_place_place_zurich_switzerland_the_seventh_sworn_letter_enacted_in_response_to_the_civil_unrest_of_1712_1713_did_not_change_the_merchants_supremacy_in_zurich,"The ""Seventh Sworn Letter,"" enacted in response to the civil unrest of 1712-1713, did not change the merchants' supremacy in Zurich."
fact_place_place_zurich_switzerland_the_share_of_merchants_in_the_citizenry_of_zurich_rose_from_3_in_1599_to_12_in_1790,The share of merchants in the citizenry of Zurich rose from 3% in 1599 to 12% in 1790.
fact_place_place_zurich_switzerland_the_presence_of_merchants_in_the_zurich_council_rose_from_8_to_40,The presence of merchants in the Zurich council rose from 8% to 40%.
fact_place_place_zurich_switzerland_secret_elections_of_guild_masters_were_introduced_in_zurich_to_impede_office_buying_praktizieren,Secret elections of guild masters were introduced in Zurich to impede office buying (praktizieren).
fact_place_place_zurich_switzerland_internal_conflicts_within_the_ruling_elite_in_zurich_diminished_after_the_last_constitutional_reform,Internal conflicts within the ruling elite in Zurich diminished after the last constitutional reform.
fact_date_date_1654_1654_1654_the_sixth_sworn_letter_of_1654_confirmed_the_free_guild_choice_of_merchants,"The ""Sixth Sworn Letter"" of 1654 confirmed the free guild choice of merchants."
fact_date_date_1712_1713_1712_1713_the_seventh_sworn_letter_was_enacted_in_response_to_the_civil_unrest_of_1712_1713,"The ""Seventh Sworn Letter"" was enacted in response to the civil unrest of 1712-1713."
fact_date_date_1599_1599_1599_the_share_of_merchants_in_the_citizenry_was_3_in_1599,The share of merchants in the citizenry was 3% in 1599.
fact_date_date_1790_1790_1790_the_share_of_merchants_in_the_citizenry_rose_to_12_in_1790,The share of merchants in the citizenry rose to 12% in 1790.
fact_place_place_zurich_switzerland_already_from_the_late_15th_century_in_zurich_aristocratization_and_intensification_of_absolutist_state_developed,"Already from the late 15th century, in Zurich aristocratization and intensification of absolutist state developed."
fact_place_place_zurich_switzerland_the_closure_of_citizenship_rights_was_strengthened_from_mid_16th_century_in_zurich,The closure of citizenship rights was strengthened from mid-16th century in Zurich.
fact_place_place_zurich_switzerland_the_prospect_of_gaining_bailiff_and_monastery_offices_due_to_reformation_and_secularization_favored_political_careers_in_zurich,The prospect of gaining bailiff and monastery offices due to Reformation and secularization favored political careers in Zurich.
fact_place_place_zurich_switzerland_zurich_s_acquisition_of_church_tasks_led_to_expansion_of_the_administrative_apparatus_mainly_in_social_educational_and_health_services,"Zurich's acquisition of church tasks led to expansion of the administrative apparatus mainly in social, educational, and health services."
fact_place_place_zurich_switzerland_police_military_functions_partly_remained_with_the_konstaffel_and_guilds_in_zurich,Police-military functions partly remained with the Konstaffel and guilds in Zurich.
fact_place_place_zurich_switzerland_by_the_late_18th_century_guilds_in_zurich_mainly_had_organizational_roles,"By the late 18th century, guilds in Zurich mainly had organizational roles."
fact_place_place_zurich_switzerland_political_authority_in_zurich_was_led_by_the_elite_of_merchants_and_city_nobility_by_the_late_18th_century,Political authority in Zurich was led by the elite of merchants and city nobility by the late 18th century.
fact_place_place_zurich_switzerland_the_citizenry_s_competences_during_the_ancien_régime_in_zurich_were_limited_to_convening_citizen_assembly_as_needed_and_taking_the_citizen_oath_on_pledge_days,The citizenry's competences during the Ancien Régime in Zurich were limited to convening citizen assembly as needed and taking the citizen oath on pledge days.
fact_date_date_late_15th_century_1475_1500_already_from_the_late_15th_century_aristocratization_and_intensification_of_absolutist_state_developed_in_zurich,"Already from the late 15th century, aristocratization and intensification of absolutist state developed in Zurich."
fact_date_date_mid_16th_century_1540_1560_the_closure_of_citizenship_rights_was_strengthened_from_mid_16th_century_in_zurich,The closure of citizenship rights was strengthened from mid-16th century in Zurich.
fact_date_date_late_18th_century_1775_1800_by_the_late_18th_century_the_guilds_as_corporations_mainly_had_organizational_roles_in_zurich,"By the late 18th century, the guilds as corporations mainly had organizational roles in Zurich."
fact_date_date_late_18th_century_1775_1800_political_authority_was_led_by_the_elite_of_merchants_and_city_nobility_by_the_late_18th_century_in_zurich,Political authority was led by the elite of merchants and city nobility by the late 18th century in Zurich.
fact_place_place_limmat_zurich_switzerland_the_more_city_developed_on_the_right_bank_of_the_limmat,The 'More City' developed on the right bank of the Limmat.
fact_place_place_limmat_zurich_switzerland_the_lesser_city_developed_on_the_left_bank_of_the_limmat,The 'Lesser City' developed on the left bank of the Limmat.
fact_place_place_limmat_zurich_switzerland_the_political_center_shifted_from_lindenhof_to_the_limmat_in_the_13th_century,The political center shifted from Lindenhof to the Limmat in the 13th century.
fact_place_place_limmat_zurich_switzerland_the_oetenbach_monastery_and_rennweg_were_established_on_the_left_of_the_limmat,The Oetenbach monastery and Rennweg were established on the left of the Limmat.
fact_place_place_limmat_zurich_switzerland_two_bridges_connected_the_two_parts_of_the_city_across_the_limmat_the_lower_or_rathausbrücke_and_the_upper_or_münsterbrücke,Two bridges connected the two parts of the city across the Limmat: the lower or Rathausbrücke and the upper or Münsterbrücke.
fact_place_place_more_city_the_more_city_developed_on_the_right_bank_of_the_limmat_with_the_watch_posts_auf_dorf_linden_neumarkt_and_niederdorf,"The 'More City' developed on the right bank of the Limmat with the watch posts Auf Dorf, Linden, Neumarkt, and Niederdorf."
fact_place_place_auf_dorf_auf_dorf_was_a_watch_post_in_the_more_city,Auf Dorf was a watch post in the 'More City'.
fact_place_place_linden_linden_was_a_watch_post_in_the_more_city,Linden was a watch post in the 'More City'.
fact_place_place_linden_the_political_center_shifted_from_lindenhof_to_the_limmat_in_the_13th_century,The political center shifted from Lindenhof to the Limmat in the 13th century.
fact_place_place_neumarkt_neumarkt_was_a_watch_post_in_the_more_city,Neumarkt was a watch post in the 'More City'.
fact_place_place_niederdorf_niederdorf_was_a_watch_post_in_the_more_city,Niederdorf was a watch post in the 'More City'.
fact_place_place_lesser_city_the_lesser_city_developed_on_the_left_bank_of_the_limmat_with_the_watch_posts_münsterhof_and_rennweg,The 'Lesser City' developed on the left bank of the Limmat with the watch posts Münsterhof and Rennweg.
fact_place_place_münsterhof_münsterhof_was_a_watch_post_in_the_lesser_city,Münsterhof was a watch post in the 'Lesser City'.
fact_place_place_rennweg_rennweg_was_a_watch_post_in_the_lesser_city,Rennweg was a watch post in the 'Lesser City'.
fact_place_place_rennweg_rennweg_was_established_on_the_left_of_the_limmat_during_the_city_expansion_in_the_13th_century,Rennweg was established on the left of the Limmat during the city expansion in the 13th century.
fact_place_place_hirschengraben_hirschengraben_was_one_of_the_three_suburb_quarters_outside_the_city_center,Hirschengraben was one of the three suburb quarters outside the city center.
fact_place_place_stadelhofen_stadelhofen_was_one_of_the_three_suburb_quarters_outside_the_city_center,Stadelhofen was one of the three suburb quarters outside the city center.
fact_place_place_talacker_talacker_was_one_of_the_three_suburb_quarters_outside_the_city_center,Talacker was one of the three suburb quarters outside the city center.
fact_place_place_zurich_switzerland_the_walled_city_covered_38_hectares_and_was_separated_from_the_surroundings_by_outlying_defensive_walls,The walled city covered 38 hectares and was separated from the surroundings by outlying defensive walls.
fact_place_place_lindenhof_the_political_center_shifted_from_lindenhof_to_the_limmat_in_the_13th_century,The political center shifted from Lindenhof to the Limmat in the 13th century.
fact_place_place_oetenbach_monastery_zurich_switzerland_the_oetenbach_monastery_was_established_on_the_left_of_the_limmat_during_the_city_expansion_in_the_13th_century,The Oetenbach monastery was established on the left of the Limmat during the city expansion in the 13th century.
fact_place_place_rathausbrücke_zurich_switzerland_the_lower_bridge_connecting_the_two_parts_of_the_city_across_the_limmat_was_called_rathausbrücke,The lower bridge connecting the two parts of the city across the Limmat was called Rathausbrücke.
fact_place_place_münsterbrücke_zurich_switzerland_the_upper_bridge_connecting_the_two_parts_of_the_city_across_the_limmat_was_called_münsterbrücke,The upper bridge connecting the two parts of the city across the Limmat was called Münsterbrücke.
fact_place_place_sihl_zurich_switzerland_two_bridges_crossed_the_sihl_river,Two bridges crossed the Sihl river.
fact_place_place_mühlestege_mills_stood_on_the_mühlestege_on_the_right_limmat_bank_and_further_downstream,Mills stood on the Mühlestege on the right Limmat bank and further downstream.
fact_date_date_13th_century_1201_1300_fortifications_were_built_in_the_13th_century_following_an_older_city_wall,"Fortifications were built in the 13th century, following an older city wall."
fact_date_date_13th_century_1201_1300_the_political_center_shifted_from_lindenhof_to_the_limmat_in_the_13th_century,The political center shifted from Lindenhof to the Limmat in the 13th century.
fact_date_date_13th_century_1201_1300_the_two_bridges_rathausbrücke_and_münsterbrücke_arose_in_the_first_half_of_the_13th_century,"The two bridges, Rathausbrücke and Münsterbrücke, arose in the first half of the 13th century."
fact_date_date_13th_century_1201_1300_the_oetenbach_monastery_and_rennweg_were_established_during_the_related_city_expansion_in_the_13th_century,The Oetenbach monastery and Rennweg were established during the related city expansion in the 13th century.
fact_date_date_first_half_of_the_13th_century_1201_1250_the_two_bridges_rathausbrücke_and_münsterbrücke_arose_in_the_first_half_of_the_13th_century,"The two bridges, Rathausbrücke and Münsterbrücke, arose in the first half of the 13th century."
fact_date_date_1642_to_the_18th_century_1642_1799_a_star_shaped_fortification_was_built_from_1642_to_the_18th_century_doubling_the_walled_area,"A star-shaped fortification was built from 1642 to the 18th century, doubling the walled area."
fact_place_place_zurich_switzerland_the_city_view_is_from_the_north,The city view is from the north.
fact_date_date_1770_1770_1770_the_copper_engraving_dates_from_1770,The copper engraving dates from 1770.
fact_place_place_fraumünster_zurich_switzerland_early_stone_buildings_grouped_around_the_church_center_fraumünster,Early stone buildings grouped around the church center Fraumünster.
fact_place_place_grossmünster_zurich_switzerland_early_stone_buildings_grouped_around_the_church_center_grossmünster,Early stone buildings grouped around the church center Grossmünster.
fact_place_place_st_peter_zurich_switzerland_early_stone_buildings_grouped_around_the_church_center_st_peter,Early stone buildings grouped around the church center St. Peter.
fact_place_place_two_limmat_bridges_early_stone_buildings_grouped_around_the_two_limmat_bridges,Early stone buildings grouped around the two Limmat bridges.
fact_place_place_kornhaus_weinplatz_zurich_switzerland_the_kornhaus_at_weinplatz_was_set_up_for_grain_trade_in_the_late_13th_century,The Kornhaus at Weinplatz was set up for grain trade in the late 13th century.
fact_place_place_upper_bridge_the_kornhaus_was_relocated_to_the_upper_bridge_in_the_17th_century,The Kornhaus was relocated to the upper bridge in the 17th century.
fact_place_place_town_hall_a_first_town_hall_existed_and_a_second_was_built_from_1397_at_the_same_place,"A first town hall existed, and a second was built from 1397 at the same place."
fact_place_place_right_limmat_bank_from_1694_1698_the_still_existing_town_hall_building_was_built_on_the_right_limmat_bank,From 1694-1698 the still existing town hall building was built on the right Limmat bank.
fact_place_place_limmat_switzerland_the_courthouse_later_main_guard_was_built_around_1468_on_the_limmat,The courthouse (later main guard) was built around 1468 on the Limmat.
fact_place_place_helmhaus_zurich_switzerland_the_helmhaus_was_mentioned_in_1253_on_the_gable_side_of_the_wasserkirche,The Helmhaus was mentioned in 1253 on the gable side of the Wasserkirche.
fact_place_place_wasserkirche_zurich_switzerland_the_helmhaus_was_located_on_the_gable_side_of_the_wasserkirche,The Helmhaus was located on the gable side of the Wasserkirche.
fact_place_place_hottinger_tower_with_kaufhaus_opposite_the_helmhaus_the_hottinger_tower_with_kaufhaus_was_built_from_1412_and_later_served_as_a_salt_house,"Opposite the Helmhaus, the Hottinger tower with Kaufhaus was built from 1412 and later served as a salt house."
fact_place_place_bauhaus_in_the_kratz_quarter_the_bauhaus_in_the_kratz_quarter_was_the_most_important_representative_building_of_the_16th_century,The Bauhaus in the Kratz quarter was the most important representative building of the 16th century.
fact_place_place_shooting_house_on_the_square_northwest_of_the_medieval_city_walls_besides_the_shooting_house_on_the_square_northwest_of_the_medieval_city_walls_the_bauhaus_was_important_in_the_16th_c,"Besides the shooting house on the square northwest of the medieval city walls, the Bauhaus was important in the 16th century."
fact_date_date_14th_and_15th_centuries_1301_1500_closed_alleys_emerged_from_the_14th_and_15th_centuries,Closed alleys emerged from the 14th and 15th centuries.
fact_date_date_late_13th_century_1275_1300_the_kornhaus_at_weinplatz_was_set_up_in_the_late_13th_century_for_grain_trade,The Kornhaus at Weinplatz was set up in the late 13th century for grain trade.
fact_date_date_17th_century_1601_1700_the_kornhaus_was_relocated_to_the_upper_bridge_in_the_17th_century,The Kornhaus was relocated to the upper bridge in the 17th century.
fact_date_date_1397_1397_1397_a_second_town_hall_was_built_from_1397_at_the_same_place_as_the_first,A second town hall was built from 1397 at the same place as the first.
fact_date_date_1694_1698_1694_1698_from_1694_1698_the_still_existing_town_hall_building_was_constructed_on_the_right_limmat_bank,From 1694-1698 the still existing town hall building was constructed on the right Limmat bank.
fact_date_date_around_1468_1465_1470_the_courthouse_later_main_guard_was_built_around_1468_on_the_limmat,The courthouse (later main guard) was built around 1468 on the Limmat.
fact_date_date_1253_1253_1253_the_helmhaus_was_mentioned_in_1253_on_the_gable_side_of_the_wasserkirche,The Helmhaus was mentioned in 1253 on the gable side of the Wasserkirche.
fact_date_date_1412_1412_1412_the_hottinger_tower_with_kaufhaus_was_built_from_1412_and_later_served_as_a_salt_house,The Hottinger tower with Kaufhaus was built from 1412 and later served as a salt house.
fact_date_date_16th_century_1501_1600_the_bauhaus_in_the_kratz_quarter_was_the_most_important_representative_building_of_the_16th_century,The Bauhaus in the Kratz quarter was the most important representative building of the 16th century.
fact_place_place_froschaugasse_zurich_switzerland_the_synagogue_at_froschaugasse_was_integrated_into_a_residential_building_after_the_expulsion_of_the_jewish_community_in_1436,The synagogue at Froschaugasse was integrated into a residential building after the expulsion of the Jewish community in 1436.
fact_place_place_heiliggeistspital_niederdorf_zurich_switzerland_the_holy_spirit_hospital_in_niederdorf_took_over_the_buildings_of_the_prediger_monastery_after_the_reformation,The Holy Spirit hospital in Niederdorf took over the buildings of the Prediger monastery after the Reformation.
fact_place_place_predigerkloster_zurich_switzerland_the_buildings_of_the_prediger_monastery_were_taken_over_by_the_holy_spirit_hospital_in_niederdorf_after_the_reformation,The buildings of the Prediger monastery were taken over by the Holy Spirit hospital in Niederdorf after the Reformation.
fact_place_place_wasserkirche_zurich_switzerland_the_secularized_wasserkirche_was_converted_into_a_citizen_library_with_art_chamber_from_1633_to_1639,The secularized Wasserkirche was converted into a citizen library with art chamber from 1633 to 1639.
fact_place_place_guild_houses_important_secular_buildings_from_the_17th_and_18th_centuries_include_extended_or_newly_built_guild_houses,Important secular buildings from the 17th and 18th centuries include extended or newly built guild houses.
fact_place_place_houses_zur_krone_later_rechberg_important_secular_buildings_from_the_17th_and_18th_centuries_include_the_house_zur_krone_later_rechberg,Important secular buildings from the 17th and 18th centuries include the house Zur Krone (later Rechberg).
fact_place_place_zum_florhof_important_secular_buildings_from_the_17th_and_18th_centuries_include_the_house_zum_florhof,Important secular buildings from the 17th and 18th centuries include the house Zum Florhof.
fact_place_place_zum_kiel_important_secular_buildings_from_the_17th_and_18th_centuries_include_the_house_zum_kiel,Important secular buildings from the 17th and 18th centuries include the house Zum Kiel.
fact_place_place_freigut_important_secular_buildings_from_the_17th_and_18th_centuries_include_the_freigut_outside_the_fortifications,Important secular buildings from the 17th and 18th centuries include the Freigut outside the fortifications.
fact_place_place_muralt_estate_enge_zurich_switzerland_the_muralt_estate_in_enge_is_an_important_secular_building_from_the_17th_and_18th_centuries_outside_the_fortifications,The Muralt estate in Enge is an important secular building from the 17th and 18th centuries outside the fortifications.
fact_place_place_beckenhof_unterstrass_zurich_switzerland_the_beckenhof_in_unterstrass_is_an_important_secular_building_from_the_17th_and_18th_centuries_outside_the_fortifications,The Beckenhof in Unterstrass is an important secular building from the 17th and 18th centuries outside the fortifications.
fact_date_date_1436_1436_1436_the_jewish_community_was_expelled_in_1436,The Jewish community was expelled in 1436.
fact_date_date_1633_to_1639_1633_1639_the_secularized_wasserkirche_was_converted_into_a_citizen_library_with_art_chamber_from_1633_to_1639,The secularized Wasserkirche was converted into a citizen library with art chamber from 1633 to 1639.
fact_date_date_17th_and_18th_centuries_1601_1800_important_secular_buildings_include_extended_or_newly_built_guild_houses_and_several_houses_from_the_17th_and_18th_centuries,Important secular buildings include extended or newly built guild houses and several houses from the 17th and 18th centuries.
fact_place_place_zurich_switzerland_in_the_late_middle_ages_the_silk_trade_flourished_in_zurich_and_was_at_the_center_of_extensive_trading_relations,"In the late Middle Ages, the silk trade flourished in Zurich and was at the center of extensive trading relations."
fact_place_place_zurich_switzerland_the_silk_trade_collapse_after_the_old_zurich_war_affected_zurich_s_economy,The silk trade collapse after the Old Zurich War affected Zurich's economy.
fact_place_place_zurich_switzerland_zurich_retained_a_regional_market_for_daily_goods_as_well_as_grain_wine_salt_and_iron_trade,"Zurich retained a regional market for daily goods as well as grain, wine, salt, and iron trade."
fact_place_place_house_at_brunnenhof_jewish_lombard_and_southern_french_moneylenders_left_traces_in_frescoes_in_the_house_at_brunnenhof,"Jewish, Lombard, and southern French moneylenders left traces in frescoes in the house at Brunnenhof."
fact_place_place_lamparterturm_jewish_lombard_and_southern_french_moneylenders_left_traces_in_frescoes_in_the_lamparterturm_at_the_upper_fences,"Jewish, Lombard, and southern French moneylenders left traces in frescoes in the Lamparterturm at the upper fences."
fact_place_place_gotthard_pass_switzerland_long_distance_trade_was_conducted_via_gotthard_passes,Long-distance trade was conducted via Gotthard passes.
fact_place_place_graubünden_switzerland_long_distance_trade_was_conducted_via_graubünden_passes,Long-distance trade was conducted via Graubünden passes.
fact_date_date_13th_century_1201_1300_the_silk_trade_was_documented_from_the_13th_century_in_zurich,The silk trade was documented from the 13th century in Zurich.
fact_date_date_1336_1336_1336_the_brun_s_revolt_occurred_in_1336,The Brun's revolt occurred in 1336.
fact_date_date_1350_1350_1350_the_plague_year_of_1350_caused_a_decline_in_textile_trades_and_long_distance_trade,The plague year of 1350 caused a decline in textile trades and long-distance trade.
fact_place_place_brunnenhof_zurich_switzerland_the_house_at_brunnenhof_features_a_coat_of_arms_frieze_in_the_painted_festival_hall,The house at Brunnenhof features a coat of arms frieze in the painted festival hall.
fact_place_place_zurich_switzerland_photography_of_the_coat_of_arms_frieze_was_done_by_city_archaeology_zurich,Photography of the coat of arms frieze was done by City Archaeology Zurich.
fact_date_date_around_1330_1325_1335_the_coat_of_arms_frieze_in_the_painted_festival_hall_dates_to_around_1330,The coat of arms frieze in the painted festival hall dates to around 1330.
fact_place_place_zurich_switzerland_until_the_end_of_the_ancien_régime_zurich_was_a_guild_city_shaped_by_the_guild_constitution,"Until the end of the Ancien Régime, Zurich was a guild city shaped by the guild constitution."
fact_place_place_zurich_switzerland_the_city_held_the_market_monopoly_and_protected_the_activities_of_the_city_s_craftsmen_against_external_competition,The city held the market monopoly and protected the activities of the city's craftsmen against external competition.
fact_place_place_zurich_switzerland_innovations_were_only_possible_outside_the_guild_regulated_areas_in_zurich,Innovations were only possible outside the guild-regulated areas in Zurich.
fact_place_place_zurich_switzerland_attempts_at_export_oriented_economic_activities_were_monopolized_in_favor_of_the_guild_oligarchy_dominated_city_merchants_in_zurich,Attempts at export-oriented economic activities were monopolized in favor of the guild oligarchy-dominated city merchants in Zurich.
fact_place_place_zurich_switzerland_in_the_first_half_of_the_16th_century_only_cloth_production_had_supra_regional_importance_in_zurich_s_textile_trade,"In the first half of the 16th century, only cloth production had supra-regional importance in Zurich's textile trade."
fact_place_place_zurich_switzerland_from_the_mid_16th_century_protestant_refugees_gave_new_impetus_to_the_textile_industry_in_zurich,"From the mid-16th century, Protestant refugees gave new impetus to the textile industry in Zurich."
fact_place_place_zurich_switzerland_thanks_to_trade_relations_with_italy_the_silk_industry_returned_to_zurich,"Thanks to trade relations with Italy, the silk industry returned to Zurich."
fact_place_place_zurich_switzerland_many_newly_founded_weaving_companies_in_zurich_succumbed_to_guild_pressure,Many newly founded weaving companies in Zurich succumbed to guild pressure.
fact_place_place_zurich_switzerland_from_1620_the_number_of_textile_publishers_in_zurich_clearly_increased_with_some_fluctuations,"From 1620, the number of textile publishers in Zurich clearly increased with some fluctuations."
fact_place_place_zurich_switzerland_merchant_publishers_including_huguenots_prevailed_over_the_guild_organized_textile_industry_in_zurich,"Merchant-publishers, including Huguenots, prevailed over the guild-organized textile industry in Zurich."
fact_place_place_zurich_switzerland_the_commercial_directorate_was_formed_in_zurich_in_1662_to_defend_merchant_publishers_interests_and_was_dissolved_in_1834,The Commercial Directorate was formed in Zurich in 1662 to defend merchant-publishers' interests and was dissolved in 1834.
fact_place_place_zurich_switzerland_textile_manufacturers_in_zurich_specialized_as_marchand_banquiers_and_opened_private_banks,Textile manufacturers in Zurich specialized as Marchand-Banquiers and opened private banks.
fact_place_place_zurich_switzerland_the_state_owned_interest_commission_founded_in_zurich_in_1755_later_became_bank_leu,The state-owned Interest Commission founded in Zurich in 1755 later became Bank Leu.
fact_place_place_zurich_switzerland_zurich_lagged_behind_basel_geneva_and_st_gallen_as_a_financial_and_trading_center_until_the_mid_19th_century,"Zurich lagged behind Basel, Geneva, and St. Gallen as a financial and trading center until the mid-19th century."
fact_date_date_first_half_of_the_16th_century_1501_1550_in_the_first_half_of_the_16th_century_only_cloth_production_had_supra_regional_importance_in_zurich_s_textile_trade,"In the first half of the 16th century, only cloth production had supra-regional importance in Zurich's textile trade."
fact_date_date_mid_century_1550_1550_from_the_mid_16th_century_protestant_refugees_gave_new_impetus_to_the_textile_industry_in_zurich,"From the mid-16th century, Protestant refugees gave new impetus to the textile industry in Zurich."
fact_date_date_from_1620_1620_1620_from_1620_the_number_of_textile_publishers_in_zurich_clearly_increased_with_some_fluctuations,"From 1620, the number of textile publishers in Zurich clearly increased with some fluctuations."
fact_date_date_1662_1662_1662_the_commercial_directorate_was_formed_in_zurich_in_1662_to_defend_merchant_publishers_interests,The Commercial Directorate was formed in Zurich in 1662 to defend merchant-publishers' interests.
fact_date_date_1755_1755_1755_the_state_owned_interest_commission_was_founded_in_zurich_in_1755_which_later_became_bank_leu,"The state-owned Interest Commission was founded in Zurich in 1755, which later became Bank Leu."
fact_date_date_mid_19th_century_1851_1875_zurich_lagged_behind_basel_geneva_and_st_gallen_as_a_financial_and_trading_center_until_the_mid_19th_century,"Zurich lagged behind Basel, Geneva, and St. Gallen as a financial and trading center until the mid-19th century."
fact_place_place_zurich_switzerland_between_the_9th_and_12th_centuries_three_social_groups_are_recognizable_among_zurich_s_lay_population_unfree_persons_of_the_monastery_and_chapter_so_called_church_d,"Between the 9th and 12th centuries, three social groups are recognizable among Zurich's lay population: unfree persons of the monastery and chapter, so-called church dependents; unfree persons of the palace and royal property, called fiscalians; and the people of Zurichberg (homines de monte), probably free."
fact_place_place_zurich_switzerland_in_the_first_half_of_the_12th_century_the_differentiation_among_social_groups_disappeared_in_favor_of_uniform_designations_for_city_inhabitants_laici_de_loco_cives_,"In the first half of the 12th century, the differentiation among social groups disappeared in favor of uniform designations for city inhabitants: laici de loco, cives, concives, burgenses, urbani."
fact_place_place_zurich_switzerland_in_the_late_middle_ages_knights_and_bourgeois_patriciate_formed_the_upper_class_most_craftsmen_the_middle_class_and_penniless_craftsmen_journeymen_and_many_single_w,"In the late Middle Ages, knights and bourgeois patriciate formed the upper class, most craftsmen the middle class, and penniless craftsmen, journeymen, and many single women the lower class."
fact_place_place_zurich_switzerland_social_mobility_between_classes_was_possible_in_zurich,Social mobility between classes was possible in Zurich.
fact_place_place_zurich_switzerland_a_social_gradient_from_center_to_periphery_near_the_city_walls_such_as_in_kratz_quarter_can_be_observed,"A social gradient from center to periphery near the city walls, such as in Kratz quarter, can be observed."
fact_place_place_zurichberg_zurich_switzerland_the_people_of_zurichberg_homines_de_monte_were_probably_free_in_the_9th_to_12th_centuries,The people of Zurichberg (homines de monte) were probably free in the 9th to 12th centuries.
fact_place_place_kratz_quarter_a_social_gradient_from_center_to_periphery_near_the_city_walls_such_as_in_kratz_quarter_can_be_observed,"A social gradient from center to periphery near the city walls, such as in Kratz quarter, can be observed."
fact_date_date_between_the_9th_and_12th_centuries_801_1200_between_the_9th_and_12th_centuries_three_social_groups_are_recognizable_among_zurich_s_lay_population,"Between the 9th and 12th centuries, three social groups are recognizable among Zurich's lay population."
fact_date_date_first_half_of_the_12th_century_1101_1150_in_the_first_half_of_the_12th_century_the_differentiation_among_social_groups_disappeared_in_favor_of_uniform_designations_for_city_inhabitants,"In the first half of the 12th century, the differentiation among social groups disappeared in favor of uniform designations for city inhabitants."
fact_date_date_late_middle_ages_1300_1500_in_the_late_middle_ages_knights_and_bourgeois_patriciate_formed_the_upper_class_most_craftsmen_the_middle_class_and_penniless_craftsmen_journeymen_and_many_si,"In the late Middle Ages, knights and bourgeois patriciate formed the upper class, most craftsmen the middle class, and penniless craftsmen, journeymen, and many single women the lower class."
fact_place_place_zurich_switzerland_parish_posts_in_zurich_s_surroundings_except_for_some_winterthur_collations_were_reserved_for_citizens_and_offered_advancement_opportunities_for_craftsmen_s_sons,"Parish posts in Zurich's surroundings, except for some Winterthur collations, were reserved for citizens and offered advancement opportunities for craftsmen's sons."
fact_place_place_winterthur_switzerland_some_winterthur_collations_were_exceptions_to_the_rule_that_parish_posts_in_zurich_s_surroundings_were_reserved_for_citizens,Some Winterthur collations were exceptions to the rule that parish posts in Zurich's surroundings were reserved for citizens.
fact_place_place_sechseläuten_festival_the_sechseläuten_festival_developed_from_the_late_medieval_guild_kitchen_meal_in_the_18th_century,The Sechseläuten festival developed from the late medieval guild kitchen meal in the 18th century.
fact_place_place_sechseläuten_festival_the_sechseläuten_festival_marks_the_start_of_spring,The Sechseläuten festival marks the start of spring.
fact_date_date_18th_century_1701_1800_the_sechseläuten_festival_developed_in_the_18th_century,The Sechseläuten festival developed in the 18th century.
fact_date_date_1818_1818_1818_the_first_parades_of_the_sechseläuten_festival_took_place_from_1818,The first parades of the Sechseläuten festival took place from 1818.
fact_date_date_thirty_years_war_1618_1648_the_boy_shooting_dates_back_to_the_thirty_years_war,The Boy Shooting dates back to the Thirty Years' War.
fact_date_date_1809_1809_1809_the_boy_shooting_was_institutionalized_in_1809,The Boy Shooting was institutionalized in 1809.
fact_place_place_zurich_switzerland_in_the_late_middle_ages_diverse_religious_life_prevailed_in_zurich,"In the late Middle Ages, diverse religious life prevailed in Zurich."
fact_place_place_zurich_switzerland_the_cult_of_felix_and_regula_played_a_central_identity_shaping_role_in_zurich,The cult of Felix and Regula played a central identity-shaping role in Zurich.
fact_place_place_zurich_switzerland_churches_and_monasteries_were_of_great_importance_for_zurich_s_city_development,Churches and monasteries were of great importance for Zurich's city development.
fact_place_place_zurich_switzerland_hospitals_and_leper_houses_st_jakob_and_spanweid_were_generously_endowed_in_zurich,Hospitals and leper houses St. Jakob and Spanweid were generously endowed in Zurich.
fact_place_place_zurich_switzerland_in_the_13th_century_the_women_s_monasteries_oetenbach_st_verena_and_selnau_were_founded_in_zurich,"In the 13th century, the women's monasteries Oetenbach, St. Verena, and Selnau were founded in Zurich."
fact_place_place_zurich_switzerland_mendicant_order_monasteries_of_augustinian_hermits_franciscans_and_preachers_were_founded_in_zurich,"Mendicant order monasteries of Augustinian hermits, Franciscans, and preachers were founded in Zurich."
fact_place_place_zurich_switzerland_beguines_and_beghards_were_settled_near_the_mendicant_orders_in_zurich,Beguines and Beghards were settled near the mendicant orders in Zurich.
fact_date_date_late_middle_ages_1300_1500_in_the_late_middle_ages_diverse_religious_life_prevailed_in_zurich,"In the late Middle Ages, diverse religious life prevailed in Zurich."
fact_date_date_late_middle_ages_1300_1500_the_cult_of_felix_and_regula_played_a_central_identity_shaping_role_in_zurich,The cult of Felix and Regula played a central identity-shaping role in Zurich.
fact_date_date_13th_century_1201_1300_in_the_13th_century_the_women_s_monasteries_oetenbach_st_verena_and_selnau_were_founded_in_zurich,"In the 13th century, the women's monasteries Oetenbach, St. Verena, and Selnau were founded in Zurich."
fact_date_date_13th_century_1201_1300_mendicant_order_monasteries_of_augustinian_hermits_franciscans_and_preachers_were_founded_in_zurich,"Mendicant order monasteries of Augustinian hermits, Franciscans, and preachers were founded in Zurich."
fact_place_place_grossmünster_zurich_switzerland_the_post_reformation_grossmünster_chapter_took_on_new_tasks_especially_in_theology_education,"The post-Reformation Grossmünster chapter took on new tasks, especially in theology education."
fact_place_place_grossmünster_zurich_switzerland_the_antistes_was_also_first_pastor_at_grossmünster,The Antistes was also first pastor at Grossmünster.
fact_place_place_zurich_switzerland_monastic_properties_were_transferred_to_city_ownership_during_the_reformation,Monastic properties were transferred to city ownership during the Reformation.
fact_place_place_zurich_switzerland_the_antistes_was_elected_for_life_by_the_council_of_the_city,The Antistes was elected for life by the council of the city.
fact_place_place_zurich_switzerland_as_head_of_the_zurich_church_the_antistes_presided_over_the_church_political_examiners_convention_and_the_church_synod,"As head of the Zurich church, the Antistes presided over the church-political examiners' convention and the church synod."
fact_place_place_zurich_switzerland_in_the_17th_century_a_dogmatic_church_dominated_city_public_life,"In the 17th century, a dogmatic church dominated city public life."
fact_place_place_zurich_switzerland_a_french_church_was_established_in_the_city_in_1685_for_protestant_refugees,A French church was established in the city in 1685 for Protestant refugees.
fact_place_place_zurich_switzerland_catholic_mass_was_celebrated_again_in_the_city_for_the_first_time_only_in_1799,Catholic mass was celebrated again in the city for the first time only in 1799.
fact_date_date_1525_1525_1525_in_1525_a_civil_ecclesiastical_marriage_court_was_introduced,"In 1525, a civil-ecclesiastical marriage court was introduced."
fact_date_date_17th_century_1601_1700_in_the_17th_century_a_dogmatic_church_dominated_city_public_life,"In the 17th century, a dogmatic church dominated city public life."
fact_date_date_1685_1685_1685_in_1685_a_french_church_was_established_for_protestant_refugees,"In 1685, a French church was established for Protestant refugees."
fact_date_date_1799_1799_1799_catholic_mass_was_celebrated_again_for_the_first_time_only_in_1799,Catholic mass was celebrated again for the first time only in 1799.
fact_place_place_fraumünster_zurich_switzerland_the_first_city_schools_were_latin_schools_at_fraumünster,The first city schools were Latin schools at Fraumünster.
fact_place_place_grossmünster_zurich_switzerland_the_first_city_schools_were_latin_schools_at_grossmünster,The first city schools were Latin schools at Grossmünster.
fact_place_place_zurich_switzerland_after_the_reformation_the_church_reorganized_the_school_system_together_with_city_government_in_zurich,"After the Reformation, the church reorganized the school system together with city government in Zurich."
fact_place_place_zurich_switzerland_the_highest_level_school_was_the_prophezei_from_the_17th_century_carolinum_founded_by_huldrych_zwingli_which_trained_theologians_and_later_also_offered_natural_scie,"The highest level school was the Prophezei (from the 17th century Carolinum), founded by Huldrych Zwingli, which trained theologians and later also offered natural science and history subjects."
fact_place_place_zurich_switzerland_an_intermediate_level_was_the_collegium_humanitatis,An intermediate level was the Collegium humanitatis.
fact_place_place_zurich_switzerland_for_university_education_young_zurichers_mainly_went_to_protestant_universities_of_the_empire,"For university education, young Zurichers mainly went to Protestant universities of the empire."
fact_place_place_zurich_switzerland_based_on_enlightenment_ideas_new_school_types_emerged_in_zurich_in_1774_the_art_school_and_in_1782_the_medical_surgical_institute_were_opened,"Based on Enlightenment ideas, new school types emerged in Zurich: in 1774 the art school and in 1782 the medical-surgical institute were opened."
fact_place_place_zurich_switzerland_from_1645_the_citizens_library_published_new_year_s_leaflets_for_educating_zurich_youth,"From 1645, the citizens' library published New Year's leaflets for educating Zurich youth."
fact_place_place_zurich_switzerland_the_first_newspapers_appeared_in_zurich_from_the_first_half_of_the_17th_century,The first newspapers appeared in Zurich from the first half of the 17th century.
fact_place_place_zurich_switzerland_in_the_17th_century_first_societies_emerged_in_zurich_among_them_the_collegium_insulanum_founded_in_1679_and_the_collegium_anatomicum_of_1685,"In the 17th century, first societies emerged in Zurich, among them the Collegium Insulanum founded in 1679 and the Collegium anatomicum of 1685."
fact_place_place_zurich_switzerland_in_the_18th_century_among_others_the_physical_society_founded_in_1746_and_the_mathematical_military_society_founded_in_1765,"In the 18th century, among others the physical society founded in 1746 and the mathematical-military society founded in 1765."
fact_date_date_from_the_17th_century_1601_1700_the_highest_level_was_the_prophezei_from_the_17th_century_carolinum,The highest level was the Prophezei (from the 17th century Carolinum).
fact_date_date_from_the_17th_century_1601_1700_the_first_newspapers_appeared_from_the_first_half_of_the_17th_century,The first newspapers appeared from the first half of the 17th century.
fact_date_date_from_the_17th_century_1601_1700_in_the_17th_century_first_societies_emerged_among_them_the_collegium_insulanum_founded_in_1679_and_the_collegium_anatomicum_of_1685,"In the 17th century, first societies emerged, among them the Collegium Insulanum founded in 1679 and the Collegium anatomicum of 1685."
fact_date_date_1679_1679_1679_the_collegium_insulanum_was_founded_in_1679,The Collegium Insulanum was founded in 1679.
fact_date_date_1685_1685_1685_the_collegium_anatomicum_was_founded_in_1685,The Collegium anatomicum was founded in 1685.
fact_date_date_18th_century_1701_1800_in_the_18th_century_among_others_the_physical_society_founded_in_1746_and_the_mathematical_military_society_founded_in_1765,"In the 18th century, among others the physical society founded in 1746 and the mathematical-military society founded in 1765."
fact_date_date_1746_1746_1746_the_physical_society_was_founded_in_1746,The physical society was founded in 1746.
fact_date_date_1765_1765_1765_the_mathematical_military_society_was_founded_in_1765,The mathematical-military society was founded in 1765.
fact_date_date_1774_1774_1774_in_1774_the_art_school_was_opened,In 1774 the art school was opened.
fact_date_date_1782_1782_1782_in_1782_the_medical_surgical_institute_was_opened,In 1782 the medical-surgical institute was opened.
fact_date_date_from_1645_1645_1645_from_1645_the_citizens_library_published_new_year_s_leaflets_for_educating_zurich_youth,"From 1645, the citizens' library published New Year's leaflets for educating Zurich youth."
fact_place_place_zurich_switzerland_music_life_in_zurich_mainly_took_place_in_the_domestic_sphere_church_and_various_music_societies_like_the_1613_founded_society_at_the_music_hall,"Music life in Zurich mainly took place in the domestic sphere, church, and various music societies like the 1613-founded Society at the Music Hall."
fact_place_place_zurich_switzerland_in_the_16th_century_plays_were_performed_on_münsterhof_involving_the_whole_city,"In the 16th century, plays were performed on Münsterhof, involving the whole city."
fact_place_place_zurich_switzerland_theater_life_ceased_completely_in_1624_under_antistes_johann_jakob_breitinger_due_to_puritan_rigorism,Theater life ceased completely in 1624 under Antistes Johann Jakob Breitinger due to puritan rigorism.
fact_place_place_zurich_switzerland_thanks_to_johann_jakob_bodmer_and_johann_jakob_breitinger_zurich_became_a_center_of_german_language_literature_in_the_18th_century,"Thanks to Johann Jakob Bodmer and Johann Jakob Breitinger, Zurich became a center of German-language literature in the 18th century."
fact_place_place_zurich_switzerland_prominent_artists_and_academics_included_johann_heinrich_füssli_salomon_gessner_johann_kaspar_lavater_and_johann_heinrich_rahn,"Prominent artists and academics included Johann Heinrich Füssli, Salomon Gessner, Johann Kaspar Lavater, and Johann Heinrich Rahn."
fact_date_date_1613_1613_1613_the_society_at_the_music_hall_was_founded_in_1613,The Society at the Music Hall was founded in 1613.
fact_date_date_16th_century_1501_1600_in_the_16th_century_plays_were_performed_on_münsterhof_involving_the_whole_city,"In the 16th century, plays were performed on Münsterhof, involving the whole city."
fact_date_date_1624_1624_1624_theater_life_ceased_completely_in_1624_under_antistes_johann_jakob_breitinger_due_to_puritan_rigorism,Theater life ceased completely in 1624 under Antistes Johann Jakob Breitinger due to puritan rigorism.
fact_date_date_1575_1645_1575_1645_antistes_johann_jakob_breitinger_lived_from_1575_to_1645,Antistes Johann Jakob Breitinger lived from 1575 to 1645.
fact_date_date_18th_century_1701_1800_zurich_became_a_center_of_german_language_literature_in_the_18th_century_thanks_to_johann_jakob_bodmer_and_johann_jakob_breitinger,Zurich became a center of German-language literature in the 18th century thanks to Johann Jakob Bodmer and Johann Jakob Breitinger.
fact_date_date_1701_1776_1701_1776_johann_jakob_breitinger_lived_from_1701_to_1776,Johann Jakob Breitinger lived from 1701 to 1776.
fact_place_place_zurich_switzerland_the_political_municipality_of_active_resident_citizens_was_led_by_the_municipality_in_zurich_after_1798,The political municipality of active resident citizens was led by the municipality in Zurich after 1798.
fact_place_place_zurich_switzerland_in_1799_the_citizen_community_joined_the_political_municipality_in_zurich,"In 1799, the citizen community joined the political municipality in Zurich."
fact_place_place_zurich_switzerland_the_community_assembly_of_citizens_and_residents_with_a_two_year_residence_or_city_real_estate_ownership_elected_a_15_member_city_council_in_zurich_during_the_media,The community assembly of citizens and residents with a two-year residence or city real estate ownership elected a 15-member city council in Zurich during the Mediation period.
fact_place_place_zurich_switzerland_in_1816_the_cantonal_great_council_enacted_an_organizational_law_for_the_zurich_city_council_based_on_the_restoration_constitution,"In 1816, the cantonal Great Council enacted an organizational law for the Zurich city council based on the Restoration Constitution."
fact_place_place_zurich_switzerland_the_larger_city_council_in_zurich_consisted_of_five_representatives_from_each_of_the_13_cantonal_city_election_guilds,The Larger City Council in Zurich consisted of five representatives from each of the 13 cantonal-city election guilds.
fact_place_place_zurich_switzerland_the_regeneration_constitution_of_1831_granted_zurich_municipalities_the_right_to_enact_own_municipal_regulations,The Regeneration Constitution of 1831 granted Zurich municipalities the right to enact own municipal regulations.
fact_place_place_zurich_switzerland_the_first_zurich_municipality_ordinance_of_1831_established_a_small_city_council_of_seven_members_and_a_60_member_large_city_council,The first Zurich municipality ordinance of 1831 established a Small City Council of seven members and a 60-member Large City Council.
fact_place_place_zurich_switzerland_the_election_guilds_in_zurich_were_abolished_at_cantonal_level_in_1838_but_the_large_city_council_was_elected_by_them_until_1866,The election guilds in Zurich were abolished at cantonal level in 1838 but the Large City Council was elected by them until 1866.
fact_place_place_zurich_switzerland_in_1875_the_poor_and_citizen_community_in_zurich_was_abolished_and_converted_into_a_personal_association_of_city_citizens_living_in_zurich,"In 1875, the poor and citizen community in Zurich was abolished and converted into a personal association of city citizens living in Zurich."
fact_place_place_zurich_switzerland_in_1881_small_and_large_city_councils_in_zurich_were_separated_personnel_wise_and_elected_at_ballot_box,"In 1881, Small and Large City Councils in Zurich were separated personnel-wise and elected at ballot box."
fact_place_place_zurich_switzerland_the_community_assembly_in_zurich_was_abolished_in_1891_and_replaced_by_municipal_initiative_and_referendum,The community assembly in Zurich was abolished in 1891 and replaced by municipal initiative and referendum.
fact_place_place_zurich_switzerland_the_municipality_ordinance_of_1892_increased_the_number_of_city_councilors_in_zurich_from_seven_to_nine,The municipality ordinance of 1892 increased the number of city councilors in Zurich from seven to nine.
fact_place_place_zurich_switzerland_since_1913_the_large_city_council_in_zurich_has_been_elected_proportionally,"Since 1913, the Large City Council in Zurich has been elected proportionally."
fact_place_place_zurich_switzerland_the_1933_municipality_ordinance_renamed_the_parliament_to_municipal_council_in_zurich,The 1933 municipality ordinance renamed the parliament to municipal council in Zurich.
fact_place_place_zurich_switzerland_municipal_women_s_suffrage_was_introduced_in_zurich_in_1969,Municipal women's suffrage was introduced in Zurich in 1969.
fact_place_place_zurich_switzerland_from_1970_until_2010_44_partial_revisions_of_the_municipality_ordinance_took_place_in_zurich,"From 1970 until 2010, 44 partial revisions of the municipality ordinance took place in Zurich."
fact_date_date_1798_1798_1798_after_the_helvetic_revolution_of_1798_the_helvetic_unitary_state_and_its_cantonal_administrative_units_succeeded_the_old_city_state_legal_system,"After the Helvetic Revolution of 1798, the Helvetic unitary state and its cantonal administrative units succeeded the old city-state legal system."
fact_date_date_1799_1799_1799_in_1799_the_citizen_community_joined_the_political_municipality,"In 1799, the citizen community joined the political municipality."
fact_date_date_1803_1803_1803_the_community_assembly_elected_a_15_member_city_council_according_to_the_cantonal_municipality_law_of_1803,The community assembly elected a 15-member city council according to the cantonal municipality law of 1803.
fact_date_date_1803_1803_1803_the_poor_and_citizen_community_existed_since_1803_as_a_territorial_corporation,The poor and citizen community existed since 1803 as a territorial corporation.
fact_date_date_mediation_period_1803_1814_during_the_mediation_period_the_community_assembly_elected_a_15_member_city_council,"During the Mediation period, the community assembly elected a 15-member city council."
fact_date_date_1816_1816_1816_in_1816_the_cantonal_great_council_enacted_an_organizational_law_for_the_city_council_based_on_the_restoration_constitution,"In 1816, the cantonal Great Council enacted an organizational law for the city council based on the Restoration Constitution."
fact_date_date_restoration_constitution_1814_1830_the_organizational_law_for_the_city_council_was_based_on_the_restoration_constitution,The organizational law for the city council was based on the Restoration Constitution.
fact_date_date_1831_1831_1831_the_regeneration_constitution_of_1831_granted_municipalities_the_right_to_enact_own_municipal_regulations,The Regeneration Constitution of 1831 granted municipalities the right to enact own municipal regulations.
fact_date_date_1831_1831_1831_the_first_zurich_municipality_ordinance_of_1831_established_a_small_city_council_and_a_60_member_large_city_council,The first Zurich municipality ordinance of 1831 established a Small City Council and a 60-member Large City Council.
fact_date_date_1838_1838_1838_the_election_guilds_were_abolished_at_cantonal_level_in_1838,The election guilds were abolished at cantonal level in 1838.
fact_date_date_1866_1866_1866_the_large_city_council_was_elected_by_election_guilds_until_1866,The Large City Council was elected by election guilds until 1866.
fact_date_date_1875_1875_1875_in_1875_the_poor_and_citizen_community_was_abolished_and_converted_into_a_personal_association_of_city_citizens_living_in_zurich,"In 1875, the poor and citizen community was abolished and converted into a personal association of city citizens living in Zurich."
fact_date_date_1881_1881_1881_in_1881_small_and_large_city_councils_were_separated_personnel_wise_and_elected_at_ballot_box,"In 1881, Small and Large City Councils were separated personnel-wise and elected at ballot box."
fact_date_date_1891_1891_1891_the_community_assembly_was_abolished_in_1891_and_municipal_initiative_and_referendum_were_introduced,The community assembly was abolished in 1891 and municipal initiative and referendum were introduced.
fact_date_date_1892_1892_1892_the_municipality_ordinance_of_1892_increased_the_number_of_city_councilors_from_seven_to_nine,The municipality ordinance of 1892 increased the number of city councilors from seven to nine.
fact_date_date_1913_1913_1913_since_1913_the_large_city_council_has_been_elected_proportionally,"Since 1913, the Large City Council has been elected proportionally."
fact_date_date_1933_1933_1933_the_1933_municipality_ordinance_renamed_the_parliament_to_municipal_council,The 1933 municipality ordinance renamed the parliament to municipal council.
fact_date_date_1969_1969_1969_municipal_women_s_suffrage_was_introduced_in_1969,Municipal women's suffrage was introduced in 1969.
fact_date_date_1970_until_2010_1970_2010_from_1970_until_2010_44_partial_revisions_of_the_municipality_ordinance_took_place,"From 1970 until 2010, 44 partial revisions of the municipality ordinance took place."
fact_place_place_oberdorf_in_1798_the_city_was_divided_into_three_sections_oberdorf_niederdorf_and_kleine_stadt,"In 1798, the city was divided into three sections: Oberdorf, Niederdorf, and Kleine Stadt."
fact_place_place_niederdorf_in_1798_the_city_was_divided_into_three_sections_oberdorf_niederdorf_and_kleine_stadt,"In 1798, the city was divided into three sections: Oberdorf, Niederdorf, and Kleine Stadt."
fact_place_place_kleine_stadt_in_1798_the_city_was_divided_into_three_sections_oberdorf_niederdorf_and_kleine_stadt,"In 1798, the city was divided into three sections: Oberdorf, Niederdorf, and Kleine Stadt."
fact_place_place_zurich_switzerland_the_strong_immigration_in_the_19th_century_mainly_affected_suburbs_and_financially_overwhelmed_them,The strong immigration in the 19th century mainly affected suburbs and financially overwhelmed them.
fact_place_place_zurich_switzerland_the_first_incorporation_of_1893_made_zurich_the_largest_swiss_city,The first incorporation of 1893 made Zurich the largest Swiss city.
fact_place_place_zurich_switzerland_the_1891_cantonal_allocation_law_fixed_the_division_into_five_zurich_districts_then_still_numbered_with_roman_numerals,The 1891 cantonal allocation law fixed the division into five Zurich districts then still numbered with Roman numerals.
fact_place_place_zurich_switzerland_in_1913_these_districts_were_increased_to_eight,"In 1913, these districts were increased to eight."
fact_place_place_zurich_switzerland_the_1933_municipality_ordinance_divided_zurich_into_eleven_precincts_before_the_second_incorporation_of_1934,The 1933 municipality ordinance divided Zurich into eleven precincts before the second incorporation of 1934.
fact_place_place_zurich_switzerland_since_1970_schwamendingen_forms_district_12,"Since 1970, Schwamendingen forms district 12."
fact_place_place_altstadt_zurich_switzerland_the_1891_cantonal_allocation_law_fixed_the_division_into_five_zurich_districts_including_altstadt_i,The 1891 cantonal allocation law fixed the division into five Zurich districts including Altstadt (I).
fact_place_place_altstadt_zurich_switzerland_in_1933_altstadt_was_precinct_1,"In 1933, Altstadt was precinct 1."
fact_place_place_enge_zurich_switzerland_the_1891_cantonal_allocation_law_fixed_the_division_into_five_zurich_districts_including_enge,The 1891 cantonal allocation law fixed the division into five Zurich districts including Enge.
fact_place_place_enge_zurich_switzerland_in_1933_enge_was_part_of_precinct_2,"In 1933, Enge was part of precinct 2."
fact_place_place_leimbach_zurich_switzerland_the_1891_cantonal_allocation_law_fixed_the_division_into_five_zurich_districts_including_leimbach,The 1891 cantonal allocation law fixed the division into five Zurich districts including Leimbach.
fact_place_place_leimbach_zurich_switzerland_in_1933_leimbach_was_part_of_precinct_2,"In 1933, Leimbach was part of precinct 2."
fact_place_place_wollishofen_zurich_switzerland_the_1891_cantonal_allocation_law_fixed_the_division_into_five_zurich_districts_including_wollishofen_ii,The 1891 cantonal allocation law fixed the division into five Zurich districts including Wollishofen (II).
fact_place_place_wollishofen_zurich_switzerland_in_1933_wollishofen_was_part_of_precinct_2,"In 1933, Wollishofen was part of precinct 2."
fact_place_place_aussersihl_and_wiedikon_iii_the_1891_cantonal_allocation_law_fixed_the_division_into_five_zurich_districts_including_aussersihl_and_wiedikon_iii,The 1891 cantonal allocation law fixed the division into five Zurich districts including Aussersihl and Wiedikon (III).
fact_place_place_oberstrass_unterstrass_and_wipkingen_iv_the_1891_cantonal_allocation_law_fixed_the_division_into_five_zurich_districts_including_oberstrass_unterstrass_and_wipkingen_iv,"The 1891 cantonal allocation law fixed the division into five Zurich districts including Oberstrass, Unterstrass and Wipkingen (IV)."
fact_place_place_fluntern_hirslanden_hottingen_and_riesbach_v_the_1891_cantonal_allocation_law_fixed_the_division_into_five_zurich_districts_including_fluntern_hirslanden_hottingen_and_riesbach_v,"The 1891 cantonal allocation law fixed the division into five Zurich districts including Fluntern, Hirslanden, Hottingen and Riesbach (V)."
fact_place_place_wiedikon_zurich_switzerland_in_1933_wiedikon_was_precinct_3,"In 1933, Wiedikon was precinct 3."
fact_place_place_aussersihl_zurich_switzerland_in_1933_aussersihl_was_precinct_4,"In 1933, Aussersihl was precinct 4."
fact_place_place_industriequartier_zurich_switzerland_in_1933_industriequartier_was_precinct_5,"In 1933, Industriequartier was precinct 5."
fact_place_place_oberstrass_and_unterstrass_6_in_1933_oberstrass_and_unterstrass_were_precinct_6,"In 1933, Oberstrass and Unterstrass were precinct 6."
fact_place_place_fluntern_hirslanden_hottingen_and_witikon_7_in_1933_fluntern_hirslanden_hottingen_and_witikon_were_precinct_7,"In 1933, Fluntern, Hirslanden, Hottingen and Witikon were precinct 7."
fact_place_place_riesbach_zurich_switzerland_in_1933_riesbach_was_precinct_8,"In 1933, Riesbach was precinct 8."
fact_place_place_albisrieden_and_altstetten_9_in_1933_albisrieden_and_altstetten_were_precinct_9,"In 1933, Albisrieden and Altstetten were precinct 9."
fact_place_place_höngg_and_wipkingen_10_in_1933_höngg_and_wipkingen_were_precinct_10,"In 1933, Höngg and Wipkingen were precinct 10."
fact_place_place_affoltern_oerlikon_schwamendingen_and_seebach_11_in_1933_affoltern_oerlikon_schwamendingen_and_seebach_were_precinct_11,"In 1933, Affoltern, Oerlikon, Schwamendingen and Seebach were precinct 11."
fact_place_place_schwamendingen_zurich_switzerland_since_1970_schwamendingen_forms_district_12,"Since 1970, Schwamendingen forms district 12."
fact_date_date_1798_1798_1798_in_1798_the_city_was_divided_into_three_sections_oberdorf_niederdorf_and_kleine_stadt,"In 1798, the city was divided into three sections: Oberdorf, Niederdorf, and Kleine Stadt."
fact_date_date_19th_century_1801_1900_the_strong_immigration_in_the_19th_century_mainly_affected_suburbs_and_financially_overwhelmed_them,The strong immigration in the 19th century mainly affected suburbs and financially overwhelmed them.
fact_date_date_1885_1885_1885_the_first_incorporation_of_1893_was_prompted_by_the_aussersihl_petition_of_1885,The first incorporation of 1893 was prompted by the Aussersihl petition of 1885.
fact_date_date_1891_1891_1891_the_1891_cantonal_allocation_law_fixed_the_division_into_five_zurich_districts_then_still_numbered_with_roman_numerals,The 1891 cantonal allocation law fixed the division into five Zurich districts then still numbered with Roman numerals.
fact_date_date_1893_1893_1893_the_first_incorporation_of_1893_made_zurich_the_largest_swiss_city,The first incorporation of 1893 made Zurich the largest Swiss city.
fact_date_date_1913_1913_1913_in_1913_the_number_of_zurich_districts_was_increased_to_eight,"In 1913, the number of Zurich districts was increased to eight."
fact_date_date_1933_1933_1933_the_1933_municipality_ordinance_divided_zurich_into_eleven_precincts_before_the_second_incorporation_of_1934,The 1933 municipality ordinance divided Zurich into eleven precincts before the second incorporation of 1934.
fact_date_date_1934_1934_1934_the_second_incorporation_of_zurich_occurred_in_1934,The second incorporation of Zurich occurred in 1934.
fact_date_date_1970_1970_1970_since_1970_schwamendingen_forms_district_12,"Since 1970, Schwamendingen forms district 12."
fact_place_place_aussersihl_zurich_switzerland_the_lithographers_cooperative_s_working_gallery_was_located_in_aussersihl,The lithographers' cooperative’s working gallery was located in Aussersihl.
fact_place_place_central_library_zurich_zurich_switzerland_the_commemorative_sheet_is_held_in_the_central_library_zurich_graphic_collection_and_photo_archive,"The commemorative sheet is held in the Central Library Zurich, Graphic Collection and Photo Archive."
fact_date_date_1883_1883_1883_the_national_exhibition_commemorated_by_the_sheet_took_place_in_1883,The national exhibition commemorated by the sheet took place in 1883.
fact_place_place_zurich_switzerland_from_1799_to_mid_19th_century_conservatives_dominated_city_politics,"From 1799 to mid-19th century, conservatives dominated city politics."
fact_place_place_zurich_switzerland_after_1845_liberals_began_to_dominate_city_politics,"After 1845, liberals began to dominate city politics."
fact_place_place_zurich_switzerland_until_the_first_incorporation_zurich_was_a_liberal_stronghold,"Until the first incorporation, Zurich was a liberal stronghold."
fact_place_place_zurich_switzerland_the_citizen_community_fell_with_the_municipality_law_of_1875,The citizen community fell with the municipality law of 1875.
fact_place_place_canton_of_zurich_switzerland_urban_liberals_played_a_mainly_cantonal_role_from_1830,Urban liberals played a mainly cantonal role from 1830.
fact_place_place_canton_of_zurich_switzerland_after_their_return_to_power_in_the_canton_liberals_began_to_dominate_city_politics_after_1845,"After their return to power in the canton, liberals began to dominate city politics after 1845."
fact_place_place_winterthur_zurich_switzerland_strong_immigration_from_mid_19th_century_favored_the_rise_of_the_democratic_movement_anchored_mainly_in_winterthur_and_rural_areas,Strong immigration from mid-19th century favored the rise of the democratic movement anchored mainly in Winterthur and rural areas.
fact_date_date_1799_to_mid_19th_century_1799_1850_from_1799_to_mid_19th_century_conservatives_dominated_city_politics,"From 1799 to mid-19th century, conservatives dominated city politics."
fact_date_date_1830_1830_1830_urban_liberals_played_a_mainly_cantonal_role_from_1830,Urban liberals played a mainly cantonal role from 1830.
fact_date_date_after_1845_1846_1900_after_their_return_to_power_in_the_canton_liberals_began_to_dominate_city_politics_after_1845,"After their return to power in the canton, liberals began to dominate city politics after 1845."
fact_date_date_1860s_1860_1869_in_the_1860s_conservatives_arranged_with_liberals_and_joined_them_politically,"In the 1860s, conservatives arranged with liberals and joined them politically."
fact_date_date_mid_19th_century_1840_1860_strong_immigration_from_mid_19th_century_favored_the_rise_of_the_democratic_movement_anchored_mainly_in_winterthur_and_rural_areas,Strong immigration from mid-19th century favored the rise of the democratic movement anchored mainly in Winterthur and rural areas.
fact_date_date_1866_1866_1866_in_1866_the_first_non_citizen_tinsmith_jakob_schnurrenberger_was_elected_to_the_small_city_council,"In 1866, the first non-citizen, tinsmith Jakob Schnurrenberger, was elected to the Small City Council."
fact_date_date_1875_1875_1875_the_citizen_community_fell_with_the_municipality_law_of_1875_which_made_naturalization_of_swiss_citizens_easier,"The citizen community fell with the municipality law of 1875, which made naturalization of Swiss citizens easier."
fact_place_place_zurich_switzerland_the_swiss_social_archive_is_located_in_zurich,The Swiss Social Archive is located in Zurich.
fact_date_date_1928_1928_1928_the_poster_of_the_free_democratic_party_for_city_and_municipal_council_elections_was_created_in_1928,The poster of the Free Democratic Party for city and municipal council elections was created in 1928.
fact_place_place_zurich_switzerland_the_social_democratic_party_is_associated_with_the_city_of_zurich,The Social Democratic Party is associated with the city of Zurich.
fact_place_place_museum_of_design_zurich_zurich_switzerland_the_election_poster_is_held_in_the_museum_of_design_zurich,The election poster is held in the Museum of Design Zurich.
fact_place_place_zurich_university_of_the_arts_zurich_switzerland_the_election_poster_is_part_of_the_poster_collection_at_zurich_university_of_the_arts,The election poster is part of the Poster Collection at Zurich University of the Arts.
fact_date_date_1931_1931_1931_the_election_poster_was_designed_in_1931,The election poster was designed in 1931.
fact_place_place_large_city_council_the_liberal_party_from_1917_fdp_dominated_the_large_city_council_until_1907,The liberal party (from 1917 FDP) dominated the Large City Council until 1907.
fact_place_place_large_city_council_the_sp_took_over_the_large_city_council_after_1907,The SP took over the Large City Council after 1907.
fact_place_place_large_city_council_from_1928_1938_red_zurich_had_an_absolute_parliamentary_majority_in_the_large_city_council,"From 1928-1938, ""red Zurich"" had an absolute parliamentary majority in the Large City Council."
fact_place_place_large_city_council_in_1938_the_national_ring_of_independents_ldu_entered_the_municipal_council,"In 1938, the National Ring of Independents (LdU) entered the municipal council."
fact_place_place_large_city_council_the_cvp_founded_a_city_party_section_as_christian_social_party_in_1907,The CVP founded a city party section as Christian Social Party in 1907.
fact_place_place_large_city_council_together_with_the_evangelical_people_s_party_the_political_center_was_formed_until_the_late_1970s,"Together with the Evangelical People's Party, the political center was formed until the late 1970s."
fact_place_place_large_city_council_in_2002_the_svp_replaced_the_fdp_as_the_strongest_bourgeois_force,"In 2002, the SVP replaced the FDP as the strongest bourgeois force."
fact_date_date_1917_1917_1917_the_liberal_party_became_fdp_in_1917,The liberal party became FDP in 1917.
fact_date_date_1907_1907_1907_the_liberal_party_dominated_until_1907,The liberal party dominated until 1907.
fact_date_date_1907_1907_1907_the_sp_took_over_after_1907,The SP took over after 1907.
fact_date_date_1907_1907_1907_the_cvp_founded_a_city_party_section_as_christian_social_party_in_1907,The CVP founded a city party section as Christian Social Party in 1907.
fact_date_date_1928_1938_1928_1938_from_1928_1938_red_zurich_had_an_absolute_parliamentary_majority,"From 1928-1938, ""red Zurich"" had an absolute parliamentary majority."
fact_date_date_1938_1938_1938_in_1938_the_national_ring_of_independents_ldu_entered_the_municipal_council,"In 1938, the National Ring of Independents (LdU) entered the municipal council."
fact_date_date_late_1970s_1977_1979_the_political_center_was_formed_until_the_late_1970s,The political center was formed until the late 1970s.
fact_date_date_2002_2002_2002_in_2002_the_svp_replaced_the_fdp_as_the_strongest_bourgeois_force,"In 2002, the SVP replaced the FDP as the strongest bourgeois force."
fact_place_place_executive_city_council_the_democratic_party_dominated_the_executive_city_council_from_1892_to_1901_with_five_of_nine_seats,The democratic party dominated the executive city council from 1892 to 1901 with five of nine seats.
fact_place_place_executive_city_council_from_1907_the_sp_held_four_seats_in_the_executive_city_council,"From 1907, the SP held four seats in the executive city council."
fact_place_place_executive_city_council_from_1928_the_sp_held_five_seats_in_the_executive_city_council,"From 1928, the SP held five seats in the executive city council."
fact_place_place_executive_city_council_red_zurich_ended_in_1949_with_the_death_of_city_president_adolf_lüchinger,"""Red Zurich"" ended in 1949 with the death of city president Adolf Lüchinger."
fact_place_place_executive_city_council_from_1950_the_sp_generally_held_four_seats_in_the_executive_city_council,"From 1950, the SP generally held four seats in the executive city council."
fact_place_place_executive_city_council_from_1950_the_fdp_and_the_dissolved_ldu_each_held_one_to_two_seats_in_the_executive_city_council,"From 1950, the FDP and the dissolved LdU each held one to two seats in the executive city council."
fact_place_place_executive_city_council_in_1970_emilie_lieberherr_sp_became_the_first_woman_elected_to_the_city_council,"In 1970, Emilie Lieberherr (SP) became the first woman elected to the city council."
fact_place_place_executive_city_council_in_1990_the_sp_became_the_strongest_party_again_in_the_city_council,"In 1990, the SP became the strongest party again in the city council."
fact_place_place_executive_city_council_in_1990_the_svp_exited_the_city_council,"In 1990, the SVP exited the city council."
fact_place_place_executive_city_council_since_1994_a_red_green_majority_has_governed_the_city_council,"Since 1994, a red-green majority has governed the city council."
fact_date_date_1892_1901_1892_1901_the_democratic_party_dominated_the_executive_city_council_with_five_of_nine_seats_from_1892_to_1901,The democratic party dominated the executive city council with five of nine seats from 1892 to 1901.
fact_date_date_1907_1907_1907_from_1907_the_sp_held_four_seats_in_the_executive_city_council,"From 1907, the SP held four seats in the executive city council."
fact_date_date_1928_1928_1928_from_1928_the_sp_held_five_seats_in_the_executive_city_council,"From 1928, the SP held five seats in the executive city council."
fact_date_date_1949_1949_1949_red_zurich_ended_in_1949_with_the_death_of_city_president_adolf_lüchinger,"""Red Zurich"" ended in 1949 with the death of city president Adolf Lüchinger."
fact_date_date_1950_1950_1950_from_1950_the_sp_generally_held_four_seats_in_the_executive_city_council,"From 1950, the SP generally held four seats in the executive city council."
fact_date_date_1950_1950_1950_from_1950_the_fdp_and_the_dissolved_ldu_each_held_one_to_two_seats_in_the_executive_city_council,"From 1950, the FDP and the dissolved LdU each held one to two seats in the executive city council."
fact_date_date_1970_1970_1970_in_1970_emilie_lieberherr_sp_became_the_first_woman_elected_to_the_city_council,"In 1970, Emilie Lieberherr (SP) became the first woman elected to the city council."
fact_date_date_1990_1990_1990_in_1990_the_sp_became_the_strongest_party_again_in_the_city_council,"In 1990, the SP became the strongest party again in the city council."
fact_date_date_1990_1990_1990_in_1990_the_svp_exited_the_city_council,"In 1990, the SVP exited the city council."
fact_date_date_1994_1994_1994_since_1994_a_red_green_majority_has_governed_the_city_council,"Since 1994, a red-green majority has governed the city council."
fact_place_place_zurich_switzerland_the_assets_of_the_former_city_state_passed_to_the_helvetic_republic_which_provisionally_left_properties_to_the_city_in_1798,"The assets of the former city-state passed to the Helvetic Republic, which provisionally left properties to the city in 1798."
fact_place_place_zurich_switzerland_the_1803_mediation_act_secured_assets_covering_costs_for_school_poor_relief_church_and_construction_in_the_city,"The 1803 mediation act secured assets covering costs for school, poor relief, church, and construction in the city."
fact_place_place_zurich_switzerland_from_1802_the_city_charged_billeting_fees_per_household,"From 1802, the city charged billeting fees per household."
fact_place_place_zurich_switzerland_from_1833_residents_of_the_city_were_taxed_for_police_school_church_and_road_construction,"From 1833, residents of the city were taxed for police, school, church, and road construction."
fact_place_place_zurich_switzerland_those_owning_property_in_the_city_paid_contributions_for_public_buildings_and_fire_brigade,Those owning property in the city paid contributions for public buildings and fire brigade.
fact_place_place_zurich_switzerland_the_1855_municipality_law_equated_residents_and_citizens_tax_wise_in_the_city,The 1855 municipality law equated residents and citizens tax-wise in the city.
fact_place_place_zurich_switzerland_direct_municipal_taxes_were_introduced_in_the_city_in_1855_but_did_not_yet_affect_poor_relief,Direct municipal taxes were introduced in the city in 1855 but did not yet affect poor relief.
fact_place_place_zurich_switzerland_the_1891_allocation_law_introduced_a_modern_municipal_tax_system_in_the_city,The 1891 allocation law introduced a modern municipal tax system in the city.
fact_date_date_1798_1798_1798_the_helvetic_republic_provisionally_left_properties_to_the_city_in_1798,The Helvetic Republic provisionally left properties to the city in 1798.
fact_date_date_1803_1803_1803_the_1803_mediation_act_secured_assets_covering_costs_for_school_poor_relief_church_and_construction,"The 1803 mediation act secured assets covering costs for school, poor relief, church, and construction."
fact_date_date_1802_1802_1802_from_1802_the_city_charged_billeting_fees_per_household,"From 1802, the city charged billeting fees per household."
fact_date_date_1833_1833_1833_from_1833_residents_were_taxed_for_police_school_church_and_road_construction,"From 1833, residents were taxed for police, school, church, and road construction."
fact_date_date_1855_1855_1855_the_1855_municipality_law_equated_residents_and_citizens_tax_wise,The 1855 municipality law equated residents and citizens tax-wise.
fact_date_date_1855_1855_1855_direct_municipal_taxes_were_introduced_but_did_not_yet_affect_poor_relief,Direct municipal taxes were introduced but did not yet affect poor relief.
fact_date_date_1891_1891_1891_the_1891_allocation_law_introduced_a_modern_municipal_tax_system,The 1891 allocation law introduced a modern municipal tax system.
fact_place_place_zurich_switzerland_until_1835_church_communities_were_responsible_for_poor_relief_in_the_city,"Until 1835, church communities were responsible for poor relief in the city."
fact_place_place_zurich_switzerland_in_1835_city_central_poor_authority_and_general_poor_support_fund_were_established_in_zurich,"In 1835, city central poor authority and general poor support fund were established in Zurich."
fact_place_place_zurich_switzerland_private_charity_such_as_the_relief_society_or_community_society_remained_necessary_in_zurich_well_into_the_20th_century,Private charity such as the Relief Society or Community Society remained necessary in Zurich well into the 20th century.
fact_place_place_zurich_switzerland_the_city_of_zurich_gradually_expanded_social_benefits,The city of Zurich gradually expanded social benefits.
fact_place_place_zurich_switzerland_the_association_organized_and_municipality_supported_voluntary_and_resident_poor_relief_of_the_city_of_zurich_operated_from_1878_to_1929,The association-organized and municipality-supported 'Voluntary and Resident Poor Relief of the City of Zurich' operated from 1878 to 1929.
fact_place_place_zurich_switzerland_since_1907_the_city_of_zurich_supports_housing_construction_via_cooperative_support,"Since 1907, the city of Zurich supports housing construction via cooperative support."
fact_date_date_until_1835_none_1835_until_1835_church_communities_were_responsible_for_poor_relief_in_zurich,"Until 1835, church communities were responsible for poor relief in Zurich."
fact_date_date_19th_century_1801_1900_rising_mobility_in_the_19th_century_made_the_voluntary_and_resident_poor_relief_of_the_city_of_zurich_necessary,Rising mobility in the 19th century made the 'Voluntary and Resident Poor Relief of the City of Zurich' necessary.
fact_date_date_1878_1929_1878_1929_the_voluntary_and_resident_poor_relief_of_the_city_of_zurich_operated_from_1878_to_1929,The 'Voluntary and Resident Poor Relief of the City of Zurich' operated from 1878 to 1929.
fact_date_date_since_1907_1907_none_since_1907_the_city_of_zurich_supports_housing_construction_via_cooperative_support,"Since 1907, the city of Zurich supports housing construction via cooperative support."
fact_place_place_platzspitz_zurich_switzerland_the_gasworks_was_located_at_platzspitz_until_1867,The gasworks was located at Platzspitz until 1867.
fact_place_place_industriequartier_zurich_switzerland_the_gasworks_was_located_in_industriequartier_from_1867_until_1898,The gasworks was located in Industriequartier from 1867 until 1898.
fact_place_place_schlieren_zurich_switzerland_the_gasworks_was_located_in_schlieren_from_1898,The gasworks was located in Schlieren from 1898.
fact_date_date_1778_1778_1778_street_lighting_was_introduced_privately_in_1778,Street lighting was introduced privately in 1778.
fact_date_date_1855_1855_1855_street_lighting_became_a_public_task_in_1855,Street lighting became a public task in 1855.
fact_date_date_1886_1886_1886_the_gasworks_was_operated_by_the_municipality_from_1886,The gasworks was operated by the municipality from 1886.
fact_date_date_1867_1867_1867_the_gasworks_was_located_at_platzspitz_until_1867,The gasworks was located at Platzspitz until 1867.
fact_date_date_1898_1898_1898_the_gasworks_was_located_in_schlieren_from_1898,The gasworks was located in Schlieren from 1898.
fact_date_date_1974_1974_1974_conversion_to_natural_gas_happened_in_1974,Conversion to natural gas happened in 1974.
fact_place_place_zurich_switzerland_construction_of_zurich_water_supply_pipelines_took_place_at_schanzengraben_near_the_botanical_garden_of_the_university,Construction of Zurich water supply pipelines took place at Schanzengraben near the Botanical Garden of the University.
fact_place_place_schanzengraben_zurich_water_supply_pipelines_were_constructed_at_schanzengraben,Zurich water supply pipelines were constructed at Schanzengraben.
fact_place_place_botanical_garden_of_the_university_the_botanical_garden_of_the_university_is_near_the_location_of_the_zurich_water_supply_pipeline_construction,The Botanical Garden of the University is near the location of the Zurich water supply pipeline construction.
fact_date_date_1885_1885_1885_the_photograph_of_the_zurich_water_supply_pipeline_construction_was_taken_in_1885_by_eduard_schucht,The photograph of the Zurich water supply pipeline construction was taken in 1885 by Eduard Schucht.
fact_place_place_zurich_switzerland_the_municipal_engineering_office_in_zurich_created_a_sample_plan_for_homeowners_in_1867,The municipal engineering office in Zurich created a sample plan for homeowners in 1867.
fact_date_date_1867_1867_1867_sewer_reform_took_place_in_1867,Sewer reform took place in 1867.
fact_place_place_limmat_zurich_switzerland_in_1868_drinking_water_supply_was_improved_to_provide_households_with_process_water_from_the_limmat,"In 1868, drinking water supply was improved to provide households with process water from the Limmat."
fact_place_place_sihl_zurich_switzerland_since_1895_spring_water_from_the_sihl_valley_was_used_for_water_supply,"Since 1895, spring water from the Sihl valley was used for water supply."
fact_place_place_lorze_valley_switzerland_since_1895_spring_water_from_the_lorze_valleys_was_used_for_water_supply,"Since 1895, spring water from the Lorze valleys was used for water supply."
fact_place_place_letten_power_plant_zurich_switzerland_the_municipal_letten_power_plant_began_operation_in_1892,The municipal Letten power plant began operation in 1892.
fact_place_place_albula_switzerland_the_city_engaged_in_hydropower_plants_including_albula,The city engaged in hydropower plants including Albula.
fact_place_place_heidsee_switzerland_the_city_engaged_in_hydropower_plants_including_heidsee,The city engaged in hydropower plants including Heidsee.
fact_place_place_limmat_wettingen_switzerland_the_city_engaged_in_hydropower_plants_including_limmat_wettingen,The city engaged in hydropower plants including Limmat Wettingen.
fact_place_place_julia_tiefencastel_switzerland_the_city_engaged_in_hydropower_plants_including_julia_tiefencastel,The city engaged in hydropower plants including Julia Tiefencastel.
fact_place_place_julia_marmorera_switzerland_the_city_engaged_in_hydropower_plants_including_julia_marmorera,The city engaged in hydropower plants including Julia Marmorera.
fact_place_place_bergell_switzerland_the_city_engaged_in_hydropower_plants_including_bergell_power_plants,The city engaged in hydropower plants including Bergell power plants.
fact_place_place_maggia_switzerland_the_city_participated_in_water_and_nuclear_power_plants_including_maggia,The city participated in water and nuclear power plants including Maggia.
fact_place_place_blenio_switzerland_the_city_participated_in_water_and_nuclear_power_plants_including_blenio,The city participated in water and nuclear power plants including Blenio.
fact_place_place_hinterrhein_switzerland_the_city_participated_in_water_and_nuclear_power_plants_including_hinterrhein,The city participated in water and nuclear power plants including Hinterrhein.
fact_place_place_gösgen_nuclear_power_plant_switzerland_the_city_participated_in_nuclear_power_plants_including_gösgen,The city participated in nuclear power plants including Gösgen.
fact_place_place_leibstadt_nuclear_power_plant_switzerland_the_city_participated_in_nuclear_power_plants_including_leibstadt,The city participated in nuclear power plants including Leibstadt.
fact_place_place_bugey_nuclear_power_plant_france_the_city_participated_in_nuclear_power_plants_including_bugey_in_france,The city participated in nuclear power plants including Bugey in France.
fact_place_place_cattenom_nuclear_power_plant_france_the_city_participated_in_nuclear_power_plants_including_cattenom_in_france,The city participated in nuclear power plants including Cattenom in France.
fact_place_place_rösslitram_the_private_rösslitram_opened_in_1888_was_municipalized_in_1894_and_electrified_in_1900,"The private ""Rösslitram"" opened in 1888, was municipalized in 1894 and electrified in 1900."
fact_place_place_zurich_switzerland_by_1931_the_municipal_tramway_zurich_vbz_from_1950_took_over_all_private_tram_companies,"By 1931, the Municipal Tramway Zurich (VBZ from 1950) took over all private tram companies."
fact_place_place_zurich_switzerland_the_zurich_transport_network_the_merger_of_vbz_with_seven_other_transport_companies_began_operation_together_with_the_s_bahn_in_1990,"The Zurich Transport Network, the merger of VBZ with seven other transport companies, began operation together with the S-Bahn in 1990."
fact_date_date_1855_1855_1855_after_the_cholera_epidemic_of_1855_criticism_of_hygienic_conditions_in_waste_disposal_arose,"After the cholera epidemic of 1855, criticism of hygienic conditions in waste disposal arose."
fact_date_date_1860_1873_1860_1873_from_1860_1873_the_sewage_system_was_built,"From 1860-1873, the sewage system was built."
fact_date_date_1867_1867_1867_the_sewer_reform_followed_in_1867,The sewer reform followed in 1867.
fact_date_date_1868_1868_1868_in_1868_drinking_water_supply_was_improved_to_provide_public_fountains_with_spring_water_and_households_with_process_water_from_the_limmat,"In 1868, drinking water supply was improved to provide public fountains with spring water and households with process water from the Limmat."
fact_date_date_1884_1884_1884_after_a_typhus_epidemic_in_1884_water_was_taken_from_the_lake,"After a typhus epidemic in 1884, water was taken from the lake."
fact_date_date_1895_1895_1895_since_1895_spring_water_from_the_sihl_and_lorze_valleys_was_used,"Since 1895, spring water from the Sihl and Lorze valleys was used."
fact_date_date_1904_1904_1904_in_1904_the_waste_incineration_plant_opened,"In 1904, the waste incineration plant opened."
fact_date_date_1923_1923_1923_in_1923_the_construction_of_the_sewage_treatment_plant_and_combined_sewer_system_was_decided,"In 1923, the construction of the sewage treatment plant and combined sewer system was decided."
fact_date_date_1892_1892_1892_the_municipal_letten_power_plant_began_operation_in_1892,The municipal Letten power plant began operation in 1892.
fact_date_date_1888_1888_1888_the_private_rösslitram_opened_in_1888,"The private ""Rösslitram"" opened in 1888."
fact_date_date_1894_1894_1894_the_rösslitram_was_municipalized_in_1894,"The ""Rösslitram"" was municipalized in 1894."
fact_date_date_1900_1900_1900_the_rösslitram_was_electrified_in_1900,"The ""Rösslitram"" was electrified in 1900."
fact_date_date_1931_1931_1931_by_1931_the_municipal_tramway_zurich_vbz_from_1950_took_over_all_private_tram_companies,"By 1931, the Municipal Tramway Zurich (VBZ from 1950) took over all private tram companies."
fact_date_date_1990_1990_1990_the_zurich_transport_network_began_operation_together_with_the_s_bahn_in_1990,The Zurich Transport Network began operation together with the S-Bahn in 1990.
fact_place_place_zurich_switzerland_until_1830_only_the_core_city_was_densely_built,"Until 1830, only the core city was densely built."
fact_place_place_zurich_switzerland_the_rest_of_the_city_area_consisted_of_meadows_fields_vineyards_forest_isolated_farms_and_villas_of_city_dwellers_until_1830,"The rest of the city area consisted of meadows, fields, vineyards, forest, isolated farms and villas of city dwellers until 1830."
fact_place_place_medieval_city_wall_from_1780_deconstruction_of_the_medieval_city_wall_began,"From 1780, deconstruction of the medieval city wall began."
fact_place_place_canton_of_zurich_switzerland_from_1833_the_canton_started_demolishing_fortifications_creating_space_for_public_buildings_and_roads,"From 1833, the canton started demolishing fortifications, creating space for public buildings and roads."
fact_place_place_münsterbrücke_zurich_switzerland_with_the_construction_of_münster_bridge_from_1835_zurich_oriented_itself_from_the_limmat_towards_the_lake,"With the construction of Münster bridge from 1835, Zurich oriented itself from the Limmat towards the lake."
fact_place_place_limmatquai_zurich_switzerland_with_the_construction_of_limmatquai_from_1835_zurich_oriented_itself_from_the_limmat_towards_the_lake,"With the construction of Limmatquai from 1835, Zurich oriented itself from the Limmat towards the lake."
fact_place_place_limmatquai_zurich_switzerland_by_1859_the_limmatquai_was_built,"By 1859, the Limmatquai was built."
fact_place_place_zurich_hauptbahnhof_zurich_switzerland_the_station_outside_the_old_town_opened_in_1847_sparking_a_large_construction_phase_from_1860_to_1890,"The station outside the old town opened in 1847, sparking a large construction phase from 1860 to 1890."
fact_place_place_bahnhofbrücke_zurich_switzerland_from_1861_to_1863_the_bahnhofbrücke_was_built,"From 1861 to 1863, the Bahnhofbrücke was built."
fact_place_place_zeughaus_zurich_switzerland_from_1864_to_1869_the_zeughaus_was_built,"From 1864 to 1869, the Zeughaus was built."
fact_place_place_aussersihl_zurich_switzerland_from_1873_to_1875_a_barracks_was_built_in_aussersihl,"From 1873 to 1875, a barracks was built in Aussersihl."
fact_place_place_bahnhofstrasse_zurich_switzerland_from_1864_bahnhofstrasse_was_constructed,"From 1864, Bahnhofstrasse was constructed."
fact_place_place_bahnhof_district_zurich_switzerland_from_1867_the_bahnhof_district_was_developed,"From 1867, the Bahnhof district was developed."
fact_place_place_eth_zurich_zurich_switzerland_from_1861_to_1864_the_polytechnical_school_was_built,"From 1861 to 1864, the Polytechnical School was built."
fact_place_place_zurich_hauptbahnhof_zurich_switzerland_from_1865_to_1871_the_new_main_train_station_was_constructed,"From 1865 to 1871, the new main train station was constructed."
fact_place_place_paradeplatz_zurich_switzerland_from_1873_to_1875_the_schweizerische_kreditanstalt_at_paradeplatz_was_built,"From 1873 to 1875, the Schweizerische Kreditanstalt at Paradeplatz was built."
fact_place_place_selnau_zurich_switzerland_zurich_expanded_its_city_boundary_into_selnau,Zurich expanded its city boundary into Selnau.
fact_place_place_neumühlequai_zurich_switzerland_zurich_expanded_its_city_boundary_at_neumühlequai,Zurich expanded its city boundary at Neumühlequai.
fact_place_place_fraumünster_district_zurich_switzerland_zurich_laid_out_the_fraumünster_district_from_1875,Zurich laid out the Fraumünster district from 1875.
fact_place_place_prediger_district_zurich_switzerland_zurich_laid_out_the_prediger_district_from_1876_to_1878,Zurich laid out the Prediger district from 1876 to 1878.
fact_place_place_industriequartier_aussersihl_zurich_switzerland_zurich_laid_out_the_industriequartier_in_aussersihl_from_1877_to_1880,Zurich laid out the Industriequartier in Aussersihl from 1877 to 1880.
fact_place_place_zurich_stock_exchange_zurich_switzerland_from_1880_to_1890_the_stock_exchange_was_built,"From 1880 to 1890, the stock exchange was built."
fact_place_place_upper_bahnhofstrasse_zurich_switzerland_from_1880_to_1890_the_upper_bahnhofstrasse_was_built,"From 1880 to 1890, the upper Bahnhofstrasse was built."
fact_place_place_lake_promenade_zurich_switzerland_from_1880_to_1890_the_lake_promenade_was_built,"From 1880 to 1890, the lake promenade was built."
fact_place_place_quaibrücke_zurich_switzerland_from_1880_to_1890_the_quaibrücke_was_built,"From 1880 to 1890, the Quaibrücke was built."
fact_place_place_lakeside_zurich_switzerland_after_1890_construction_of_the_lakeside_was_carried_out,"After 1890, construction of the lakeside was carried out."
fact_place_place_stadthausquai_zurich_switzerland_after_1890_construction_of_the_stadthausquai_was_carried_out,"After 1890, construction of the Stadthausquai was carried out."
fact_place_place_oetenbach_site_zurich_switzerland_the_new_administrative_center_planned_by_gustav_gull_included_office_buildings_on_the_oetenbach_site,The new administrative center planned by Gustav Gull included office buildings on the Oetenbach site.
fact_place_place_schipfe_zurich_switzerland_the_new_administrative_center_planned_by_gustav_gull_included_office_buildings_along_schipfe,The new administrative center planned by Gustav Gull included office buildings along Schipfe.
fact_place_place_zähringerplatz_zurich_switzerland_a_street_connection_from_zähringerplatz_to_rämistrasse_was_planned_but_only_partially_realized,A street connection from Zähringerplatz to Rämistrasse was planned but only partially realized.
fact_place_place_rämistrasse_zurich_switzerland_a_street_connection_from_zähringerplatz_to_rämistrasse_was_planned_but_only_partially_realized,A street connection from Zähringerplatz to Rämistrasse was planned but only partially realized.
fact_place_place_zurich_switzerland_the_international_competition_for_a_development_plan_for_zurich_and_its_suburbs_1915_1918_strongly_shaped_future_development,The international competition for a development plan for Zurich and its suburbs (1915-1918) strongly shaped future development.
fact_date_date_until_1830_none_1830_until_1830_only_the_core_city_was_densely_built,"Until 1830, only the core city was densely built."
fact_date_date_from_1780_1780_none_from_1780_deconstruction_of_the_medieval_city_wall_began,"From 1780, deconstruction of the medieval city wall began."
fact_date_date_from_1833_1833_none_from_1833_the_canton_started_demolishing_fortifications_creating_space_for_public_buildings_and_roads,"From 1833, the canton started demolishing fortifications, creating space for public buildings and roads."
fact_date_date_from_1835_1835_none_with_the_construction_of_münster_bridge_and_limmatquai_from_1835_zurich_oriented_itself_from_the_limmat_towards_the_lake,"With the construction of Münster bridge and Limmatquai from 1835, Zurich oriented itself from the Limmat towards the lake."
fact_date_date_1847_1847_1847_the_station_outside_the_old_town_opened_in_1847_sparking_a_large_construction_phase_from_1860_to_1890,"The station outside the old town opened in 1847, sparking a large construction phase from 1860 to 1890."
fact_date_date_from_1860_to_1890_1860_1890_the_station_opening_in_1847_sparked_a_large_construction_phase_from_1860_to_1890,The station opening in 1847 sparked a large construction phase from 1860 to 1890.
fact_date_date_by_1859_none_1859_by_1859_the_limmatquai_was_built,"By 1859, the Limmatquai was built."
fact_date_date_from_1861_1863_1861_1863_from_1861_to_1863_the_bahnhofbrücke_was_built,"From 1861 to 1863, the Bahnhofbrücke was built."
fact_date_date_1864_1869_1864_1869_from_1864_to_1869_the_zeughaus_was_built,"From 1864 to 1869, the Zeughaus was built."
fact_date_date_1873_1875_1873_1875_from_1873_to_1875_a_barracks_was_built_in_aussersihl,"From 1873 to 1875, a barracks was built in Aussersihl."
fact_date_date_1873_1875_1873_1875_from_1873_to_1875_the_schweizerische_kreditanstalt_at_paradeplatz_was_built,"From 1873 to 1875, the Schweizerische Kreditanstalt at Paradeplatz was built."
fact_date_date_from_1864_1864_none_from_1864_bahnhofstrasse_was_constructed,"From 1864, Bahnhofstrasse was constructed."
fact_date_date_from_1867_1867_none_from_1867_the_bahnhof_district_was_developed,"From 1867, the Bahnhof district was developed."
fact_date_date_1861_1864_1861_1864_from_1861_to_1864_the_polytechnical_school_was_built,"From 1861 to 1864, the Polytechnical School was built."
fact_date_date_1865_1871_1865_1871_from_1865_to_1871_the_new_main_train_station_was_constructed,"From 1865 to 1871, the new main train station was constructed."
fact_date_date_from_1875_1875_none_zurich_laid_out_the_fraumünster_district_from_1875,Zurich laid out the Fraumünster district from 1875.
fact_date_date_1876_1878_1876_1878_zurich_laid_out_the_prediger_district_from_1876_to_1878,Zurich laid out the Prediger district from 1876 to 1878.
fact_date_date_1877_1880_1877_1880_zurich_laid_out_the_industriequartier_in_aussersihl_from_1877_to_1880,Zurich laid out the Industriequartier in Aussersihl from 1877 to 1880.
fact_date_date_1880_1890_1880_1890_from_1880_to_1890_the_stock_exchange_upper_bahnhofstrasse_lake_promenade_and_quaibrücke_were_built,"From 1880 to 1890, the stock exchange, upper Bahnhofstrasse, lake promenade and Quaibrücke were built."
fact_date_date_1899_1899_1899_the_structure_of_the_main_road_network_goes_back_to_the_general_development_plan_of_1899,The structure of the main road network goes back to the general development plan of 1899.
fact_date_date_1915_1918_1915_1918_the_international_competition_for_a_development_plan_for_zurich_and_its_suburbs_1915_1918_strongly_shaped_future_development,The international competition for a development plan for Zurich and its suburbs (1915-1918) strongly shaped future development.
fact_place_place_zurich_switzerland_the_paragraph_discusses_the_urban_development_of_zurich,The paragraph discusses the urban development of Zurich.
fact_date_date_1850_2000_1850_2000_the_urban_development_of_zurich_is_covered_for_the_period_1850_to_2000,The urban development of Zurich is covered for the period 1850 to 2000.
fact_place_place_zurich_switzerland_the_paragraph_discusses_the_development_of_the_zurich_agglomeration,The paragraph discusses the development of the Zurich agglomeration.
fact_date_date_since_1930_1930_2024_the_development_of_the_zurich_agglomeration_has_been_ongoing_since_1930,The development of the Zurich agglomeration has been ongoing since 1930.
fact_place_place_zurich_switzerland_from_1930_the_city_acquired_houses_for_old_town_renovation,"From 1930, the city acquired houses for old town renovation."
fact_place_place_zurich_switzerland_in_1962_the_old_town_was_placed_under_city_protection,"In 1962, the old town was placed under city protection."
fact_place_place_zurich_switzerland_the_concept_of_a_car_friendly_city_was_only_partially_realized_including_widening_bahnhof_and_limmatquai_bahnhof_bridge_and_central,"The concept of a car-friendly city was only partially realized, including widening Bahnhof- and Limmatquai, Bahnhof bridge, and Central."
fact_place_place_zurich_switzerland_the_high_performance_road_around_the_old_town_planned_in_the_1955_general_traffic_plan_was_not_built,"The high-performance road around the old town, planned in the 1955 general traffic plan, was not built."
fact_place_place_zurich_switzerland_an_underground_or_deep_tram_rejected_in_the_1962_referendum_was_not_built,An underground or deep tram rejected in the 1962 referendum was not built.
fact_place_place_zurich_switzerland_an_underground_railway_rejected_in_1973_was_not_built,An underground railway rejected in 1973 was not built.
fact_place_place_zurich_switzerland_the_city_tried_to_solve_inner_city_traffic_problems_with_federal_funds_by_promoting_highway_construction,The city tried to solve inner-city traffic problems with federal funds by promoting highway construction.
fact_place_place_zurich_switzerland_the_opening_of_the_provisional_western_tangent_in_1972_led_to_a_rethink,The opening of the provisional western tangent in 1972 led to a rethink.
fact_place_place_zurich_switzerland_environmental_concerns_regularly_found_political_majorities,Environmental concerns regularly found political majorities.
fact_place_place_zurich_switzerland_the_deindustrialization_from_the_1970s_caused_a_financial_crisis_in_the_1990s,The deindustrialization from the 1970s caused a financial crisis in the 1990s.
fact_place_place_zurich_switzerland_the_deindustrialization_created_free_spaces_enabling_the_boom_in_zurich_west_and_repurposing_of_industrial_areas_into_service_and_residential_districts_in_oerlikon_,"The deindustrialization created free spaces, enabling the boom in Zurich-West and repurposing of industrial areas into service and residential districts in Oerlikon, Giesshübel, Binz, Altstetten, and Affoltern."
fact_place_place_old_town_zurich_switzerland_in_1962_the_old_town_was_placed_under_city_protection_often_leading_to_hollowing_out_of_old_town_houses,"In 1962, the old town was placed under city protection, often leading to hollowing out of old town houses."
fact_place_place_old_town_zurich_switzerland_the_high_performance_road_around_the_old_town_planned_in_the_1955_general_traffic_plan_was_not_built,"The high-performance road around the old town, planned in the 1955 general traffic plan, was not built."
fact_place_place_bahnhof_and_limmatquai_the_concept_of_a_car_friendly_city_was_only_partially_realized_including_widening_bahnhof_and_limmatquai,"The concept of a car-friendly city was only partially realized, including widening Bahnhof- and Limmatquai."
fact_place_place_bahnhofbrücke_zurich_switzerland_the_concept_of_a_car_friendly_city_was_only_partially_realized_including_widening_bahnhof_bridge,"The concept of a car-friendly city was only partially realized, including widening Bahnhof bridge."
fact_place_place_central_zurich_switzerland_the_concept_of_a_car_friendly_city_was_only_partially_realized_including_widening_central,"The concept of a car-friendly city was only partially realized, including widening Central."
fact_place_place_zurich_west_zurich_switzerland_the_deindustrialization_created_free_spaces_enabling_the_boom_in_zurich_west,"The deindustrialization created free spaces, enabling the boom in Zurich-West."
fact_place_place_oerlikon_zurich_switzerland_the_deindustrialization_created_free_spaces_enabling_repurposing_of_industrial_areas_into_service_and_residential_districts_in_oerlikon,"The deindustrialization created free spaces, enabling repurposing of industrial areas into service and residential districts in Oerlikon."
fact_place_place_giesshübel_zurich_switzerland_the_deindustrialization_created_free_spaces_enabling_repurposing_of_industrial_areas_into_service_and_residential_districts_in_giesshübel,"The deindustrialization created free spaces, enabling repurposing of industrial areas into service and residential districts in Giesshübel."
fact_place_place_binz_zurich_switzerland_the_deindustrialization_created_free_spaces_enabling_repurposing_of_industrial_areas_into_service_and_residential_districts_in_binz,"The deindustrialization created free spaces, enabling repurposing of industrial areas into service and residential districts in Binz."
fact_place_place_altstetten_zurich_switzerland_the_deindustrialization_created_free_spaces_enabling_repurposing_of_industrial_areas_into_service_and_residential_districts_in_altstetten,"The deindustrialization created free spaces, enabling repurposing of industrial areas into service and residential districts in Altstetten."
fact_place_place_affoltern_zurich_switzerland_the_deindustrialization_created_free_spaces_enabling_repurposing_of_industrial_areas_into_service_and_residential_districts_in_affoltern,"The deindustrialization created free spaces, enabling repurposing of industrial areas into service and residential districts in Affoltern."
fact_date_date_1930_1930_1930_from_1930_the_city_acquired_houses_for_old_town_renovation,"From 1930, the city acquired houses for old town renovation."
fact_date_date_1962_1962_1962_in_1962_the_old_town_was_placed_under_city_protection,"In 1962, the old town was placed under city protection."
fact_date_date_1962_1962_1962_an_underground_or_deep_tram_was_rejected_in_the_1962_referendum,An underground or deep tram was rejected in the 1962 referendum.
fact_date_date_1955_1955_1955_the_high_performance_road_around_the_old_town_was_planned_in_the_1955_general_traffic_plan,The high-performance road around the old town was planned in the 1955 general traffic plan.
fact_date_date_1973_1973_1973_an_underground_railway_was_rejected_in_1973,An underground railway was rejected in 1973.
fact_date_date_1972_1972_1972_the_opening_of_the_provisional_western_tangent_in_1972_led_to_a_rethink,The opening of the provisional western tangent in 1972 led to a rethink.
fact_date_date_1970s_1970_1979_the_deindustrialization_from_the_1970s_caused_a_financial_crisis_in_the_1990s_and_created_free_spaces,The deindustrialization from the 1970s caused a financial crisis in the 1990s and created free spaces.
fact_date_date_1990s_1990_1999_the_deindustrialization_from_the_1970s_caused_a_financial_crisis_in_the_1990s,The deindustrialization from the 1970s caused a financial crisis in the 1990s.
fact_place_place_zurich_switzerland_at_the_beginning_of_the_19th_century_cotton_and_silk_industries_dominated_city_economy,"At the beginning of the 19th century, cotton and silk industries dominated city economy."
fact_place_place_zurich_switzerland_silk_trade_and_processing_took_place_in_zurich,Silk trade and processing took place in Zurich.
fact_place_place_zurich_switzerland_construction_of_the_railway_from_1847_enabled_zurich_s_development_as_an_industrial_center_and_transport_hub,Construction of the railway from 1847 enabled Zurich's development as an industrial center and transport hub.
fact_place_place_zurich_switzerland_with_schweizerische_kreditanstalt_created_in_1856_to_finance_the_textile_industry_and_railway_construction_zurich_became_a_banking_center,"With Schweizerische Kreditanstalt, created in 1856 to finance the textile industry and railway construction, Zurich became a banking center."
fact_place_place_zurich_switzerland_schweizerische_rentenanstalt_1857_and_schweizerische_rückversicherungsanstalt_1863_founded_the_insurance_sector_in_zurich,Schweizerische Rentenanstalt (1857) and Schweizerische Rückversicherungsanstalt (1863) founded the insurance sector in Zurich.
fact_place_place_zurich_switzerland_towards_the_end_of_the_19th_century_heavy_industry_shifted_from_the_center_to_outskirts_in_aussersihl_and_oerlikon,"Towards the end of the 19th century, heavy industry shifted from the center to outskirts in Aussersihl and Oerlikon."
fact_place_place_zurich_switzerland_by_1930_the_textile_industry_lost_its_leading_role_to_metal_machinery_and_electrical_industries,"By 1930, the textile industry lost its leading role to metal, machinery and electrical industries."
fact_place_place_zurich_switzerland_in_1929_a_quarter_of_all_bank_employees_and_a_third_of_all_insurance_employees_in_switzerland_worked_in_zurich,"In 1929, a quarter of all bank employees and a third of all insurance employees in Switzerland worked in Zurich."
fact_place_place_zurich_switzerland_in_the_1980s_and_1990s_financial_institutions_outsourced_parts_of_their_jobs_to_suburbs_and_the_zurich_region_became_one_of_the_world_s_ten_largest_financial_center,"In the 1980s and 1990s, financial institutions outsourced parts of their jobs to suburbs, and the Zurich region became one of the world's ten largest financial centers."
fact_place_place_zurich_switzerland_in_the_second_half_of_the_20th_century_the_city_also_became_switzerland_s_media_center,"In the second half of the 20th century, the city also became Switzerland's media center."
fact_place_place_zurich_switzerland_apart_from_major_zurich_newspapers_neue_zürcher_zeitung_and_tages_anzeiger_tabloid_and_popular_press_such_as_blick_were_published_here,"Apart from major Zurich newspapers ""Neue Zürcher Zeitung"" and ""Tages-Anzeiger,"" tabloid and popular press such as Blick were published here."
fact_place_place_zurich_switzerland_german_and_romansh_speaking_swiss_television_settled_in_zurich,German- and Romansh-speaking Swiss television settled in Zurich.
fact_place_place_neumühlequai_in_1805_the_mechanical_cotton_spinning_mill_later_escher_wyss_cie_machine_factory_was_founded_at_neumühlequai,"In 1805, the mechanical cotton spinning mill, later Escher Wyss & Cie. machine factory, was founded at Neumühlequai."
fact_place_place_limmat_switzerland_mills_on_the_limmat_were_converted_into_textile_factories_by_1895,Mills on the Limmat were converted into textile factories by 1895.
fact_place_place_aussersihl_zurich_switzerland_towards_the_end_of_the_19th_century_heavy_industry_shifted_from_the_center_to_outskirts_in_aussersihl,"Towards the end of the 19th century, heavy industry shifted from the center to outskirts in Aussersihl."
fact_place_place_oerlikon_zurich_switzerland_towards_the_end_of_the_19th_century_heavy_industry_shifted_from_the_center_to_outskirts_in_oerlikon,"Towards the end of the 19th century, heavy industry shifted from the center to outskirts in Oerlikon."
fact_date_date_beginning_of_the_19th_century_1801_1833_at_the_beginning_of_the_19th_century_cotton_and_silk_industries_dominated_city_economy,"At the beginning of the 19th century, cotton and silk industries dominated city economy."
fact_date_date_1805_1805_1805_in_1805_the_mechanical_cotton_spinning_mill_later_escher_wyss_cie_machine_factory_was_founded_at_neumühlequai,"In 1805, the mechanical cotton spinning mill, later Escher Wyss & Cie. machine factory, was founded at Neumühlequai."
fact_date_date_1895_1895_1895_mills_on_the_limmat_were_converted_into_textile_factories_by_1895,Mills on the Limmat were converted into textile factories by 1895.
fact_date_date_1847_1847_1847_construction_of_the_railway_from_1847_enabled_zurich_s_development_as_an_industrial_center_and_transport_hub,Construction of the railway from 1847 enabled Zurich's development as an industrial center and transport hub.
fact_date_date_1856_1856_1856_with_schweizerische_kreditanstalt_created_in_1856_to_finance_the_textile_industry_and_railway_construction_zurich_became_a_banking_center,"With Schweizerische Kreditanstalt, created in 1856 to finance the textile industry and railway construction, Zurich became a banking center."
fact_date_date_1857_1857_1857_schweizerische_rentenanstalt_1857_founded_the_insurance_sector_in_zurich,Schweizerische Rentenanstalt (1857) founded the insurance sector in Zurich.
fact_date_date_1863_1863_1863_schweizerische_rückversicherungsanstalt_1863_founded_the_insurance_sector_in_zurich,Schweizerische Rückversicherungsanstalt (1863) founded the insurance sector in Zurich.
fact_date_date_end_of_the_19th_century_1884_1900_towards_the_end_of_the_19th_century_heavy_industry_shifted_from_the_center_to_outskirts_in_aussersihl_and_oerlikon,"Towards the end of the 19th century, heavy industry shifted from the center to outskirts in Aussersihl and Oerlikon."
fact_date_date_1930_1930_1930_by_1930_the_textile_industry_lost_its_leading_role_to_metal_machinery_and_electrical_industries,"By 1930, the textile industry lost its leading role to metal, machinery and electrical industries."
fact_date_date_1929_1929_1929_in_1929_a_quarter_of_all_bank_employees_and_a_third_of_all_insurance_employees_in_switzerland_worked_in_zurich,"In 1929, a quarter of all bank employees and a third of all insurance employees in Switzerland worked in Zurich."
fact_date_date_1980s_and_1990s_1980_1999_in_the_1980s_and_1990s_financial_institutions_outsourced_parts_of_their_jobs_to_suburbs_and_the_zurich_region_became_one_of_the_world_s_ten_largest_financial_c,"In the 1980s and 1990s, financial institutions outsourced parts of their jobs to suburbs, and the Zurich region became one of the world's ten largest financial centers."
fact_date_date_second_half_of_the_20th_century_1951_2000_in_the_second_half_of_the_20th_century_the_city_also_became_switzerland_s_media_center,"In the second half of the 20th century, the city also became Switzerland's media center."
fact_place_place_zurich_switzerland_in_the_early_19th_century_the_minority_of_old_zurich_families_who_had_belonged_to_the_regime_before_1798_dominated_politically_and_economically,"In the early 19th century, the minority of old Zurich families who had belonged to the regime before 1798 dominated politically and economically."
fact_place_place_zurich_switzerland_the_upper_class_in_zurich_met_in_partly_exclusive_clubs_such_as_schildner_zum_schneggen_bogenschützen_the_old_zurich_club_zur_weißen_rose_or_reitclub_zurich,"The upper class in Zurich met in partly exclusive clubs such as Schildner zum Schneggen, Bogenschützen, the old Zurich club ""zur weißen Rose"", or Reitclub Zurich."
fact_place_place_zurich_switzerland_guilds_and_some_cultural_and_sports_associations_such_as_the_hottingen_reading_circle_or_the_grasshopper_club_were_more_middle_class_oriented_in_zurich,Guilds and some cultural and sports associations such as the Hottingen reading circle or the Grasshopper Club were more middle-class oriented in Zurich.
fact_place_place_zurich_switzerland_craftsmen_made_up_the_majority_of_zurich_city_population_until_the_abolition_of_privileges_by_ending_the_guild_system_in_1837_and_industrialization_undermined_their,Craftsmen made up the majority of Zurich city population until the abolition of privileges by ending the guild system in 1837 and industrialization undermined their economic basis.
fact_date_date_early_19th_century_1801_1833_in_the_early_19th_century_the_minority_of_old_zurich_families_who_had_belonged_to_the_regime_before_1798_dominated_politically_and_economically,"In the early 19th century, the minority of old Zurich families who had belonged to the regime before 1798 dominated politically and economically."
fact_date_date_before_1798_none_1797_the_minority_of_old_zurich_families_had_belonged_to_the_regime_before_1798,The minority of old Zurich families had belonged to the regime before 1798.
fact_date_date_late_19th_century_1867_1900_distinctions_between_the_old_zurich_families_and_the_advancing_bourgeoisie_began_to_blur_in_the_late_19th_century,Distinctions between the old Zurich families and the advancing bourgeoisie began to blur in the late 19th century.
fact_date_date_1837_1837_1837_the_guild_system_ended_in_1837_abolishing_privileges_in_zurich,"The guild system ended in 1837, abolishing privileges in Zurich."
fact_place_place_zurich_switzerland_the_paragraph_discusses_the_population_development_of_the_city_of_zurich,The paragraph discusses the population development of the city of Zurich.
fact_date_date_1836_2010_1836_2010_the_population_development_covers_the_period_from_1836_to_2010,The population development covers the period from 1836 to 2010.
fact_place_place_zurich_switzerland_zurich_was_purely_reformed_until_1798,Zurich was purely Reformed until 1798.
fact_place_place_zurich_switzerland_zurich_became_a_mixed_denomination_city_due_to_immigration,Zurich became a mixed-denomination city due to immigration.
fact_place_place_zurich_switzerland_germans_arrived_in_zurich_from_about_1830_as_academics_or_skilled_workers_and_some_as_political_refugees,Germans arrived in Zurich from about 1830 as academics or skilled workers and some as political refugees.
fact_place_place_zurich_switzerland_a_support_association_for_german_refugees_was_founded_in_zurich_in_1856,A support association for German refugees was founded in Zurich in 1856.
fact_place_place_zurich_switzerland_around_1900_immigrant_workers_from_germany_in_zurich_were_mostly_female,"Around 1900, immigrant workers from Germany in Zurich were mostly female."
fact_place_place_zurich_switzerland_italians_immigrated_to_zurich_from_the_1880s_mainly_from_northern_rural_italy,Italians immigrated to Zurich from the 1880s mainly from northern rural Italy.
fact_place_place_zurich_switzerland_italian_immigrants_in_zurich_were_mainly_employed_in_construction_and_gradually_organized_in_workers_associations,Italian immigrants in Zurich were mainly employed in construction and gradually organized in workers' associations.
fact_date_date_around_1800_1795_1805_the_share_of_citizens_in_the_city_population_was_still_55_9_around_1800,The share of citizens in the city population was still 55.9% around 1800.
fact_date_date_by_1836_1836_1836_by_1836_residents_had_the_majority_in_zurich,"By 1836, residents had the majority in Zurich."
fact_date_date_from_about_1830_1828_1832_germans_arrived_in_zurich_from_about_1830_as_academics_or_skilled_workers_and_some_as_political_refugees,Germans arrived in Zurich from about 1830 as academics or skilled workers and some as political refugees.
fact_date_date_1856_1856_1856_a_support_association_for_german_refugees_was_founded_in_zurich_in_1856,A support association for German refugees was founded in Zurich in 1856.
fact_date_date_around_1900_1895_1905_around_1900_immigrant_workers_from_germany_in_zurich_were_mostly_female,"Around 1900, immigrant workers from Germany in Zurich were mostly female."
fact_date_date_from_the_1880s_1880_1889_italians_immigrated_to_zurich_from_the_1880s_mainly_from_northern_rural_italy,Italians immigrated to Zurich from the 1880s mainly from northern rural Italy.
fact_place_place_zurich_switzerland_more_than_50_strikes_took_place_in_zurich_in_1906_1907,More than 50 strikes took place in Zurich in 1906-1907.
fact_place_place_zurich_switzerland_the_painters_and_locksmiths_strike_in_zurich_led_in_1912_to_the_general_strike,The painters' and locksmiths' strike in Zurich led in 1912 to the general strike.
fact_place_place_zurich_switzerland_the_worsening_living_conditions_in_world_war_i_radicalized_workers_in_zurich,The worsening living conditions in World War I radicalized workers in Zurich.
fact_place_place_zurich_switzerland_from_1914_the_number_of_foreigners_in_zurich_decreased_continuously_until_after_world_war_ii,"From 1914, the number of foreigners in Zurich decreased continuously until after World War II."
fact_place_place_zurich_switzerland_zurich_was_a_destination_for_political_and_artistic_refugees_from_germany_especially_from_1933,Zurich was a destination for political and artistic refugees from Germany especially from 1933.
fact_date_date_1871_1871_1871_social_tensions_erupted_in_1871_in_the_tonhalle_riots,Social tensions erupted in 1871 in the Tonhalle riots.
fact_date_date_1896_1896_1896_social_tensions_erupted_in_1896_in_the_italian_riots,Social tensions erupted in 1896 in the Italian riots.
fact_date_date_1844_1869_1844_1869_there_was_a_cantonal_ban_on_trade_unions_from_1844_to_1869,There was a cantonal ban on trade unions from 1844 to 1869.
fact_date_date_1870_1870_1870_social_conflicts_reached_a_first_peak_in_1870,Social conflicts reached a first peak in 1870.
fact_date_date_1906_1907_1906_1907_more_than_50_strikes_took_place_in_zurich_in_1906_1907,More than 50 strikes took place in Zurich in 1906-1907.
fact_date_date_1912_1912_1912_the_painters_and_locksmiths_strike_led_in_1912_to_the_general_strike,The painters' and locksmiths' strike led in 1912 to the general strike.
fact_date_date_world_war_i_1914_1918_the_worsening_living_conditions_in_world_war_i_radicalized_workers_and_fostered_revolutionary_and_pacifist_ideas,The worsening living conditions in World War I radicalized workers and fostered revolutionary and pacifist ideas.
fact_date_date_november_1917_1917_1917_revolutionary_and_pacifist_ideas_culminated_in_the_november_riots_of_1917,Revolutionary and pacifist ideas culminated in the November riots of 1917.
fact_date_date_1918_1918_1918_the_national_strike_took_place_in_1918,The national strike took place in 1918.
fact_date_date_from_1914_1914_1945_from_1914_the_number_of_foreigners_decreased_continuously_until_after_world_war_ii,"From 1914, the number of foreigners decreased continuously until after World War II."
fact_date_date_1933_1933_1933_zurich_was_a_destination_for_political_and_artistic_refugees_from_germany_especially_from_1933,Zurich was a destination for political and artistic refugees from Germany especially from 1933.
fact_place_place_zurichberg_aussersihl_industriequartier_in_social_topography_the_zurichberg_aussersihl_industriequartier_contrast_was_increasingly_replaced_by_center_periphery_contrast,"In social topography, the Zurichberg-Aussersihl/Industriequartier contrast was increasingly replaced by center-periphery contrast."
fact_date_date_after_world_war_ii_1945_1949_the_economic_upswing_after_world_war_ii_largely_dissolved_social_milieus,The economic upswing after World War II largely dissolved social milieus.
fact_date_date_from_1950_1950_1950_from_1950_a_second_italian_labor_immigration_began,"From 1950, a second Italian labor immigration began."
fact_date_date_in_the_1970s_1970_1979_in_the_1970s_italian_labor_immigration_was_replaced_by_migration_from_further_mediterranean_countries,"In the 1970s, Italian labor immigration was replaced by migration from further Mediterranean countries."
fact_date_date_after_switzerland_concluded_bilateral_agreements_with_the_eu_in_2002_2002_2002_a_renewed_significant_influx_of_immigrants_from_eu_states_especially_germany_started_after_switzerland_con,"A renewed significant influx of immigrants from EU states, especially Germany, started after Switzerland concluded bilateral agreements with the EU in 2002."
fact_place_place_zurich_switzerland_until_1798_only_reformed_lived_in_zurich,"Until 1798, only Reformed lived in Zurich."
fact_place_place_zurich_switzerland_reformed_were_divided_into_four_church_parishes_grossmünster_fraumünster_st_peter_and_prediger,"Reformed were divided into four church parishes Grossmünster, Fraumünster, St. Peter and Prediger."
fact_place_place_zurich_switzerland_in_2013_there_were_34_parishes_in_zurich,"In 2013, there were 34 parishes in Zurich."
fact_place_place_zurich_switzerland_the_first_of_today_s_23_catholic_parishes_emerged_in_1807_in_zurich,The first of today's 23 Catholic parishes emerged in 1807 in Zurich.
fact_place_place_zurich_switzerland_the_parish_church_was_initially_the_st_anna_chapel,The parish church was initially the St. Anna Chapel.
fact_place_place_zurich_switzerland_from_1833_the_parish_church_was_the_fraumünster,From 1833 the parish church was the Fraumünster.
fact_place_place_zurich_switzerland_from_1842_1873_the_augustiner_church_was_the_parish_church,From 1842-1873 the Augustiner church was the parish church.
fact_place_place_zurich_switzerland_during_the_culture_struggle_the_augustiner_church_was_given_to_the_newly_formed_christian_catholic_community,During the culture struggle the Augustiner church was given to the newly formed Christian Catholic community.
fact_place_place_zurich_switzerland_in_1874_st_peter_and_paul_in_aussersihl_was_consecrated,"In 1874, St. Peter and Paul in Aussersihl was consecrated."
fact_place_place_grossmünster_zurich_switzerland_grossmünster_was_one_of_the_four_reformed_church_parishes_until_1798,Grossmünster was one of the four Reformed church parishes until 1798.
fact_place_place_fraumünster_zurich_switzerland_fraumünster_was_one_of_the_four_reformed_church_parishes_until_1798,Fraumünster was one of the four Reformed church parishes until 1798.
fact_place_place_fraumünster_zurich_switzerland_from_1833_the_fraumünster_was_the_parish_church_for_catholics,From 1833 the Fraumünster was the parish church for Catholics.
fact_place_place_st_peter_zurich_switzerland_st_peter_was_one_of_the_four_reformed_church_parishes_until_1798,St. Peter was one of the four Reformed church parishes until 1798.
fact_place_place_predigerkirche_zurich_switzerland_prediger_was_one_of_the_four_reformed_church_parishes_until_1798,Prediger was one of the four Reformed church parishes until 1798.
fact_place_place_st_anna_chapel_the_parish_church_was_initially_the_st_anna_chapel,The parish church was initially the St. Anna Chapel.
fact_place_place_augustinerkirche_zurich_switzerland_from_1842_1873_the_augustiner_church_was_the_parish_church,From 1842-1873 the Augustiner church was the parish church.
fact_place_place_augustinerkirche_zurich_switzerland_during_the_culture_struggle_the_augustiner_church_was_given_to_the_newly_formed_christian_catholic_community,During the culture struggle the Augustiner church was given to the newly formed Christian Catholic community.
fact_place_place_st_peter_and_paul_church_aussersihl_zurich_switzerland_in_1874_st_peter_and_paul_in_aussersihl_was_consecrated,"In 1874, St. Peter and Paul in Aussersihl was consecrated."
fact_date_date_until_1798_none_1798_until_1798_only_reformed_lived_in_zurich,"Until 1798, only Reformed lived in Zurich."
fact_date_date_2013_2013_2013_in_2013_there_were_34_parishes_in_zurich,"In 2013, there were 34 parishes in Zurich."
fact_date_date_1807_1807_1807_the_first_of_today_s_23_catholic_parishes_emerged_in_1807,The first of today's 23 Catholic parishes emerged in 1807.
fact_date_date_1833_1833_1833_from_1833_the_fraumünster_was_the_parish_church_for_catholics,From 1833 the Fraumünster was the parish church for Catholics.
fact_date_date_1842_1873_1842_1873_from_1842_1873_the_augustiner_church_was_the_parish_church,From 1842-1873 the Augustiner church was the parish church.
fact_date_date_1874_1874_1874_in_1874_st_peter_and_paul_in_aussersihl_was_consecrated,"In 1874, St. Peter and Paul in Aussersihl was consecrated."
fact_place_place_endingen_aargau_switzerland_jews_mainly_from_endingen_were_only_tolerated_before_1862,Jews mainly from Endingen were only tolerated before 1862.
fact_place_place_lengnau_aargau_switzerland_jews_mainly_from_lengnau_ag_were_only_tolerated_before_1862,Jews mainly from Lengnau (AG) were only tolerated before 1862.
fact_place_place_southern_germany_jews_mainly_from_southern_germany_were_only_tolerated_before_1862,Jews mainly from southern Germany were only tolerated before 1862.
fact_place_place_alsace_france_jews_mainly_from_alsace_were_only_tolerated_before_1862,Jews mainly from Alsace were only tolerated before 1862.
fact_place_place_zurich_switzerland_in_1862_some_immigrants_founded_the_israelite_cultus_community_in_zurich,"In 1862, some immigrants founded the Israelite Cultus Community in Zurich."
fact_place_place_zurich_switzerland_in_1963_the_first_mosque_in_switzerland_the_mahmoud_mosque_was_opened_in_zurich,"In 1963, the first mosque in Switzerland, the Mahmoud Mosque, was opened in Zurich."
fact_place_place_zurich_switzerland_the_growth_of_muslims_of_various_faiths_in_zurich_mainly_stems_from_immigration_of_laborers_and_political_refugees_from_former_yugoslavia_and_turkey,The growth of Muslims of various faiths in Zurich mainly stems from immigration of laborers and political refugees from former Yugoslavia and Turkey.
fact_date_date_1862_1862_1862_permanent_settlement_freedom_was_granted_to_jews_in_1862,Permanent settlement freedom was granted to Jews in 1862.
fact_date_date_1862_1862_1862_in_1862_some_immigrants_founded_the_israelite_cultus_community,"In 1862, some immigrants founded the Israelite Cultus Community."
fact_date_date_1870s_1870_1879_eastern_european_immigration_began_in_the_1870s,Eastern European immigration began in the 1870s.
fact_date_date_1895_1895_1895_the_israelite_religious_community_formed_in_1895,The Israelite Religious Community formed in 1895.
fact_date_date_1912_1912_1912_agudas_achim_was_formed_in_1912,Agudas Achim was formed in 1912.
fact_date_date_1978_1978_1978_or_chadasch_was_formed_in_1978,Or Chadasch was formed in 1978.
fact_date_date_1910_1910_1910_in_1910_anti_semitic_prejudices_led_to_extended_residence_requirements,"In 1910, anti-Semitic prejudices led to extended residence requirements."
fact_date_date_1920_1920_1920_in_1920_a_criterion_aimed_especially_at_orthodox_jews_of_adequate_assimilation_in_naturalizations_was_introduced,"In 1920, a criterion aimed especially at Orthodox Jews of adequate assimilation in naturalizations was introduced."
fact_date_date_1963_1963_1963_in_1963_the_first_mosque_in_switzerland_the_mahmoud_mosque_was_opened_in_zurich,"In 1963, the first mosque in Switzerland, the Mahmoud Mosque, was opened in Zurich."
fact_place_place_zurich_switzerland_the_university_opened_in_zurich_in_1833,The university opened in Zurich in 1833.
fact_place_place_zurich_switzerland_the_polytechnic_federal_institutes_of_technology_was_founded_in_zurich_in_1855,The Polytechnic (Federal Institutes of Technology) was founded in Zurich in 1855.
fact_place_place_zurich_switzerland_zurich_became_a_research_site_producing_some_nobel_prize_winners,Zurich became a research site producing some Nobel Prize winners.
fact_place_place_zurich_switzerland_the_city_s_higher_daughters_school_was_transferred_to_the_canton_in_1976,The city’s Higher Daughters’ School was transferred to the canton in 1976.
fact_place_place_zurich_switzerland_the_canton_took_over_the_vocational_school_and_the_school_of_applied_arts_in_1988,The canton took over the vocational school and the School of Applied Arts in 1988.
fact_place_place_zurich_switzerland_the_school_of_applied_arts_was_transformed_into_the_school_of_design_and_art_in_1998_and_integrated_into_the_university_of_the_arts_in_2007,The School of Applied Arts was transformed into the School of Design and Art in 1998 and integrated into the University of the Arts in 2007.
fact_date_date_1831_1833_1831_1833_liberals_comprehensively_reformed_the_cantonal_school_system_and_integrated_the_existing_city_educational_institutions_into_the_new_system_from_1831_to_1833,Liberals comprehensively reformed the cantonal school system and integrated the existing city educational institutions into the new system from 1831 to 1833.
fact_date_date_1833_1833_1833_the_university_opened_in_1833,The university opened in 1833.
fact_date_date_1840_1840_1840_women_were_allowed_to_study_at_the_university_from_1840,Women were allowed to study at the university from 1840.
fact_date_date_1855_1855_1855_the_polytechnic_federal_institutes_of_technology_was_founded_in_1855,The Polytechnic (Federal Institutes of Technology) was founded in 1855.
fact_date_date_1832_1832_1832_the_antiquarian_society_was_founded_in_1832,The Antiquarian Society was founded in 1832.
fact_date_date_1837_1837_1837_the_scholars_society_was_founded_in_1837,The Scholars Society was founded in 1837.
fact_date_date_1976_1976_1976_the_city_s_higher_daughters_school_was_transferred_to_the_canton_in_1976,The city’s Higher Daughters’ School was transferred to the canton in 1976.
fact_date_date_1875_1875_1875_the_city_s_higher_daughters_school_was_founded_in_1875,The city’s Higher Daughters’ School was founded in 1875.
fact_date_date_1988_1988_1988_the_canton_took_over_the_vocational_school_and_the_school_of_applied_arts_in_1988,The canton took over the vocational school and the School of Applied Arts in 1988.
fact_date_date_1873_1873_1873_the_vocational_school_was_founded_in_1873,The vocational school was founded in 1873.
fact_date_date_1878_1878_1878_the_school_of_applied_arts_was_founded_in_1878,The School of Applied Arts was founded in 1878.
fact_date_date_1998_1998_1998_the_school_of_applied_arts_was_transformed_into_the_school_of_design_and_art_in_1998,The School of Applied Arts was transformed into the School of Design and Art in 1998.
fact_date_date_2007_2007_2007_the_school_of_design_and_art_was_integrated_into_the_university_of_the_arts_in_2007,The School of Design and Art was integrated into the University of the Arts in 2007.
fact_place_place_aktie_theater_zurich_switzerland_the_speech_and_music_stage_of_the_aktie_theater_was_established_in_1834,The speech and music stage of the Aktie Theater was established in 1834.
fact_place_place_aktie_theater_zurich_switzerland_charlotte_birch_pfeiffer_directed_the_aktie_theater_from_1837_to_1843,Charlotte Birch-Pfeiffer directed the Aktie Theater from 1837 to 1843.
fact_place_place_aktie_theater_zurich_switzerland_the_aktie_theater_lasted_until_1890,The Aktie Theater lasted until 1890.
fact_place_place_aktie_theater_zurich_switzerland_the_aktie_theater_burned_down_before_1891,The Aktie Theater burned down before 1891.
fact_place_place_casino_hirschengraben_zurich_switzerland_richard_wagner_gave_concerts_at_the_casino_on_hirschengraben_1806_1874,Richard Wagner gave concerts at the casino on Hirschengraben (1806-1874).
fact_place_place_tonhalle_in_the_kornhaus_bellevue_zurich_switzerland_the_tonhalle_in_the_kornhaus_at_bellevue_opened_provisionally_in_1867_for_the_swiss_music_festival,The Tonhalle in the Kornhaus at Bellevue opened provisionally in 1867 for the Swiss Music Festival.
fact_place_place_tonhalle_in_the_kornhaus_bellevue_zurich_switzerland_the_tonhalle_in_the_kornhaus_at_bellevue_opened_definitely_with_the_founding_of_the_tonhalle_society_in_1868,The Tonhalle in the Kornhaus at Bellevue opened definitely with the founding of the Tonhalle Society in 1868.
fact_place_place_tonhalle_in_the_kornhaus_bellevue_zurich_switzerland_the_tonhalle_in_the_kornhaus_was_demolished_in_1897,The Tonhalle in the Kornhaus was demolished in 1897.
fact_place_place_tonhalle_zurich_switzerland_the_new_tonhalle_was_built_in_1895_replacing_the_tonhalle_in_the_kornhaus,The new Tonhalle was built in 1895 replacing the Tonhalle in the Kornhaus.
fact_place_place_tonhalle_zurich_switzerland_in_1937_the_new_tonhalle_was_integrated_into_the_congress_house,"In 1937, the new Tonhalle was integrated into the Congress House."
fact_place_place_zurich_music_school_zurich_switzerland_the_zurich_music_school_was_founded_in_1876,The Zurich Music School was founded in 1876.
fact_place_place_zurich_music_school_zurich_switzerland_from_1907_the_zurich_music_school_was_known_as_the_conservatory,"From 1907, the Zurich Music School was known as the Conservatory."
fact_place_place_city_theater_at_bellevue_zurich_switzerland_the_city_theater_at_bellevue_was_built_in_1891_after_the_aktie_theater_burned_down,The city theater at Bellevue was built in 1891 after the Aktie Theater burned down.
fact_place_place_city_theater_at_bellevue_zurich_switzerland_the_city_theater_at_bellevue_was_renamed_opera_house_in_1964,The city theater at Bellevue was renamed Opera House in 1964.
fact_place_place_volkstheater_at_pfauen_zurich_switzerland_the_volkstheater_at_pfauen_was_founded_in_1892,The Volkstheater at Pfauen was founded in 1892.
fact_place_place_volkstheater_at_pfauen_zurich_switzerland_director_ferdinand_rieser_turned_the_volkstheater_at_pfauen_into_the_schauspielhaus,Director Ferdinand Rieser turned the Volkstheater at Pfauen into the Schauspielhaus.
fact_place_place_schauspielhaus_zurich_switzerland_from_1933_the_schauspielhaus_became_the_most_important_independent_stage_in_the_german_speaking_world,"From 1933, the Schauspielhaus became the most important independent stage in the German-speaking world."
fact_place_place_schiffbauhalle_zurich_west_zurich_switzerland_the_neue_schauspiel_ag_founded_in_1938_plays_the_schiffbauhalle_in_zurich_west_since_2000,"The Neue Schauspiel AG, founded in 1938, plays the Schiffbauhalle in Zurich-West since 2000."
fact_date_date_18th_and_19th_centuries_1701_1900_music_life_flourished_in_the_18th_and_19th_centuries,Music life flourished in the 18th and 19th centuries.
fact_date_date_1812_1812_1812_the_three_music_societies_merged_in_1812_into_the_general_music_society,The three music societies merged in 1812 into the General Music Society.
fact_date_date_1830s_1830_1839_church_circles_prevented_theater_until_the_1830s,Church circles prevented theater until the 1830s.
fact_date_date_1834_1834_1834_the_speech_and_music_stage_of_the_aktie_theater_was_established_in_1834,The speech and music stage of the Aktie Theater was established in 1834.
fact_date_date_1837_1843_1837_1843_charlotte_birch_pfeiffer_directed_the_aktie_theater_from_1837_to_1843,Charlotte Birch-Pfeiffer directed the Aktie Theater from 1837 to 1843.
fact_date_date_1806_1874_1806_1874_richard_wagner_gave_concerts_at_the_casino_on_hirschengraben_1806_1874,Richard Wagner gave concerts at the casino on Hirschengraben (1806-1874).
fact_date_date_1867_1867_1867_the_tonhalle_in_the_kornhaus_at_bellevue_opened_provisionally_in_1867_for_the_swiss_music_festival,The Tonhalle in the Kornhaus at Bellevue opened provisionally in 1867 for the Swiss Music Festival.
fact_date_date_1868_1868_1868_the_tonhalle_in_the_kornhaus_at_bellevue_opened_definitely_with_the_founding_of_the_tonhalle_society_in_1868,The Tonhalle in the Kornhaus at Bellevue opened definitely with the founding of the Tonhalle Society in 1868.
fact_date_date_1876_1876_1876_the_zurich_music_school_was_founded_in_1876,The Zurich Music School was founded in 1876.
fact_date_date_1890_1890_1890_the_aktie_theater_lasted_until_1890,The Aktie Theater lasted until 1890.
fact_date_date_1891_1891_1891_the_city_theater_at_bellevue_was_built_in_1891_after_the_aktie_theater_burned_down,The city theater at Bellevue was built in 1891 after the Aktie Theater burned down.
fact_date_date_1892_1892_1892_the_volkstheater_at_pfauen_was_founded_in_1892,The Volkstheater at Pfauen was founded in 1892.
fact_date_date_1895_1895_1895_the_new_tonhalle_was_built_in_1895_replacing_the_tonhalle_in_the_kornhaus,The new Tonhalle was built in 1895 replacing the Tonhalle in the Kornhaus.
fact_date_date_1897_1897_1897_the_tonhalle_in_the_kornhaus_was_demolished_in_1897,The Tonhalle in the Kornhaus was demolished in 1897.
fact_date_date_1907_1907_1907_from_1907_the_zurich_music_school_was_known_as_the_conservatory,"From 1907, the Zurich Music School was known as the Conservatory."
fact_date_date_1933_1933_1933_from_1933_the_schauspielhaus_became_the_most_important_independent_stage_in_the_german_speaking_world,"From 1933, the Schauspielhaus became the most important independent stage in the German-speaking world."
fact_date_date_1937_1937_1937_in_1937_the_new_tonhalle_was_integrated_into_the_congress_house,"In 1937, the new Tonhalle was integrated into the Congress House."
fact_date_date_1938_1938_1938_the_neue_schauspiel_ag_was_founded_in_1938,The Neue Schauspiel AG was founded in 1938.
fact_date_date_1964_1964_1964_the_city_theater_at_bellevue_was_renamed_opera_house_in_1964,The city theater at Bellevue was renamed Opera House in 1964.
fact_date_date_2000_2000_2000_the_neue_schauspiel_ag_plays_the_schiffbauhalle_in_zurich_west_since_2000,The Neue Schauspiel AG plays the Schiffbauhalle in Zurich-West since 2000.
fact_place_place_zurich_switzerland_the_kunsthaus_was_founded_in_zurich_in_1910_on_the_initiative_of_the_art_society,The Kunsthaus was founded in Zurich in 1910 on the initiative of the Art Society.
fact_place_place_zurich_switzerland_the_city_museum_rietberg_in_zurich_opened_in_1952_with_baron_eduard_von_der_heydt_s_collection_of_non_european_art,The city Museum Rietberg in Zurich opened in 1952 with Baron Eduard von der Heydt's collection of non-European art.
fact_place_place_zurich_switzerland_the_museum_of_contemporary_art_in_zurich_opened_in_1996_in_the_löwenbräu_area_with_the_collection_of_the_migros_cooperative_federation,The Museum of Contemporary Art in Zurich opened in 1996 in the Löwenbräu area with the collection of the Migros cooperative federation.
fact_place_place_zurich_switzerland_haus_konstruktiv_in_zurich_founded_in_1986_opened_in_2001_in_the_ewz_substation_selnau_with_the_collection_of_the_foundation_for_constructive_and_concrete_art,"Haus Konstruktiv in Zurich, founded in 1986, opened in 2001 in the EWZ substation Selnau with the collection of the foundation for constructive and concrete art."
fact_place_place_zurich_switzerland_these_collections_brought_zurich_into_the_focus_of_leading_international_art_galleries,These collections brought Zurich into the focus of leading international art galleries.
fact_date_date_1787_1787_1787_the_zurich_artists_society_was_founded_in_1787,The Zurich Artists' Society was founded in 1787.
fact_date_date_1910_1910_1910_the_kunsthaus_was_founded_in_1910,The Kunsthaus was founded in 1910.
fact_date_date_world_war_ii_1939_1945_the_kunsthaus_gained_international_importance_only_after_world_war_ii_thanks_to_numerous_donations,The Kunsthaus gained international importance only after World War II thanks to numerous donations.
fact_date_date_1952_1952_1952_the_city_museum_rietberg_opened_in_1952,The city Museum Rietberg opened in 1952.
fact_date_date_1986_1986_1986_the_foundation_for_constructive_and_concrete_art_was_founded_in_1986,The foundation for constructive and concrete art was founded in 1986.
fact_date_date_1996_1996_1996_the_museum_of_contemporary_art_opened_in_1996_in_the_löwenbräu_area,The Museum of Contemporary Art opened in 1996 in the Löwenbräu area.
fact_date_date_2001_2001_2001_haus_konstruktiv_opened_in_2001_in_the_ewz_substation_selnau,Haus Konstruktiv opened in 2001 in the EWZ substation Selnau.
fact_place_place_zurich_switzerland_several_national_singing_gymnastic_and_shooting_festivals_took_place_in_zurich,"Several national singing, gymnastic and shooting festivals took place in Zurich."
fact_place_place_zurich_switzerland_the_national_exhibitions_of_1883_and_1939_took_place_in_zurich,The national exhibitions of 1883 and 1939 took place in Zurich.
fact_place_place_zurich_switzerland_the_saffa_in_1958_took_place_in_zurich,The Saffa in 1958 took place in Zurich.
fact_place_place_zurich_switzerland_the_dada_movement_was_founded_in_zurich_in_1916,The Dada movement was founded in Zurich in 1916.
fact_place_place_zurich_switzerland_since_1936_june_festival_weeks_have_been_held_in_zurich,"Since 1936, June Festival Weeks have been held in Zurich."
fact_place_place_zurich_switzerland_since_1951_the_zurich_fest_has_been_held_in_zurich,"Since 1951, the Zurich Fest has been held in Zurich."
fact_place_place_zurich_switzerland_since_1980_the_zurich_theater_spectacle_has_been_held_in_zurich,"Since 1980, the Zurich Theater Spectacle has been held in Zurich."
fact_place_place_zurich_switzerland_since_1991_the_street_parade_has_been_held_in_zurich,"Since 1991, the Street Parade has been held in Zurich."
fact_place_place_zurich_switzerland_since_2005_the_zurich_film_festival_has_been_held_in_zurich,"Since 2005, the Zurich Film Festival has been held in Zurich."
fact_date_date_1883_1883_1883_the_national_exhibition_of_1883_took_place_in_zurich,The national exhibition of 1883 took place in Zurich.
fact_date_date_1939_1939_1939_the_national_exhibition_of_1939_took_place_in_zurich,The national exhibition of 1939 took place in Zurich.
fact_date_date_1958_1958_1958_the_saffa_in_1958_took_place_in_zurich,The Saffa in 1958 took place in Zurich.
fact_date_date_1916_1916_1916_the_dada_movement_was_founded_in_zurich_in_1916,The Dada movement was founded in Zurich in 1916.
fact_date_date_1936_1936_1936_since_1936_june_festival_weeks_have_been_held_in_zurich,"Since 1936, June Festival Weeks have been held in Zurich."
fact_date_date_1997_1997_1997_from_1997_june_festival_weeks_became_the_zurich_festival,"From 1997, June Festival Weeks became the Zurich Festival."
fact_date_date_1951_1951_1951_since_1951_the_zurich_fest_has_been_held_in_zurich,"Since 1951, the Zurich Fest has been held in Zurich."
fact_date_date_1980_1980_1980_since_1980_the_zurich_theater_spectacle_has_been_held_in_zurich,"Since 1980, the Zurich Theater Spectacle has been held in Zurich."
fact_date_date_1991_1991_1991_since_1991_the_street_parade_has_been_held_in_zurich,"Since 1991, the Street Parade has been held in Zurich."
fact_date_date_2005_2005_2005_since_2005_the_zurich_film_festival_has_been_held_in_zurich,"Since 2005, the Zurich Film Festival has been held in Zurich."
fact_place_place_zurich_switzerland_zurich_had_approximately_5_700_inhabitants_in_1408,"Zurich had approximately 5,700 inhabitants in 1408."
fact_place_place_zurich_switzerland_zurich_had_approximately_4_750_inhabitants_in_1467,"Zurich had approximately 4,750 inhabitants in 1467."
fact_place_place_zurich_switzerland_zurich_had_approximately_5_100_inhabitants_in_1529,"Zurich had approximately 5,100 inhabitants in 1529."
fact_place_place_zurich_switzerland_zurich_had_8_621_inhabitants_in_1637,"Zurich had 8,621 inhabitants in 1637."
fact_place_place_zurich_switzerland_zurich_had_9_590_inhabitants_in_1671,"Zurich had 9,590 inhabitants in 1671."
fact_place_place_zurich_switzerland_zurich_had_11_110_inhabitants_in_1682,"Zurich had 11,110 inhabitants in 1682."
fact_place_place_zurich_switzerland_zurich_had_11_452_inhabitants_in_1762,"Zurich had 11,452 inhabitants in 1762."
fact_place_place_zurich_switzerland_zurich_had_10_734_inhabitants_in_1792,"Zurich had 10,734 inhabitants in 1792."
fact_place_place_zurich_switzerland_zurich_had_9_715_inhabitants_in_1812,"Zurich had 9,715 inhabitants in 1812."
fact_place_place_zurich_switzerland_zurich_had_14_243_inhabitants_in_1836,"Zurich had 14,243 inhabitants in 1836."
fact_date_date_1408_1408_1408_in_1408_zurich_had_approximately_5_700_inhabitants,"In 1408, Zurich had approximately 5,700 inhabitants."
fact_date_date_1467_1467_1467_in_1467_zurich_had_approximately_4_750_inhabitants,"In 1467, Zurich had approximately 4,750 inhabitants."
fact_date_date_1529_1529_1529_in_1529_zurich_had_approximately_5_100_inhabitants,"In 1529, Zurich had approximately 5,100 inhabitants."
fact_date_date_1637_1637_1637_in_1637_zurich_had_8_621_inhabitants,"In 1637, Zurich had 8,621 inhabitants."
fact_date_date_1671_1671_1671_in_1671_zurich_had_9_590_inhabitants,"In 1671, Zurich had 9,590 inhabitants."
fact_date_date_1682_1682_1682_in_1682_zurich_had_11_110_inhabitants,"In 1682, Zurich had 11,110 inhabitants."
fact_date_date_1762_1762_1762_in_1762_zurich_had_11_452_inhabitants,"In 1762, Zurich had 11,452 inhabitants."
fact_date_date_1792_1792_1792_in_1792_zurich_had_10_734_inhabitants,"In 1792, Zurich had 10,734 inhabitants."
fact_date_date_1812_1812_1812_in_1812_zurich_had_9_715_inhabitants,"In 1812, Zurich had 9,715 inhabitants."
fact_date_date_1836_1836_1836_in_1836_zurich_had_14_243_inhabitants,"In 1836, Zurich had 14,243 inhabitants."
fact_place_place_zurich_switzerland_the_paragraph_provides_population_data_for_zurich,The paragraph provides population data for Zurich.
fact_date_date_1850_1850_1850_in_1850_zurich_had_41_585_inhabitants,"In 1850, Zurich had 41,585 inhabitants."
fact_date_date_1870_1870_1870_in_1870_zurich_had_65_668_inhabitants,"In 1870, Zurich had 65,668 inhabitants."
fact_date_date_1888_1888_1888_in_1888_zurich_had_103_862_inhabitants,"In 1888, Zurich had 103,862 inhabitants."
fact_date_date_1900_1900_1900_in_1900_zurich_had_168_021_inhabitants,"In 1900, Zurich had 168,021 inhabitants."
fact_date_date_1910_1910_1910_in_1910_zurich_had_215_488_inhabitants,"In 1910, Zurich had 215,488 inhabitants."
fact_date_date_1930_1930_1930_in_1930_zurich_had_290_937_inhabitants,"In 1930, Zurich had 290,937 inhabitants."
fact_date_date_1950_1950_1950_in_1950_zurich_had_390_020_inhabitants,"In 1950, Zurich had 390,020 inhabitants."
fact_date_date_1970_1970_1970_in_1970_zurich_had_422_640_inhabitants,"In 1970, Zurich had 422,640 inhabitants."
fact_date_date_1990_1990_1990_in_1990_zurich_had_365_043_inhabitants,"In 1990, Zurich had 365,043 inhabitants."
fact_date_date_2000_2000_2000_in_2000_zurich_had_363_273_inhabitants,"In 2000, Zurich had 363,273 inhabitants."
fact_place_place_zurich_switzerland_share_of_cantonal_population_in_zurich_is_given_for_various_years,Share of cantonal population in Zurich is given for various years.
fact_date_date_1850_1850_1850_share_of_cantonal_population_was_16_6,Share of cantonal population was 16.6%.
fact_date_date_1870_1870_1870_share_of_cantonal_population_was_23_1,Share of cantonal population was 23.1%.
fact_date_date_1888_1888_1888_share_of_cantonal_population_was_30_8,Share of cantonal population was 30.8%.
fact_date_date_1900_1900_1900_share_of_cantonal_population_was_39_0,Share of cantonal population was 39.0%.
fact_date_date_1910_1910_1910_share_of_cantonal_population_was_42_8,Share of cantonal population was 42.8%.
fact_date_date_1930_1930_1930_share_of_cantonal_population_was_47_1,Share of cantonal population was 47.1%.
fact_date_date_1950_1950_1950_share_of_cantonal_population_was_50_2,Share of cantonal population was 50.2%.
fact_date_date_1970_1970_1970_share_of_cantonal_population_was_38_2,Share of cantonal population was 38.2%.
fact_date_date_1990_1990_1990_share_of_cantonal_population_was_31_0,Share of cantonal population was 31.0%.
fact_date_date_2000_2000_2000_share_of_cantonal_population_was_29_1,Share of cantonal population was 29.1%.
fact_place_place_zurich_switzerland_population_data_is_provided_for_zurich,Population data is provided for Zurich.
fact_date_date_1850_1850_1850_population_of_zurich_was_100_220_in_1850,"Population of Zurich was 100,220 in 1850."
fact_date_date_1870_1870_1870_population_of_zurich_was_157_554_in_1870,"Population of Zurich was 157,554 in 1870."
fact_date_date_1888_1888_1888_population_of_zurich_was_195_371_in_1888,"Population of Zurich was 195,371 in 1888."
fact_date_date_1900_1900_1900_population_of_zurich_was_268_737_in_1900,"Population of Zurich was 268,737 in 1900."
fact_date_date_1910_1910_1910_population_of_zurich_was_355_471_in_1910,"Population of Zurich was 355,471 in 1910."
fact_date_date_1930_1930_1930_population_of_zurich_was_349_375_in_1930,"Population of Zurich was 349,375 in 1930."
fact_date_date_1950_1950_1950_population_of_zurich_was_281_317_in_1950,"Population of Zurich was 281,317 in 1950."
fact_date_date_1970_1970_1970_population_of_zurich_was_282_277_in_1970,"Population of Zurich was 282,277 in 1970."
fact_date_date_1850_1850_1850_population_was_1_164_in_1850,"Population was 1,164 in 1850."
fact_date_date_1870_1870_1870_population_was_5_443_in_1870,"Population was 5,443 in 1870."
fact_date_date_1888_1888_1888_population_was_11_861_in_1888,"Population was 11,861 in 1888."
fact_date_date_1900_1900_1900_population_was_10_639_in_1900,"Population was 10,639 in 1900."
fact_date_date_1910_1910_1910_population_was_15_121_in_1910,"Population was 15,121 in 1910."
fact_date_date_1930_1930_1930_population_was_37_776_in_1930,"Population was 37,776 in 1930."
fact_date_date_1950_1950_1950_population_was_24_948_in_1950,"Population was 24,948 in 1950."
fact_date_date_1970_1970_1970_population_was_17_063_in_1970,"Population was 17,063 in 1970."
fact_date_date_1850_1850_1850_population_was_1_386_in_1850,"Population was 1,386 in 1850."
fact_date_date_1870_1870_1870_population_was_2_745_in_1870,"Population was 2,745 in 1870."
fact_date_date_1888_1888_1888_population_was_3_752_in_1888,"Population was 3,752 in 1888."
fact_date_date_1900_1900_1900_population_was_7_163_in_1900,"Population was 7,163 in 1900."
fact_date_date_1910_1910_1910_population_was_12_063_in_1910,"Population was 12,063 in 1910."
fact_date_date_1930_1930_1930_population_was_10_091_in_1930,"Population was 10,091 in 1930."
fact_date_date_1950_1950_1950_population_was_7_953_in_1950,"Population was 7,953 in 1950."
fact_date_date_1970_1970_1970_population_was_7_746_in_1970,"Population was 7,746 in 1970."
fact_date_date_1850_1850_1850_population_was_1_188_in_1850,"Population was 1,188 in 1850."
fact_date_date_1870_1870_1870_population_was_2_279_in_1870,"Population was 2,279 in 1870."
fact_date_date_1888_1888_1888_population_was_4_504_in_1888,"Population was 4,504 in 1888."
fact_date_date_1900_1900_1900_population_was_4_398_in_1900,"Population was 4,398 in 1900."
fact_date_date_1910_1910_1910_population_was_7_365_in_1910,"Population was 7,365 in 1910."
fact_date_date_1930_1930_1930_population_was_25_398_in_1930,"Population was 25,398 in 1930."
fact_date_date_1950_1950_1950_population_was_50_825_in_1950,"Population was 50,825 in 1950."
fact_date_date_1970_1970_1970_population_was_56_187_in_1970,"Population was 56,187 in 1970."
fact_place_place_zurich_switzerland_zurich_was_protestant_in_the_year_mentioned,Zurich was Protestant in the year mentioned.
fact_place_place_zurich_switzerland_zurich_had_a_population_of_38_890_in_1850,"Zurich had a population of 38,890 in 1850."
fact_place_place_zurich_switzerland_zurich_had_a_population_of_55_827_in_1870,"Zurich had a population of 55,827 in 1870."
fact_place_place_zurich_switzerland_zurich_had_a_population_of_79_603_in_1888,"Zurich had a population of 79,603 in 1888."
fact_place_place_zurich_switzerland_zurich_had_a_population_of_116_502_in_1900,"Zurich had a population of 116,502 in 1900."
fact_place_place_zurich_switzerland_zurich_had_a_population_of_139_649_in_1910,"Zurich had a population of 139,649 in 1910."
fact_place_place_zurich_switzerland_zurich_had_a_population_of_189_773_in_1930,"Zurich had a population of 189,773 in 1930."
fact_place_place_zurich_switzerland_zurich_had_a_population_of_253_224_in_1950,"Zurich had a population of 253,224 in 1950."
fact_place_place_zurich_switzerland_zurich_had_a_population_of_232_080_in_1970,"Zurich had a population of 232,080 in 1970."
fact_place_place_zurich_switzerland_zurich_had_a_population_of_148_820_in_1990,"Zurich had a population of 148,820 in 1990."
fact_place_place_zurich_switzerland_zurich_had_a_population_of_116_630_in_2000,"Zurich had a population of 116,630 in 2000."
fact_date_date_1850_1850_1850_zurich_had_a_population_of_38_890_in_1850,"Zurich had a population of 38,890 in 1850."
fact_date_date_1870_1870_1870_zurich_had_a_population_of_55_827_in_1870,"Zurich had a population of 55,827 in 1870."
fact_date_date_1888_1888_1888_zurich_had_a_population_of_79_603_in_1888,"Zurich had a population of 79,603 in 1888."
fact_date_date_1900_1900_1900_zurich_had_a_population_of_116_502_in_1900,"Zurich had a population of 116,502 in 1900."
fact_date_date_1910_1910_1910_zurich_had_a_population_of_139_649_in_1910,"Zurich had a population of 139,649 in 1910."
fact_date_date_1930_1930_1930_zurich_had_a_population_of_189_773_in_1930,"Zurich had a population of 189,773 in 1930."
fact_date_date_1950_1950_1950_zurich_had_a_population_of_253_224_in_1950,"Zurich had a population of 253,224 in 1950."
fact_date_date_1970_1970_1970_zurich_had_a_population_of_232_080_in_1970,"Zurich had a population of 232,080 in 1970."
fact_date_date_1990_1990_1990_zurich_had_a_population_of_148_820_in_1990,"Zurich had a population of 148,820 in 1990."
fact_date_date_2000_2000_2000_zurich_had_a_population_of_116_630_in_2000,"Zurich had a population of 116,630 in 2000."
fact_place_place_catholic_catholic_population_counts_are_given_for_various_years,Catholic population counts are given for various years.
fact_date_date_c_1850_1845_1855_catholic_population_was_2_744_around_1850,"Catholic population was 2,744 around 1850."
fact_date_date_1870_1870_1870_catholic_population_was_8_807_in_1870,"Catholic population was 8,807 in 1870."
fact_date_date_1888_1888_1888_catholic_population_was_21_680_in_1888,"Catholic population was 21,680 in 1888."
fact_date_date_1900_1900_1900_catholic_population_was_47_200_in_1900,"Catholic population was 47,200 in 1900."
fact_date_date_1910_1910_1910_catholic_population_was_65_938_in_1910,"Catholic population was 65,938 in 1910."
fact_date_date_1930_1930_1930_catholic_population_was_86_411_in_1930,"Catholic population was 86,411 in 1930."
fact_date_date_1950_1950_1950_catholic_population_was_117_376_in_1950,"Catholic population was 117,376 in 1950."
fact_date_date_1970_1970_1970_catholic_population_was_167_374_in_1970,"Catholic population was 167,374 in 1970."
fact_date_date_1990_1990_1990_catholic_population_was_141_190_in_1990,"Catholic population was 141,190 in 1990."
fact_date_date_2000_2000_2000_catholic_population_was_120_853_in_2000,"Catholic population was 120,853 in 2000."
fact_date_date_1850_1850_1850_population_was_56_in_1850,Population was 56 in 1850.
fact_date_date_1870_1870_1870_population_was_1_654_in_1870,"Population was 1,654 in 1870."
fact_date_date_1888_1888_1888_population_was_2_675_in_1888,"Population was 2,675 in 1888."
fact_date_date_1900_1900_1900_population_was_4_319_in_1900,"Population was 4,319 in 1900."
fact_date_date_1910_1910_1910_population_was_9_901_in_1910,"Population was 9,901 in 1910."
fact_date_date_1930_1930_1930_population_was_14_753_in_1930,"Population was 14,753 in 1930."
fact_date_date_1950_1950_1950_population_was_19_420_in_1950,"Population was 19,420 in 1950."
fact_date_date_1970_1970_1970_population_was_23_186_in_1970,"Population was 23,186 in 1970."
fact_date_date_1990_1990_1990_population_was_75_033_in_1990,"Population was 75,033 in 1990."
fact_date_date_2000_2000_2000_population_was_125_790_in_2000,"Population was 125,790 in 2000."
fact_place_place_switzerland_population_data_refers_to_switzerland,Population data refers to Switzerland.
fact_date_date_1850_1850_1850_population_was_38_459_in_1850,"Population was 38,459 in 1850."
fact_date_date_1870_1870_1870_population_was_56_509_in_1870,"Population was 56,509 in 1870."
fact_date_date_1888_1888_1888_population_was_82_130_in_1888,"Population was 82,130 in 1888."
fact_date_date_1900_1900_1900_population_was_121_612_in_1900,"Population was 121,612 in 1900."
fact_date_date_1910_1910_1910_population_was_145_159_in_1910,"Population was 145,159 in 1910."
fact_date_date_1930_1930_1930_population_was_247_128_in_1930,"Population was 247,128 in 1930."
fact_date_date_1950_1950_1950_population_was_357_843_in_1950,"Population was 357,843 in 1950."
fact_date_date_1970_1970_1970_population_was_348_643_in_1970,"Population was 348,643 in 1970."
fact_date_date_1990_1990_1990_population_was_276_496_in_1990,"Population was 276,496 in 1990."
fact_date_date_2000_2000_2000_population_was_256_887_in_2000,"Population was 256,887 in 2000."
fact_place_place_zurich_switzerland_the_data_refers_to_foreigners_in_zurich,The data refers to foreigners in Zurich.
fact_date_date_1850_1850_1850_in_1850_the_number_of_foreigners_was_3_231,"In 1850, the number of foreigners was 3,231."
fact_date_date_1870_1870_1870_in_1870_the_number_of_foreigners_was_9_779,"In 1870, the number of foreigners was 9,779."
fact_date_date_1888_1888_1888_in_1888_the_number_of_foreigners_was_21_828,"In 1888, the number of foreigners was 21,828."
fact_date_date_1900_1900_1900_in_1900_the_number_of_foreigners_was_46_409,"In 1900, the number of foreigners was 46,409."
fact_date_date_1910_1910_1910_in_1910_the_number_of_foreigners_was_70_329,"In 1910, the number of foreigners was 70,329."
fact_date_date_1930_1930_1930_in_1930_the_number_of_foreigners_was_43_809,"In 1930, the number of foreigners was 43,809."
fact_date_date_1950_1950_1950_in_1950_the_number_of_foreigners_was_32_177,"In 1950, the number of foreigners was 32,177."
fact_date_date_1970_1970_1970_in_1970_the_number_of_foreigners_was_73_997,"In 1970, the number of foreigners was 73,997."
fact_date_date_1990_1990_1990_in_1990_the_number_of_foreigners_was_88_547,"In 1990, the number of foreigners was 88,547."
fact_date_date_2000_2000_2000_in_2000_the_number_of_foreigners_was_106_386,"In 2000, the number of foreigners was 106,386."
fact_date_date_around_1540_1535_1545_the_woodcut_of_zurich_was_created_around_1540,The woodcut of Zurich was created around 1540.
fact_place_place_bäckerstrasse_the_richly_furnished_woman_s_grave_is_located_on_bäckerstrasse,The richly furnished woman's grave is located on Bäckerstrasse.
fact_place_place_zurich_switzerland_oldest_seal_stamp_of_the_city_of_zurich_is_from_1347,Oldest seal stamp of the city of Zurich is from 1347.
fact_place_place_zurich_switzerland_the_city_view_is_from_zurich,The city view is from Zurich.
fact_date_date_1770_1770_1770_the_city_view_is_from_the_year_1770,The city view is from the year 1770.
fact_place_place_brunnenhof_zurich_switzerland_the_house_at_brunnenhof_contains_a_painted_festival_hall_with_a_coat_of_arms_frieze,The house at Brunnenhof contains a painted festival hall with a coat of arms frieze.
fact_place_place_zurich_switzerland_photography_was_done_by_city_archaeology_zurich,Photography was done by City Archaeology Zurich.
fact_date_date_1928_1928_1928_the_free_democratic_party_poster_was_for_city_and_municipal_council_elections_in_1928,The Free Democratic Party poster was for city and municipal council elections in 1928.
fact_place_place_zurich_switzerland_the_social_democratic_party_of_the_city_of_zurich_had_an_election_poster,The Social Democratic Party of the city of Zurich had an election poster.
fact_place_place_schanzengraben_zurich_switzerland_construction_of_zurich_water_supply_pipelines_took_place_at_schanzengraben_near_the_botanical_garden_of_the_university,Construction of Zurich water supply pipelines took place at Schanzengraben near the Botanical Garden of the University.
fact_place_place_botanical_garden_of_the_university_the_botanical_garden_of_the_university_is_near_the_construction_site_of_zurich_water_supply_pipelines_at_schanzengraben,The Botanical Garden of the University is near the construction site of Zurich water supply pipelines at Schanzengraben.
fact_date_date_1885_1885_1885_the_photograph_of_the_construction_was_taken_by_eduard_schucht_in_1885,The photograph of the construction was taken by Eduard Schucht in 1885.
fact_place_place_zurich_switzerland_the_sewer_reform_took_place_in_zurich,The sewer reform took place in Zurich.
fact_date_date_1867_1867_1867_the_sewer_reform_occurred_in_1867,The sewer reform occurred in 1867.
fact_date_date_1867_1867_1867_a_sample_plan_of_the_municipal_engineering_office_for_homeowners_dates_from_1867,A sample plan of the municipal engineering office for homeowners dates from 1867.
