START_ID,END_ID,TYPE
place_zurich_switzerland,fact_place_place_zurich_switzerland_industry_is_of_great_importance_in_zurich,HAS_FACT
place_oerlikon_zurich_switzerland,fact_place_place_oerlikon_zurich_switzerland_mechanical_engineering_is_found_in_oerlikon,HAS_FACT
place_albisrieden_zurich_switzerland,fact_place_place_albisrieden_zurich_switzerland_mechanical_engineering_is_found_in_albisrieden,HAS_FACT
place_altstetten_zurich_switzerland,fact_place_place_altstetten_zurich_switzerland_mechanical_engineering_is_found_in_altstetten,HAS_FACT
place_schlieren_zurich_switzerland,fact_place_place_schlieren_zurich_switzerland_mechanical_engineering_is_found_in_schlieren,HAS_FACT
place_schlieren_zurich_switzerland,fact_place_place_schlieren_zurich_switzerland_there_is_a_wagon_factory_in_schlieren,HAS_FACT
place_dietikon_zurich_switzerland,fact_place_place_dietikon_zurich_switzerland_cotton_industry_is_found_in_dietikon,HAS_FACT
place_zurich_switzerland,fact_place_place_zurich_switzerland_the_large_railway_junction_zurich_dominates_the_traffic_lines_of_the_district,HAS_FACT
place_chur_switzerland,fact_place_place_chur_switzerland_the_lakeside_railways_along_the_lake_mediate_traffic_with_chur,HAS_FACT
place_arlberg_austria,fact_place_place_arlberg_austria_the_lakeside_railways_along_the_lake_mediate_traffic_with_the_arlberg,HAS_FACT
place_baden_switzerland,fact_place_place_baden_switzerland_the_line_to_baden_leads_to_western_switzerland_and_basel,HAS_FACT
place_basel_switzerland,fact_place_place_basel_switzerland_the_line_to_baden_leads_to_western_switzerland_and_basel,HAS_FACT
place_affoltern_zug,fact_place_place_affoltern_zug_a_branch_line_goes_to_affoltern_zug,HAS_FACT
place_schaffhausen_switzerland,fact_place_place_schaffhausen_switzerland_through_the_northern_ridge_run_in_a_common_tunnel_the_lines_to_schaffhausen,HAS_FACT
place_romanshorn_switzerland,fact_place_place_romanshorn_switzerland_through_the_northern_ridge_run_in_a_common_tunnel_the_lines_to_romanshorn,HAS_FACT
place_st_gallen_switzerland,fact_place_place_st_gallen_switzerland_through_the_northern_ridge_run_in_a_common_tunnel_the_lines_to_st_gallen,HAS_FACT
place_glatt_valley,fact_place_place_glatt_valley_through_the_northern_ridge_run_in_a_common_tunnel_the_lines_into_the_glatt_valley,HAS_FACT
place_sihl_valley_railway,fact_place_place_sihl_valley_railway_secondary_lines_include_the_sihl_valley_railway,HAS_FACT
place_limmat_valley_tramway,fact_place_place_limmat_valley_tramway_secondary_lines_include_the_limmat_valley_tramway_with_branch_to_weiningen,HAS_FACT
place_weiningen_switzerland,fact_place_place_weiningen_switzerland_the_limmat_valley_tramway_has_a_branch_to_weiningen,HAS_FACT
place_zurich_hoengg,fact_place_place_zurich_hoengg_secondary_lines_include_the_tram_lines_zurich_hoengg,HAS_FACT
place_zurich_oerlikon_seebach,fact_place_place_zurich_oerlikon_seebach_secondary_lines_include_the_tram_lines_zurich_oerlikon_seebach,HAS_FACT
place_uetliberg_zurich_switzerland,fact_place_place_uetliberg_zurich_switzerland_there_is_an_adhesion_railway_to_the_uetliberg,HAS_FACT
place_zurich_switzerland,fact_place_place_zurich_switzerland_municipality_and_capital_of_the_canton_and_district_of_zurich,HAS_FACT
place_zurich_switzerland,fact_place_place_zurich_switzerland_largest_city_of_switzerland,HAS_FACT
place_zurich_switzerland,fact_place_place_zurich_switzerland_the_federal_observatory_is_located_on_the_zurichberg,HAS_FACT
place_zurich_switzerland,fact_place_place_zurich_switzerland_the_altitude_of_the_observatory_is_470_m,HAS_FACT
place_zurich_switzerland,fact_place_place_zurich_switzerland_the_city_area_extends_westward_to_the_ridge_of_the_uetliberg,HAS_FACT
place_zurich_switzerland,fact_place_place_zurich_switzerland_the_summit_signal_of_the_uetliberg_lies_on_the_city_boundary_at_874_m_above_sea_level,HAS_FACT
place_zurichberg_zurich_switzerland,fact_place_place_zurichberg_zurich_switzerland_the_federal_observatory_is_located_on_the_zurichberg,HAS_FACT
place_zurichberg_zurich_switzerland,fact_place_place_zurichberg_zurich_switzerland_the_geographical_coordinates_of_the_federal_observatory_are_47_22_38_n_latitude_and_8_33_3_9_e_longitude_from_greenwich,HAS_FACT
place_zurichberg_zurich_switzerland,fact_place_place_zurichberg_zurich_switzerland_the_altitude_of_the_observatory_is_470_m,HAS_FACT
place_limmat_switzerland,fact_place_place_limmat_switzerland_the_limmat_descends_to_level_400_m_before_hoengg_over_a_distance_of_6_km_within_the_city_area,HAS_FACT
place_limmat_switzerland,fact_place_place_limmat_switzerland_the_average_gradient_of_the_limmat_in_the_city_area_is_1_5,HAS_FACT
place_uetliberg_zurich_switzerland,fact_place_place_uetliberg_zurich_switzerland_the_city_area_extends_westward_to_the_ridge_of_the_uetliberg,HAS_FACT
place_uetliberg_zurich_switzerland,fact_place_place_uetliberg_zurich_switzerland_the_summit_signal_of_the_uetliberg_lies_on_the_city_boundary_at_874_m_above_sea_level,HAS_FACT
place_baldern_zurich_switzerland,fact_place_place_baldern_zurich_switzerland_the_boundary_follows_the_ridge_to_the_baldern,HAS_FACT
place_leimbach_zurich_switzerland,fact_place_place_leimbach_zurich_switzerland_the_boundary_includes_the_former_municipality_of_leimbach_to_the_sihl,HAS_FACT
place_sihl_river_zurich_switzerland,fact_place_place_sihl_river_zurich_switzerland_the_boundary_includes_the_former_municipality_of_leimbach_to_the_sihl,HAS_FACT
place_etlisberg_zurich_switzerland,fact_place_place_etlisberg_zurich_switzerland_the_boundary_is_south_of_the_etlisberg_between_wollishofen_and_mönchhof_to_the_lake,HAS_FACT
place_wollishofen_zurich_switzerland,fact_place_place_wollishofen_zurich_switzerland_the_boundary_is_south_of_the_etlisberg_between_wollishofen_and_mönchhof_to_the_lake,HAS_FACT
place_mönchhof,fact_place_place_mönchhof_the_boundary_is_south_of_the_etlisberg_between_wollishofen_and_mönchhof_to_the_lake,HAS_FACT
place_lake_zurich_switzerland,fact_place_place_lake_zurich_switzerland_the_boundary_reaches_the_lake_south_of_the_etlisberg_between_wollishofen_and_mönchhof,HAS_FACT
place_burghölzli_psychiatric_hospital_zurich_switzerland,fact_place_place_burghölzli_psychiatric_hospital_zurich_switzerland_on_the_right_bank_the_boundary_runs_south_of_the_burghölzli_psychiatric_hospital_up_to_the_realp,HAS_FACT
place_realp,fact_place_place_realp_the_boundary_runs_south_of_the_burghölzli_psychiatric_hospital_up_to_the_realp,HAS_FACT
place_wehrenbach_zurich_switzerland,fact_place_place_wehrenbach_zurich_switzerland_the_boundary_crosses_the_wehrenbach,HAS_FACT
place_elefantenbach_zurich_switzerland,fact_place_place_elefantenbach_zurich_switzerland_the_boundary_follows_the_middle_course_of_the_elefantenbach_for_a_short_distance,HAS_FACT
place_loorenkopf_zurich_switzerland,fact_place_place_loorenkopf_zurich_switzerland_the_boundary_encircles_the_loorenkopf,HAS_FACT
place_glatt_valley_zurich_switzerland,fact_place_place_glatt_valley_zurich_switzerland_the_boundary_runs_in_a_fairly_regular_direction_from_se_to_nw_on_the_glatt_valley_side_of_the_zurichberg,HAS_FACT
place_zurichberg_zurich_switzerland,fact_place_place_zurichberg_zurich_switzerland_the_boundary_runs_on_the_glatt_valley_side_of_the_zurichberg,HAS_FACT
place_käferberg_zurich_switzerland,fact_place_place_käferberg_zurich_switzerland_the_boundary_reaches_the_northern_slope_of_the_käferberg_via_the_saddle_of_the_milchbuck,HAS_FACT
place_milchbuck_zurich_switzerland,fact_place_place_milchbuck_zurich_switzerland_the_boundary_reaches_the_northern_slope_of_the_käferberg_via_the_saddle_of_the_milchbuck,HAS_FACT
place_hardturm,fact_place_place_hardturm_at_hardturm_it_touches_the_limmat,HAS_FACT
place_limmat_switzerland,fact_place_place_limmat_switzerland_the_limmat_forms_the_municipal_boundary_up_to_below_the_hoengger_bridge,HAS_FACT
place_hoengger_bridge,fact_place_place_hoengger_bridge_the_municipal_boundary_extends_up_to_below_the_hoengger_bridge,HAS_FACT
place_triemli,fact_place_place_triemli_the_triemli_is_circumvented_to_the_southeast,HAS_FACT
place_döltschi,fact_place_place_döltschi_from_the_döltschi_the_line_rises_again_at_the_uto,HAS_FACT
place_uto,fact_place_place_uto_from_the_döltschi_the_line_rises_again_at_the_uto,HAS_FACT
place_hotel_uetliberg,fact_place_place_hotel_uetliberg_the_line_encloses_northeast_past_the_hotel_uetliberg_to_the_summit_signal,HAS_FACT
place_uetliberg_zurich_switzerland,fact_place_place_uetliberg_zurich_switzerland_the_area_rises_with_both_edges_to_the_summit_heights_of_the_uetliberg_in_the_west,HAS_FACT
place_zurichberg_zurich_switzerland,fact_place_place_zurichberg_zurich_switzerland_the_area_rises_with_both_edges_to_the_summit_heights_of_the_zurichberg_in_the_east,HAS_FACT
place_käferberg_zurich_switzerland,fact_place_place_käferberg_zurich_switzerland_the_area_rises_with_both_edges_to_the_summit_heights_of_the_käferberg_in_the_east,HAS_FACT
place_zurich_switzerland,fact_place_place_zurich_switzerland_the_area_of_the_city_of_zurich_united_with_its_outer_municipalities_forms_a_horseshoe_shape_on_the_map_around_the_lower_lake_basin,HAS_FACT
place_zurich_switzerland,fact_place_place_zurich_switzerland_the_area_is_44_17_km_2,HAS_FACT
place_zurich_switzerland,fact_place_place_zurich_switzerland_the_city_area_consists_of_the_actual_former_zurich_in_the_center,HAS_FACT
place_zurich_switzerland,fact_place_place_zurich_switzerland_zurich_is_the_largest_community_in_switzerland,HAS_FACT
place_wollishofen_zurich_switzerland,fact_place_place_wollishofen_zurich_switzerland_wollishofen_has_been_united_with_the_old_town_of_zurich_since_1893,HAS_FACT
place_enge_zurich_switzerland,fact_place_place_enge_zurich_switzerland_enge_has_been_united_with_the_old_town_of_zurich_since_1893,HAS_FACT
place_wiedikon_zurich_switzerland,fact_place_place_wiedikon_zurich_switzerland_wiedikon_has_been_united_with_the_old_town_of_zurich_since_1893,HAS_FACT
place_aussersihl_zurich_switzerland,fact_place_place_aussersihl_zurich_switzerland_aussersihl_has_been_united_with_the_old_town_of_zurich_since_1893,HAS_FACT
place_wipkingen_zurich_switzerland,fact_place_place_wipkingen_zurich_switzerland_wipkingen_has_been_united_with_the_old_town_of_zurich_since_1893,HAS_FACT
place_unterstrass_zurich_switzerland,fact_place_place_unterstrass_zurich_switzerland_unterstrass_has_been_united_with_the_old_town_of_zurich_since_1893,HAS_FACT
place_oberstrass_zurich_switzerland,fact_place_place_oberstrass_zurich_switzerland_oberstrass_has_been_united_with_the_old_town_of_zurich_since_1893,HAS_FACT
place_fluntern_zurich_switzerland,fact_place_place_fluntern_zurich_switzerland_fluntern_has_been_united_with_the_old_town_of_zurich_since_1893,HAS_FACT
place_hottingen_zurich_switzerland,fact_place_place_hottingen_zurich_switzerland_hottingen_has_been_united_with_the_old_town_of_zurich_since_1893,HAS_FACT
place_hirslanden_zurich_switzerland,fact_place_place_hirslanden_zurich_switzerland_hirslanden_has_been_united_with_the_old_town_of_zurich_since_1893,HAS_FACT
place_riesbach_zurich_switzerland,fact_place_place_riesbach_zurich_switzerland_riesbach_has_been_united_with_the_old_town_of_zurich_since_1893,HAS_FACT
place_zurich_switzerland,fact_place_place_zurich_switzerland_zurich_is_a_city_approached_slowly_by_ship_downstream_on_a_mild_summer_evening,HAS_FACT
place_zurich_switzerland,fact_place_place_zurich_switzerland_zurichhorn_is_a_bushy_area_in_zurich_where_the_hornbach_has_formed_a_wide_densely_settled_delta_in_the_lake,HAS_FACT
place_zurich_switzerland,fact_place_place_zurich_switzerland_the_lake_near_zurich_becomes_narrower_with_artificially_reclaimed_settlement_areas_on_both_sides,HAS_FACT
place_zurich_switzerland,fact_place_place_zurich_switzerland_on_the_left_side_above_the_lake_are_the_venerable_belvoirpark_and_rich_villa_quarters_on_the_moraine_hills_of_enge,HAS_FACT
place_zurich_switzerland,fact_place_place_zurich_switzerland_on_the_right_side_above_the_lake_is_the_zurichberg_a_single_airy_garden_city_from_the_hirslanderberg_down_to_the_rigiquartier,HAS_FACT
place_zurichhorn_zurich_switzerland,fact_place_place_zurichhorn_zurich_switzerland_zurichhorn_is_a_bushy_area_where_the_hornbach_has_formed_a_wide_densely_settled_delta_in_the_lake,HAS_FACT
place_hornbach,fact_place_place_hornbach_the_hornbach_has_formed_a_wide_densely_settled_delta_in_the_lake_at_zurichhorn,HAS_FACT
place_belvoirpark_zurich_switzerland,fact_place_place_belvoirpark_zurich_switzerland_belvoirpark_is_located_on_the_left_side_above_the_artificially_reclaimed_settlement_areas_near_zurich,HAS_FACT
place_enge_zurich_switzerland,fact_place_place_enge_zurich_switzerland_enge_has_rich_villa_quarters_on_the_moraine_hills_above_the_lake_on_the_left_side,HAS_FACT
place_zurichberg_zurich_switzerland,fact_place_place_zurichberg_zurich_switzerland_zurichberg_is_a_single_airy_garden_city_on_the_right_side_above_the_artificially_reclaimed_settlement_areas_near_zurich,HAS_FACT
place_hirslanderberg,fact_place_place_hirslanderberg_hirslanderberg_is_part_of_the_zurichberg_garden_city_area_from_hirslanderberg_down_to_the_rigiquartier,HAS_FACT
place_rigiquartier,fact_place_place_rigiquartier_rigiquartier_is_part_of_the_zurichberg_garden_city_area_from_hirslanderberg_down_to_the_rigiquartier,HAS_FACT
place_zurich_switzerland,fact_place_place_zurich_switzerland_zurich_is_seen_from_the_lake,HAS_FACT
place_the_lake,fact_place_place_the_lake_the_lake_still_gleams,HAS_FACT
place_sihl_zurich_switzerland,fact_place_place_sihl_zurich_switzerland_black_blue_dark_mixed_forest_interspersed_with_dark_yews_rises_beyond_the_sihl,HAS_FACT
place_uetliberg_zurich_switzerland,fact_place_place_uetliberg_zurich_switzerland_the_uetliberg_ridge_is_straight_and_has_bare_sandstone_emerging_here_and_there_in_hollow_niches,HAS_FACT
place_uetliberg_zurich_switzerland,fact_place_place_uetliberg_zurich_switzerland_comfortable_inns_greet_from_the_summit_of_the_uetliberg_ridge,HAS_FACT
place_zurichberg_zurich_switzerland,fact_place_place_zurichberg_zurich_switzerland_the_last_golden_rays_of_the_evening_sun_flee_up_over_the_zurichberg,HAS_FACT
place_grossmünster_zurich_switzerland,fact_place_place_grossmünster_zurich_switzerland_the_two_grossmünster_towers_are_sharp_profiled,HAS_FACT
place_fraumünster_zurich_switzerland,fact_place_place_fraumünster_zurich_switzerland_the_fraumünster_spire_is_slender,HAS_FACT
place_tonhalle_zurich_switzerland,fact_place_place_tonhalle_zurich_switzerland_the_viennese_delicate_new_tonhalle_blocks_the_way,HAS_FACT
place_red_and_white_castles,fact_place_place_red_and_white_castles_the_red_and_white_castles_are_built_on_former_lake_ground_in_zurich,HAS_FACT
place_rentenanstalt_zurich_switzerland,fact_place_place_rentenanstalt_zurich_switzerland_the_rentenanstalt_is_built_on_former_lake_ground_in_zurich,HAS_FACT
place_unfall_zürich_zurich_switzerland,fact_place_place_unfall_zürich_zurich_switzerland_unfall_zürich_is_built_on_former_lake_ground_in_zurich,HAS_FACT
place_city_theatre,fact_place_place_city_theatre_the_city_theatre_is_built_on_former_lake_ground_in_zurich,HAS_FACT
place_uetliberg_castle_zurich_switzerland,fact_place_place_uetliberg_castle_zurich_switzerland_uto_castle_is_built_on_former_lake_ground_in_zurich,HAS_FACT
place_limmat_zurich_switzerland,fact_place_place_limmat_zurich_switzerland_the_limmat_flows_under_the_arches_of_the_quaibrücke_in_zurich,HAS_FACT
place_quaibrücke_zurich_switzerland,fact_place_place_quaibrücke_zurich_switzerland_the_quaibrücke_is_a_monumental_bridge_in_zurich,HAS_FACT
place_st_peter_s_church_zurich_switzerland,fact_place_place_st_peter_s_church_zurich_switzerland_st_peter_s_tower_with_the_large_clock_completes_the_characteristic_silhouette_of_zurich,HAS_FACT
place_uetliberg_zurich_switzerland,fact_place_place_uetliberg_zurich_switzerland_spotlights_from_the_uto_shine_over_the_city,HAS_FACT
place_urania_sternwarte_zurich_switzerland,fact_place_place_urania_sternwarte_zurich_switzerland_spotlights_from_the_original_urania_tower_shine_over_the_city,HAS_FACT
place_tonhalle_zurich_switzerland,fact_place_place_tonhalle_zurich_switzerland_spotlights_from_the_tonhalle_shine_over_the_city,HAS_FACT
place_lakeside_edge,fact_place_place_lakeside_edge_the_lakeside_edge_of_zurich_is_illuminated_at_night_with_banks_and_bridges_wearing_light_wreaths,HAS_FACT
place_lake,fact_place_place_lake_the_lake_is_the_outlet_of_the_river,HAS_FACT
place_both_lake_shores,fact_place_place_both_lake_shores_the_picture_gathers_from_both_lake_shores,HAS_FACT
place_the_lake,fact_place_place_the_lake_the_lake_facilitated_traffic_by_water,HAS_FACT
place_the_lake,fact_place_place_the_lake_the_lake_can_easily_be_blocked_at_the_outlet_and_served_as_a_defense,HAS_FACT
place_the_valley,fact_place_place_the_valley_traffic_was_facilitated_down_the_valley_by_water,HAS_FACT
place_the_moraine_ridge,fact_place_place_the_moraine_ridge_the_moraine_ridge_was_used_to_form_an_inner_line_of_defense,HAS_FACT
place_the_higher_mountains_east_and_west,fact_place_place_the_higher_mountains_east_and_west_the_higher_mountains_east_and_west_form_outer_protective_walls,HAS_FACT
place_zurich_switzerland,fact_place_place_zurich_switzerland_zurich_became_the_depot_for_goods_mediation_between_italy_and_germany,HAS_FACT
place_zurich_switzerland,fact_place_place_zurich_switzerland_zurich_s_own_industry_developed_early_and_expansively,HAS_FACT
place_zurich_switzerland,fact_place_place_zurich_switzerland_the_first_swiss_railway_ran_from_zurich,HAS_FACT
place_zurich_switzerland,fact_place_place_zurich_switzerland_zurich_is_the_hub_of_railway_lines_from_schaffhausen_winterthur_romanshorn_frauenfeld_singen_etzwilen_st_gallen_the_glatt_valley_the_right_and_left_lake_shores_the_,HAS_FACT
place_zurich_switzerland,fact_place_place_zurich_switzerland_zurich_is_the_largest_swiss_city_with_high_significance_due_to_its_railway_connections,HAS_FACT
place_baden_aargau_switzerland,fact_place_place_baden_aargau_switzerland_the_spanish_brötli_bahn_railway_line_connected_zurich_to_baden,HAS_FACT
place_schaffhausen_switzerland,fact_place_place_schaffhausen_switzerland_there_is_a_railway_line_from_schaffhausen_to_zurich,HAS_FACT
place_winterthur_switzerland,fact_place_place_winterthur_switzerland_there_is_a_railway_line_from_winterthur_to_zurich,HAS_FACT
place_romanshorn_frauenfeld,fact_place_place_romanshorn_frauenfeld_there_is_a_railway_line_from_romanshorn_frauenfeld_to_zurich,HAS_FACT
place_singen_etzwilen,fact_place_place_singen_etzwilen_there_is_a_railway_line_from_singen_etzwilen_to_zurich,HAS_FACT
place_st_gallen_switzerland,fact_place_place_st_gallen_switzerland_there_is_a_railway_line_from_st_gallen_to_zurich,HAS_FACT
place_glatt_valley,fact_place_place_glatt_valley_there_is_a_railway_line_from_the_glatt_valley_to_zurich,HAS_FACT
place_right_and_left_lake_shores,fact_place_place_right_and_left_lake_shores_there_are_railway_lines_from_the_right_and_left_lake_shores_to_zurich,HAS_FACT
place_glarus_switzerland,fact_place_place_glarus_switzerland_there_is_traffic_from_the_glarus_region_to_zurich,HAS_FACT
place_graubünden_switzerland,fact_place_place_graubünden_switzerland_there_is_traffic_from_the_canton_of_graubünden_to_zurich,HAS_FACT
place_arlberg_austria,fact_place_place_arlberg_austria_there_is_traffic_from_the_arlberg_to_zurich,HAS_FACT
place_wädenswil_einsiedeln,fact_place_place_wädenswil_einsiedeln_there_is_a_railway_line_from_wädenswil_einsiedeln_to_zurich,HAS_FACT
place_ricken_toggenburg,fact_place_place_ricken_toggenburg_there_will_soon_be_a_railway_line_from_ricken_toggenburg_to_zurich,HAS_FACT
place_lucerne_zug_gotthard,fact_place_place_lucerne_zug_gotthard_there_is_a_railway_line_from_lucerne_zug_gotthard_to_zurich,HAS_FACT
place_basel_brugg,fact_place_place_basel_brugg_there_is_a_railway_line_from_basel_brugg_to_zurich,HAS_FACT
place_western_switzerland_aarau_brugg,fact_place_place_western_switzerland_aarau_brugg_there_is_a_railway_line_from_western_switzerland_aarau_brugg_to_zurich,HAS_FACT
place_zurich_switzerland,fact_place_place_zurich_switzerland_the_paragraph_mentions_a_historical_map_of_the_city_of_zurich,HAS_FACT
place_uetliberg_zurich_switzerland,fact_place_place_uetliberg_zurich_switzerland_the_heights_of_the_uetliberg_provide_a_view_of_the_city_map,HAS_FACT
place_old_town_zurich_switzerland,fact_place_place_old_town_zurich_switzerland_the_old_town_is_hilly_and_angular_with_dark_age_gray_sandstone_houses_and_blackened_tile_ridges,HAS_FACT
place_lake_zurich_zurich_switzerland,fact_place_place_lake_zurich_zurich_switzerland_the_outer_zone_s_street_grid_blocks_gradually_dissolve_uphill_on_both_sides_of_the_lake_into_villa_quarters,HAS_FACT
place_limmat_zurich_switzerland,fact_place_place_limmat_zurich_switzerland_the_outer_zone_s_street_grid_blocks_gradually_dissolve_uphill_on_both_sides_of_the_limmat_into_villa_quarters,HAS_FACT
place_schanzengraben_zurich_switzerland,fact_place_place_schanzengraben_zurich_switzerland_the_angular_shape_of_the_schanzengraben_betrays_the_extent_of_the_former_small_city_on_the_left_limmat_bank,HAS_FACT
place_seilergraben_hirschengraben,fact_place_place_seilergraben_hirschengraben_seilergraben_hirschengraben_enclose_the_large_right_bank_city_uphill,HAS_FACT
place_bürkliplatz_zurich_switzerland,fact_place_place_bürkliplatz_zurich_switzerland_bürkliplatz_was_formerly_called_stadthausplatz,HAS_FACT
place_enge_zurich_switzerland,fact_place_place_enge_zurich_switzerland_beautiful_parks_lie_to_the_left_towards_enge,HAS_FACT
place_bahnhofstrasse_zurich_switzerland,fact_place_place_bahnhofstrasse_zurich_switzerland_beautiful_parks_lie_before_us_towards_bahnhofstrasse,HAS_FACT
place_quaibrücke_zurich_switzerland,fact_place_place_quaibrücke_zurich_switzerland_the_quaibrücke_was_built_in_1882_83_from_coarse_black_forest_granite,HAS_FACT
place_quaibrücke_zurich_switzerland,fact_place_place_quaibrücke_zurich_switzerland_it_bridges_the_limmat_s_outflow_from_the_lake_with_a_length_of_165_m,HAS_FACT
place_lake,fact_place_place_lake_from_here_in_clear_especially_föhn_weather_one_enjoys_a_magnificent_view_of_lake_and_mountains,HAS_FACT
place_zollikon_zurich_switzerland,fact_place_place_zollikon_zurich_switzerland_behind_the_pointed_church_tower_of_zollikon_rises_the_magnificent_layered_mass_of_the_glärnisch,HAS_FACT
place_glärnisch_glarus_switzerland,fact_place_place_glärnisch_glarus_switzerland_the_glärnisch_has_the_vrenelisgärtli_and_the_bächistock_behind_the_great_firn_shoulder,HAS_FACT
place_vrenelisgärtli_glarus_switzerland,fact_place_place_vrenelisgärtli_glarus_switzerland_vrenelisgärtli_is_part_of_the_glärnisch_massif,HAS_FACT
place_bächistock_glarus_switzerland,fact_place_place_bächistock_glarus_switzerland_bächistock_is_behind_the_great_firn_shoulder_of_the_glärnisch,HAS_FACT
place_faulen,fact_place_place_faulen_to_the_right_follows_the_limestone_block_of_the_faulen,HAS_FACT
place_drusberg_canton_of_zurich_switzerland,fact_place_place_drusberg_canton_of_zurich_switzerland_in_the_front_scene_is_the_obliquely_striped_drusberg_in_the_upper_sihl_valley,HAS_FACT
place_sihl_valley_zurich_switzerland,fact_place_place_sihl_valley_zurich_switzerland_drusberg_is_located_in_the_upper_sihl_valley,HAS_FACT
place_bifertenstock_glarus_switzerland,fact_place_place_bifertenstock_glarus_switzerland_bifertenstock_is_visible_following_drusberg,HAS_FACT
place_tödi_glarus_switzerland,fact_place_place_tödi_glarus_switzerland_tödi_is_visible_following_bifertenstock,HAS_FACT
place_klariden_glarus_switzerland,fact_place_place_klariden_glarus_switzerland_klariden_is_visible_following_tödi,HAS_FACT
place_scheerhorn_glarus_switzerland,fact_place_place_scheerhorn_glarus_switzerland_scheerhorn_is_visible_following_klariden,HAS_FACT
place_düssistock_glarus_switzerland,fact_place_place_düssistock_glarus_switzerland_the_elegant_firn_pyramid_of_the_düssistock_is_visible,HAS_FACT
place_mythen_schwyz_switzerland,fact_place_place_mythen_schwyz_switzerland_in_the_mid_ground_the_mythen_often_stand_out_in_dark_blue_gray,HAS_FACT
place_windgällen_uri_switzerland,fact_place_place_windgällen_uri_switzerland_behind_the_mighty_windgällen_wall_is_the_porphyry_summit_of_the_kleinen_windgälle_below_to_the_right,HAS_FACT
place_kleinen_windgälle_uri_switzerland,fact_place_place_kleinen_windgälle_uri_switzerland_the_porphyry_summit_of_the_kleinen_windgälle_is_below_to_the_right_of_the_windgällen_wall,HAS_FACT
place_kaiserstock_uri_switzerland,fact_place_place_kaiserstock_uri_switzerland_over_the_gap_of_kaiserstock_and_rossberg_rises_the_ridge_rich_bristenstock,HAS_FACT
place_rossberg_uri_switzerland,fact_place_place_rossberg_uri_switzerland_over_the_gap_of_kaiserstock_and_rossberg_rises_the_ridge_rich_bristenstock,HAS_FACT
place_bristenstock_uri_switzerland,fact_place_place_bristenstock_uri_switzerland_the_ridge_rich_bristenstock_rises_over_the_gap_of_kaiserstock_and_rossberg,HAS_FACT
place_western_urnäsch,fact_place_place_western_urnäsch_the_firn_wreath_extends_to_the_western_urnäsch_urirotstock_schlossstock_and_wissig,HAS_FACT
place_urirotstock,fact_place_place_urirotstock_urirotstock_is_part_of_the_western_urnäsch_firn_wreath,HAS_FACT
place_schlossstock,fact_place_place_schlossstock_schlossstock_is_part_of_the_western_urnäsch_firn_wreath,HAS_FACT
place_wissig,fact_place_place_wissig_wissig_is_part_of_the_western_urnäsch_firn_wreath,HAS_FACT
place_hohen_ronen,fact_place_place_hohen_ronen_the_wooded_molasse_mountains_of_the_hohen_ronen_appear_before_the_western_urnäsch,HAS_FACT
place_gottschalkenberg,fact_place_place_gottschalkenberg_the_wooded_molasse_mountains_of_the_gottschalkenberg_appear_before_the_western_urnäsch,HAS_FACT
place_sihlwald_canton_of_zurich_switzerland,fact_place_place_sihlwald_canton_of_zurich_switzerland_the_sihlwald_is_located_on_the_albis_slope,HAS_FACT
place_albis_canton_of_zurich_switzerland,fact_place_place_albis_canton_of_zurich_switzerland_the_sihlwald_is_located_on_the_albis_slope,HAS_FACT
place_zimmerberg_canton_of_zurich_switzerland,fact_place_place_zimmerberg_canton_of_zurich_switzerland_the_low_moraine_ridge_of_the_zimmerberg_extends_up_towards_hütten_and_schindellegi,HAS_FACT
place_hütten_canton_of_zurich_switzerland,fact_place_place_hütten_canton_of_zurich_switzerland_the_low_moraine_ridge_of_the_zimmerberg_extends_up_towards_hütten,HAS_FACT
place_schindellegi_canton_of_zurich_switzerland,fact_place_place_schindellegi_canton_of_zurich_switzerland_the_low_moraine_ridge_of_the_zimmerberg_extends_up_towards_schindellegi,HAS_FACT
place_lake_zurich_canton_of_zurich_switzerland,fact_place_place_lake_zurich_canton_of_zurich_switzerland_sunlit_villages_are_speckled_lakewards,HAS_FACT
place_quaibrücke_zürich_switzerland,fact_place_place_quaibrücke_zürich_switzerland_quaibrücke_is_located_downstream_of_the_old_town_toward_the_limmat,HAS_FACT
place_limmat_zürich_switzerland,fact_place_place_limmat_zürich_switzerland_the_quaibrücke_is_located_toward_the_limmat,HAS_FACT
place_zwingli_monument_zürich_switzerland,fact_place_place_zwingli_monument_zürich_switzerland_the_zwingli_monument_was_built_in_1885,HAS_FACT
place_zwingli_monument_zürich_switzerland,fact_place_place_zwingli_monument_zürich_switzerland_it_is_a_high_bronze_statue_of_the_great_reformer,HAS_FACT
place_zwingli_monument_zürich_switzerland,fact_place_place_zwingli_monument_zürich_switzerland_it_is_framed_by_dark_groups_of_trees,HAS_FACT
place_zwingli_monument_zürich_switzerland,fact_place_place_zwingli_monument_zürich_switzerland_it_is_located_in_front_of_the_old_wasserkirche,HAS_FACT
place_wasserkirche_zürich_switzerland,fact_place_place_wasserkirche_zürich_switzerland_the_old_wasserkirche_now_houses_the_city_library,HAS_FACT
place_wasserkirche_zürich_switzerland,fact_place_place_wasserkirche_zürich_switzerland_it_is_located_in_front_of_the_zwingli_monument,HAS_FACT
place_helmhaus_zürich_switzerland,fact_place_place_helmhaus_zürich_switzerland_the_helmhaus_adjoins_to_the_north_of_the_wasserkirche,HAS_FACT
place_münsterbrücke_zürich_switzerland,fact_place_place_münsterbrücke_zürich_switzerland_from_the_münsterbrücke_offers_a_characteristic_city_view,HAS_FACT
place_grossmünster_zürich_switzerland,fact_place_place_grossmünster_zürich_switzerland_the_grossmünster_has_two_gothic_towers,HAS_FACT
place_grossmünster_zürich_switzerland,fact_place_place_grossmünster_zürich_switzerland_the_towers_formerly_ended_in_pointed_spires_and_are_now_crowned_with_wooden_domes,HAS_FACT
place_grossmünster_zürich_switzerland,fact_place_place_grossmünster_zürich_switzerland_it_is_the_church_of_the_former_collegiate_chapter,HAS_FACT
place_grossmünster_zürich_switzerland,fact_place_place_grossmünster_zürich_switzerland_it_was_the_place_of_zwingli_s_activity_from_1519_to_1531,HAS_FACT
place_grossmünster_zürich_switzerland,fact_place_place_grossmünster_zürich_switzerland_it_was_built_in_romanesque_style_in_1078_on_the_site_of_an_older_burnt_church,HAS_FACT
place_grossmünster_zürich_switzerland,fact_place_place_grossmünster_zürich_switzerland_on_the_southern_tower_there_is_a_stone_carving_of_emperor_charlemagne_with_a_sword_on_his_knees_and_a_golden_crown_on_his_head,HAS_FACT
place_cloister_upper_daughters_school,fact_place_place_cloister_upper_daughters_school_in_the_noteworthy_cloister_upper_daughters_school_stands_a_fountain_with_the_statue_of_emperor_charlemagne_in_sandstone,HAS_FACT
place_limmatquai_zurich_switzerland,fact_place_place_limmatquai_zurich_switzerland_down_the_limmatquai_some_guild_houses_follow,HAS_FACT
place_town_hall_zurich_switzerland,fact_place_place_town_hall_zurich_switzerland_the_venerable_town_hall_is_built_over_the_limmat,HAS_FACT
place_town_hall_zurich_switzerland,fact_place_place_town_hall_zurich_switzerland_it_is_the_third_building_on_this_site,HAS_FACT
place_town_hall_zurich_switzerland,fact_place_place_town_hall_zurich_switzerland_the_first_was_entirely_wooden,HAS_FACT
place_town_hall_zurich_switzerland,fact_place_place_town_hall_zurich_switzerland_the_large_town_hall_was_wooden_until_1502,HAS_FACT
place_town_hall_zurich_switzerland,fact_place_place_town_hall_zurich_switzerland_in_1504_it_received_glass_windows_previously_only_covered_with_cloth,HAS_FACT
place_town_hall_zurich_switzerland,fact_place_place_town_hall_zurich_switzerland_the_previous_building_was_demolished_in_1694,HAS_FACT
place_town_hall_zurich_switzerland,fact_place_place_town_hall_zurich_switzerland_today_s_building_is_in_noble_german_renaissance_style,HAS_FACT
place_town_hall_zurich_switzerland,fact_place_place_town_hall_zurich_switzerland_in_the_vestibule_is_a_bust_of_the_poet_and_zurich_state_scribe_gottfried_keller,HAS_FACT
place_town_hall_zurich_switzerland,fact_place_place_town_hall_zurich_switzerland_on_the_upper_floor_is_the_cantonal_council_chamber_also_used_as_the_session_room_by_the_great_city_council,HAS_FACT
place_zurich_switzerland,fact_place_place_zurich_switzerland_the_tribune_for_the_listeners_is_well_arranged,HAS_FACT
place_zurich_switzerland,fact_place_place_zurich_switzerland_the_town_hall_is_located_in_zurich,HAS_FACT
place_zurich_switzerland,fact_place_place_zurich_switzerland_the_wide_gemüsebrücke_with_its_blue_shaded_market_stalls_leads_the_eye_across_to_the_green_hill_of_lindenhof,HAS_FACT
place_zurich_switzerland,fact_place_place_zurich_switzerland_the_green_hill_of_lindenhof_has_the_freemason_lodge_and_the_tower_of_st_peter_s_church_with_mighty_clock_faces,HAS_FACT
place_zurich_switzerland,fact_place_place_zurich_switzerland_until_about_the_mid_16th_century_the_clock_faces_of_st_peter_s_church_were_the_only_public_clock_in_zurich,HAS_FACT
place_zurich_switzerland,fact_place_place_zurich_switzerland_the_narrow_windowed_narrow_and_tall_houses_of_the_schipfe_are_in_zurich,HAS_FACT
place_zurich_switzerland,fact_place_place_zurich_switzerland_the_wühre_has_the_richly_baroque_built_guild_house_zur_meise_representing_bourgeois_nobility_in_sandstone_with_a_wrought_iron_courtyard_gate,HAS_FACT
place_zurich_switzerland,fact_place_place_zurich_switzerland_on_the_left_bank_is_the_slenderly_turreted_fraumünster_church_founded_by_ludwig_the_german_in_853,HAS_FACT
place_zurich_switzerland,fact_place_place_zurich_switzerland_hans_waldmann_s_tomb_is_in_the_fraumünster_church,HAS_FACT
place_zurich_switzerland,fact_place_place_zurich_switzerland_the_old_cloister_architect_was_gull,HAS_FACT
place_zurich_switzerland,fact_place_place_zurich_switzerland_the_friendly_town_hall_is_attached_to_the_fraumünster_church_and_connected_with_the_old_cloister,HAS_FACT
place_zurich_switzerland,fact_place_place_zurich_switzerland_the_friendly_town_hall_is_the_central_office_of_municipal_administration,HAS_FACT
place_zurich_switzerland,fact_place_place_zurich_switzerland_the_federal_post_office_is_attached_to_the_fraumünster_church,HAS_FACT
place_zurich_switzerland,fact_place_place_zurich_switzerland_all_these_buildings_are_constructed_from_molasse_sandstone_from_the_bäch_and_bollingen_quarries,HAS_FACT
place_zurich_switzerland,fact_place_place_zurich_switzerland_the_molasse_sandstone_has_a_dark_weathering_color_giving_the_cityscape_a_slightly_melancholic_touch,HAS_FACT
place_zurich_switzerland,fact_place_place_zurich_switzerland_the_new_prediger_tower_towers_above_the_narrower_cityscape,HAS_FACT
place_zurich_switzerland,fact_place_place_zurich_switzerland_the_simple_basilica_of_the_roman_catholic_liebfrauenkirche_has_a_bluntly_squared_campanile_of_dazzling_white_tuff_limestone,HAS_FACT
place_zurich_switzerland,fact_place_place_zurich_switzerland_the_limmat_river_is_framed_by_industrial_buildings_on_piles_of_the_two_mill_piers,HAS_FACT
place_zurich_switzerland,fact_place_place_zurich_switzerland_the_urania_tower_has_a_cupola_extending_into_a_round_gallery_housing_the_public_observatory_tower,HAS_FACT
place_münsterbrücke_zurich_switzerland,fact_place_place_münsterbrücke_zurich_switzerland_the_münsterbrücke_was_inaugurated_in_1838,HAS_FACT
place_münsterbrücke_zurich_switzerland,fact_place_place_münsterbrücke_zurich_switzerland_it_spans_the_river_with_four_gently_arched_arches,HAS_FACT
place_münsterbrücke_zurich_switzerland,fact_place_place_münsterbrücke_zurich_switzerland_the_vaults_and_cladding_are_made_of_black_marble_from_the_wallenstadtsee_quarries,HAS_FACT
place_münsterbrücke_zurich_switzerland,fact_place_place_münsterbrücke_zurich_switzerland_the_main_cornice_is_made_from_white_bleached_gotthard_granite_taken_near_mellingen_from_massive_erratic_blocks,HAS_FACT
place_münsterbrücke_zurich_switzerland,fact_place_place_münsterbrücke_zurich_switzerland_the_building_was_commissioned_by_zurich_merchants_under_the_direction_of_engineer_negrelli,HAS_FACT
place_münsterbrücke_zurich_switzerland,fact_place_place_münsterbrücke_zurich_switzerland_it_was_constructed_by_konrad_stadler_and_two_other_zurich_architects,HAS_FACT
place_walenstadt_st_gallen_switzerland,fact_place_place_walenstadt_st_gallen_switzerland_black_marble_used_for_the_vaults_and_cladding_of_the_münsterbrücke_comes_from_the_wallenstadtsee_quarries,HAS_FACT
place_gotthard_pass_switzerland,fact_place_place_gotthard_pass_switzerland_the_main_cornice_of_the_münsterbrücke_is_made_from_white_bleached_gotthard_granite,HAS_FACT
place_mellingen_aargau_switzerland,fact_place_place_mellingen_aargau_switzerland_the_gotthard_granite_used_for_the_main_cornice_was_taken_near_mellingen_from_massive_erratic_blocks,HAS_FACT
place_zurich_switzerland,fact_place_place_zurich_switzerland_the_münsterbrücke_was_commissioned_by_zurich_merchants,HAS_FACT
place_zurich_switzerland,fact_place_place_zurich_switzerland_the_building_was_constructed_by_konrad_stadler_and_two_other_zurich_architects,HAS_FACT
place_zurich_switzerland,fact_place_place_zurich_switzerland_engineer_negrelli_directed_the_construction_of_the_münsterbrücke,HAS_FACT
place_quay,fact_place_place_quay_the_quay_is_followed_past_the_cheerful_swan_colony_and_under_the_arches_to_the_town_hall,HAS_FACT
place_town_hall_zurich_switzerland,fact_place_place_town_hall_zurich_switzerland_the_town_hall_is_reached_by_following_the_quay_past_the_swan_colony_and_under_the_arches,HAS_FACT
place_fleischhalle_zurich_switzerland,fact_place_place_fleischhalle_zurich_switzerland_the_fleischhalle_is_opposite_the_climb_up_the_marktgasse,HAS_FACT
place_gemüsebrücke_zurich_switzerland,fact_place_place_gemüsebrücke_zurich_switzerland_the_gemüsebrücke_is_opposite_the_climb_up_the_marktgasse,HAS_FACT
place_marktgasse_zurich_switzerland,fact_place_place_marktgasse_zurich_switzerland_the_marktgasse_is_a_narrow_passage_that_once_was_the_main_traffic_channel_through_zurich,HAS_FACT
place_guild_house_zur_schmieden_zurich_switzerland,fact_place_place_guild_house_zur_schmieden_zurich_switzerland_the_tall_guild_house_zur_schmieden_is_passed_when_turning_left_past_the_marktgasse,HAS_FACT
place_rindermarkt_zurich_switzerland,fact_place_place_rindermarkt_zurich_switzerland_the_rindermarkt_is_passed_when_turning_left_past_the_marktgasse,HAS_FACT
place_stüssihofstatt_zurich_switzerland,fact_place_place_stüssihofstatt_zurich_switzerland_stüssihofstatt_looks_medieval_with_narrow_angular_alleys_and_sloping_squares,HAS_FACT
place_stüssihofstatt_zurich_switzerland,fact_place_place_stüssihofstatt_zurich_switzerland_knight_stüssi_gravely_surveys_the_narrow_area_from_the_fountain_at_stüssihofstatt,HAS_FACT
place_niederdorf_zurich_switzerland,fact_place_place_niederdorf_zurich_switzerland_the_niederdorf_is_a_bustling_area_with_shady_side_alleys,HAS_FACT
place_leonhardplatz_zurich_switzerland,fact_place_place_leonhardplatz_zurich_switzerland_leonhardplatz_is_reached_through_the_niederdorf,HAS_FACT
place_bahnhofbrücke_zurich_switzerland,fact_place_place_bahnhofbrücke_zurich_switzerland_the_bahnhofbrücke_has_heavy_traffic_with_several_tram_lines_converging,HAS_FACT
place_bahnhofbrücke_zurich_switzerland,fact_place_place_bahnhofbrücke_zurich_switzerland_the_bridge_can_hardly_handle_the_flow_of_vehicles_and_pedestrians_at_times,HAS_FACT
place_limmat,fact_place_place_limmat_the_limmat_forms_one_angle_where_the_main_station_is_located,HAS_FACT
place_sihl,fact_place_place_sihl_the_sihl_forms_one_angle_where_the_main_station_is_located,HAS_FACT
place_zurich_hauptbahnhof_zurich_switzerland,fact_place_place_zurich_hauptbahnhof_zurich_switzerland_zurich_station_was_built_as_a_terminal_station,HAS_FACT
place_zurich_hauptbahnhof_zurich_switzerland,fact_place_place_zurich_hauptbahnhof_zurich_switzerland_zurich_station_was_a_complex_of_the_former_northeastern_railway_company,HAS_FACT
place_zurich_hauptbahnhof_zurich_switzerland,fact_place_place_zurich_hauptbahnhof_zurich_switzerland_the_station_has_allegorical_figures_above_the_middle_building_representing_art_science_commerce_and_industry,HAS_FACT
place_zurich_hauptbahnhof_zurich_switzerland,fact_place_place_zurich_hauptbahnhof_zurich_switzerland_the_spacious_passenger_hall_was_long_counted_as_one_of_the_largest_and_most_beautiful_in_the_world,HAS_FACT
place_zurich_hauptbahnhof_zurich_switzerland,fact_place_place_zurich_hauptbahnhof_zurich_switzerland_the_sumptuous_waiting_rooms_were_especially_highlighted_by_travel_guides,HAS_FACT
place_zurich_hauptbahnhof_zurich_switzerland,fact_place_place_zurich_hauptbahnhof_zurich_switzerland_today_zurich_station_is_architecturally_surpassed_but_impresses_with_tight_order_and_cleanliness_especially_on_busy_holidays,HAS_FACT
place_zurich_switzerland,fact_place_place_zurich_switzerland_zurich_is_mentioned_in_the_context_of_bahnhofplatz_towards_the_polytechnic,HAS_FACT
place_plaza_promenade_behind_the_station,fact_place_place_plaza_promenade_behind_the_station_the_swiss_national_museum_stands_in_the_plaza_promenade_behind_the_station_in_zurich,HAS_FACT
place_zurich_switzerland,fact_place_place_zurich_switzerland_the_swiss_national_museum_was_built_by_the_city_of_zurich,HAS_FACT
place_fraumünster_zurich_switzerland,fact_place_place_fraumünster_zurich_switzerland_there_are_three_gothic_rooms_from_fraumünster_abbey_zurich_dating_from_1489_and_1507,HAS_FACT
place_swiss_national_museum_zurich_switzerland,fact_place_place_swiss_national_museum_zurich_switzerland_the_national_museum_was_founded_in_1891_by_the_confederation,HAS_FACT
place_swiss_national_museum_zurich_switzerland,fact_place_place_swiss_national_museum_zurich_switzerland_the_national_museum_was_solemnly_inaugurated_on_june_25_1898,HAS_FACT
place_confluence_of_limmat_and_sihl_zurich_switzerland,fact_place_place_confluence_of_limmat_and_sihl_zurich_switzerland_the_lovely_layouts_are_located_before_the_confluence_of_the_limmat_and_sihl,HAS_FACT
place_station,fact_place_place_station_in_front_of_the_station_is_a_large_monumental_fountain_of_red_granite_with_the_statue_of_alfred_escher_by_richard_kisling,HAS_FACT
place_bahnhofstrasse_zurich_switzerland,fact_place_place_bahnhofstrasse_zurich_switzerland_bahnhofstrasse_is_a_lime_tree_avenue_that_bends_left_twice_towards_paradeplatz_and_the_lake,HAS_FACT
place_bahnhofstrasse_zurich_switzerland,fact_place_place_bahnhofstrasse_zurich_switzerland_bahnhofstrasse_begins_with_beautiful_hotel_buildings_in_french_architecture_at_the_station,HAS_FACT
place_bahnhofstrasse_zurich_switzerland,fact_place_place_bahnhofstrasse_zurich_switzerland_bahnhofstrasse_has_large_scale_modern_shops_and_department_stores,HAS_FACT
place_bahnhofstrasse_zurich_switzerland,fact_place_place_bahnhofstrasse_zurich_switzerland_bahnhofstrasse_has_large_blocks_including_the_central_and_kappelerhof_and_the_stock_exchange_built_by_the_zurich_trade_society_from_1877_to_1880,HAS_FACT
place_bahnhofstrasse_zurich_switzerland,fact_place_place_bahnhofstrasse_zurich_switzerland_bahnhofstrasse_hosts_buildings_of_large_banking_institutions_such_as_swiss_bank_association_swiss_credit_institution_bank_leu_zurich_cantonal_bank_th,HAS_FACT
place_right_bank_zurich_switzerland,fact_place_place_right_bank_zurich_switzerland_the_right_bank_has_narrow_high_gabled_alleys_contrasting_with_bahnhofstrasse,HAS_FACT
place_oetenbach_zurich_switzerland,fact_place_place_oetenbach_zurich_switzerland_oetenbach_was_formerly_prison_buildings_built_from_the_remains_of_the_old_oetenbach_monastery_now_demolished_and_artificially_cut_through_at_uraniastrasse,HAS_FACT
place_rennweg_zurich_switzerland,fact_place_place_rennweg_zurich_switzerland_bahnhofstrasse_skirts_the_rennweg_area,HAS_FACT
place_lindenhof_zurich_switzerland,fact_place_place_lindenhof_zurich_switzerland_bahnhofstrasse_skirts_the_lindenhof_area,HAS_FACT
place_strohhof_zurich_switzerland,fact_place_place_strohhof_zurich_switzerland_bahnhofstrasse_skirts_the_strohhof_area,HAS_FACT
place_st_anna_zurich_switzerland,fact_place_place_st_anna_zurich_switzerland_st_anna_is_an_isolated_glacial_debris_hill_on_the_right_of_bahnhofstrasse,HAS_FACT
place_katz_botanical_garden_zurich_switzerland,fact_place_place_katz_botanical_garden_zurich_switzerland_katz_is_an_isolated_glacial_debris_hill_with_a_botanical_garden_on_the_right_of_bahnhofstrasse,HAS_FACT
place_paradeplatz_zurich_switzerland,fact_place_place_paradeplatz_zurich_switzerland_paradeplatz_is_a_destination_point_of_bahnhofstrasse_s_bends,HAS_FACT
place_paradeplatz_zurich_switzerland,fact_place_place_paradeplatz_zurich_switzerland_paradeplatz_hosts_buildings_of_the_swiss_bank_association_and_swiss_credit_institution,HAS_FACT
place_linth_escher_school_zurich_switzerland,fact_place_place_linth_escher_school_zurich_switzerland_the_linth_escher_school_is_located_in_a_pretty_park_setting_along_bahnhofstrasse,HAS_FACT
place_pestalozzi_memorial_zurich_switzerland,fact_place_place_pestalozzi_memorial_zurich_switzerland_the_pestalozzi_memorial_is_located_in_front_of_the_linth_escher_school_along_bahnhofstrasse,HAS_FACT
place_central_and_kappelerhof,fact_place_place_central_and_kappelerhof_the_central_and_kappelerhof_are_large_blocks_at_the_top_of_bahnhofstrasse,HAS_FACT
place_zurich_stock_exchange_zurich_switzerland,fact_place_place_zurich_stock_exchange_zurich_switzerland_the_stock_exchange_was_built_by_the_zurich_trade_society_from_1877_to_1880,HAS_FACT
place_swiss_bankers_association_zurich_switzerland,fact_place_place_swiss_bankers_association_zurich_switzerland_the_swiss_bank_association_building_on_bahnhofstrasse_has_a_colossal_statue_symbolizing_trade_by_richard_kisling,HAS_FACT
place_swiss_credit_institution,fact_place_place_swiss_credit_institution_the_swiss_credit_institution_is_located_at_paradeplatz_on_bahnhofstrasse,HAS_FACT
place_bank_leu_zurich_switzerland,fact_place_place_bank_leu_zurich_switzerland_bank_leu_is_located_on_bahnhofstrasse,HAS_FACT
place_zurich_cantonal_bank_zurich_switzerland,fact_place_place_zurich_cantonal_bank_zurich_switzerland_zurich_cantonal_bank_is_located_on_bahnhofstrasse,HAS_FACT
place_federal_bank,fact_place_place_federal_bank_the_federal_bank_is_located_on_bahnhofstrasse,HAS_FACT
place_swiss_people_s_bank,fact_place_place_swiss_people_s_bank_swiss_people_s_bank_is_located_on_bahnhofstrasse,HAS_FACT
place_augustinergasse_zurich_switzerland,fact_place_place_augustinergasse_zurich_switzerland_augustinergasse_is_an_old_angular_street_with_cozy_oriels,HAS_FACT
place_alpenquai_zurich_switzerland,fact_place_place_alpenquai_zurich_switzerland_the_alpenquai_is_a_lakeside_promenade_in_zurich,HAS_FACT
place_alpenquai_zurich_switzerland,fact_place_place_alpenquai_zurich_switzerland_the_alpenquai_passes_through_splendid_parklands,HAS_FACT
place_linth_glacier_switzerland,fact_place_place_linth_glacier_switzerland_erratic_blocks_of_the_old_linth_glacier_are_found_in_the_parklands,HAS_FACT
place_walensee_switzerland,fact_place_place_walensee_switzerland_red_fieldstones_from_the_walensee_area_are_present_in_the_parklands,HAS_FACT
place_speer_switzerland,fact_place_place_speer_switzerland_speer_nail_conglomerate_is_found_in_the_parklands,HAS_FACT
place_glärnisch_switzerland,fact_place_place_glärnisch_switzerland_chalk_and_jurassic_limestones_from_glärnisch_alternate_in_colorful_order_in_the_parklands,HAS_FACT
place_quay,fact_place_place_quay_the_quay_is_essentially_the_work_of_quay_engineer_a_bürkli,HAS_FACT
place_quay,fact_place_place_quay_a_tasteful_monument_has_been_erected_for_a_bürkli,HAS_FACT
place_zurich_switzerland,fact_place_place_zurich_switzerland_the_city_is_indebted_to_geologist_albert_heim_for_preserving_the_natural_moraine_character_of_the_city_topography,HAS_FACT
place_zurich_switzerland,fact_place_place_zurich_switzerland_the_city_topography_is_an_artificial_landscape_with_preserved_natural_moraine_character,HAS_FACT
place_tonhalle_zurich_switzerland,fact_place_place_tonhalle_zurich_switzerland_the_new_tonhalle_forms_a_pretty_background,HAS_FACT
place_tonhalle_zurich_switzerland,fact_place_place_tonhalle_zurich_switzerland_the_zurich_trocadero_was_built_by_viennese_architects_fellner_and_helmer_in_1895,HAS_FACT
place_zurich_trocadero_zurich_switzerland,fact_place_place_zurich_trocadero_zurich_switzerland_the_zurich_trocadero_was_built_by_viennese_architects_fellner_and_helmer_in_1895,HAS_FACT
place_red_castle,fact_place_place_red_castle_the_red_castle_is_also_known_as_palais_henneberg_and_has_a_marble_frieze,HAS_FACT
place_white_castle,fact_place_place_white_castle_the_white_castle_is_made_of_savonnières_limestone,HAS_FACT
place_building_of_the_swiss_pension_institution,fact_place_place_building_of_the_swiss_pension_institution_the_building_of_the_swiss_pension_institution_is_made_of_colorful_limestone,HAS_FACT
place_belvoirpark_zurich_switzerland,fact_place_place_belvoirpark_zurich_switzerland_belvoirpark_was_once_the_property_of_zurich_statesman_alfred_escher,HAS_FACT
place_belvoirpark_zurich_switzerland,fact_place_place_belvoirpark_zurich_switzerland_belvoirpark_makes_the_end_of_the_described_area,HAS_FACT
place_zurich_switzerland,fact_place_place_zurich_switzerland_alfred_escher_was_a_zurich_statesman_and_champion_of_the_gotthard_railway,HAS_FACT
place_belvoirpark_zurich_switzerland,fact_place_place_belvoirpark_zurich_switzerland_from_belvoirpark_we_ascend_over_the_gabler_to_bürgli,HAS_FACT
place_gabler,fact_place_place_gabler_from_belvoirpark_we_ascend_over_the_gabler_to_bürgli,HAS_FACT
place_bürgli,fact_place_place_bürgli_from_belvoirpark_we_ascend_over_the_gabler_to_bürgli,HAS_FACT
place_enge_zurich_switzerland,fact_place_place_enge_zurich_switzerland_there_is_a_picturesque_church_of_enge,HAS_FACT
place_zurich_switzerland,fact_place_place_zurich_switzerland_there_is_a_lovely_view_over_city_and_lake_from_the_church_of_enge,HAS_FACT
place_lake,fact_place_place_lake_there_is_a_lovely_view_over_city_and_lake_from_the_church_of_enge,HAS_FACT
place_enge_zurich_switzerland,fact_place_place_enge_zurich_switzerland_there_is_a_nearby_expensive_noble_villa_quarter_of_enge,HAS_FACT
place_outer_moraine_parallel_ridge_beyond_waffenplatzstrasse,fact_place_place_outer_moraine_parallel_ridge_beyond_waffenplatzstrasse_we_cross_the_outer_moraine_parallel_ridge_beyond_waffenplatzstrasse_to_the_sihl,HAS_FACT
place_waffenplatzstrasse,fact_place_place_waffenplatzstrasse_we_cross_the_outer_moraine_parallel_ridge_beyond_waffenplatzstrasse_to_the_sihl,HAS_FACT
place_sihl_zurich_switzerland,fact_place_place_sihl_zurich_switzerland_we_cross_the_outer_moraine_parallel_ridge_beyond_waffenplatzstrasse_to_the_sihl,HAS_FACT
place_sihl_zurich_switzerland,fact_place_place_sihl_zurich_switzerland_the_sihl_can_often_be_crossed_almost_dry_footed_but_sometimes_it_rolls_meter_deep_murky_waves,HAS_FACT
place_zimmerberg_zurich_switzerland,fact_place_place_zimmerberg_zurich_switzerland_the_sihl_rolls_meter_deep_murky_waves_between_zimmerberg_and_albiskette_over_the_commons_of_the_city,HAS_FACT
place_albiskette_zurich_switzerland,fact_place_place_albiskette_zurich_switzerland_the_sihl_rolls_meter_deep_murky_waves_between_zimmerberg_and_albiskette_over_the_commons_of_the_city,HAS_FACT
place_commons_the_federal_weapons_place_of_the_city,fact_place_place_commons_the_federal_weapons_place_of_the_city_the_sihl_rolls_meter_deep_murky_waves_over_the_commons_the_federal_weapons_place_of_the_city,HAS_FACT
place_limmat_zurich_switzerland,fact_place_place_limmat_zurich_switzerland_the_original_bed_of_the_sihl_is_the_present_day_limmat,HAS_FACT
place_utoquai_bridge_zurich_switzerland,fact_place_place_utoquai_bridge_zurich_switzerland_at_the_uto_bridge_the_path_branches_off_to_the_uetliberg,HAS_FACT
place_uetliberg_zurich_switzerland,fact_place_place_uetliberg_zurich_switzerland_at_the_uto_bridge_the_path_branches_off_to_the_uetliberg,HAS_FACT
place_albisgütli_zurich_switzerland,fact_place_place_albisgütli_zurich_switzerland_the_path_goes_past_the_albisgütli_shooting_house,HAS_FACT
place_theresienwiese_munich_germany,fact_place_place_theresienwiese_munich_germany_theresienwiese_is_known_for_the_munich_oktoberfest,HAS_FACT
place_old_albisgütli,fact_place_place_old_albisgütli_in_old_albisgütli_there_used_to_be_donkeys_and_horses_with_guides_ready_for_visitors_of_the_mountain_before_the_uetliberg_railway_was_built,HAS_FACT
place_uetliberg_zurich_switzerland,fact_place_place_uetliberg_zurich_switzerland_the_uetliberg_railway_was_built_to_access_the_mountain,HAS_FACT
place_uetliberg_railway,fact_place_place_uetliberg_railway_the_uetliberg_railway_was_built_after_the_time_when_donkeys_and_horses_with_guides_were_used_for_visitors,HAS_FACT
place_large_brick_and_brickworks,fact_place_place_large_brick_and_brickworks_several_large_brick_and_brickworks_mark_the_outskirts_of_the_industrial_city_district_at_the_foot_of_the_uetliberg,HAS_FACT
place_large_clay_pits,fact_place_place_large_clay_pits_large_clay_pits_are_located_at_the_foot_of_the_uetliberg_near_the_industrial_city_district,HAS_FACT
place_industrial_district_zurich_switzerland,fact_place_place_industrial_district_zurich_switzerland_the_industrial_city_district_is_located_at_the_foot_of_the_uetliberg_and_is_marked_by_brickworks_and_clay_pits,HAS_FACT
place_sihl_river_zurich_switzerland,fact_place_place_sihl_river_zurich_switzerland_the_sihl_river_flows_downstream_in_the_described_area,HAS_FACT
place_sihl_canal_zurich_switzerland,fact_place_place_sihl_canal_zurich_switzerland_the_sihl_canal_runs_alongside_the_sihl_river_in_the_area,HAS_FACT
place_sihlhölzli_zurich_switzerland,fact_place_place_sihlhölzli_zurich_switzerland_sihlhölzli_is_located_between_the_sihl_and_the_sihl_canal,HAS_FACT
place_sihlhölzli_zurich_switzerland,fact_place_place_sihlhölzli_zurich_switzerland_it_was_formerly_a_shooting_ground,HAS_FACT
place_sihlhölzli_zurich_switzerland,fact_place_place_sihlhölzli_zurich_switzerland_it_is_now_a_playground_and_ice_skating_rink,HAS_FACT
place_bühl_schools,fact_place_place_bühl_schools_the_bühl_schools_are_located_on_a_moraine_hill_above_the_left_side_of_the_sihl,HAS_FACT
place_wiedikon_zurich_switzerland,fact_place_place_wiedikon_zurich_switzerland_the_new_church_of_wiedikon_dominates_on_a_moraine_hill_above_the_left_side_of_the_sihl,HAS_FACT
place_wiedikon_zurich_switzerland,fact_place_place_wiedikon_zurich_switzerland_wiedikon_is_a_district_lying_to_the_left_of_the_sihl,HAS_FACT
place_wiedikon_zurich_switzerland,fact_place_place_wiedikon_zurich_switzerland_it_features_rectangular_barrack_like_blocks,HAS_FACT
place_wiedikon_zurich_switzerland,fact_place_place_wiedikon_zurich_switzerland_it_has_some_old_fashioned_low_cozy_houses_from_village_times,HAS_FACT
place_wiedikon_zurich_switzerland,fact_place_place_wiedikon_zurich_switzerland_overall_it_has_cramped_tenement_houses_that_are_smoky_weathered_and_tasteless,HAS_FACT
place_aussersihl_zurich_switzerland,fact_place_place_aussersihl_zurich_switzerland_aussersihl_is_a_district_lying_to_the_left_of_the_sihl,HAS_FACT
place_aussersihl_zurich_switzerland,fact_place_place_aussersihl_zurich_switzerland_it_features_rectangular_barrack_like_blocks,HAS_FACT
place_aussersihl_zurich_switzerland,fact_place_place_aussersihl_zurich_switzerland_it_has_some_old_fashioned_low_cozy_houses_from_village_times,HAS_FACT
place_aussersihl_zurich_switzerland,fact_place_place_aussersihl_zurich_switzerland_overall_it_has_cramped_tenement_houses_that_are_smoky_weathered_and_tasteless,HAS_FACT
place_left_bank_lake_railway,fact_place_place_left_bank_lake_railway_the_left_bank_lake_railway_reaches_the_main_station_in_a_wide_arc_west_of_aussersihl,HAS_FACT
place_zurich_main_station_zurich_switzerland,fact_place_place_zurich_main_station_zurich_switzerland_the_left_bank_lake_railway_reaches_the_main_station_in_a_wide_arc_west_of_aussersihl,HAS_FACT
place_aussersihl_zurich_switzerland,fact_place_place_aussersihl_zurich_switzerland_the_left_bank_lake_railway_reaches_the_main_station_in_a_wide_arc_west_of_aussersihl,HAS_FACT
place_stauffacher_bridge_zurich_switzerland,fact_place_place_stauffacher_bridge_zurich_switzerland_the_route_visits_stauffacher_bridge,HAS_FACT
place_sihl_bridge_zurich_switzerland,fact_place_place_sihl_bridge_zurich_switzerland_the_route_visits_sihl_bridge,HAS_FACT
place_badenerstrasse_zurich_switzerland,fact_place_place_badenerstrasse_zurich_switzerland_the_route_gradually_retreats_via_the_busy_badenerstrasse,HAS_FACT
place_st_jakob_church_zurich_switzerland,fact_place_place_st_jakob_church_zurich_switzerland_st_jakob_s_church_has_1400_seats_and_a_large_singers_podium,HAS_FACT
place_st_jakob_church_zurich_switzerland,fact_place_place_st_jakob_church_zurich_switzerland_st_jakob_s_church_was_built_in_1901,HAS_FACT
place_barracks_area_with_arsenal,fact_place_place_barracks_area_with_arsenal_the_barracks_area_with_arsenal_is_on_the_right_when_leaving_st_jakob_s_church_towards_langstrasse,HAS_FACT
place_langstrasse_zurich_switzerland,fact_place_place_langstrasse_zurich_switzerland_the_route_leads_towards_langstrasse,HAS_FACT
place_zurichberg_zurich_switzerland,fact_place_place_zurichberg_zurich_switzerland_on_sundays_excursionists_head_for_the_zurichberg,HAS_FACT
place_uetliberg_zurich_switzerland,fact_place_place_uetliberg_zurich_switzerland_on_sundays_excursionists_head_for_the_uetliberg,HAS_FACT
place_zurich_switzerland,fact_place_place_zurich_switzerland_zurich_is_mentioned_in_the_quay_grounds,HAS_FACT
place_zurich_switzerland,fact_place_place_zurich_switzerland_the_street_is_one_of_the_longest_in_greater_zurich,HAS_FACT
place_zurich_hauptbahnhof_zurich_switzerland,fact_place_place_zurich_hauptbahnhof_zurich_switzerland_the_street_passes_under_the_combined_approach_lines_of_the_main_station,HAS_FACT
place_limmatplatz_zurich_switzerland,fact_place_place_limmatplatz_zurich_switzerland_the_street_leads_over_to_limmatplatz_in_the_industrial_district_north_of_the_railway,HAS_FACT
place_industrial_district_north_of_the_railway,fact_place_place_industrial_district_north_of_the_railway_limmatplatz_is_in_the_industrial_district_north_of_the_railway,HAS_FACT
place_st_john_s_church,fact_place_place_st_john_s_church_nearby_stand_st_john_s_church,HAS_FACT
place_oerlikon_zurich_switzerland,fact_place_place_oerlikon_zurich_switzerland_trains_from_oerlikon_rattle_down_the_far_reaching_curve_to_the_lower_station_level,HAS_FACT
place_right_lake_shore,fact_place_place_right_lake_shore_trains_from_the_right_lake_shore_from_the_lettentunnel_at_stadelhofen_rattle_down_the_far_reaching_curve_to_the_lower_station_level,HAS_FACT
place_lettentunnel_at_stadelhofen,fact_place_place_lettentunnel_at_stadelhofen_trains_come_from_the_lettentunnel_at_stadelhofen,HAS_FACT
place_sihlquai_zurich_switzerland,fact_place_place_sihlquai_zurich_switzerland_the_industrial_railway_a_goods_line_extending_almost_to_the_main_station_ends_at_the_left_sihl_bank_sihlquai,HAS_FACT
place_sihlquai_zurich_switzerland,fact_place_place_sihlquai_zurich_switzerland_the_municipal_filter_plants_for_drinking_water_are_located_on_the_sihlquai,HAS_FACT
place_escher_wyss_co,fact_place_place_escher_wyss_co_escher_wyss_co_is_a_renowned_machine_factory_located_along_the_left_sihl_bank,HAS_FACT
place_steinfels_soap_factory,fact_place_place_steinfels_soap_factory_the_steinfels_soap_factory_is_located_along_the_left_sihl_bank,HAS_FACT
place_joint_stock_brewery,fact_place_place_joint_stock_brewery_the_joint_stock_brewery_is_located_along_the_left_sihl_bank,HAS_FACT
place_city_mill,fact_place_place_city_mill_the_city_mill_is_located_along_the_left_sihl_bank,HAS_FACT
place_limmat_zurich_switzerland,fact_place_place_limmat_zurich_switzerland_pumping_and_power_plants_near_letten_station_are_located_further_downstream_across_the_limmat,HAS_FACT
place_letten_station_zurich_switzerland,fact_place_place_letten_station_zurich_switzerland_pumping_and_power_plants_near_letten_station_are_located_further_downstream_across_the_limmat,HAS_FACT
place_former_gasworks,fact_place_place_former_gasworks_the_former_gasworks_are_now_arranged_for_troop_accommodation_cavalry_in_case_of_mobilization,HAS_FACT
place_wipkinger_bridge_zurich_switzerland,fact_place_place_wipkinger_bridge_zurich_switzerland_the_newly_widened_wipkinger_bridge_offers_a_pretty_view_downstream_of_the_limmat_valley_and_to_the_village_of_hoengg,HAS_FACT
place_limmat_valley_zurich_switzerland,fact_place_place_limmat_valley_zurich_switzerland_the_wipkinger_bridge_offers_a_view_downstream_of_the_limmat_valley,HAS_FACT
place_höngg_zurich_switzerland,fact_place_place_höngg_zurich_switzerland_the_village_of_hoengg_leans_gently_against_the_slope_of_käferberg,HAS_FACT
place_käferberg_zurich_switzerland,fact_place_place_käferberg_zurich_switzerland_the_village_of_hoengg_leans_gently_against_the_slope_of_käferberg,HAS_FACT
place_right_bank_of_limmat_zurich_switzerland,fact_place_place_right_bank_of_limmat_zurich_switzerland_with_the_right_limmat_bank_we_enter_the_fourth_city_district,HAS_FACT
place_district_4_zurich_switzerland,fact_place_place_district_4_zurich_switzerland_the_fourth_city_district_is_entered_via_the_right_limmat_bank,HAS_FACT
place_wipkingen_zurich_switzerland,fact_place_place_wipkingen_zurich_switzerland_wipkingen_still_largely_retains_its_village_character,HAS_FACT
place_röschibachstrasse_zurich_switzerland,fact_place_place_röschibachstrasse_zurich_switzerland_the_route_passes_through_röschibachstrasse,HAS_FACT
place_nordstrasse_zurich_switzerland,fact_place_place_nordstrasse_zurich_switzerland_the_route_crosses_the_kilometres_long_nordstrasse,HAS_FACT
place_rotbuchstrasse_zurich_switzerland,fact_place_place_rotbuchstrasse_zurich_switzerland_the_route_goes_through_rotbuchstrasse_up_to_rötel,HAS_FACT
place_rötel,fact_place_place_rötel_the_route_goes_through_rotbuchstrasse_up_to_rötel,HAS_FACT
place_oerlikon_seebacher_tramway,fact_place_place_oerlikon_seebacher_tramway_one_can_travel_back_by_the_oerlikon_seebacher_tramway,HAS_FACT
place_weinbergstrasse_zurich_switzerland,fact_place_place_weinbergstrasse_zurich_switzerland_the_newest_city_line_goes_through_weinbergstrasse_through_the_district_unterstrass_to_leonhardsplatz_at_the_bahnhofbrücke,HAS_FACT
place_unterstrass_zurich_switzerland,fact_place_place_unterstrass_zurich_switzerland_the_newest_city_line_goes_through_unterstrass_to_leonhardsplatz_at_the_bahnhofbrücke,HAS_FACT
place_leonhardsplatz_zurich_switzerland,fact_place_place_leonhardsplatz_zurich_switzerland_the_newest_city_line_goes_to_leonhardsplatz_at_the_bahnhofbrücke,HAS_FACT
place_bahnhofbrücke_zurich_switzerland,fact_place_place_bahnhofbrücke_zurich_switzerland_the_newest_city_line_goes_to_leonhardsplatz_at_the_bahnhofbrücke,HAS_FACT
place_zurich_switzerland,fact_place_place_zurich_switzerland_zurich_includes_wiedikon_the_church_and_the_schools,HAS_FACT
place_wiedikon_zurich_switzerland,fact_place_place_wiedikon_zurich_switzerland_wiedikon_is_part_of_zurich,HAS_FACT
place_the_church,fact_place_place_the_church_the_church_is_located_in_zurich,HAS_FACT
place_the_schools,fact_place_place_the_schools_the_schools_are_located_in_zurich,HAS_FACT
place_riedlistrasse,fact_place_place_riedlistrasse_there_is_a_magnificent_school_building_on_riedlistrasse_above_the_church,HAS_FACT
place_höhenstrasse,fact_place_place_höhenstrasse_on_the_höhenstrasse_we_enjoy_the_magnificent_overview_of_the_city_and_surroundings,HAS_FACT
place_rigi_quarter,fact_place_place_rigi_quarter_the_rigi_quarter_is_freely_built_and_garden_rich,HAS_FACT
place_schlieren_zurich_switzerland,fact_place_place_schlieren_zurich_switzerland_the_city_gasworks_with_three_mighty_gasometers_is_located_in_schlieren,HAS_FACT
place_zurich_switzerland,fact_place_place_zurich_switzerland_the_city_is_located_at_the_outlet_of_the_large_lake,HAS_FACT
place_zurich_switzerland,fact_place_place_zurich_switzerland_the_city_is_at_the_confluence_of_the_limmat_and_sihl_rivers,HAS_FACT
place_zurich_switzerland,fact_place_place_zurich_switzerland_the_city_lies_in_an_open_valley_upwards_and_downwards_capable_of_expansion,HAS_FACT
place_zurich_switzerland,fact_place_place_zurich_switzerland_the_city_is_laterally_limited_by_the_almost_straight_uetliberg_ridge_and_the_gently_rolling_zurichberg,HAS_FACT
place_zurich_switzerland,fact_place_place_zurich_switzerland_the_city_is_nourished_and_moved_by_the_tame_lake_water_and_the_wild_young_sihl,HAS_FACT
place_zurich_switzerland,fact_place_place_zurich_switzerland_the_city_is_limited_on_the_sides_by_established_not_excessively_high_rock_walls,HAS_FACT
place_lake_zurich_switzerland,fact_place_place_lake_zurich_switzerland_the_large_lake_is_the_outlet_location_of_the_city,HAS_FACT
place_limmat_river_switzerland,fact_place_place_limmat_river_switzerland_the_limmat_river_meets_the_sihl_river_at_the_city,HAS_FACT
place_sihl_river_switzerland,fact_place_place_sihl_river_switzerland_the_sihl_river_meets_the_limmat_river_at_the_city,HAS_FACT
place_sihl_river_switzerland,fact_place_place_sihl_river_switzerland_the_sihl_is_described_as_wild_and_young,HAS_FACT
place_uetliberg_zurich_switzerland,fact_place_place_uetliberg_zurich_switzerland_the_uetliberg_ridge_is_almost_straight_and_laterally_limits_the_city,HAS_FACT
place_zurichberg_zurich_switzerland,fact_place_place_zurichberg_zurich_switzerland_the_zurichberg_is_gently_rolling_and_laterally_limits_the_city,HAS_FACT
place_höhenstrasse,fact_place_place_höhenstrasse_from_the_höhenstrasse_down_one_overlooks_the_impressive_building_complex_of_the_cantonal_and_federal_universities,HAS_FACT
place_universities_zurich_switzerland,fact_place_place_universities_zurich_switzerland_the_cantonal_and_federal_universities_are_located_below_the_höhenstrasse,HAS_FACT
place_eth_zurich_zurich_switzerland,fact_place_place_eth_zurich_zurich_switzerland_the_main_building_of_the_swiss_federal_polytechnic_school_deserves_mention,HAS_FACT
place_eth_zurich_zurich_switzerland,fact_place_place_eth_zurich_zurich_switzerland_the_school_was_founded_in_1855,HAS_FACT
place_eth_zurich_zurich_switzerland,fact_place_place_eth_zurich_zurich_switzerland_the_school_includes_the_construction_school_engineering_school_mechanical_agricultural_and_forestry_departments,HAS_FACT
place_eth_zurich_zurich_switzerland,fact_place_place_eth_zurich_zurich_switzerland_it_has_a_department_for_training_specialized_teachers_in_mathematics_and_natural_sciences,HAS_FACT
place_eth_zurich_zurich_switzerland,fact_place_place_eth_zurich_zurich_switzerland_it_has_a_philosophical_economic_so_called_free_subjects_department,HAS_FACT
place_eth_zurich_zurich_switzerland,fact_place_place_eth_zurich_zurich_switzerland_it_has_a_military_science_department,HAS_FACT
place_university_complex,fact_place_place_university_complex_the_main_building_is_part_of_the_university_complex,HAS_FACT
place_old_town_zurich_switzerland,fact_place_place_old_town_zurich_switzerland_the_main_building_stands_foremost_on_the_scenic_ramp_of_the_university_complex_towards_the_old_town,HAS_FACT
place_university_of_zurich_zurich_switzerland,fact_place_place_university_of_zurich_zurich_switzerland_the_south_wing_is_currently_occupied_by_the_university,HAS_FACT
place_university_of_zurich_zurich_switzerland,fact_place_place_university_of_zurich_zurich_switzerland_the_university_will_soon_receive_a_magnificent_new_home_in_close_proximity,HAS_FACT
place_eth_zurich_zurich_switzerland,fact_place_place_eth_zurich_zurich_switzerland_behind_the_polytechnic_stands_the_old_chemical_laboratory_hygienic_institute,HAS_FACT
place_old_chemical_laboratory_hygienic_institute,fact_place_place_old_chemical_laboratory_hygienic_institute_the_old_chemical_laboratory_hygienic_institute_stands_behind_the_polytechnic,HAS_FACT
place_federal_materials_testing_institute,fact_place_place_federal_materials_testing_institute_a_whole_network_of_scientific_institutes_line_up_including_the_federal_materials_testing_institute,HAS_FACT
place_federal_testing_institute_for_fuels,fact_place_place_federal_testing_institute_for_fuels_a_whole_network_of_scientific_institutes_line_up_including_the_federal_testing_institute_for_fuels,HAS_FACT
place_federal_machine_laboratory,fact_place_place_federal_machine_laboratory_the_federal_machine_laboratory_was_built_in_1899_1900,HAS_FACT
place_federal_chemical_laboratories,fact_place_place_federal_chemical_laboratories_the_federal_chemical_laboratories_were_occupied_in_1886,HAS_FACT
place_federal_chemical_laboratories,fact_place_place_federal_chemical_laboratories_they_include_the_swiss_agricultural_chemical_institute_and_seed_control_station,HAS_FACT
place_swiss_agricultural_chemical_institute_and_seed_control_station,fact_place_place_swiss_agricultural_chemical_institute_and_seed_control_station_they_are_part_of_the_federal_chemical_laboratories,HAS_FACT
place_federal_central_office_for_forestry_research,fact_place_place_federal_central_office_for_forestry_research_the_federal_central_office_for_forestry_research_is_part_of_the_network_of_scientific_institutes,HAS_FACT
place_agricultural_and_forestry_school,fact_place_place_agricultural_and_forestry_school_the_agricultural_and_forestry_school_was_established_in_1874_and_has_an_experimental_garden,HAS_FACT
place_federal_observatory,fact_place_place_federal_observatory_the_federal_observatory_is_part_of_the_scientific_institutes,HAS_FACT
place_federal_physics_building,fact_place_place_federal_physics_building_the_federal_physics_building_was_built_in_1890,HAS_FACT
place_federal_physics_building,fact_place_place_federal_physics_building_it_houses_the_swiss_meteorological_central_institute,HAS_FACT
place_swiss_meteorological_central_institute,fact_place_place_swiss_meteorological_central_institute_it_is_located_in_the_federal_physics_building,HAS_FACT
place_cantonal_hospital,fact_place_place_cantonal_hospital_the_cantonal_hospital_is_part_of_the_described_institutions,HAS_FACT
place_laboratory_of_the_cantonal_chemist_and_dental_polyclinic,fact_place_place_laboratory_of_the_cantonal_chemist_and_dental_polyclinic_the_laboratory_of_the_cantonal_chemist_and_dental_polyclinic_was_built_in_1899_1900,HAS_FACT
place_anatomy,fact_place_place_anatomy_anatomy_is_listed_among_the_institutions,HAS_FACT
place_isolation_hospital,fact_place_place_isolation_hospital_the_isolation_hospital_is_part_of_the_institutions,HAS_FACT
place_pathological_institute,fact_place_place_pathological_institute_the_pathological_institute_was_established_in_1832,HAS_FACT
place_eye_clinic,fact_place_place_eye_clinic_the_eye_clinic_is_part_of_the_institutions,HAS_FACT
place_blind_and_deaf_mute_institute,fact_place_place_blind_and_deaf_mute_institute_the_blind_and_deaf_mute_institute_is_part_of_the_institutions,HAS_FACT
place_cantonal_physics_and_physiology_building,fact_place_place_cantonal_physics_and_physiology_building_the_cantonal_physics_and_physiology_building_is_part_of_the_institutions,HAS_FACT
place_cantonal_chemical_laboratories_of_the_university,fact_place_place_cantonal_chemical_laboratories_of_the_university_the_cantonal_chemical_laboratories_of_the_university_were_recently_opened_in_spring_1909,HAS_FACT
place_new_cantonal_school_building,fact_place_place_new_cantonal_school_building_the_new_cantonal_school_building_is_opposite_the_old_cantonal_school_on_rämistrasse,HAS_FACT
place_old_cantonal_school_on_rämistrasse,fact_place_place_old_cantonal_school_on_rämistrasse_the_old_cantonal_school_on_rämistrasse_was_built_in_1839_42_by_architect_wegmann,HAS_FACT
place_wolfbach_schoolhouse,fact_place_place_wolfbach_schoolhouse_adjacent_to_the_city_is_the_wolfbach_schoolhouse,HAS_FACT
place_music_conservatory_in_florhofgasse,fact_place_place_music_conservatory_in_florhofgasse_the_music_conservatory_in_florhofgasse_was_built_between_1900_and_1902_and_has_a_large_concert_hall_with_450_seats,HAS_FACT
place_hirschengraben_schoolhouse,fact_place_place_hirschengraben_schoolhouse_the_hirschengraben_schoolhouse_is_magnificent,HAS_FACT
place_collegiate_building_at_rechberg,fact_place_place_collegiate_building_at_rechberg_the_collegiate_building_at_rechberg_is_an_old_handsome_patrician_house,HAS_FACT
place_zurich_switzerland,fact_place_place_zurich_switzerland_zurich_is_a_city_with_a_notable_school_system,HAS_FACT
place_zurich_switzerland,fact_place_place_zurich_switzerland_municipal_school_buildings_are_especially_striking_in_zurich_s_cityscape,HAS_FACT
place_zurich_switzerland,fact_place_place_zurich_switzerland_at_the_time_of_the_city_unification_in_1893_there_were_39_schoolhouses_in_the_old_city_and_outer_municipalities_combined,HAS_FACT
place_zurich_switzerland,fact_place_place_zurich_switzerland_the_oldest_schoolhouse_was_the_plain_schoolhouse_at_badenerstrasse_occupied_in_1821,HAS_FACT
place_zurich_switzerland,fact_place_place_zurich_switzerland_the_youngest_schoolhouse_was_the_tall_school_palace_at_hirschengraben_built_in_1893_by_architect_alexander_koch,HAS_FACT
place_zurich_switzerland,fact_place_place_zurich_switzerland_since_1893_almost_every_year_a_school_building_with_various_facilities_has_been_added,HAS_FACT
place_zurich_switzerland,fact_place_place_zurich_switzerland_new_school_buildings_have_classrooms_planned_for_a_maximum_of_55_primary_or_35_secondary_students,HAS_FACT
place_zurich_switzerland,fact_place_place_zurich_switzerland_new_buildings_have_floor_space_of_7_10_11_or_7_9_meters_use_low_pressure_steam_and_hot_water_heating_and_have_abandoned_air_heating,HAS_FACT
place_zurich_switzerland,fact_place_place_zurich_switzerland_construction_costs_between_1889_and_1902_amounted_to_42_000_fr_per_class_770_fr_per_student_and_25_73_fr_per_m3,HAS_FACT
place_höhen_and_bergstrasse,fact_place_place_höhen_and_bergstrasse_the_way_leads_from_the_höhen_and_bergstrasse_to_the_dolder_forest_house,HAS_FACT
place_dolder_forest_house_zurich_switzerland,fact_place_place_dolder_forest_house_zurich_switzerland_the_dolder_forest_house_is_at_the_entrance_to_the_large_beautiful_dolderpark,HAS_FACT
place_dolderpark_zurich_switzerland,fact_place_place_dolderpark_zurich_switzerland_dolderpark_is_described_as_large_and_beautiful,HAS_FACT
place_kreuzkirche_zurich_switzerland,fact_place_place_kreuzkirche_zurich_switzerland_the_cable_car_passes_the_mighty_dome_of_the_kreuzkirche,HAS_FACT
place_römerhof_zurich_switzerland,fact_place_place_römerhof_zurich_switzerland_the_route_goes_down_to_römerhof,HAS_FACT
place_st_antonius_church_zurich_switzerland,fact_place_place_st_antonius_church_zurich_switzerland_the_municipal_tram_passes_the_original_st_antonius_church,HAS_FACT
place_hottingen_zurich_switzerland,fact_place_place_hottingen_zurich_switzerland_the_tram_passes_through_hottingen,HAS_FACT
place_bahnhof_stadelhofen_zurich_switzerland,fact_place_place_bahnhof_stadelhofen_zurich_switzerland_the_tram_passes_via_kreuzplatz_bahnhof_stadelhofen,HAS_FACT
place_high_promenade_zurich_switzerland,fact_place_place_high_promenade_zurich_switzerland_the_tram_passes_south_of_the_tree_crowned_hill_of_the_high_promenade,HAS_FACT
place_nägeli_monument_zurich_switzerland,fact_place_place_nägeli_monument_zurich_switzerland_the_nägeli_monument_is_located_at_the_high_promenade,HAS_FACT
place_french_and_english_churches,fact_place_place_french_and_english_churches_french_and_english_churches_are_located_at_the_high_promenade,HAS_FACT
place_city_theater,fact_place_place_city_theater_the_city_theater_was_built_by_fellner_and_helmer_in_vienna_and_inaugurated_in_autumn_1891,HAS_FACT
place_old_theater_at_untern_zäune,fact_place_place_old_theater_at_untern_zäune_the_old_theater_at_untern_zäune_burned_down_on_the_night_of_january_1_2_1890,HAS_FACT
place_corso_theater_zurich_switzerland,fact_place_place_corso_theater_zurich_switzerland_the_corso_theater_is_a_variety_stage_opened_in_1900,HAS_FACT
place_tonhalleplatz_zurich_switzerland,fact_place_place_tonhalleplatz_zurich_switzerland_the_route_passes_the_old_tonhalle_square,HAS_FACT
place_quaibrücke_zurich_switzerland,fact_place_place_quaibrücke_zurich_switzerland_the_tour_starts_and_ends_at_quaibrücke,HAS_FACT
place_heimplatz_zurich_switzerland,fact_place_place_heimplatz_zurich_switzerland_heimplatz_is_near_pfauen_theater_in_zurich,HAS_FACT
place_heimplatz_zurich_switzerland,fact_place_place_heimplatz_zurich_switzerland_heimplatz_has_a_monument_to_the_singing_father_ignaz_heim,HAS_FACT
place_heimplatz_zurich_switzerland,fact_place_place_heimplatz_zurich_switzerland_heimplatz_has_a_new_art_house_whose_completion_will_crown_years_of_efforts_by_enthusiasts_of_fine_arts,HAS_FACT
place_pfauen_theater_zurich_switzerland,fact_place_place_pfauen_theater_zurich_switzerland_pfauen_theater_is_the_city_theater_s_drama_stage_in_zurich,HAS_FACT
place_upper_court,fact_place_place_upper_court_the_upper_court_has_the_jury_court_chamber_and_the_plain_obmann_office_former_barefoot_monastery,HAS_FACT
place_obmann_office,fact_place_place_obmann_office_the_obmann_office_is_the_former_barefoot_monastery,HAS_FACT
place_obmann_office,fact_place_place_obmann_office_the_obmann_office_is_the_central_office_of_cantonal_administration_with_many_branches_housed_in_neighboring_buildings_due_to_lack_of_space,HAS_FACT
place_botanical_garden,fact_place_place_botanical_garden_the_botanical_garden_was_laid_out_in_1836_on_the_former_bollwerk_zur_katze_in_the_west_corner_of_schanzengraben,HAS_FACT
place_botanical_garden,fact_place_place_botanical_garden_the_botanical_garden_includes_a_morphological_biological_plant_section_a_systematic_department_tropical_useful_and_ornamental_plants_in_greenhouses_and_phytogeographi,HAS_FACT
place_botanical_garden,fact_place_place_botanical_garden_the_museum_in_the_botanical_garden_houses_a_type_herbarium_for_the_identification_of_swiss_plants_accessible_to_the_public,HAS_FACT
place_botanical_garden,fact_place_place_botanical_garden_the_museum_holds_an_extensive_herbarium_of_the_canton_of_zurich_a_helveticum_herbarium_a_general_herbarium_and_some_specialist_herbaria_including_those_of_hegetschwei,HAS_FACT
place_botanical_garden,fact_place_place_botanical_garden_the_park_is_adorned_with_monuments_to_botanists_heinrich_zollinger_oswald_heer_a_de_candolle_and_konrad_gessner,HAS_FACT
place_selnau_zurich_switzerland,fact_place_place_selnau_zurich_switzerland_selnau_is_near_the_uetliberg_and_sihl_valley_railway_station,HAS_FACT
place_selnau_zurich_switzerland,fact_place_place_selnau_zurich_switzerland_in_selnau_is_the_narrow_district_office_with_a_mighty_erratic_block_in_front,HAS_FACT
place_uetliberg_zurich_switzerland,fact_place_place_uetliberg_zurich_switzerland_uetliberg_is_near_selnau_and_the_sihl_valley_railway_station,HAS_FACT
place_sihl_valley_railway_station,fact_place_place_sihl_valley_railway_station_the_sihl_valley_railway_station_is_near_selnau_and_uetliberg,HAS_FACT
place_zurich_switzerland,fact_place_place_zurich_switzerland_zurich_is_mentioned_in_the_context_of_badenerstrasse_and_saint_jakob_s_church,HAS_FACT
place_badenerstrasse,fact_place_place_badenerstrasse_badenerstrasse_is_a_street_in_zurich,HAS_FACT
place_saint_jakob_s_church,fact_place_place_saint_jakob_s_church_saint_jakob_s_church_is_located_in_zurich,HAS_FACT
place_zurich_switzerland,fact_place_place_zurich_switzerland_the_innermost_city_districts_have_a_picturesque_small_town_almost_medieval_physiognomy,HAS_FACT
place_zurich_switzerland,fact_place_place_zurich_switzerland_the_narrow_alleys_in_these_districts_are_often_unhygienic_and_confusing_even_for_natives,HAS_FACT
place_peter_tower_zurich_switzerland,fact_place_place_peter_tower_zurich_switzerland_there_is_a_small_labyrinth_around_the_peter_tower,HAS_FACT
place_gemüsebrücke_zurich_switzerland,fact_place_place_gemüsebrücke_zurich_switzerland_the_small_labyrinth_extends_up_to_the_gemüsebrücke,HAS_FACT
place_right_bank_of_limmat_river_zurich_switzerland,fact_place_place_right_bank_of_limmat_river_zurich_switzerland_the_right_bank_between_the_limmat_and_zäune_neumarkt_rindermarkt_also_features_narrow_alleys,HAS_FACT
place_kirchgasse_zurich_switzerland,fact_place_place_kirchgasse_zurich_switzerland_original_oriels_decorate_the_fronts_of_kirchgasse,HAS_FACT
place_schipfe_zurich_switzerland,fact_place_place_schipfe_zurich_switzerland_original_oriels_decorate_the_fronts_of_schipfe,HAS_FACT
place_lower_zäune,fact_place_place_lower_zäune_original_oriels_decorate_the_fronts_of_lower_zäune,HAS_FACT
place_augustinergasse_zurich_switzerland,fact_place_place_augustinergasse_zurich_switzerland_original_oriels_decorate_the_fronts_of_augustinergasse,HAS_FACT
place_zurich_switzerland,fact_place_place_zurich_switzerland_the_dark_green_gray_sandstone_center_of_the_city_is_distinctly_separated_from_the_outer_districts,HAS_FACT
place_zurich_switzerland,fact_place_place_zurich_switzerland_foreign_material_has_found_its_way_into_the_old_town_where_modern_business_palaces_are_built_instead_of_cozy_bourgeois_houses,HAS_FACT
place_zurich_switzerland,fact_place_place_zurich_switzerland_sandstone_gradually_displaced_a_formerly_closer_colorful_building_material_in_the_old_city_center,HAS_FACT
place_zurich_switzerland,fact_place_place_zurich_switzerland_former_moraine_blocks_still_appear_here_and_there_in_old_masonry_during_demolition,HAS_FACT
place_zurich_switzerland,fact_place_place_zurich_switzerland_in_the_12th_and_13th_centuries_houses_were_mostly_wooden_huts_about_two_storeys_high_with_one_room_shared_by_multiple_households,HAS_FACT
place_zurich_switzerland,fact_place_place_zurich_switzerland_stone_houses_were_rare_in_the_12th_and_13th_centuries_and_explicitly_named_in_documents,HAS_FACT
place_zurich_switzerland,fact_place_place_zurich_switzerland_after_the_fire_of_1313_an_ordinance_required_every_rebuilt_house_to_have_at_least_one_floor_masonry,HAS_FACT
place_zurich_switzerland,fact_place_place_zurich_switzerland_numerous_marble_memorial_plaques_remind_of_famous_names_associated_with_the_city,HAS_FACT
place_zurich_switzerland,fact_place_place_zurich_switzerland_zwingli_s_office_apartment_was_at_kirchgasse_in_the_city,HAS_FACT
place_zurich_switzerland,fact_place_place_zurich_switzerland_heinrich_pestalozzi_s_birthplace_was_at_rüdenplatz_in_the_city,HAS_FACT
place_zurich_switzerland,fact_place_place_zurich_switzerland_birthplace_of_gottfried_keller_was_at_rindermarkt_in_the_city,HAS_FACT
place_zurich_switzerland,fact_place_place_zurich_switzerland_house_of_escher_von_der_linth_was_at_sihlstrasse_in_the_city,HAS_FACT
place_lägern_dielsdorf_zurich_switzerland,fact_place_place_lägern_dielsdorf_zurich_switzerland_white_dielsdorf_lägern_limestones_were_used_as_building_materials_for_the_outer_districts,HAS_FACT
place_solothurn_switzerland,fact_place_place_solothurn_switzerland_so_called_solothurn_marble_was_used_as_building_material_for_the_outer_districts,HAS_FACT
place_black_forest_germany,fact_place_place_black_forest_germany_massive_black_forest_granite_from_the_albthal_was_used_as_building_material_for_the_outer_districts,HAS_FACT
place_albthal_black_forest_germany,fact_place_place_albthal_black_forest_germany_massive_black_forest_granite_from_the_albthal_was_used_as_building_material_for_the_outer_districts,HAS_FACT
place_lake_langensee_ticino_switzerland,fact_place_place_lake_langensee_ticino_switzerland_delicately_pink_granite_from_baveno_italy_at_lake_langensee_is_brought_by_the_gotthard_railway,HAS_FACT
place_baveno_piedmont_italy,fact_place_place_baveno_piedmont_italy_delicately_pink_granite_from_baveno_italy_at_lake_langensee_is_brought_by_the_gotthard_railway,HAS_FACT
place_gotthard_railway,fact_place_place_gotthard_railway_the_gotthard_railway_brings_delicately_pink_granite_from_baveno_at_lake_langensee,HAS_FACT
place_savonnières_france,fact_place_place_savonnières_france_large_quantities_of_easily_workable_savonnières_fossil_limestone_are_imported_from_france,HAS_FACT
place_france,fact_place_place_france_large_quantities_of_easily_workable_savonnières_fossil_limestone_are_imported_from_france,HAS_FACT
place_zwingli_monument_zurich_switzerland,fact_place_place_zwingli_monument_zurich_switzerland_at_the_zwingli_monument_in_front_of_the_wasserkirche_9_different_types_of_rock_were_used_for_the_construction_of_the_bronze_statue,HAS_FACT
place_wasserkirche_zurich_switzerland,fact_place_place_wasserkirche_zurich_switzerland_the_zwingli_monument_is_located_in_front_of_the_wasserkirche,HAS_FACT
place_zurichberg_zurich_switzerland,fact_place_place_zurichberg_zurich_switzerland_heim_and_imfeld_created_a_mountain_panorama_from_zurichberg,HAS_FACT
place_zurichberg_zurich_switzerland,fact_place_place_zurichberg_zurich_switzerland_heim_alb_created_a_panorama_from_the_alcohol_free_spa_on_the_zurichberg_in_1901,HAS_FACT
place_stadthausplatz_zurich_switzerland,fact_place_place_stadthausplatz_zurich_switzerland_heim_alb_created_a_mountain_view_from_stadthausplatz_bürkliplatz,HAS_FACT
place_bürkliplatz_zurich_switzerland,fact_place_place_bürkliplatz_zurich_switzerland_heim_alb_created_a_mountain_view_from_bürkliplatz_stadthausplatz,HAS_FACT
place_enge_park_zurich_switzerland,fact_place_place_enge_park_zurich_switzerland_heim_alb_created_a_mountain_view_from_the_hill_in_the_enge_park,HAS_FACT
place_zurich_switzerland,fact_place_place_zurich_switzerland_city_map_published_by_the_municipal_surveying_office_consists_of_9_sheets_at_1_5000_scale,HAS_FACT
place_zurich_switzerland,fact_place_place_zurich_switzerland_tourist_overview_map_at_1_15000_scale_1_75000_out_of_print_is_available,HAS_FACT
place_zurich_switzerland,fact_place_place_zurich_switzerland_annual_report_of_the_city_council_for_1907_was_published_in_zurich_in_1908,HAS_FACT
place_zurich_switzerland,fact_place_place_zurich_switzerland_commemorative_publication_for_the_50th_anniversary_of_the_polytechnic_was_published_in_zurich_in_1905,HAS_FACT
place_zurich_switzerland,fact_place_place_zurich_switzerland_bär_e_wrote_about_the_women_s_monastery_st_verena_in_zurich_in_1902_03,HAS_FACT
place_zurich_switzerland,fact_place_place_zurich_switzerland_wehrli_leo_wrote_what_the_stones_in_zurich_tell_us_in_1897,HAS_FACT
place_zurich_switzerland,fact_place_place_zurich_switzerland_künzli_e_wrote_the_stones_of_the_quays_guide_through_the_quays_in_zurich_in_1898,HAS_FACT
place_zurich_switzerland,fact_place_place_zurich_switzerland_schinz_h_wrote_a_guide_to_the_botanical_garden_of_the_university_of_zurich_in_1908,HAS_FACT
place_zurich_switzerland,fact_place_place_zurich_switzerland_the_article_refers_to_zurich_canton,HAS_FACT
place_zurich_switzerland,fact_place_place_zurich_switzerland_the_city_of_zurich_had_150_703_inhabitants_according_to_the_federal_census_of_1900,HAS_FACT
place_zurich_switzerland,fact_place_place_zurich_switzerland_30_891_inhabitants_were_citizens_of_the_city_of_zurich,HAS_FACT
place_zurich_switzerland,fact_place_place_zurich_switzerland_30_864_inhabitants_were_citizens_of_other_municipalities_in_the_canton_of_zurich,HAS_FACT
place_zurich_switzerland,fact_place_place_zurich_switzerland_45_187_inhabitants_were_citizens_of_other_cantons,HAS_FACT
place_zurich_switzerland,fact_place_place_zurich_switzerland_106_942_inhabitants_were_swiss_citizens_in_total,HAS_FACT
place_zurich_switzerland,fact_place_place_zurich_switzerland_43_761_inhabitants_were_foreigners,HAS_FACT
place_zurich_switzerland,fact_place_place_zurich_switzerland_the_religious_distribution_included_102_794_protestants_43_655_catholics_2_713_israelites_and_1_541_others_or_unknown,HAS_FACT
place_zurich_switzerland,fact_place_place_zurich_switzerland_by_mother_tongue_140_803_spoke_german_2_586_french_5_100_italian_415_romansh_and_1_799_other_languages,HAS_FACT
place_zurich_switzerland,fact_place_place_zurich_switzerland_47_5_of_the_population_was_male_and_52_5_female,HAS_FACT
place_zurich_switzerland,fact_place_place_zurich_switzerland_the_literature_gives_population_numbers_for_the_city_of_zurich_from_earlier_times,HAS_FACT
place_zurich_switzerland,fact_place_place_zurich_switzerland_after_the_city_unification_in_1893_the_population_increased_rapidly,HAS_FACT
place_zurich_switzerland,fact_place_place_zurich_switzerland_the_economic_downturn_of_1899_1900_brought_a_period_of_decrease,HAS_FACT
place_zurich_switzerland,fact_place_place_zurich_switzerland_since_1902_the_number_has_been_rising_again_albeit_more_slowly,HAS_FACT
place_zurich_switzerland,fact_place_place_zurich_switzerland_the_estimated_population_at_the_end_of_1906_was_172_855,HAS_FACT
place_zurich_switzerland,fact_place_place_zurich_switzerland_the_estimated_population_at_the_end_of_1907_was_177_437,HAS_FACT
place_zurich_switzerland,fact_place_place_zurich_switzerland_the_estimated_population_at_the_end_of_1908_was_180_224,HAS_FACT
place_zurich_switzerland,fact_place_place_zurich_switzerland_the_actual_population_number_is_probably_1_000_to_2_000_lower_due_to_incomplete_deregistrations_especially_of_italian_migrant_workers,HAS_FACT
place_zurich_switzerland,fact_place_place_zurich_switzerland_the_residential_population_increased_by_4_582_persons_in_1907_in_zurich,HAS_FACT
place_zurich_switzerland,fact_place_place_zurich_switzerland_the_residential_population_increased_by_2_65_in_1907_in_zurich,HAS_FACT
place_zurich_switzerland,fact_place_place_zurich_switzerland_if_the_increase_continues_evenly_the_population_should_reach_about_200_000_around_1912_or_1913_in_zurich,HAS_FACT
place_zurich_switzerland,fact_place_place_zurich_switzerland_829_naturalized_persons_came_from_the_canton_of_zurich,HAS_FACT
place_zurich_switzerland,fact_place_place_zurich_switzerland_the_marriage_rate_in_zurich_fell_steadily_between_1898_and_1903_from_1_816_to_1_417_a_reduction_of_22,HAS_FACT
place_zurich_switzerland,fact_place_place_zurich_switzerland_the_surplus_of_births_in_zurich_was_2_702_in_1899_and_has_been_falling_continuously_since_1901,HAS_FACT
place_zurich_switzerland,fact_place_place_zurich_switzerland_in_1905_the_surplus_of_births_in_zurich_was_1_919_despite_the_rising_population,HAS_FACT
place_zurich_switzerland,fact_place_place_zurich_switzerland_in_1901_the_live_birth_rate_in_zurich_was_32_84_of_the_mid_year_population,HAS_FACT
place_zurich_switzerland,fact_place_place_zurich_switzerland_in_1906_the_live_birth_rate_in_zurich_was_25_23_of_the_mid_year_population,HAS_FACT
place_zurich_switzerland,fact_place_place_zurich_switzerland_in_1907_the_live_birth_rate_in_zurich_was_23_25_of_the_mid_year_population,HAS_FACT
place_zurich_switzerland,fact_place_place_zurich_switzerland_mortality_in_zurich_declined_but_not_as_much_as_the_birth_rate,HAS_FACT
place_zurich_switzerland,fact_place_place_zurich_switzerland_in_1907_zurich_had_a_population_of_81_531_taxpayers,HAS_FACT
place_zurich_switzerland,fact_place_place_zurich_switzerland_in_1907_only_1_678_taxpayers_in_zurich_declared_an_income_of_5_100_fr_and_more_including_cantonal_and_municipal_officials,HAS_FACT
place_zurich_switzerland,fact_place_place_zurich_switzerland_in_1907_only_1_026_taxpayers_in_zurich_declared_an_income_over_6_100_fr,HAS_FACT
place_zurich_switzerland,fact_place_place_zurich_switzerland_in_1907_only_298_taxpayers_in_zurich_declared_an_income_over_10_100_fr,HAS_FACT
place_zurich_switzerland,fact_place_place_zurich_switzerland_in_1907_only_1_532_taxpayers_in_zurich_had_assets_over_100_000_fr,HAS_FACT
place_resident_population,fact_place_place_resident_population_the_resident_population_is_referenced_in_the_context_of_zurich,HAS_FACT
place_zurich_switzerland,fact_place_place_zurich_switzerland_about_78_000_persons_moved_within_the_city,HAS_FACT
place_zurich_switzerland,fact_place_place_zurich_switzerland_about_44_000_persons_moved_in_to_the_city,HAS_FACT
place_zurich_switzerland,fact_place_place_zurich_switzerland_about_40_700_persons_moved_out_of_the_city,HAS_FACT
place_zurich_switzerland,fact_place_place_zurich_switzerland_the_city_had_a_gain_of_3_300_persons_due_to_migration,HAS_FACT
place_zurich_switzerland,fact_place_place_zurich_switzerland_there_were_1_750_marriages_in_the_resident_population_of_the_city,HAS_FACT
place_zurich_switzerland,fact_place_place_zurich_switzerland_there_were_about_4_300_births_in_the_city,HAS_FACT
place_zurich_switzerland,fact_place_place_zurich_switzerland_there_were_about_2_550_deaths_in_the_city,HAS_FACT
place_zurich_switzerland,fact_place_place_zurich_switzerland_the_city_had_a_surplus_of_births_of_1_750_persons,HAS_FACT
place_zurich_switzerland,fact_place_place_zurich_switzerland_the_annual_increase_in_population_was_5_050_persons,HAS_FACT
place_zurich_switzerland,fact_place_place_zurich_switzerland_guests_staying_in_hotels_numbered_about_300_000_persons,HAS_FACT
place_cologne_germany,fact_place_place_cologne_germany_cologne_has_a_move_rate_of_44,HAS_FACT
place_wrocław_poland,fact_place_place_wrocław_poland_breslau_has_a_move_rate_of_49,HAS_FACT
place_dresden_germany,fact_place_place_dresden_germany_dresden_has_a_move_rate_of_28,HAS_FACT
place_nuremberg_germany,fact_place_place_nuremberg_germany_nuremberg_has_a_move_rate_of_36,HAS_FACT
place_district_i,fact_place_place_district_i_district_i_had_29_500_inhabitants_in_1895,HAS_FACT
place_district_i,fact_place_place_district_i_district_i_had_25_900_inhabitants_at_the_end_of_1900,HAS_FACT
place_district_i,fact_place_place_district_i_district_i_had_20_000_inhabitants_in_1906_the_same_as_early_as_1860,HAS_FACT
place_zurich_switzerland,fact_place_place_zurich_switzerland_the_year_1908_showed_a_migration_gain_of_only_913_persons_in_zurich,HAS_FACT
place_zurich_switzerland,fact_place_place_zurich_switzerland_immigration_in_zurich_in_1908_was_45_403_persons,HAS_FACT
place_zurich_switzerland,fact_place_place_zurich_switzerland_emigration_in_zurich_in_1908_was_44_490_persons,HAS_FACT
place_zurich_switzerland,fact_place_place_zurich_switzerland_italian_immigration_to_zurich_fell_from_8_200_in_1907_to_7_100_in_1908,HAS_FACT
place_zurich_switzerland,fact_place_place_zurich_switzerland_the_number_of_marriages_in_zurich_in_1908_was_1_877_the_maximum_since_1893,HAS_FACT
place_zurich_switzerland,fact_place_place_zurich_switzerland_the_city_citizen_population_has_been_in_significant_decline_for_years_due_to_excess_deaths,HAS_FACT
place_zurich_switzerland,fact_place_place_zurich_switzerland_foreigners_have_predominated_in_the_still_remaining_birth_surplus_in_recent_years,HAS_FACT
place_zurich_switzerland,fact_place_place_zurich_switzerland_zurich_received_40_289_immigrants_in_1905,HAS_FACT
place_zurich_switzerland,fact_place_place_zurich_switzerland_of_the_immigrants_in_zurich_in_1905_21_711_were_foreigners,HAS_FACT
place_zurich_switzerland,fact_place_place_zurich_switzerland_half_of_the_foreigners_in_zurich_in_1905_were_germans,HAS_FACT
place_zurich_switzerland,fact_place_place_zurich_switzerland_a_quarter_of_the_foreigners_in_zurich_in_1905_were_italians,HAS_FACT
place_zurich_switzerland,fact_place_place_zurich_switzerland_a_quarter_of_the_foreigners_in_zurich_in_1905_were_from_austria_russia_france_etc,HAS_FACT
place_zurich_switzerland,fact_place_place_zurich_switzerland_42_5_of_all_immigrants_came_directly_from_abroad_to_zurich,HAS_FACT
place_zurich_switzerland,fact_place_place_zurich_switzerland_of_those_coming_from_other_swiss_locations_to_zurich_30_were_foreigners,HAS_FACT
place_zurich_switzerland,fact_place_place_zurich_switzerland_16_of_all_immigrants_in_zurich_in_1905_were_dependents,HAS_FACT
place_zurich_switzerland,fact_place_place_zurich_switzerland_84_of_all_immigrants_in_zurich_in_1905_were_self_employed,HAS_FACT
place_zurich_switzerland,fact_place_place_zurich_switzerland_more_than_80_of_all_immigrants_moved_for_economic_reasons,HAS_FACT
place_zurich_switzerland,fact_place_place_zurich_switzerland_in_1905_34_1_of_all_immigrants_to_zurich_came_from_a_distance_of_up_to_50_kilometers,HAS_FACT
place_zurich_switzerland,fact_place_place_zurich_switzerland_in_1905_25_of_immigrants_from_up_to_50_kilometers_came_from_at_most_10_km,HAS_FACT
place_zurich_switzerland,fact_place_place_zurich_switzerland_in_1905_19_5_of_all_immigrants_to_zurich_came_from_50_100_km_distance,HAS_FACT
place_zurich_switzerland,fact_place_place_zurich_switzerland_in_1905_23_1_of_all_immigrants_to_zurich_came_from_over_300_km_distance,HAS_FACT
place_zurich_switzerland,fact_place_place_zurich_switzerland_zurich_is_mentioned_in_the_context_of_gemüsemarkt_and_st_peter_s_church,HAS_FACT
place_gemüsemarkt,fact_place_place_gemüsemarkt_gemüsemarkt_is_a_location_in_zurich,HAS_FACT
place_st_peter_s_church,fact_place_place_st_peter_s_church_st_peter_s_church_is_a_location_in_zurich,HAS_FACT
place_inner_city,fact_place_place_inner_city_in_the_inner_city_more_and_more_former_apartments_are_being_converted_into_department_stores_and_offices,HAS_FACT
place_outer_districts,fact_place_place_outer_districts_there_is_lively_construction_activity_in_the_outer_districts_which_is_often_interrupted_by_strikes,HAS_FACT
place_zurich_switzerland,fact_place_place_zurich_switzerland_zurich_marches_near_the_top_of_swiss_cities_in_terms_of_average_room_price,HAS_FACT
place_zurich_switzerland,fact_place_place_zurich_switzerland_the_city_has_established_an_official_municipal_housing_register_since_june_1906,HAS_FACT
place_zurich_switzerland,fact_place_place_zurich_switzerland_the_city_builds_its_own_apartment_blocks,HAS_FACT
place_zurich_switzerland,fact_place_place_zurich_switzerland_in_1907_a_total_of_213_new_buildings_were_built_with_696_apartments_and_insured_for_17_4_million_fr,HAS_FACT
place_zurich_switzerland,fact_place_place_zurich_switzerland_in_1907_zurich_counted_14_641_buildings,HAS_FACT
place_zurich_switzerland,fact_place_place_zurich_switzerland_750_buildings_have_been_added_since_1899,HAS_FACT
place_zurich_switzerland,fact_place_place_zurich_switzerland_since_the_general_removal_of_the_old_ramparts_and_leveling_of_their_ditches_in_1833_the_structural_development_of_the_city_has_thrived,HAS_FACT
place_zurich_switzerland,fact_place_place_zurich_switzerland_especially_through_the_city_unification_in_1893_it_took_a_tremendous_upswing,HAS_FACT
place_zurich_switzerland,fact_place_place_zurich_switzerland_a_new_building_law_for_localities_with_urban_conditions_1893_requires_greater_distance_of_houses_from_neighboring_plots_3_5_m,HAS_FACT
place_zurich_switzerland,fact_place_place_zurich_switzerland_previously_everyone_built_more_or_less_for_themselves_as_they_liked,HAS_FACT
place_zurich_switzerland,fact_place_place_zurich_switzerland_in_1770_houses_were_on_average_2½_storeys_high,HAS_FACT
place_zurich_switzerland,fact_place_place_zurich_switzerland_the_new_building_law_in_zurich_no_longer_allows_the_6th_residential_floor_and_requires_a_minimum_height_of_2_5_m_for_living_rooms,HAS_FACT
place_zurich_switzerland,fact_place_place_zurich_switzerland_in_zurich_regulations_for_open_development_of_large_districts_were_added_in_1901,HAS_FACT
place_zurich_switzerland,fact_place_place_zurich_switzerland_before_1900_in_zurich_single_family_houses_were_only_7_6_of_all_residential_buildings,HAS_FACT
place_zurich_switzerland,fact_place_place_zurich_switzerland_after_1900_in_zurich_single_family_houses_increased_to_19_8_of_all_residential_buildings,HAS_FACT
place_zurich_switzerland,fact_place_place_zurich_switzerland_around_1900_in_zurich_a_construction_and_real_estate_crisis_appeared,HAS_FACT
place_zurich_switzerland,fact_place_place_zurich_switzerland_zurich_today_has_its_current_territorial_extent,HAS_FACT
place_zurich_switzerland,fact_place_place_zurich_switzerland_zurich_becomes_more_a_residential_city_again_except_for_the_old_town,HAS_FACT
place_zurich_switzerland,fact_place_place_zurich_switzerland_in_1906_there_were_a_total_of_35_900_apartments_in_the_city,HAS_FACT
place_zurich_switzerland,fact_place_place_zurich_switzerland_the_paragraph_is_from_a_page_about_zurich,HAS_FACT
place_zurich_switzerland,fact_place_place_zurich_switzerland_the_periodic_reports_of_the_statistical_office_of_the_city_of_zurich_are_used_as_sources,HAS_FACT
place_zurich_switzerland,fact_place_place_zurich_switzerland_wolff_h_wrote_about_zurich_s_population_since_the_city_unification_1893_1906,HAS_FACT
place_zurich_switzerland,fact_place_place_zurich_switzerland_the_immigration_into_the_city_is_analyzed_according_to_the_kilometer_distance_of_immigration_regions,HAS_FACT
place_zurich_switzerland,fact_place_place_zurich_switzerland_wolff_h_gave_a_lecture_on_zurich_s_structural_development_especially_housing_construction_at_the_statistical_and_economic_society_of_the_canton_of_zurich_in_january,HAS_FACT
place_lake,fact_place_place_lake_the_natural_water_conditions_of_the_lake_likely_influenced_the_city_s_health_conditions,HAS_FACT
place_limmat_zurich_switzerland,fact_place_place_limmat_zurich_switzerland_the_natural_water_conditions_of_the_limmat_likely_influenced_the_city_s_health_conditions,HAS_FACT
place_limmat_zurich_switzerland,fact_place_place_limmat_zurich_switzerland_in_1553_one_could_paddle_around_fraumünster_in_a_canoe_on_the_limmat,HAS_FACT
place_limmat_zurich_switzerland,fact_place_place_limmat_zurich_switzerland_in_1556_the_limmat_flowed_over_the_mill_piers,HAS_FACT
place_sihl_zurich_switzerland,fact_place_place_sihl_zurich_switzerland_the_natural_water_conditions_of_the_sihl_likely_influenced_the_city_s_health_conditions,HAS_FACT
place_zurich_switzerland,fact_place_place_zurich_switzerland_the_natural_water_conditions_of_the_lake_limmat_and_sihl_likely_influenced_the_city_s_health_conditions,HAS_FACT
place_house_zum_schwert,fact_place_place_house_zum_schwert_in_1344_an_inundation_washed_away_the_house_zum_schwert,HAS_FACT
place_three_mills,fact_place_place_three_mills_in_1344_an_inundation_washed_away_three_mills,HAS_FACT
place_hardturm_bridge_zurich_switzerland,fact_place_place_hardturm_bridge_zurich_switzerland_in_1344_debris_from_the_inundation_destroyed_the_bridge_at_hardturm,HAS_FACT
place_fraumünster_zurich_switzerland,fact_place_place_fraumünster_zurich_switzerland_in_1553_one_could_paddle_around_fraumünster_in_a_canoe,HAS_FACT
place_sihl_zurich_switzerland,fact_place_place_sihl_zurich_switzerland_the_sihl_also_occasionally_flooded_the_platzspitz,HAS_FACT
place_platzspitz_zurich_switzerland,fact_place_place_platzspitz_zurich_switzerland_the_sihl_also_occasionally_flooded_the_platzspitz,HAS_FACT
place_weinplatz_zurich_switzerland,fact_place_place_weinplatz_zurich_switzerland_in_1404_and_1512_one_could_walk_dryfoot_from_weinplatz_to_the_town_hall,HAS_FACT
place_weinplatz_zurich_switzerland,fact_place_place_weinplatz_zurich_switzerland_weinplatz_was_then_called_kornhausplatz_in_1404_and_1512,HAS_FACT
place_town_hall,fact_place_place_town_hall_in_1404_and_1512_one_could_walk_dryfoot_from_weinplatz_to_the_town_hall,HAS_FACT
place_lower_vegetable_bridge,fact_place_place_lower_vegetable_bridge_the_big_stone_below_the_lower_vegetable_bridge_was_dry_in_1580_1585_1654_1740_and_1814,HAS_FACT
place_lake_zurich_zurich_switzerland,fact_place_place_lake_zurich_zurich_switzerland_the_average_lake_level_is_409_2_m_above_sea_level,HAS_FACT
place_lake_zurich_zurich_switzerland,fact_place_place_lake_zurich_zurich_switzerland_the_highest_lake_level_reached_was_411_00_m_on_july_8_1817,HAS_FACT
place_lake_zurich_zurich_switzerland,fact_place_place_lake_zurich_zurich_switzerland_the_lowest_lake_levels_recorded_were_408_50_m_on_january_29_1854_408_56_m_on_february_25_1882_and_408_60_m_on_february_25_1891,HAS_FACT
place_lake_zurich_zurich_switzerland,fact_place_place_lake_zurich_zurich_switzerland_the_zero_point_of_lake_and_limmat_gauges_was_411_28_m_in_march_1909,HAS_FACT
place_lake_zurich_zurich_switzerland,fact_place_place_lake_zurich_zurich_switzerland_the_lake_area_is_87_78_km²,HAS_FACT
place_lake_zurich_zurich_switzerland,fact_place_place_lake_zurich_zurich_switzerland_the_water_content_of_the_lake_is_4_000_million_m³,HAS_FACT
place_lake_zurich_zurich_switzerland,fact_place_place_lake_zurich_zurich_switzerland_the_catchment_area_is_1_819_7_km²,HAS_FACT
place_limmat_zurich_switzerland,fact_place_place_limmat_zurich_switzerland_average_discharge_of_limmat_and_schanzengraben_is_87_m³_s,HAS_FACT
place_limmat_zurich_switzerland,fact_place_place_limmat_zurich_switzerland_maximum_discharge_was_350_m³_s_on_june_15_1876,HAS_FACT
place_limmat_zurich_switzerland,fact_place_place_limmat_zurich_switzerland_minimum_discharge_was_15_5_m³_s_on_february_25_1891,HAS_FACT
place_schanzengraben_zurich_switzerland,fact_place_place_schanzengraben_zurich_switzerland_average_discharge_of_limmat_and_schanzengraben_is_87_m³_s,HAS_FACT
place_schanzengraben_zurich_switzerland,fact_place_place_schanzengraben_zurich_switzerland_maximum_discharge_was_350_m³_s_on_june_15_1876,HAS_FACT
place_schanzengraben_zurich_switzerland,fact_place_place_schanzengraben_zurich_switzerland_minimum_discharge_was_15_5_m³_s_on_february_25_1891,HAS_FACT
place_lake,fact_place_place_lake_the_lake_acts_health_conserving_as_a_general_climatic_factor_and_as_a_bathing_opportunity,HAS_FACT
place_lake,fact_place_place_lake_the_average_surface_temperature_of_the_lake_is_10_9_c,HAS_FACT
place_lake,fact_place_place_lake_the_maximum_surface_temperature_of_the_lake_is_22_0_c,HAS_FACT
place_lake,fact_place_place_lake_at_16_m_depth_the_lake_temperature_is_5_9_or_11_6_c,HAS_FACT
place_lake,fact_place_place_lake_individuals_bathe_in_the_lake_even_in_winter_including_during_frozen_lake_conditions,HAS_FACT
place_zurich_switzerland,fact_place_place_zurich_switzerland_the_city_of_zurich_maintains_11_public_bathhouses_in_the_lake_in_the_limmat_and_in_the_schanzengraben,HAS_FACT
place_zurich_switzerland,fact_place_place_zurich_switzerland_the_bathhouses_register_300_000_to_400_000_visitors_annually,HAS_FACT
place_zurich_switzerland,fact_place_place_zurich_switzerland_three_of_the_bathhouses_are_free,HAS_FACT
place_zurich_switzerland,fact_place_place_zurich_switzerland_the_city_grants_annual_subsidies_to_the_air_and_sun_bath_facilities_of_the_nature_cure_association,HAS_FACT
place_zurich_switzerland,fact_place_place_zurich_switzerland_the_city_recently_expanded_the_men_s_bathhouse_at_bürkliplatz_for_air_baths,HAS_FACT
place_limmat_zurich_switzerland,fact_place_place_limmat_zurich_switzerland_the_city_of_zurich_maintains_public_bathhouses_in_the_limmat,HAS_FACT
place_schanzengraben_zurich_switzerland,fact_place_place_schanzengraben_zurich_switzerland_the_city_of_zurich_maintains_public_bathhouses_in_the_schanzengraben,HAS_FACT
place_bürkliplatz_zurich_switzerland,fact_place_place_bürkliplatz_zurich_switzerland_the_men_s_bathhouse_at_bürkliplatz_was_recently_expanded_for_air_baths,HAS_FACT
place_lindenhof_zurich_switzerland,fact_place_place_lindenhof_zurich_switzerland_the_old_city_already_had_its_lindenhof_the_historical_core_point_of_the_city,HAS_FACT
place_lindenhof_zurich_switzerland,fact_place_place_lindenhof_zurich_switzerland_the_roman_castrum_turicense_and_later_a_royal_palace_were_said_to_have_stood_on_the_lindenhof,HAS_FACT
place_winkelwies_on_the_geissberg,fact_place_place_winkelwies_on_the_geissberg_the_winkelwies_is_located_on_the_geissberg,HAS_FACT
place_platzspitz_zurich_switzerland,fact_place_place_platzspitz_zurich_switzerland_the_old_shooting_meadow_is_now_the_platzspitz_promenade,HAS_FACT
place_botanical_garden,fact_place_place_botanical_garden_the_botanical_garden_came_later_as_an_open_space_in_the_city,HAS_FACT
place_sihlhölzli_zurich_switzerland,fact_place_place_sihlhölzli_zurich_switzerland_sihlhölzli_is_one_of_the_open_spaces_mentioned,HAS_FACT
place_high_promenade_with_old_churchyard,fact_place_place_high_promenade_with_old_churchyard_the_high_promenade_includes_an_old_churchyard,HAS_FACT
place_heimplatz_zurich_switzerland,fact_place_place_heimplatz_zurich_switzerland_heimplatz_is_one_of_the_city_s_open_spaces,HAS_FACT
place_stadelhoferplatz_zurich_switzerland,fact_place_place_stadelhoferplatz_zurich_switzerland_stadelhoferplatz_is_one_of_the_city_s_open_spaces,HAS_FACT
place_town_hall_facilities,fact_place_place_town_hall_facilities_the_town_hall_facilities_are_part_of_the_city_s_open_spaces,HAS_FACT
place_large_quays_with_the_wonderful_quay_facilities,fact_place_place_large_quays_with_the_wonderful_quay_facilities_the_large_quays_with_wonderful_quay_facilities_stretch_like_green_foliage_from_belvoirpark_to_the_quaibrücke_and_from_there_on_the_right,HAS_FACT
place_belvoirpark_zurich_switzerland,fact_place_place_belvoirpark_zurich_switzerland_belvoirpark_is_the_starting_point_of_the_large_quays_and_quay_facilities,HAS_FACT
place_quaibrücke_zurich_switzerland,fact_place_place_quaibrücke_zurich_switzerland_the_large_quays_and_quay_facilities_stretch_to_the_quaibrücke,HAS_FACT
place_zurichhorn_zurich_switzerland,fact_place_place_zurichhorn_zurich_switzerland_the_quay_facilities_continue_from_the_quaibrücke_on_the_right_bank_to_zurichhorn,HAS_FACT
place_zurichhorn_zurich_switzerland,fact_place_place_zurichhorn_zurich_switzerland_zurichhorn_is_known_for_its_friendly_old_willows_painted_by_rudolf_koller,HAS_FACT
place_limmatplatz_zurich_switzerland,fact_place_place_limmatplatz_zurich_switzerland_open_spaces_with_trees_and_playgrounds_are_provided_at_limmatplatz,HAS_FACT
place_rotwand_area,fact_place_place_rotwand_area_open_spaces_with_trees_and_playgrounds_are_provided_in_the_rotwand_area,HAS_FACT
place_city_alleys,fact_place_place_city_alleys_there_are_4_000_street_trees_in_the_city_alleys,HAS_FACT
place_hotel_parks_baur_au_lac_dolder,fact_place_place_hotel_parks_baur_au_lac_dolder_there_are_several_hotel_parks_including_baur_au_lac_and_dolder,HAS_FACT
place_zurichberg_zurich_switzerland,fact_place_place_zurichberg_zurich_switzerland_there_are_villa_rich_districts_with_open_development_on_the_slopes_of_the_zurichberg,HAS_FACT
place_zurichberg_zurich_switzerland,fact_place_place_zurichberg_zurich_switzerland_the_large_forest_promenade_facilities_on_the_zurichberg_are_among_the_most_beautiful,HAS_FACT
place_uetliberg_zurich_switzerland,fact_place_place_uetliberg_zurich_switzerland_there_are_villa_rich_districts_with_open_development_at_the_uetliberg_foot,HAS_FACT
place_forest_promenade_facilities_on_the_zurichberg_käferberg_and_uetliberg,fact_place_place_forest_promenade_facilities_on_the_zurichberg_käferberg_and_uetliberg_the_large_forest_promenade_facilities_on_the_zurichberg_käferberg_and_uetliberg_are_the_most_beautiful,HAS_FACT
place_beautification_association_of_zurich_and_surroundings,fact_place_place_beautification_association_of_zurich_and_surroundings_the_beautification_association_of_zurich_and_surroundings_has_laid_out_the_forest_promenade_facilities_since_its_foundation,HAS_FACT
place_manessebrünneli_uetliberg_zurich_switzerland,fact_place_place_manessebrünneli_uetliberg_zurich_switzerland_manessebrünneli_is_located_at_uetliberg,HAS_FACT
place_waldhüsli,fact_place_place_waldhüsli_waldhüsli_is_one_of_the_artistic_bridges_or_exquisite_surprises_in_the_green_halls,HAS_FACT
place_elephant,fact_place_place_elephant_elephant_is_one_of_the_artistic_bridges_or_exquisite_surprises_in_the_green_halls,HAS_FACT
place_grandmother_beech,fact_place_place_grandmother_beech_grandmother_beech_is_one_of_the_artistic_bridges_or_exquisite_surprises_in_the_green_halls,HAS_FACT
place_battle_memorial_1799,fact_place_place_battle_memorial_1799_battle_memorial_dates_from_1799,HAS_FACT
place_sagentobel_zurich_switzerland,fact_place_place_sagentobel_zurich_switzerland_there_is_a_waterfall_in_sagentobel,HAS_FACT
place_stöckentobel_zurich_switzerland,fact_place_place_stöckentobel_zurich_switzerland_stöckentobel_is_one_of_the_locations_mentioned,HAS_FACT
place_wehrenbach_zurich_switzerland,fact_place_place_wehrenbach_zurich_switzerland_wehrenbach_is_one_of_the_locations_mentioned,HAS_FACT
place_weidberg_zurich_switzerland,fact_place_place_weidberg_zurich_switzerland_weidberg_is_one_of_the_locations_mentioned,HAS_FACT
place_uetliberg_zurich_switzerland,fact_place_place_uetliberg_zurich_switzerland_uto_peak_with_its_observation_tower_is_a_popular_assembly_point,HAS_FACT
place_black_forest_baden_württemberg_germany,fact_place_place_black_forest_baden_württemberg_germany_the_view_reaches_beyond_the_black_forest,HAS_FACT
place_vosges_grand_est_france,fact_place_place_vosges_grand_est_france_the_view_reaches_beyond_the_vosges,HAS_FACT
place_aare_river_switzerland,fact_place_place_aare_river_switzerland_the_view_includes_the_silver_bands_of_the_aare_loops,HAS_FACT
place_jura_mountains_switzerland_france,fact_place_place_jura_mountains_switzerland_france_the_view_extends_into_the_jura_ridges,HAS_FACT
place_hegau_volcanic_cones_of_hoherstoffel_and_hohentwiel,fact_place_place_hegau_volcanic_cones_of_hoherstoffel_and_hohentwiel_the_view_extends_north_towards_the_old_hegau_volcanic_cones_of_hoherstoffel_and_hohentwiel,HAS_FACT
place_alps,fact_place_place_alps_from_the_alps_the_uetliberg_offers_a_distinguished_overview,HAS_FACT
place_uetliberg_zurich_switzerland,fact_place_place_uetliberg_zurich_switzerland_the_uetliberg_offers_the_most_distinguished_overview_from_säntis_to_the_bernese_oberland_ice_giants,HAS_FACT
place_säntis_appenzell_ausserrhoden_switzerland,fact_place_place_säntis_appenzell_ausserrhoden_switzerland_the_overview_from_uetliberg_extends_to_säntis,HAS_FACT
place_bernese_oberland_bern_switzerland,fact_place_place_bernese_oberland_bern_switzerland_the_overview_from_uetliberg_extends_to_the_bernese_oberland_ice_giants,HAS_FACT
place_spelterini_s_balloon_perspective,fact_place_place_spelterini_s_balloon_perspective_from_spelterini_s_balloon_perspective_the_city_and_lake_appear_neatly_laid_out,HAS_FACT
place_zurich_switzerland,fact_place_place_zurich_switzerland_the_city_is_thoroughly_interwoven_with_houses,HAS_FACT
place_lake_zurich_zurich_switzerland,fact_place_place_lake_zurich_zurich_switzerland_the_blue_lake_has_busy_steam_swallows_sunday_rowers_elegant_sailboats_and_sports_sculls,HAS_FACT
place_lakeside_villages,fact_place_place_lakeside_villages_further_up_are_friendly_lakeside_villages,HAS_FACT
place_sihl_valley_zurich_switzerland,fact_place_place_sihl_valley_zurich_switzerland_the_wooded_sihl_valley_is_near_the_city,HAS_FACT
place_sihlwald_zurich_switzerland,fact_place_place_sihlwald_zurich_switzerland_the_large_city_forest_sihlwald_is_located_in_the_sihl_valley,HAS_FACT
place_municipal_game_park,fact_place_place_municipal_game_park_there_is_a_municipal_game_park_near_the_city,HAS_FACT
place_zurich_switzerland,fact_place_place_zurich_switzerland_the_street_cleaning_and_removal_system_can_be_satisfactory_in_zurich,HAS_FACT
place_zurich_switzerland,fact_place_place_zurich_switzerland_compared_to_other_larger_cities_zurich_stands_out_advantageously,HAS_FACT
place_zurich_switzerland,fact_place_place_zurich_switzerland_in_summer_spraying_cars_with_a_range_of_5_and_7_5_m_partially_connected_to_the_electric_tram_operation_take_care_to_suppress_dust_in_zurich,HAS_FACT
place_zurich_switzerland,fact_place_place_zurich_switzerland_cleaning_is_done_with_sweeping_rollers_in_zurich,HAS_FACT
place_zurich_switzerland,fact_place_place_zurich_switzerland_rapid_snow_removal_from_main_streets_in_winter_is_done_by_emptying_into_the_limmat_in_zurich,HAS_FACT
place_zurich_switzerland,fact_place_place_zurich_switzerland_unemployed_people_find_welcome_employment_in_zurich_during_rapid_snow_removal_in_winter,HAS_FACT
place_zurich_switzerland,fact_place_place_zurich_switzerland_there_is_a_municipal_garbage_incineration_plant_in_zurich,HAS_FACT
place_zurich_switzerland,fact_place_place_zurich_switzerland_garbage_collected_in_zurich_in_1907_was_58_390_m³_equal_to_21_293_t_of_which_20_231_t_were_incinerated,HAS_FACT
place_zurich_switzerland,fact_place_place_zurich_switzerland_there_is_a_carcass_burning_facility_podewils_system_in_zurich,HAS_FACT
place_zurich_switzerland,fact_place_place_zurich_switzerland_excretions_are_collected_in_buckets_in_zurich,HAS_FACT
place_zurich_switzerland,fact_place_place_zurich_switzerland_in_1907_7_848_m³_of_excretions_were_collected_in_10_441_buckets_with_218_502_exchanges_in_zurich,HAS_FACT
place_zurich_switzerland,fact_place_place_zurich_switzerland_bucket_washing_is_done_at_the_hardhüsligut_in_zurich,HAS_FACT
place_zurich_switzerland,fact_place_place_zurich_switzerland_there_are_64_sanitary_facilities_in_zurich_in_total_oil_urinals_beetz_system,HAS_FACT
place_zurich_switzerland,fact_place_place_zurich_switzerland_zurich_is_mentioned_in_the_context_of_hygienic_conditions,HAS_FACT
place_house_zum_rüden,fact_place_place_house_zum_rüden_house_zum_rüden_is_mentioned_in_zurich,HAS_FACT
place_zurich_switzerland,fact_place_place_zurich_switzerland_the_official_meat_inspection_provides_reliable_data_on_meat_consumption_in_zurich,HAS_FACT
place_zurich_switzerland,fact_place_place_zurich_switzerland_there_had_so_far_been_three_public_and_35_private_slaughterhouses_and_a_central_meat_hall_for_sale_in_zurich,HAS_FACT
place_zurich_switzerland,fact_place_place_zurich_switzerland_a_large_municipal_slaughterhouse_in_zurich_will_be_completed_in_1909_costing_about_6_million_francs,HAS_FACT
place_zurich_switzerland,fact_place_place_zurich_switzerland_in_1907_various_types_of_animals_were_slaughtered_in_zurich_with_a_total_weight_of_7_687_787_kg,HAS_FACT
place_zurich_switzerland,fact_place_place_zurich_switzerland_meat_imports_including_poultry_and_fish_in_zurich_amounted_to_3_954_903_kg_totaling_11_642_690_kg,HAS_FACT
place_zurich_switzerland,fact_place_place_zurich_switzerland_the_daily_meat_consumption_per_head_of_population_in_zurich_was_173_g_in_1907_up_from_169_g_in_1906,HAS_FACT
place_zurich_switzerland,fact_place_place_zurich_switzerland_more_than_three_quarters_of_slaughtered_meat_in_zurich_came_from_switzerland_and_barely_one_quarter_was_foreign_cattle,HAS_FACT
place_zurich_switzerland,fact_place_place_zurich_switzerland_negotiations_on_milk_supply_are_ongoing_between_the_city_and_the_cooperative_food_association,HAS_FACT
place_bahnhofstrasse_zurich_switzerland,fact_place_place_bahnhofstrasse_zurich_switzerland_market_stalls_are_set_up_on_bahnhofstrasse_twice_weekly_throughout_the_year,HAS_FACT
place_petersstrasse_zurich_switzerland,fact_place_place_petersstrasse_zurich_switzerland_market_stalls_are_set_up_on_petersstrasse_twice_weekly_throughout_the_year,HAS_FACT
place_münzplatz_zurich_switzerland,fact_place_place_münzplatz_zurich_switzerland_market_stalls_are_set_up_on_münzplatz_twice_weekly_throughout_the_year,HAS_FACT
place_uraniastrasse_zurich_switzerland,fact_place_place_uraniastrasse_zurich_switzerland_market_stalls_are_set_up_on_uraniastrasse_twice_weekly_throughout_the_year,HAS_FACT
place_sihlhofstrasse_zurich_switzerland,fact_place_place_sihlhofstrasse_zurich_switzerland_market_stalls_are_set_up_on_sihlhofstrasse_twice_weekly_throughout_the_year,HAS_FACT
place_usteristrasse_zurich_switzerland,fact_place_place_usteristrasse_zurich_switzerland_market_stalls_are_set_up_on_usteristrasse_twice_weekly_throughout_the_year,HAS_FACT
place_schweizergasse_zurich_switzerland,fact_place_place_schweizergasse_zurich_switzerland_market_stalls_are_set_up_on_schweizergasse_twice_weekly_throughout_the_year,HAS_FACT
place_lintheschergasse_zurich_switzerland,fact_place_place_lintheschergasse_zurich_switzerland_market_stalls_are_set_up_on_lintheschergasse_twice_weekly_throughout_the_year,HAS_FACT
place_schützengasse_zurich_switzerland,fact_place_place_schützengasse_zurich_switzerland_market_stalls_are_set_up_on_schützengasse_twice_weekly_throughout_the_year,HAS_FACT
place_rathausquai_zurich_switzerland,fact_place_place_rathausquai_zurich_switzerland_market_stalls_are_set_up_on_rathausquai_under_the_arches_twice_weekly_throughout_the_year,HAS_FACT
place_rathausbrücke_zurich_switzerland,fact_place_place_rathausbrücke_zurich_switzerland_market_stalls_are_set_up_on_rathausbrücke_twice_weekly_throughout_the_year,HAS_FACT
place_hirschengraben_zurich_switzerland,fact_place_place_hirschengraben_zurich_switzerland_market_stalls_are_set_up_on_hirschengraben_twice_weekly_throughout_the_year,HAS_FACT
place_stauffacherstrasse_zurich_switzerland,fact_place_place_stauffacherstrasse_zurich_switzerland_market_stalls_are_set_up_on_stauffacherstrasse_twice_weekly_throughout_the_year,HAS_FACT
place_bahnhofstrasse_zurich_switzerland,fact_place_place_bahnhofstrasse_zurich_switzerland_the_domestic_products_market_on_bahnhofstrasse_regularly_had_727_vendors_in_1907,HAS_FACT
place_bahnhofstrasse_zurich_switzerland,fact_place_place_bahnhofstrasse_zurich_switzerland_the_flower_market_is_always_the_most_beautiful_at_the_upper_end_of_bahnhofstrasse,HAS_FACT
place_uraniastrasse_zurich_switzerland,fact_place_place_uraniastrasse_zurich_switzerland_in_autumn_from_mid_september_to_mid_november_there_is_a_wholesale_market_for_fruit_and_potatoes_at_uraniastrasse,HAS_FACT
place_hirschengraben_zurich_switzerland,fact_place_place_hirschengraben_zurich_switzerland_in_autumn_from_mid_september_to_mid_november_there_is_a_wholesale_market_for_fruit_and_potatoes_at_hirschengraben,HAS_FACT
place_hirschengraben_zurich_switzerland,fact_place_place_hirschengraben_zurich_switzerland_around_christmas_hirschengraben_and_many_other_city_squares_come_alive_with_a_cheerful_christmas_tree_market,HAS_FACT
place_zurich_switzerland,fact_place_place_zurich_switzerland_the_fruit_mainly_came_from_the_districts_of_zurich,HAS_FACT
place_bülach_zurich_switzerland,fact_place_place_bülach_zurich_switzerland_the_fruit_mainly_came_from_bülach,HAS_FACT
place_dielsdorf_zurich_switzerland,fact_place_place_dielsdorf_zurich_switzerland_the_fruit_mainly_came_from_dielsdorf,HAS_FACT
place_horgen_zurich_switzerland,fact_place_place_horgen_zurich_switzerland_the_fruit_mainly_came_from_horgen,HAS_FACT
place_uster_zurich_switzerland,fact_place_place_uster_zurich_switzerland_the_fruit_mainly_came_from_uster,HAS_FACT
place_cantons_of_aargau_and_zug,fact_place_place_cantons_of_aargau_and_zug_the_fruit_mainly_came_from_the_cantons_of_aargau_and_zug,HAS_FACT
place_alsace_france,fact_place_place_alsace_france_plums_also_came_from_alsace,HAS_FACT
place_rafzerfeld_switzerland,fact_place_place_rafzerfeld_switzerland_potatoes_came_from_rafzerfeld,HAS_FACT
place_schaffhausen_switzerland,fact_place_place_schaffhausen_switzerland_potatoes_came_from_the_canton_of_schaffhausen,HAS_FACT
place_zurich_switzerland,fact_place_place_zurich_switzerland_at_the_end_of_1907_zurich_had_1_061_inns_including_85_hotels,HAS_FACT
place_zurich_switzerland,fact_place_place_zurich_switzerland_zurich_had_about_1_000_small_retail_outlets_for_spirits_at_the_end_of_1907,HAS_FACT
place_zurich_switzerland,fact_place_place_zurich_switzerland_certain_districts_of_the_city_of_zurich_have_a_worrying_excess_of_inns,HAS_FACT
place_zurich_switzerland,fact_place_place_zurich_switzerland_in_the_niederdorf_district_of_zurich_there_are_29_pubs_on_74_houses,HAS_FACT
place_zurich_switzerland,fact_place_place_zurich_switzerland_at_zeughausstrasse_10_in_zurich_there_are_23_houses,HAS_FACT
place_zurich_switzerland,fact_place_place_zurich_switzerland_at_seebahnstrasse_11_in_zurich_there_are_45_houses,HAS_FACT
place_zurich_switzerland,fact_place_place_zurich_switzerland_at_konradstrasse_11_in_zurich_there_are_46_houses,HAS_FACT
place_zurich_switzerland,fact_place_place_zurich_switzerland_at_zwinglistrasse_10_in_zurich_there_are_34_houses,HAS_FACT
place_zurich_switzerland,fact_place_place_zurich_switzerland_at_langstrasse_28_in_zurich_there_are_91_houses,HAS_FACT
place_women_s_association_for_temperance_and_public_welfare,fact_place_place_women_s_association_for_temperance_and_public_welfare_the_women_s_association_for_temperance_and_public_welfare_operates_9_alcohol_free_establishments,HAS_FACT
place_women_s_association_for_temperance_and_public_welfare,fact_place_place_women_s_association_for_temperance_and_public_welfare_7_000_to_8_000_guests_visit_these_establishments_daily,HAS_FACT
place_women_s_association_for_temperance_and_public_welfare,fact_place_place_women_s_association_for_temperance_and_public_welfare_260_female_employees_find_employment_and_housing_there,HAS_FACT
place_women_s_association_for_temperance_and_public_welfare,fact_place_place_women_s_association_for_temperance_and_public_welfare_the_association_s_businesses_began_12_years_ago,HAS_FACT
place_women_s_association_for_temperance_and_public_welfare,fact_place_place_women_s_association_for_temperance_and_public_welfare_today_they_have_annual_assets_and_liabilities_exceeding_one_million_francs,HAS_FACT
place_zurichberg,fact_place_place_zurichberg_zurichberg_is_one_of_the_three_large_public_houses_each_valued_at_about_half_a_million,HAS_FACT
place_zum_blauen_seidenhof,fact_place_place_zum_blauen_seidenhof_zum_blauen_seidenhof_is_one_of_the_three_large_public_houses_each_valued_at_about_half_a_million,HAS_FACT
place_zum_olivenbaum,fact_place_place_zum_olivenbaum_zum_olivenbaum_is_one_of_the_three_large_public_houses_each_valued_at_about_half_a_million,HAS_FACT
place_karl_dem_grossen,fact_place_place_karl_dem_grossen_karl_dem_grossen_is_a_newly_expanded_restaurant,HAS_FACT
place_zurich_switzerland,fact_place_place_zurich_switzerland_zurich_offers_the_hustle_and_bustle_in_these_public_houses_as_among_its_most_original_and_honorable_things,HAS_FACT
place_zurich_switzerland,fact_place_place_zurich_switzerland_zurich_has_class_differences_that_seem_to_blur_in_crowds_flocking_to_and_from_these_places,HAS_FACT
place_nidelbad,fact_place_place_nidelbad_nidelbad_was_a_destination_for_summer_excursions_involving_a_two_horse_küchlifahrt,HAS_FACT
place_waid,fact_place_place_waid_waid_was_a_nearby_destination_for_summer_excursions_involving_a_two_horse_küchlifahrt,HAS_FACT
place_rennweg,fact_place_place_rennweg_the_first_pipe_well_was_built_in_1430_at_rennweg,HAS_FACT
place_zurich_switzerland,fact_place_place_zurich_switzerland_around_the_middle_of_the_19th_century_seven_wellworks_supplied_the_city_with_110_plus_7_in_the_city_district_itself_mostly_wooden_capped_springs,HAS_FACT
place_limmat_zurich_switzerland,fact_place_place_limmat_zurich_switzerland_there_were_pumping_stations_in_the_limmat,HAS_FACT
place_schipfe_zurich_switzerland,fact_place_place_schipfe_zurich_switzerland_there_were_pumping_stations_in_the_schipfe,HAS_FACT
place_schanzengraben_zurich_switzerland,fact_place_place_schanzengraben_zurich_switzerland_there_were_pumping_stations_at_the_schanzengraben,HAS_FACT
place_mühlesteg_zurich_switzerland,fact_place_place_mühlesteg_zurich_switzerland_a_new_30_hp_pumping_station_from_the_limmat_for_service_water_at_the_upper_mühlesteg_was_to_be_built_by_the_city,HAS_FACT
place_polytechnic,fact_place_place_polytechnic_two_reservoirs_were_constructed_at_the_polytechnic_in_1868,HAS_FACT
place_schmelzberg_above_the_observatory,fact_place_place_schmelzberg_above_the_observatory_two_reservoirs_were_constructed_at_schmelzberg_above_the_observatory_in_1868,HAS_FACT
place_limmat_zurich_switzerland,fact_place_place_limmat_zurich_switzerland_a_filter_was_constructed_in_the_limmat_bed_below_the_bauschanze_in_1868,HAS_FACT
place_pumping_station,fact_place_place_pumping_station_a_cement_pipe_was_built_from_the_filter_to_the_pumping_station_in_1868,HAS_FACT
place_platzspitz_zurich_switzerland,fact_place_place_platzspitz_zurich_switzerland_a_new_pumping_station_was_provisionally_built_at_platzspitz,HAS_FACT
place_platzspitz_zurich_switzerland,fact_place_place_platzspitz_zurich_switzerland_the_pumping_station_at_platzspitz_was_completed_in_1870,HAS_FACT
place_platzspitz_zurich_switzerland,fact_place_place_platzspitz_zurich_switzerland_the_pumping_station_at_platzspitz_together_with_the_old_one_could_pump_15_000_m³_daily,HAS_FACT
place_letten_zurich_switzerland,fact_place_place_letten_zurich_switzerland_in_1875_the_construction_of_a_definitive_water_plant_at_the_letten_was_decided,HAS_FACT
place_limmat_zurich_switzerland,fact_place_place_limmat_zurich_switzerland_the_limmat_was_dammed_at_drahtschmidli_by_a_needle_weir,HAS_FACT
place_limmat_zurich_switzerland,fact_place_place_limmat_zurich_switzerland_the_damming_of_the_limmat_generated_a_water_power_of_900_hp,HAS_FACT
place_drahtschmidli_zurich_switzerland,fact_place_place_drahtschmidli_zurich_switzerland_the_limmat_was_dammed_at_drahtschmidli_by_a_needle_weir,HAS_FACT
place_langensteinen_oberstrass,fact_place_place_langensteinen_oberstrass_a_separate_reservoir_was_built_at_langensteinen_oberstrass,HAS_FACT
place_langensteinen_oberstrass,fact_place_place_langensteinen_oberstrass_the_dam_closure_at_langensteinen_oberstrass_still_stands_today,HAS_FACT
place_the_little_castle_on_the_zurichberg,fact_place_place_the_little_castle_on_the_zurichberg_a_third_drinking_water_reservoir_for_the_high_pressure_zone_was_built_above_the_little_castle_on_the_zurichberg,HAS_FACT
place_zurich_switzerland,fact_place_place_zurich_switzerland_a_severe_typhus_epidemic_broke_out_in_zurich_in_1884,HAS_FACT
place_zurich_switzerland,fact_place_place_zurich_switzerland_the_rapid_spread_of_the_epidemic_was_suspected_to_be_caused_by_an_infection_of_the_water_supply_in_zurich,HAS_FACT
place_zurich_switzerland,fact_place_place_zurich_switzerland_the_cement_pipe_in_the_limmat_in_zurich_was_badly_damaged_and_almost_clogged_in_one_place,HAS_FACT
place_zurich_switzerland,fact_place_place_zurich_switzerland_an_extended_water_commission_was_established_in_zurich_to_address_the_issue,HAS_FACT
place_limmat_zurich_switzerland,fact_place_place_limmat_zurich_switzerland_the_cement_pipe_in_the_limmat_was_badly_damaged_and_almost_clogged_in_one_place,HAS_FACT
place_lake,fact_place_place_lake_lake_water_should_be_maintained_as_the_main_drinking_water_source,HAS_FACT
place_schanzengraben_zurich_switzerland,fact_place_place_schanzengraben_zurich_switzerland_water_is_led_by_an_iron_pipe_through_schanzengraben_sihl_to_a_filter_plant_at_sihlquai,HAS_FACT
place_sihlquai_zurich_switzerland,fact_place_place_sihlquai_zurich_switzerland_there_is_a_filter_plant_at_sihlquai,HAS_FACT
place_letten_pumping_station_zurich_switzerland,fact_place_place_letten_pumping_station_zurich_switzerland_water_is_led_from_the_filter_plant_at_sihlquai_to_the_letten_pumping_station,HAS_FACT
place_the_new_great_filtration_plant,fact_place_place_the_new_great_filtration_plant_the_new_great_filtration_plant_used_sand_and_gravel_filters_in_10_chambers,HAS_FACT
place_the_new_great_filtration_plant,fact_place_place_the_new_great_filtration_plant_the_new_great_filtration_plant_was_introduced_in_zurich,HAS_FACT
place_zurich_switzerland,fact_place_place_zurich_switzerland_zurich_is_mentioned_in_the_context_of_the_kreuzkirche_and_neumünster,HAS_FACT
place_kreuzkirche,fact_place_place_kreuzkirche_the_kreuzkirche_is_located_in_zurich,HAS_FACT
place_neumünster,fact_place_place_neumünster_the_neumünster_is_located_in_zurich,HAS_FACT
place_sihl_zurich_switzerland,fact_place_place_sihl_zurich_switzerland_much_of_the_richly_productive_sihl_springs_began_to_be_supplied_from_1907_onward,HAS_FACT
place_lorze_switzerland,fact_place_place_lorze_switzerland_much_of_the_richly_productive_lorze_springs_began_to_be_supplied_from_1907_onward,HAS_FACT
place_zurich_switzerland,fact_place_place_zurich_switzerland_the_number_of_public_fountains_in_the_city_was_increased_starting_from_1907,HAS_FACT
place_zurich_switzerland,fact_place_place_zurich_switzerland_zurich_is_mentioned_in_the_context_of_the_church_of_enge,HAS_FACT
place_the_church_of_enge,fact_place_place_the_church_of_enge_the_church_of_enge_is_located_in_zurich,HAS_FACT
place_sihl_and_lorze_valleys,fact_place_place_sihl_and_lorze_valleys_they_arise_on_blue_sticky_tough_basic_moraine_clay_of_the_1st_ice_age_in_a_similar_manner_from_the_30_40_m_high_covering_gravel_conglomerate_of_the_sihl_and_lor,HAS_FACT
place_sihlsprung_menzingen_zug_switzerland,fact_place_place_sihlsprung_menzingen_zug_switzerland_they_arise_on_blue_sticky_tough_basic_moraine_clay_of_the_1st_ice_age_in_a_similar_manner_from_the_30_40_m_high_covering_gravel_conglomerate_of_th,HAS_FACT
place_uetliberg_zurich_switzerland,fact_place_place_uetliberg_zurich_switzerland_the_hotel_spring_on_the_uto_peak_arises_in_a_similar_manner_on_the_1st_ice_age_moraine_clay,HAS_FACT
place_nagelfluh_plate,fact_place_place_nagelfluh_plate_the_porous_nagelfluh_plate_acts_as_a_magnificent_natural_filter_apparatus_creating_a_very_constant_yield,HAS_FACT
place_sihl_springs_zurich_switzerland,fact_place_place_sihl_springs_zurich_switzerland_the_sihl_springs_are_connected_by_an_11_5_km_long_pipe_line_with_up_to_40_cm_diameter,HAS_FACT
place_lorze_springs_zurich_switzerland,fact_place_place_lorze_springs_zurich_switzerland_the_lorze_springs_are_connected_by_a_5_7_km_long_up_to_50_cm_wide_pipe_line_to_sihlbrugg,HAS_FACT
place_sihlbrugg_zurich_switzerland,fact_place_place_sihlbrugg_zurich_switzerland_from_sihlbrugg_a_17_7_km_long_55_cm_wide_pipe_with_2_5_gradient_runs_through_the_sihl_valley_to_the_new_reservoir_near_albisgütli,HAS_FACT
place_sihl_valley_zurich_switzerland,fact_place_place_sihl_valley_zurich_switzerland_the_pipe_runs_through_the_sihl_valley_to_the_new_reservoir_near_albisgütli,HAS_FACT
place_albisgütli_zurich_switzerland,fact_place_place_albisgütli_zurich_switzerland_the_new_reservoir_is_located_near_albisgütli_at_500_m_above_sea_level_which_is_91_m_above_lake_level,HAS_FACT
place_albisgütli_zurich_switzerland,fact_place_place_albisgütli_zurich_switzerland_water_is_distributed_from_the_reservoir_to_the_supply_lines_for_the_public_spring_water_fountains_and_to_the_medium_and_low_pressure_pipeline_zones_of_th,HAS_FACT
place_sihl_lorze_springs,fact_place_place_sihl_lorze_springs_the_water_of_the_sihl_lorze_springs_is_very_good_in_quality,HAS_FACT
place_sihl_lorze_springs,fact_place_place_sihl_lorze_springs_the_sihl_lorze_springs_supply_over_half_of_the_entire_water_requirement_of_the_city_of_zurich,HAS_FACT
place_sihl_valley_zurich_switzerland,fact_place_place_sihl_valley_zurich_switzerland_the_sihl_valley_springs_have_supplied_the_city_of_zurich_since_december_4_1902,HAS_FACT
place_lorze_valley_switzerland,fact_place_place_lorze_valley_switzerland_the_lorze_valley_springs_have_supplied_the_city_of_zurich_since_november_25_1902,HAS_FACT
place_zurich_switzerland,fact_place_place_zurich_switzerland_the_facility_supplies_over_half_of_the_entire_water_requirement_of_the_city,HAS_FACT
place_zurich_switzerland,fact_place_place_zurich_switzerland_with_continued_population_growth_in_zurich_a_larger_water_intake_facility_must_be_considered_in_the_next_few_years,HAS_FACT
place_zurich_switzerland,fact_place_place_zurich_switzerland_the_total_city_water_consumption_from_october_1_1906_to_september_30_1907_amounted_to_14_700_098_m³,HAS_FACT
place_zurich_switzerland,fact_place_place_zurich_switzerland_67_6_of_water_consumption_fell_on_the_low_pressure_zone,HAS_FACT
place_zurich_switzerland,fact_place_place_zurich_switzerland_27_3_of_water_consumption_fell_on_the_medium_pressure_zone,HAS_FACT
place_zurich_switzerland,fact_place_place_zurich_switzerland_4_1_of_water_consumption_fell_on_the_high_pressure_zone,HAS_FACT
place_zurich_switzerland,fact_place_place_zurich_switzerland_1_of_water_consumption_fell_on_the_upper_high_pressure_zone,HAS_FACT
place_zurich_switzerland,fact_place_place_zurich_switzerland_average_consumption_was_237_liters_per_head_per_day_with_a_maximum_of_330_liters,HAS_FACT
place_zurich_switzerland,fact_place_place_zurich_switzerland_revenue_from_supplied_water_was_chf_1_751_000_including_public_use,HAS_FACT
place_zurich_switzerland,fact_place_place_zurich_switzerland_net_profit_was_over_half_a_million_chf_after_3_depreciation,HAS_FACT
place_zurich_switzerland,fact_place_place_zurich_switzerland_the_pipeline_network_was_128_km_long_at_the_end_of_1907_excluding_spring_water_pipelines,HAS_FACT
place_zurich_switzerland,fact_place_place_zurich_switzerland_there_was_a_2_67_km_long_900_mm_diameter_intake_pipe_from_the_lake_to_the_filters,HAS_FACT
place_zurich_switzerland,fact_place_place_zurich_switzerland_there_was_a_0_51_km_pipe_from_the_filter_to_the_pumping_station,HAS_FACT
place_letten_zurich_switzerland,fact_place_place_letten_zurich_switzerland_the_water_supply_plant_at_letten_is_located_below_the_city_of_zurich,HAS_FACT
place_limmat_switzerland,fact_place_place_limmat_switzerland_the_sewer_system_flows_into_the_limmat_river,HAS_FACT
place_zurich_switzerland,fact_place_place_zurich_switzerland_the_sewer_system_runs_through_the_entire_city_of_zurich,HAS_FACT
place_hospitals,fact_place_place_hospitals_hospitals_mentioned_include_cantonal_municipal_and_private_voluntary_types,HAS_FACT
place_poor_patients,fact_place_place_poor_patients_poor_patients_receive_excellent_social_care_by_various_aid_institutions,HAS_FACT
place_zurich_switzerland,fact_place_place_zurich_switzerland_cholera_last_affected_zurich_in_1867,HAS_FACT
place_zurich_switzerland,fact_place_place_zurich_switzerland_among_the_general_funds_of_zurich_city_foundations_still_exists_a_fund_for_assistance_in_cholera_epidemics,HAS_FACT
place_zurich_switzerland,fact_place_place_zurich_switzerland_typhus_is_no_longer_endemic_in_zurich,HAS_FACT
place_zurich_switzerland,fact_place_place_zurich_switzerland_the_last_typhus_epidemic_in_zurich_in_1884_led_to_thorough_sanitation_of_the_drinking_water_supply,HAS_FACT
place_zurich_switzerland,fact_place_place_zurich_switzerland_scarlet_fever_and_diphtheria_are_constantly_present_in_zurich,HAS_FACT
place_zurich_switzerland,fact_place_place_zurich_switzerland_modern_serum_treatment_makes_diphtheria_less_dangerous_than_in_earlier_times_in_zurich,HAS_FACT
place_zurich_switzerland,fact_place_place_zurich_switzerland_many_parents_in_zurich_apparently_lack_insight_for_restricting_schoolhouse_hazards,HAS_FACT
place_zurich_switzerland,fact_place_place_zurich_switzerland_authorities_in_zurich_lack_effective_legislation_to_enforce_restrictions_despite_existing_free_bacterial_examinations_and_compulsory_free_disinfection_in_cases_of_s,HAS_FACT
place_zurich_switzerland,fact_place_place_zurich_switzerland_in_1907_462_scarlet_fever_cases_and_417_diphtheria_cases_in_zurich_led_to_1_265_school_exclusions,HAS_FACT
place_zurich_switzerland,fact_place_place_zurich_switzerland_the_scarlet_fever_frequency_in_zurich_in_previous_years_was_recorded,HAS_FACT
place_zurich_switzerland,fact_place_place_zurich_switzerland_the_paragraph_reports_infectious_disease_cases_in_zurich,HAS_FACT
place_zurich_switzerland,fact_place_place_zurich_switzerland_eye_and_ear_examinations_of_schoolchildren_were_reported_in_the_section_on_education_in_canton_zurich,HAS_FACT
place_zurich_switzerland,fact_place_place_zurich_switzerland_a_free_school_dental_clinic_has_recently_been_established_in_canton_zurich,HAS_FACT
place_zurich_switzerland,fact_place_place_zurich_switzerland_a_special_assistant_to_the_city_school_doctor_in_canton_zurich_is_in_charge_of_combating_head_parasites_among_school_youth,HAS_FACT
place_zurich_switzerland,fact_place_place_zurich_switzerland_the_special_assistant_is_jocularly_called_vögelitante_bird_aunt_by_the_schoolchildren_in_canton_zurich,HAS_FACT
place_zurich_switzerland,fact_place_place_zurich_switzerland_in_the_reporting_year_1907_503_children_including_499_girls_or_1_99_of_the_student_body_25_275_were_ordered_to_undergo_cleaning_in_canton_zurich,HAS_FACT
place_zurich_switzerland,fact_place_place_zurich_switzerland_zurich_has_a_total_of_18_cemeteries,HAS_FACT
place_zurich_switzerland,fact_place_place_zurich_switzerland_burial_is_carried_out_at_the_city_s_expense,HAS_FACT
place_district_i,fact_place_place_district_i_district_i_has_cemetery_sihlfeld_the_central_cemetery_with_crematorium_and_outstanding_monuments,HAS_FACT
place_district_i,fact_place_place_district_i_district_i_has_a_cemetery_on_the_high_promenade_which_is_no_longer_in_operation_and_partly_preserves_bodies_due_to_clayey_moraine_soil,HAS_FACT
place_district_2_zurich_switzerland,fact_place_place_district_2_zurich_switzerland_district_ii_includes_the_cemeteries_enge_manegg_leimbach_and_wollishofen,HAS_FACT
place_enge_zurich_switzerland,fact_place_place_enge_zurich_switzerland_enge_is_a_cemetery_located_in_district_ii,HAS_FACT
place_manegg_zurich_switzerland,fact_place_place_manegg_zurich_switzerland_manegg_is_a_cemetery_located_in_district_ii,HAS_FACT
place_leimbach_zurich_switzerland,fact_place_place_leimbach_zurich_switzerland_leimbach_is_a_cemetery_located_in_district_ii,HAS_FACT
place_wollishofen_zurich_switzerland,fact_place_place_wollishofen_zurich_switzerland_wollishofen_is_a_cemetery_located_in_district_ii,HAS_FACT
place_district_3_zurich_switzerland,fact_place_place_district_3_zurich_switzerland_district_iii_is_mentioned_in_the_context_of_hygienic_conditions,HAS_FACT
place_sihlfeld_cemetery_zurich_switzerland,fact_place_place_sihlfeld_cemetery_zurich_switzerland_cemetery_sihlfeld_sections_b_and_c_are_located_in_district_iii,HAS_FACT
place_old_cemeteries_aussersihl_and_wiedikon,fact_place_place_old_cemeteries_aussersihl_and_wiedikon_old_cemeteries_aussersihl_and_wiedikon_are_mentioned_in_district_iii,HAS_FACT
place_district_4_zurich_switzerland,fact_place_place_district_4_zurich_switzerland_district_iv_includes_the_cemeteries_nordheim_unterstrass_old_cemetery_oberstrass_and_cemetery_wipkingen,HAS_FACT
place_nordheim,fact_place_place_nordheim_nordheim_is_a_cemetery_in_district_iv_of_zurich,HAS_FACT
place_unterstrass_zurich_switzerland,fact_place_place_unterstrass_zurich_switzerland_unterstrass_is_a_cemetery_in_district_iv_of_zurich,HAS_FACT
place_oberstrass_zurich_switzerland,fact_place_place_oberstrass_zurich_switzerland_the_old_cemetery_oberstrass_is_located_in_district_iv_of_zurich,HAS_FACT
place_wipkingen_zurich_switzerland,fact_place_place_wipkingen_zurich_switzerland_the_cemetery_wipkingen_is_located_in_district_iv_of_zurich,HAS_FACT
place_district_v,fact_place_place_district_v_district_v_includes_cemeteries_realp_and_enzenbühl_old_cemetery_neumünster_and_cemetery_allmend_muntern,HAS_FACT
place_realp_uri_switzerland,fact_place_place_realp_uri_switzerland_realp_cemetery_is_located_in_district_v,HAS_FACT
place_enzenbühl,fact_place_place_enzenbühl_enzenbühl_cemetery_is_located_in_district_v,HAS_FACT
place_old_cemetery_neumünster,fact_place_place_old_cemetery_neumünster_old_cemetery_neumünster_is_located_in_district_v,HAS_FACT
place_cemetery_allmend_muntern,fact_place_place_cemetery_allmend_muntern_cemetery_allmend_muntern_is_located_in_district_v,HAS_FACT
place_neumünster_cemetery,fact_place_place_neumünster_cemetery_a_new_second_crematorium_is_planned_on_the_former_neumünster_cemetery,HAS_FACT
place_central_cemetery_crematorium,fact_place_place_central_cemetery_crematorium_number_of_cremations_in_the_central_cemetery_crematorium_in_1907_was_232,HAS_FACT
place_central_cemetery_crematorium,fact_place_place_central_cemetery_crematorium_131_corpses_were_brought_in_from_outside_to_the_central_cemetery_crematorium_in_1907,HAS_FACT
place_zurich_switzerland,fact_place_place_zurich_switzerland_zurich_is_one_of_the_healthiest_cities_in_switzerland,HAS_FACT
place_stadthausquai_zurich_switzerland,fact_place_place_stadthausquai_zurich_switzerland_mountain_views_from_stadthausquai_are_mentioned_in_the_bibliography,HAS_FACT
place_anlage_enge_zurich_switzerland,fact_place_place_anlage_enge_zurich_switzerland_mountain_views_from_the_hill_in_the_park_anlage_enge_are_mentioned_in_the_bibliography,HAS_FACT
place_zurichberg_adlisberg_zurich_switzerland,fact_place_place_zurichberg_adlisberg_zurich_switzerland_maps_of_zurichberg_adlisberg_at_1_12_500_were_published_by_the_beautification_association_of_zurich_and_surroundings,HAS_FACT
place_uetliberg_zurich_switzerland,fact_place_place_uetliberg_zurich_switzerland_maps_of_uetliberg_at_1_12_500_were_published_by_the_beautification_association_of_zurich_and_surroundings,HAS_FACT
place_albiskette_zurich_switzerland,fact_place_place_albiskette_zurich_switzerland_an_excursion_map_of_the_albiskette_at_1_30_000_was_published_in_zurich_in_1906,HAS_FACT
place_zurich_switzerland,fact_place_place_zurich_switzerland_reports_on_the_water_conditions_of_the_city_of_zurich_were_published_in_1871,HAS_FACT
place_zurich_switzerland,fact_place_place_zurich_switzerland_the_industrial_enterprises_of_the_city_of_zurich_were_documented_in_1903,HAS_FACT
place_zurich_switzerland,fact_place_place_zurich_switzerland_reports_on_water_supply_gasworks_and_sewerage_in_zurich_were_published_in_1903_and_1905,HAS_FACT
place_zurich_switzerland,fact_place_place_zurich_switzerland_the_construction_of_the_spring_water_supply_from_sihl_and_lorze_valleys_was_reported_in_zurich_in_1906,HAS_FACT
place_zurich_switzerland,fact_place_place_zurich_switzerland_annual_reports_of_the_city_council_and_central_school_board_for_1907_were_published_in_zurich_in_1908,HAS_FACT
place_zurich_switzerland,fact_place_place_zurich_switzerland_the_health_and_welfare_care_of_the_city_of_zurich_was_commemorated_in_a_publication_in_1909,HAS_FACT
place_zurich_switzerland,fact_place_place_zurich_switzerland_the_article_refers_to_the_canton_of_zurich,HAS_FACT
place_zurich_main_station_zurich_switzerland,fact_place_place_zurich_main_station_zurich_switzerland_the_traffic_lines_converge_at_zurich_main_station,HAS_FACT
place_zurich_switzerland,fact_place_place_zurich_switzerland_zurich_main_station_is_located_in_the_zurich_city_area,HAS_FACT
place_wiedikon_zurich_switzerland,fact_place_place_wiedikon_zurich_switzerland_wiedikon_station_facilitates_traffic_on_the_left_bank_lake_railway,HAS_FACT
place_enge_zurich_switzerland,fact_place_place_enge_zurich_switzerland_enge_station_facilitates_traffic_on_the_left_bank_lake_railway,HAS_FACT
place_wollishofen_zurich_switzerland,fact_place_place_wollishofen_zurich_switzerland_wollishofen_station_facilitates_traffic_on_the_left_bank_lake_railway,HAS_FACT
place_left_bank_lake_railway,fact_place_place_left_bank_lake_railway_wiedikon_enge_and_wollishofen_stations_are_on_the_left_bank_lake_railway,HAS_FACT
place_letten_zurich_switzerland,fact_place_place_letten_zurich_switzerland_letten_station_facilitates_traffic_on_the_right_bank,HAS_FACT
place_stadelhofen_zurich_switzerland,fact_place_place_stadelhofen_zurich_switzerland_stadelhofen_station_facilitates_traffic_on_the_right_bank,HAS_FACT
place_tiefenbrunnen_zurich_switzerland,fact_place_place_tiefenbrunnen_zurich_switzerland_tiefenbrunnen_station_facilitates_traffic_on_the_right_bank,HAS_FACT
place_right_bank,fact_place_place_right_bank_letten_stadelhofen_and_tiefenbrunnen_stations_are_on_the_right_bank,HAS_FACT
place_selnau_station_zurich_switzerland,fact_place_place_selnau_station_zurich_switzerland_at_selnau_station_uetliberg_and_sihl_valley_railways_converge,HAS_FACT
place_uetliberg_railway_zurich_switzerland,fact_place_place_uetliberg_railway_zurich_switzerland_the_uetliberg_railway_climbs_steeply_by_adhesion_railway_via_binz_and_waldegg_stations_towards_the_west_to_the_uetliberg_summit,HAS_FACT
place_sihl_valley_railway_zurich_switzerland,fact_place_place_sihl_valley_railway_zurich_switzerland_the_sihl_valley_railway_leads_through_giesshübel_brunau_manegg_sod_and_adliswil_into_the_sihl_valley_and_connects_at_sihlbrugg_with_the_federal_,HAS_FACT
place_binz_zurich_switzerland,fact_place_place_binz_zurich_switzerland_binz_station_is_on_the_uetliberg_railway_route,HAS_FACT
place_waldegg_zurich_switzerland,fact_place_place_waldegg_zurich_switzerland_waldegg_station_is_on_the_uetliberg_railway_route,HAS_FACT
place_uetliberg_zurich_switzerland,fact_place_place_uetliberg_zurich_switzerland_the_uetliberg_railway_reaches_the_uetliberg_summit_after_a_half_hour_ride,HAS_FACT
place_giesshübel_zurich_switzerland,fact_place_place_giesshübel_zurich_switzerland_the_sihl_valley_railway_passes_through_giesshübel,HAS_FACT
place_brunau_zurich_switzerland,fact_place_place_brunau_zurich_switzerland_the_sihl_valley_railway_passes_through_brunau,HAS_FACT
place_manegg_zurich_switzerland,fact_place_place_manegg_zurich_switzerland_the_sihl_valley_railway_passes_through_manegg,HAS_FACT
place_sood_zurich_switzerland,fact_place_place_sood_zurich_switzerland_the_sihl_valley_railway_passes_through_sod,HAS_FACT
place_adliswil_zurich_switzerland,fact_place_place_adliswil_zurich_switzerland_the_sihl_valley_railway_passes_through_adliswil,HAS_FACT
place_sihl_valley_zurich_switzerland,fact_place_place_sihl_valley_zurich_switzerland_the_sihl_valley_railway_leads_into_the_sihl_valley,HAS_FACT
place_sihlbrugg_zurich_switzerland,fact_place_place_sihlbrugg_zurich_switzerland_the_sihl_valley_railway_connects_at_sihlbrugg_with_the_federal_railway_line_thalwil_zug,HAS_FACT
place_thalwil_zug_railway_line_switzerland,fact_place_place_thalwil_zug_railway_line_switzerland_the_sihl_valley_railway_connects_at_sihlbrugg_with_the_federal_railway_line_thalwil_zug,HAS_FACT
place_zurich_switzerland,fact_place_place_zurich_switzerland_the_first_railway_line_from_zurich_to_baden_opened_on_august_9_1847,HAS_FACT
place_zurich_switzerland,fact_place_place_zurich_switzerland_the_second_railway_line_from_zurich_to_winterthur_opened_on_may_16_1855,HAS_FACT
place_zurich_switzerland,fact_place_place_zurich_switzerland_a_railway_line_from_zurich_to_uster_opened_on_august_1_1856,HAS_FACT
place_zurich_switzerland,fact_place_place_zurich_switzerland_a_railway_line_from_zurich_to_zug_opened_on_june_1_1864,HAS_FACT
place_baden_aargau_switzerland,fact_place_place_baden_aargau_switzerland_the_first_railway_line_from_zurich_to_baden_opened_on_august_9_1847,HAS_FACT
place_winterthur_zurich_switzerland,fact_place_place_winterthur_zurich_switzerland_the_second_railway_line_from_zurich_to_winterthur_opened_on_may_16_1855,HAS_FACT
place_uster_zurich_switzerland,fact_place_place_uster_zurich_switzerland_a_railway_line_from_zurich_to_uster_opened_on_august_1_1856,HAS_FACT
place_zug_switzerland,fact_place_place_zug_switzerland_a_railway_line_from_zurich_to_zug_opened_on_june_1_1864,HAS_FACT
place_lake_zurich_switzerland,fact_place_place_lake_zurich_switzerland_steamship_routes_operated_on_lake_zurich_before_railway_connections_existed,HAS_FACT
place_lake_zurich_switzerland,fact_place_place_lake_zurich_switzerland_the_first_steamship_on_lake_zurich_ran_on_may_19_1835,HAS_FACT
place_lake_zurich_switzerland,fact_place_place_lake_zurich_switzerland_in_1891_local_traffic_on_lake_zurich_was_significantly_promoted_by_the_introduction_of_dampfschwalben,HAS_FACT
place_lake_zurich_switzerland,fact_place_place_lake_zurich_switzerland_the_courses_of_the_large_steamers_on_lake_zurich_were_relatively_reduced_due_to_double_railway_service,HAS_FACT
place_maur_zurich_switzerland,fact_place_place_maur_zurich_switzerland_there_is_a_postal_route_to_maur,HAS_FACT
place_zumikon_zurich_switzerland,fact_place_place_zumikon_zurich_switzerland_there_is_a_postal_route_to_zumikon,HAS_FACT
place_zurich_switzerland,fact_place_place_zurich_switzerland_zurich_has_19_post_offices,HAS_FACT
place_zurich_switzerland,fact_place_place_zurich_switzerland_zurich_has_17_telegraph_offices,HAS_FACT
place_zurich_switzerland,fact_place_place_zurich_switzerland_zurich_is_mentioned_in_the_context_of_the_swiss_national_museum,HAS_FACT
place_zurich_switzerland,fact_place_place_zurich_switzerland_within_the_city_itself_a_far_reaching_and_rapidly_expanding_network_of_streetcars_facilitates_traffic,HAS_FACT
place_zurich_switzerland,fact_place_place_zurich_switzerland_the_first_line_was_opened_as_a_private_horse_tramway_on_september_24_1882,HAS_FACT
place_zurich_switzerland,fact_place_place_zurich_switzerland_the_first_electrically_operated_line_arose_to_burgwies,HAS_FACT
place_zurich_switzerland,fact_place_place_zurich_switzerland_in_1898_the_power_plant_connected_with_the_pumping_station_in_letten_became_operational_so_that_the_entire_tramway_network_could_be_placed_in_municipal_electric_ope,HAS_FACT
place_zurich_switzerland,fact_place_place_zurich_switzerland_the_central_zurichberg_railway_and_the_streetcar_of_the_industrial_district_were_annexed_by_purchase,HAS_FACT
place_zurich_switzerland,fact_place_place_zurich_switzerland_private_tramways_still_exist_with_lines_from_giesshübel_to_albisgütli_the_limmat_valley_streetcar_from_marienstrasse_to_altstetten_schlieren_dietikon_and_others,HAS_FACT
place_zurich_switzerland,fact_place_place_zurich_switzerland_there_are_three_cable_railways_to_the_heights_of_the_zurichberg_from_rigiplatz_to_rigiviertel_from_leonhardsplatz_to_the_polytechnic_and_from_römerhof_to_waldhaus_d,HAS_FACT
place_burgwies_zurich_switzerland,fact_place_place_burgwies_zurich_switzerland_the_first_electrically_operated_line_arose_to_burgwies,HAS_FACT
place_letten_zurich_switzerland,fact_place_place_letten_zurich_switzerland_in_1898_the_power_plant_connected_with_the_pumping_station_in_letten_became_operational_so_that_the_entire_tramway_network_could_be_placed_in_municipal_elect,HAS_FACT
place_giesshübel_zurich_switzerland,fact_place_place_giesshübel_zurich_switzerland_private_tramways_still_exist_with_a_line_from_giesshübel_to_albisgütli,HAS_FACT
place_albisgütli_zurich_switzerland,fact_place_place_albisgütli_zurich_switzerland_private_tramways_still_exist_with_a_line_from_giesshübel_to_albisgütli,HAS_FACT
place_limmat_valley_switzerland,fact_place_place_limmat_valley_switzerland_the_limmat_valley_streetcar_runs_from_marienstrasse_to_altstetten_schlieren_dietikon_continuing_over_mutschellen_to_bremgarten_unterengstringen_kloster_fahr_,HAS_FACT
place_marienstrasse_zurich_switzerland,fact_place_place_marienstrasse_zurich_switzerland_the_limmat_valley_streetcar_runs_from_marienstrasse_to_altstetten_schlieren_dietikon,HAS_FACT
place_altstetten_schlieren_dietikon,fact_place_place_altstetten_schlieren_dietikon_the_limmat_valley_streetcar_runs_from_marienstrasse_to_altstetten_schlieren_dietikon,HAS_FACT
place_mutschellen_switzerland,fact_place_place_mutschellen_switzerland_from_dietikon_the_tram_continues_over_mutschellen_to_bremgarten_unterengstringen_kloster_fahr_weiningen,HAS_FACT
place_bremgarten_aargau_switzerland,fact_place_place_bremgarten_aargau_switzerland_the_tram_continues_over_mutschellen_to_bremgarten_unterengstringen_kloster_fahr_weiningen,HAS_FACT
place_unterengstringen_zurich_switzerland,fact_place_place_unterengstringen_zurich_switzerland_the_tram_continues_over_mutschellen_to_bremgarten_unterengstringen_kloster_fahr_weiningen,HAS_FACT
place_kloster_fahr_zurich_switzerland,fact_place_place_kloster_fahr_zurich_switzerland_the_tram_continues_over_mutschellen_to_bremgarten_unterengstringen_kloster_fahr_weiningen,HAS_FACT
place_weiningen_zurich_switzerland,fact_place_place_weiningen_zurich_switzerland_the_tram_continues_over_mutschellen_to_bremgarten_unterengstringen_kloster_fahr_weiningen,HAS_FACT
place_zurich_main_station_zurich_switzerland,fact_place_place_zurich_main_station_zurich_switzerland_private_tramways_still_exist_with_lines_from_the_main_station_or_wipkingen_to_hoengg,HAS_FACT
place_wipkingen_zurich_switzerland,fact_place_place_wipkingen_zurich_switzerland_private_tramways_still_exist_with_lines_from_the_main_station_or_wipkingen_to_hoengg,HAS_FACT
place_hoengg_zurich_switzerland,fact_place_place_hoengg_zurich_switzerland_private_tramways_still_exist_with_lines_from_the_main_station_or_wipkingen_to_hoengg,HAS_FACT
place_leonhardsplatz_zurich_switzerland,fact_place_place_leonhardsplatz_zurich_switzerland_private_tramways_still_exist_with_lines_from_leonhardsplatz_to_oerlikon_seebach_glattbrugg_with_a_branch_to_schwamendingen,HAS_FACT
place_leonhardsplatz_zurich_switzerland,fact_place_place_leonhardsplatz_zurich_switzerland_there_is_a_cable_railway_from_leonhardsplatz_to_the_polytechnic,HAS_FACT
place_oerlikon_seebach_glattbrugg,fact_place_place_oerlikon_seebach_glattbrugg_private_tramways_still_exist_with_lines_from_leonhardsplatz_to_oerlikon_seebach_glattbrugg_with_a_branch_to_schwamendingen,HAS_FACT
place_schwamendingen_zurich_switzerland,fact_place_place_schwamendingen_zurich_switzerland_there_is_a_branch_from_the_line_from_leonhardsplatz_to_oerlikon_seebach_glattbrugg_to_schwamendingen,HAS_FACT
place_zurichberg_zurich_switzerland,fact_place_place_zurichberg_zurich_switzerland_there_are_three_cable_railways_to_the_heights_of_the_zurichberg,HAS_FACT
place_rigiplatz_zurich_switzerland,fact_place_place_rigiplatz_zurich_switzerland_there_is_a_cable_railway_from_rigiplatz_to_rigiviertel,HAS_FACT
place_rigiviertel_zurich_switzerland,fact_place_place_rigiviertel_zurich_switzerland_there_is_a_cable_railway_from_rigiplatz_to_rigiviertel,HAS_FACT
place_eth_zurich_zurich_switzerland,fact_place_place_eth_zurich_zurich_switzerland_there_is_a_cable_railway_from_leonhardsplatz_to_the_polytechnic,HAS_FACT
place_römerhof_zurich_switzerland,fact_place_place_römerhof_zurich_switzerland_there_is_a_cable_railway_from_römerhof_to_waldhaus_dolder_with_subsequent_streetcar_to_the_grand_hotel_dolder,HAS_FACT
place_waldhaus_dolder_zurich_switzerland,fact_place_place_waldhaus_dolder_zurich_switzerland_there_is_a_cable_railway_from_römerhof_to_waldhaus_dolder_with_subsequent_streetcar_to_the_grand_hotel_dolder,HAS_FACT
place_grand_hotel_dolder_zurich_switzerland,fact_place_place_grand_hotel_dolder_zurich_switzerland_there_is_a_streetcar_from_waldhaus_dolder_to_the_grand_hotel_dolder,HAS_FACT
place_zurich_switzerland,fact_place_place_zurich_switzerland_zurich_is_mentioned_in_the_context_of_the_urania_public_observatory,HAS_FACT
place_lake_zurich_zurich_switzerland,fact_place_place_lake_zurich_zurich_switzerland_numerous_motor_rowing_and_sailing_boats_can_be_rented_on_the_lake,HAS_FACT
place_lake_zurich_zurich_switzerland,fact_place_place_lake_zurich_zurich_switzerland_large_barges_pass_on_goods_traffic_on_the_lake,HAS_FACT
place_lake_zurich_zurich_switzerland,fact_place_place_lake_zurich_zurich_switzerland_building_material_transport_from_sandstone_quarries_and_gravel_pits_of_the_upper_lake_zurich_occurs_via_barges,HAS_FACT
place_zurich_switzerland,fact_place_place_zurich_switzerland_zurich_counted_941_streets_and_squares_in_1907,HAS_FACT
place_zurich_switzerland,fact_place_place_zurich_switzerland_due_to_rapid_city_expansion_on_the_periphery_numerous_new_streets_and_squares_are_added_annually,HAS_FACT
place_zurich_switzerland,fact_place_place_zurich_switzerland_entire_street_sections_arise_on_the_slopes_of_the_zurichberg,HAS_FACT
place_zurich_switzerland,fact_place_place_zurich_switzerland_the_old_wild_brook_valleys_on_the_zurichberg_slopes_are_artificially_filled_or_dammed_over,HAS_FACT
place_zurich_switzerland,fact_place_place_zurich_switzerland_the_wolfbach_which_flowed_from_hottingen_into_the_limmat_at_the_upper_mühlesteg_has_disappeared_entirely_from_sight,HAS_FACT
place_zurich_switzerland,fact_place_place_zurich_switzerland_the_klosbach_has_disappeared_entirely_from_sight,HAS_FACT
place_zurich_switzerland,fact_place_place_zurich_switzerland_the_hornbach_is_dammed,HAS_FACT
place_zurich_switzerland,fact_place_place_zurich_switzerland_the_niche_of_the_former_lindenbach_in_district_4_almost_disappeared,HAS_FACT
place_zurichberg_zurich_switzerland,fact_place_place_zurichberg_zurich_switzerland_entire_street_sections_arise_on_the_slopes_of_the_zurichberg,HAS_FACT
place_zurichberg_zurich_switzerland,fact_place_place_zurichberg_zurich_switzerland_the_old_wild_brook_valleys_on_the_zurichberg_slopes_are_artificially_filled_or_dammed_over,HAS_FACT
place_wolfbach,fact_place_place_wolfbach_the_wolfbach_which_flowed_from_hottingen_into_the_limmat_at_the_upper_mühlesteg_has_disappeared_entirely_from_sight,HAS_FACT
place_hottingen_zurich_switzerland,fact_place_place_hottingen_zurich_switzerland_the_wolfbach_flowed_from_hottingen_into_the_limmat_at_the_upper_mühlesteg,HAS_FACT
place_limmat_switzerland,fact_place_place_limmat_switzerland_the_wolfbach_flowed_into_the_limmat_at_the_upper_mühlesteg,HAS_FACT
place_upper_mühlesteg,fact_place_place_upper_mühlesteg_the_wolfbach_flowed_into_the_limmat_at_the_upper_mühlesteg,HAS_FACT
place_klosbach,fact_place_place_klosbach_the_klosbach_has_disappeared_entirely_from_sight,HAS_FACT
place_hornbach,fact_place_place_hornbach_the_hornbach_is_dammed,HAS_FACT
place_lindenbach,fact_place_place_lindenbach_the_niche_of_the_former_lindenbach_in_district_4_almost_disappeared,HAS_FACT
place_district_4_zurich_switzerland,fact_place_place_district_4_zurich_switzerland_the_niche_of_the_former_lindenbach_in_district_4_almost_disappeared,HAS_FACT
place_zurich_switzerland,fact_place_place_zurich_switzerland_the_city_is_brightly_illuminated_by_gas_lights_and_electric_arc_lamps_at_night,HAS_FACT
place_zurich_switzerland,fact_place_place_zurich_switzerland_the_city_took_over_gas_lighting_in_1886,HAS_FACT
place_zurich_switzerland,fact_place_place_zurich_switzerland_the_gas_pipeline_network_reaches_to_the_outermost_boundaries_of_the_city_including_the_uetliberg_ridge,HAS_FACT
place_uetliberg_zurich_switzerland,fact_place_place_uetliberg_zurich_switzerland_the_gas_pipeline_network_reaches_up_to_the_uetliberg_ridge,HAS_FACT
place_schlieren_zurich_switzerland,fact_place_place_schlieren_zurich_switzerland_the_municipal_gasworks_in_schlieren_feeds_the_gas_pipeline_network,HAS_FACT
place_schlieren_zurich_switzerland,fact_place_place_schlieren_zurich_switzerland_the_gasworks_is_a_model_plant_first_rate_in_its_construction_and_operation,HAS_FACT
place_adliswil_zurich_switzerland,fact_place_place_adliswil_zurich_switzerland_adliswil_is_an_adjacent_municipality_receiving_gas_delivery,HAS_FACT
place_oerlikon_zurich_switzerland,fact_place_place_oerlikon_zurich_switzerland_oerlikon_is_an_adjacent_municipality_receiving_gas_delivery,HAS_FACT
place_zollikon_zurich_switzerland,fact_place_place_zollikon_zurich_switzerland_zollikon_is_an_adjacent_municipality_receiving_gas_delivery,HAS_FACT
place_kilchberg_zurich_switzerland,fact_place_place_kilchberg_zurich_switzerland_kilchberg_is_an_adjacent_municipality_receiving_gas_delivery,HAS_FACT
place_schlieren_zurich_switzerland,fact_place_place_schlieren_zurich_switzerland_schlieren_is_an_adjacent_municipality_receiving_gas_delivery,HAS_FACT
place_albisrieden_altstetten,fact_place_place_albisrieden_altstetten_albisrieden_altstetten_is_an_adjacent_municipality_receiving_gas_delivery,HAS_FACT
place_zurich_switzerland,fact_place_place_zurich_switzerland_city_of_zurich_is_included_in_the_gas_consumption_per_capita_calculation,HAS_FACT
place_zurich_switzerland,fact_place_place_zurich_switzerland_city_of_zurich_receives_gas_delivery,HAS_FACT
place_zurich_switzerland,fact_place_place_zurich_switzerland_zurichers_can_be_divided_into_two_categories_active_and_passive,HAS_FACT
place_zurich_switzerland,fact_place_place_zurich_switzerland_active_zurichers_are_engaged_in_politics,HAS_FACT
place_zurich_switzerland,fact_place_place_zurich_switzerland_passive_zurichers_are_in_part_pushed_in_and_in_part_indifferent,HAS_FACT
place_zurich_switzerland,fact_place_place_zurich_switzerland_active_zurichers_split_into_serious_workers_on_the_community_and_political_strivers,HAS_FACT
place_zurich_switzerland,fact_place_place_zurich_switzerland_the_city_zurich_s_daily_newspaper_is_also_the_city_gazette,HAS_FACT
place_zurich_switzerland,fact_place_place_zurich_switzerland_the_daily_newspaper_contains_briefly_held_official_announcements_on_the_first_pages,HAS_FACT
place_zurich_switzerland,fact_place_place_zurich_switzerland_the_daily_newspaper_is_swollen_to_40_or_more_folio_pages_on_a_saturday_before_a_vote_or_election_day,HAS_FACT
place_zurich_switzerland,fact_place_place_zurich_switzerland_the_daily_newspaper_includes_full_and_half_page_calls_from_political_party_committees,HAS_FACT
place_zurich_switzerland,fact_place_place_zurich_switzerland_newspapers_and_periodicals_currently_1909_appear_in_zurich_numbering_about_160,HAS_FACT
place_zurich_switzerland,fact_place_place_zurich_switzerland_the_friday_weekly_today_zürcher_freitagszeitung_bürklizitig_circulation_3_500_dates_back_to_1673_and_is_probably_the_oldest_swiss_newspaper,HAS_FACT
place_zurich_switzerland,fact_place_place_zurich_switzerland_the_zürcher_zeitung_was_first_published_on_january_12_1780,HAS_FACT
place_zurich_switzerland,fact_place_place_zurich_switzerland_since_1821_the_zürcher_zeitung_has_been_called_neue_zürcher_zeitung,HAS_FACT
place_zurich_switzerland,fact_place_place_zurich_switzerland_the_neue_zürcher_zeitung_appeared_daily_since_1843_for_several_years_thrice_daily_with_a_circulation_of_15_000,HAS_FACT
place_zurich_switzerland,fact_place_place_zurich_switzerland_as_early_as_1801_the_paper_must_have_been_very_loyal_to_the_government_because_its_publisher_then_asked_the_government_governor_to_partially_exempt_it_from_censorsh,HAS_FACT
place_zurich_switzerland,fact_place_place_zurich_switzerland_the_city_zurich_daily_official_gazette_circulation_27_000_has_existed_since_1837,HAS_FACT
place_zurich_switzerland,fact_place_place_zurich_switzerland_the_nebelspalter_is_a_permanent_weekly_political_satirical_paper_appearing_in_zurich_since_1874,HAS_FACT
place_zurich_switzerland,fact_place_place_zurich_switzerland_zurich_is_mentioned_in_relation_to_the_city_theatre,HAS_FACT
place_zurich_switzerland,fact_place_place_zurich_switzerland_the_associations_and_societies_rubric_in_the_new_zurich_city_address_book_gives_an_approximate_idea_of_the_great_space_that_association_life_occupies_in_our_city,HAS_FACT
place_zurich_switzerland,fact_place_place_zurich_switzerland_association_life_offers_manifold_opportunities_to_the_population_on_the_soil_of_public_charitable_work_further_education_cultivation_of_sociability_mutual_support_a,HAS_FACT
place_zurich_switzerland,fact_place_place_zurich_switzerland_among_the_approximately_one_thousand_registered_associations_and_societies_in_zurich_there_are_163_professional_associations,HAS_FACT
place_zurich_switzerland,fact_place_place_zurich_switzerland_there_are_2_burial_societies_in_zurich,HAS_FACT
place_zurich_switzerland,fact_place_place_zurich_switzerland_zurich_has_16_dramatic_associations,HAS_FACT
place_zurich_switzerland,fact_place_place_zurich_switzerland_there_are_161_charitable_associations_and_institutions_in_zurich,HAS_FACT
place_zurich_switzerland,fact_place_place_zurich_switzerland_zurich_has_92_singing_societies,HAS_FACT
place_zurich_switzerland,fact_place_place_zurich_switzerland_there_are_69_social_clubs_in_zurich,HAS_FACT
place_zurich_switzerland,fact_place_place_zurich_switzerland_zurich_has_101_sick_and_support_societies_and_death_benefit_funds,HAS_FACT
place_zurich_switzerland,fact_place_place_zurich_switzerland_there_are_40_art_and_scientific_societies_in_zurich,HAS_FACT
place_zurich_switzerland,fact_place_place_zurich_switzerland_zurich_has_20_military_societies,HAS_FACT
place_zurich_switzerland,fact_place_place_zurich_switzerland_there_are_37_music_societies_in_zurich,HAS_FACT
place_zurich_switzerland,fact_place_place_zurich_switzerland_zurich_has_36_political_societies,HAS_FACT
place_zurich_switzerland,fact_place_place_zurich_switzerland_there_are_14_district_associations_in_zurich,HAS_FACT
place_zurich_switzerland,fact_place_place_zurich_switzerland_zurich_has_42_religious_societies,HAS_FACT
place_zurich_switzerland,fact_place_place_zurich_switzerland_there_is_1_chess_club_in_zurich,HAS_FACT
place_zurich_switzerland,fact_place_place_zurich_switzerland_zurich_has_67_shooting_clubs,HAS_FACT
place_zurich_switzerland,fact_place_place_zurich_switzerland_there_are_54_sports_clubs_in_zurich,HAS_FACT
place_zurich_switzerland,fact_place_place_zurich_switzerland_zurich_has_3_shorthand_clubs,HAS_FACT
place_zurich_switzerland,fact_place_place_zurich_switzerland_there_are_30_student_fraternities_and_academic_specialty_clubs_in_zurich,HAS_FACT
place_zurich_switzerland,fact_place_place_zurich_switzerland_zurich_has_32_gymnastic_clubs,HAS_FACT
place_zurich_switzerland,fact_place_place_zurich_switzerland_there_are_21_guild_societies_in_zurich,HAS_FACT
place_zurich_switzerland,fact_place_place_zurich_switzerland_most_larger_associations_in_zurich_have_numerous_branch_sections_not_included_in_the_above_numbers,HAS_FACT
place_helmhaus_zurich_switzerland,fact_place_place_helmhaus_zurich_switzerland_a_central_card_catalog_exists_in_the_helmhaus,HAS_FACT
place_helmhaus_zurich_switzerland,fact_place_place_helmhaus_zurich_switzerland_the_natural_science_society_library_is_located_at_helmhaus,HAS_FACT
place_helmhaus_zurich_switzerland,fact_place_place_helmhaus_zurich_switzerland_the_city_library_is_in_the_wasserkirche_at_helmhaus,HAS_FACT
place_predigerkirche_zurich_switzerland,fact_place_place_predigerkirche_zurich_switzerland_the_cantonal_and_university_library_is_in_the_choir_of_the_predigerkirche,HAS_FACT
place_predigerkirche_zurich_switzerland,fact_place_place_predigerkirche_zurich_switzerland_the_libraries_of_the_law_and_medical_surgical_societies_are_both_in_the_choir_of_the_predigerkirche,HAS_FACT
place_museum_of_applied_arts_zurich_switzerland,fact_place_place_museum_of_applied_arts_zurich_switzerland_the_library_of_the_museum_of_applied_arts_is_at_the_national_museum,HAS_FACT
place_swiss_national_museum_zurich_switzerland,fact_place_place_swiss_national_museum_zurich_switzerland_the_swiss_national_museum_has_a_library,HAS_FACT
place_eth_zurich_zurich_switzerland,fact_place_place_eth_zurich_zurich_switzerland_the_federal_polytechnic_school_has_45_000_titles_in_its_library,HAS_FACT
place_police_barracks,fact_place_place_police_barracks_the_cantonal_military_library_is_located_in_the_police_barracks,HAS_FACT
place_state_archives_of_zurich_zurich_switzerland,fact_place_place_state_archives_of_zurich_zurich_switzerland_the_state_archives_have_a_library,HAS_FACT
place_pestalozzianum_zurich_switzerland,fact_place_place_pestalozzianum_zurich_switzerland_the_pestalozzianum_has_a_library,HAS_FACT
place_museum,fact_place_place_museum_the_museum_society_library_is_in_the_museum_opposite_the_meat_hall,HAS_FACT
place_seilergraben_zurich_switzerland,fact_place_place_seilergraben_zurich_switzerland_a_library_of_the_central_office_for_social_literature_of_switzerland_with_reading_room_exists_at_seilergraben,HAS_FACT
place_the_pestalozzi_society,fact_place_place_the_pestalozzi_society_the_pestalozzi_society_has_public_libraries_and_reading_rooms_for_popular_education_and_popular_instruction,HAS_FACT
place_the_pestalozzi_society,fact_place_place_the_pestalozzi_society_the_society_reported_210_000_visitors_in_1907_in_10_branches_across_the_whole_city,HAS_FACT
place_the_pestalozzi_society,fact_place_place_the_pestalozzi_society_the_society_organizes_several_popular_lectures_and_concerts_annually_in_winter,HAS_FACT
place_the_pestalozzi_society,fact_place_place_the_pestalozzi_society_expenses_in_1907_were_nearly_45_000_francs_of_which_the_city_contributed_21_000_francs,HAS_FACT
place_swiss_national_museum_zurich_switzerland,fact_place_place_swiss_national_museum_zurich_switzerland_the_swiss_national_museum_has_outstanding_collections,HAS_FACT
place_museum_of_applied_arts_zurich_switzerland,fact_place_place_museum_of_applied_arts_zurich_switzerland_the_museum_of_applied_arts_of_the_city_of_zurich_has_changing_modern_exhibitions_and_spatial_art,HAS_FACT
place_eth_zurich_zurich_switzerland,fact_place_place_eth_zurich_zurich_switzerland_the_federal_polytechnic_has_archaeological_zoological_mineralogical_petrographic_geological_and_paleontological_collections,HAS_FACT
place_agricultural_and_forestry_school,fact_place_place_agricultural_and_forestry_school_the_agricultural_and_forestry_school_has_zoological_and_botanical_collections,HAS_FACT
place_switzerland,fact_place_place_switzerland_there_are_splendid_reliefs_of_switzerland_by_becker_simon_imfeld_and_heim,HAS_FACT
place_seilergraben_zurich_switzerland,fact_place_place_seilergraben_zurich_switzerland_the_geographic_ethnographic_society_collection_is_located_at_seilergraben,HAS_FACT
place_pestalozzianum,fact_place_place_pestalozzianum_pestalozzianum_is_a_permanent_school_exhibition_temporarily_in_the_wollenhof_at_schipfe,HAS_FACT
place_wollenhof_zurich_switzerland,fact_place_place_wollenhof_zurich_switzerland_the_pestalozzianum_exhibition_is_temporarily_in_the_wollenhof_at_schipfe,HAS_FACT
place_schipfe_zurich_switzerland,fact_place_place_schipfe_zurich_switzerland_the_pestalozzianum_exhibition_is_temporarily_in_the_wollenhof_at_schipfe,HAS_FACT
place_municipal_zoological_museum,fact_place_place_municipal_zoological_museum_the_municipal_zoological_museum_was_formerly_the_nageli_museum_and_is_located_at_zurichhorn,HAS_FACT
place_nageli_museum,fact_place_place_nageli_museum_the_municipal_zoological_museum_was_formerly_the_nageli_museum,HAS_FACT
place_zurichhorn_zurich_switzerland,fact_place_place_zurichhorn_zurich_switzerland_the_municipal_zoological_museum_is_located_at_zurichhorn,HAS_FACT
place_mythenquai_zurich_switzerland,fact_place_place_mythenquai_zurich_switzerland_the_botanical_garden_with_its_collections_and_the_public_aviary_with_live_birds_are_at_mythenquai,HAS_FACT
place_heimplatz_zurich_switzerland,fact_place_place_heimplatz_zurich_switzerland_a_worthy_building_art_house_is_now_being_built_for_fine_arts_at_heimplatz,HAS_FACT
place_künstlergütli_zurich_switzerland,fact_place_place_künstlergütli_zurich_switzerland_the_künstlergütli_is_opposite_the_south_front_of_the_polytechnic,HAS_FACT
place_eth_zurich_zurich_switzerland,fact_place_place_eth_zurich_zurich_switzerland_the_künstlergütli_has_to_make_way_for_the_new_university_building_at_the_polytechnic,HAS_FACT
place_zurich_art_society,fact_place_place_zurich_art_society_the_permanent_exhibition_of_the_zurich_art_society_houses_valuable_pieces_especially_by_the_two_famous_zurich_painters_rudolf_koller_and_arnold_böcklin,HAS_FACT
place_künstlerhaus_zurich_switzerland,fact_place_place_künstlerhaus_zurich_switzerland_changing_exhibitions_of_modern_masters_are_held_in_the_künstlerhaus_a_provisional_barrack_near_the_stock_exchange,HAS_FACT
place_zurich_stock_exchange_zurich_switzerland,fact_place_place_zurich_stock_exchange_zurich_switzerland_the_künstlerhaus_is_a_provisional_barrack_near_the_stock_exchange,HAS_FACT
place_zurich_switzerland,fact_place_place_zurich_switzerland_many_valuable_paintings_are_in_private_zurich_possession_and_could_not_be_generally_accessible_in_the_previously_tight_premises,HAS_FACT
place_zurich_switzerland,fact_place_place_zurich_switzerland_these_paintings_are_to_be_exhibited_in_the_new_art_house,HAS_FACT
place_zurich_switzerland,fact_place_place_zurich_switzerland_theater_and_concerts_have_been_more_domestic_than_fine_arts_in_zurich,HAS_FACT
place_zurich_switzerland,fact_place_place_zurich_switzerland_acting_in_the_city_theatre_and_pfauen_theater_under_alfred_reucker_s_direction_has_deserved_full_praise_in_zurich,HAS_FACT
place_zurich_switzerland,fact_place_place_zurich_switzerland_kapellmeister_lothar_kempter_has_earned_great_merits_in_opera_in_zurich,HAS_FACT
place_zurich_switzerland,fact_place_place_zurich_switzerland_wagner_s_operas_were_brought_in_progressing_order_at_the_place_of_wagner_s_earlier_activity_in_zurich_to_continuous_enthusiastic_reception,HAS_FACT
place_zurich_switzerland,fact_place_place_zurich_switzerland_in_the_tonhalle_friedrich_hegar_has_masterfully_conducted_performances_of_works_by_beethoven_brahms_and_richard_strauss_with_orchestra_and_choirs_over_a_lifetime,HAS_FACT
place_zurich_switzerland,fact_place_place_zurich_switzerland_the_high_musical_understanding_credited_to_the_zurich_public_is_a_result_of_artistic_education_by_zurich_masters,HAS_FACT
place_zurich_switzerland,fact_place_place_zurich_switzerland_zurich_masters_include_baumgartner_ignaz_heim_gustav_weber_friedrich_hegar_karl_attenhofer_gottfried_angerer_and_volkmar_andreae,HAS_FACT
place_zurich_switzerland,fact_place_place_zurich_switzerland_these_masters_excelled_as_orchestra_and_choir_conductors_as_well_as_composers,HAS_FACT
place_zurich_switzerland,fact_place_place_zurich_switzerland_performances_at_the_city_theatre_and_tonhalle_in_zurich_have_become_accessible_to_the_less_affluent_through_special_people_s_performances_and_popular_concerts,HAS_FACT
place_zurich_switzerland,fact_place_place_zurich_switzerland_several_other_theaters_in_zurich_cater_to_fans_of_lighter_muses_including_the_central_theater_on_weinbergstrasse_the_corso_theater_at_the_old_tonhalle_square_and_th,HAS_FACT
place_bonaduz_graubünden_switzerland,fact_place_place_bonaduz_graubünden_switzerland_in_1908_09_the_singers_association_harmonie_held_concerts_for_the_fire_victims_of_bonaduz,HAS_FACT
place_zurich_switzerland,fact_place_place_zurich_switzerland_the_men_s_choir_zurich_held_concerts_for_farmers_affected_by_snow_damage_in_may_1908_09,HAS_FACT
place_messina_italy,fact_place_place_messina_italy_the_natural_science_society_held_a_town_hall_lecture_for_the_earthquake_victims_in_messina_in_1908_09,HAS_FACT
place_tonhalle_zurich_switzerland,fact_place_place_tonhalle_zurich_switzerland_the_zurich_tonhalle_is_the_center_of_musical_life_in_zurich,HAS_FACT
place_tonhalle_zurich_switzerland,fact_place_place_tonhalle_zurich_switzerland_the_zurich_tonhalle_hosts_countless_musical_societies_with_regular_internal_performances,HAS_FACT
place_tonhalle_zurich_switzerland,fact_place_place_tonhalle_zurich_switzerland_the_zurich_tonhalle_is_the_center_of_social_life_in_zurich,HAS_FACT
place_tonhalle_zurich_switzerland,fact_place_place_tonhalle_zurich_switzerland_in_summer_the_zurich_tonhalle_features_nightly_garden_concerts_on_its_scenic_terrace,HAS_FACT
place_tonhalle_zurich_switzerland,fact_place_place_tonhalle_zurich_switzerland_kapellmeister_kempter_performs_symphonies_at_the_zurich_tonhalle_during_summer_concerts,HAS_FACT
place_tonhalle_zurich_switzerland,fact_place_place_tonhalle_zurich_switzerland_in_winter_the_zurich_tonhalle_hosts_various_events_including_charity_bazaars_costume_parties_dance_evenings_and_a_large_masked_ball,HAS_FACT
place_tonhalle_zurich_switzerland,fact_place_place_tonhalle_zurich_switzerland_up_to_3_000_persons_have_assembled_in_the_zurich_tonhalle_for_events,HAS_FACT
place_tonhalle_zurich_switzerland,fact_place_place_tonhalle_zurich_switzerland_the_zurich_tonhalle_has_hosted_both_joyful_celebrations_and_solemn_commemorations,HAS_FACT
place_zurich_switzerland,fact_place_place_zurich_switzerland_the_unification_of_zurich_with_its_suburbs_in_1893_left_the_church_parishes_unaffected,HAS_FACT
place_grossmünster_zurich_switzerland,fact_place_place_grossmünster_zurich_switzerland_grossmünster_is_one_of_the_13_protestant_parishes_in_zurich,HAS_FACT
place_fraumünster_zurich_switzerland,fact_place_place_fraumünster_zurich_switzerland_fraumünster_is_one_of_the_13_protestant_parishes_in_zurich,HAS_FACT
place_st_peter_zurich_switzerland,fact_place_place_st_peter_zurich_switzerland_st_peter_is_one_of_the_13_protestant_parishes_in_zurich,HAS_FACT
place_st_peter_zurich_switzerland,fact_place_place_st_peter_zurich_switzerland_there_is_also_a_roman_catholic_parish_named_st_peter_and_paul_in_zurich,HAS_FACT
place_predigern_zurich_switzerland,fact_place_place_predigern_zurich_switzerland_predigern_is_one_of_the_13_protestant_parishes_in_zurich,HAS_FACT
place_aussersihl_zurich_switzerland,fact_place_place_aussersihl_zurich_switzerland_aussersihl_is_one_of_the_13_protestant_parishes_in_zurich,HAS_FACT
place_enge_zurich_switzerland,fact_place_place_enge_zurich_switzerland_enge_is_one_of_the_13_protestant_parishes_in_zurich,HAS_FACT
place_fluntern_zurich_switzerland,fact_place_place_fluntern_zurich_switzerland_fluntern_is_one_of_the_13_protestant_parishes_in_zurich,HAS_FACT
place_neumünster_zurich_switzerland,fact_place_place_neumünster_zurich_switzerland_neumünster_is_one_of_the_13_protestant_parishes_in_zurich,HAS_FACT
place_oberstrass_zurich_switzerland,fact_place_place_oberstrass_zurich_switzerland_oberstrass_is_one_of_the_13_protestant_parishes_in_zurich,HAS_FACT
place_unterstrass_zurich_switzerland,fact_place_place_unterstrass_zurich_switzerland_unterstrass_is_one_of_the_13_protestant_parishes_in_zurich,HAS_FACT
place_unterstrass_zurich_switzerland,fact_place_place_unterstrass_zurich_switzerland_there_is_also_a_roman_catholic_parish_named_unterstrass_zurich,HAS_FACT
place_wiedikon_zurich_switzerland,fact_place_place_wiedikon_zurich_switzerland_wiedikon_is_one_of_the_13_protestant_parishes_in_zurich,HAS_FACT
place_wipkingen_zurich_switzerland,fact_place_place_wipkingen_zurich_switzerland_wipkingen_is_one_of_the_13_protestant_parishes_in_zurich,HAS_FACT
place_wollishofen_zurich_switzerland,fact_place_place_wollishofen_zurich_switzerland_wollishofen_is_one_of_the_13_protestant_parishes_in_zurich,HAS_FACT
place_french_parish,fact_place_place_french_parish_there_is_a_french_parish_affiliated_with_the_evangelical_state_church_in_zurich,HAS_FACT
place_old_catholic_parish,fact_place_place_old_catholic_parish_there_is_a_state_recognized_old_catholic_parish_in_zurich,HAS_FACT
place_evangelical_lutheran_kreuzgemeinde,fact_place_place_evangelical_lutheran_kreuzgemeinde_the_evangelical_lutheran_kreuzgemeinde_is_a_private_religious_community_in_zurich,HAS_FACT
place_roman_catholic_parishes_st_peter_and_paul_and_unterstrass_zurich,fact_place_place_roman_catholic_parishes_st_peter_and_paul_and_unterstrass_zurich_the_roman_catholic_parishes_st_peter_and_paul_and_unterstrass_zurich_are_private_religious_communities_in_zurich,HAS_FACT
place_episcopal_methodist_church,fact_place_place_episcopal_methodist_church_the_episcopal_methodist_church_is_a_private_religious_community_in_zurich,HAS_FACT
place_israelite_religious_community,fact_place_place_israelite_religious_community_the_israelite_religious_community_is_a_private_religious_community_in_zurich,HAS_FACT
place_zurich_switzerland,fact_place_place_zurich_switzerland_the_administrative_organization_of_the_city_of_zurich_has_differed_from_that_of_other_zurich_municipalities_since_1893,HAS_FACT
place_zurich_switzerland,fact_place_place_zurich_switzerland_the_unification_of_the_old_town_with_the_suburbs_in_zurich_gave_legal_sanction_to_the_development_into_a_metropolis,HAS_FACT
place_zurich_switzerland,fact_place_place_zurich_switzerland_the_communal_assembly_in_the_form_of_a_traditional_landsgemeinde_ceased_to_exist_in_zurich_from_1893,HAS_FACT
place_zurich_switzerland,fact_place_place_zurich_switzerland_the_totality_of_voting_swiss_citizens_domiciled_in_zurich_exercises_considerable_influence_on_municipal_administration_via_the_ballot,HAS_FACT
place_zurich_switzerland,fact_place_place_zurich_switzerland_voting_rights_in_zurich_include_elections_for_city_president_small_city_council_large_city_council_central_school_board_district_school_boards_primary_and_secondary,HAS_FACT
place_zurich_switzerland,fact_place_place_zurich_switzerland_the_community_in_zurich_must_vote_by_mandatory_referendum_on_the_community_ordinance_and_on_certain_large_expenditure_resolutions_of_the_large_city_council,HAS_FACT
place_zurich_switzerland,fact_place_place_zurich_switzerland_an_optional_referendum_applies_to_other_resolutions_of_the_large_city_council_except_specific_exceptions,HAS_FACT
place_zurich_switzerland,fact_place_place_zurich_switzerland_a_referendum_in_zurich_is_valid_if_requested_within_20_days_by_2_000_voters,HAS_FACT
place_zurich_switzerland,fact_place_place_zurich_switzerland_any_qualified_voter_in_zurich_can_submit_a_motion_to_the_large_city_council_which_must_be_submitted_to_a_public_vote_if_supported_by_30_members_of_the_large_city_co,HAS_FACT
place_zurich_switzerland,fact_place_place_zurich_switzerland_zurich_has_the_escher_monument_at_bahnhofplatz,HAS_FACT
place_city_districts,fact_place_place_city_districts_the_large_city_council_is_elected_in_the_five_city_districts_for_a_term_of_three_years,HAS_FACT
place_city_districts,fact_place_place_city_districts_the_city_council_currently_consists_of_125_members,HAS_FACT
place_city_districts,fact_place_place_city_districts_the_city_council_s_functions_include_election_of_cantonal_jurors_tax_commission_orphanage_board_and_several_other_committees,HAS_FACT
place_city_districts,fact_place_place_city_districts_the_city_council_sets_the_budget_and_tax_rates,HAS_FACT
place_city_districts,fact_place_place_city_districts_the_city_council_supervises_the_entire_city_administration,HAS_FACT
place_city_districts,fact_place_place_city_districts_the_city_council_approves_the_annual_accounts,HAS_FACT
place_city_districts,fact_place_place_city_districts_the_city_council_enacts_ordinances,HAS_FACT
place_city_districts,fact_place_place_city_districts_the_city_council_reviews_submissions_to_the_community,HAS_FACT
place_city_council,fact_place_place_city_council_the_city_council_consists_of_nine_members,HAS_FACT
place_city_council,fact_place_place_city_council_each_member_heads_an_administrative_department,HAS_FACT
place_city_president,fact_place_place_city_president_the_administrative_department_is_associated_with_the_city_president,HAS_FACT
place_city_council,fact_place_place_city_council_the_city_council_prepares_all_submissions_to_be_sent_to_the_large_city_council_and_the_community,HAS_FACT
place_city_council,fact_place_place_city_council_the_city_council_executes_resolutions_of_the_large_city_council_and_the_community,HAS_FACT
place_city_council,fact_place_place_city_council_the_city_council_carries_out_elections_not_assigned_to_other_authorities,HAS_FACT
place_city_council,fact_place_place_city_council_the_city_council_is_involved_in_school_administration,HAS_FACT
place_large_city_council,fact_place_place_large_city_council_the_large_city_council_receives_submissions_prepared_by_the_city_council,HAS_FACT
place_large_city_council,fact_place_place_large_city_council_the_large_city_council_receives_proposals_on_important_school_matters_from_the_central_school_board,HAS_FACT
place_community,fact_place_place_community_the_community_receives_submissions_prepared_by_the_city_council,HAS_FACT
place_central_school_board,fact_place_place_central_school_board_the_central_school_board_has_25_members,HAS_FACT
place_central_school_board,fact_place_place_central_school_board_the_central_school_board_is_chaired_by_a_member_of_the_city_council,HAS_FACT
place_central_school_board,fact_place_place_central_school_board_the_central_school_board_submits_proposals_on_important_school_matters_directly_to_the_large_city_council,HAS_FACT
place_central_school_board,fact_place_place_central_school_board_the_central_school_board_otherwise_prepares_matters_for_the_small_city_council,HAS_FACT
place_small_city_council,fact_place_place_small_city_council_the_small_city_council_receives_prepared_matters_from_the_central_school_board,HAS_FACT
place_district_school_boards,fact_place_place_district_school_boards_the_district_school_boards_supervise_the_public_school_in_the_individual_city_districts,HAS_FACT
place_zurich_switzerland,fact_place_place_zurich_switzerland_the_city_of_zurich_s_ordinary_expenses_amounted_to_about_16_million_fr_in_1907,HAS_FACT
place_zurich_switzerland,fact_place_place_zurich_switzerland_extraordinary_expenses_of_4_8_million_fr_were_incurred_in_the_city_of_zurich,HAS_FACT
place_zurich_switzerland,fact_place_place_zurich_switzerland_the_most_important_items_in_the_city_budget_include_interest_on_liabilities_debt_repayment_police_force_road_maintenance_school_system_civil_engineering_and_buildin,HAS_FACT
place_zurich_switzerland,fact_place_place_zurich_switzerland_sources_of_income_for_the_city_include_income_from_capital_real_estate_wealth_tax_income_tax_poll_tax_fire_department_replacement_tax_property_tax_net_profit_of_the,HAS_FACT
place_zurich_switzerland,fact_place_place_zurich_switzerland_the_community_s_assets_include_80_2_million_fr_of_disposable_assets_20_6_million_fr_of_indispensable_assets_totaling_100_8_million_fr,HAS_FACT
place_zurich_switzerland,fact_place_place_zurich_switzerland_liabilities_amounted_to_about_97_9_million_fr_with_net_assets_of_2_9_million_fr,HAS_FACT
place_zurich_switzerland,fact_place_place_zurich_switzerland_net_assets_of_separate_funds_and_foundations_amount_to_18_9_million_fr,HAS_FACT
place_zurich_switzerland,fact_place_place_zurich_switzerland_the_value_of_the_real_estate_owned_by_the_city_amounted_to_about_50_million_fr,HAS_FACT
place_zurich_switzerland,fact_place_place_zurich_switzerland_31_million_fr_related_to_realizable_land_and_buildings,HAS_FACT
place_zurich_switzerland,fact_place_place_zurich_switzerland_19_million_fr_related_to_non_realizable_land_and_buildings_needed_for_administrative_purposes,HAS_FACT
place_zurich_switzerland,fact_place_place_zurich_switzerland_mortgages_amounted_to_about_3_4_million_fr,HAS_FACT
place_zurich_switzerland,fact_place_place_zurich_switzerland_bonds_amounted_to_about_1_4_million_fr,HAS_FACT
place_zurich_switzerland,fact_place_place_zurich_switzerland_invested_capital_in_municipal_enterprises_included_gasworks_11_7_million_fr_water_supply_5_6_million_fr_electricity_plant_6_4_million_fr_tramway_8_9_million_fr_mate,HAS_FACT
place_zurich_switzerland,fact_place_place_zurich_switzerland_at_the_end_of_1907_about_4½_million_fr_were_held_in_city_administration_in_general_funds_and_foundations,HAS_FACT
place_zurich_switzerland,fact_place_place_zurich_switzerland_the_fund_for_a_pension_fund_is_for_municipal_officials_employees_and_workers_in_zurich,HAS_FACT
place_zurich_switzerland,fact_place_place_zurich_switzerland_the_citizen_municipality_of_zurich_holds_or_administers_several_funds_including_the_poor_fund_general_citizen_s_fund_zurich_municipal_usufruct_fund_orphanage_fund_f,HAS_FACT
place_zurich_switzerland,fact_place_place_zurich_switzerland_the_foundation_of_the_municipal_usufruct_fund_consists_largely_of_the_sihlwald_forest_in_zurich,HAS_FACT
place_zurich_switzerland,fact_place_place_zurich_switzerland_the_revenues_of_the_foundation_of_the_municipal_usufruct_fund_were_intended_in_perpetuity_for_science_art_charity_and_youth_welfare_purposes_at_the_time_of_the_unif,HAS_FACT
place_zurich_switzerland,fact_place_place_zurich_switzerland_the_municipality_has_a_number_of_partly_preventive_partly_repressive_public_health_care_institutions,HAS_FACT
place_zurich_switzerland,fact_place_place_zurich_switzerland_food_control_is_managed_by_9_veterinarians,HAS_FACT
place_zurich_switzerland,fact_place_place_zurich_switzerland_there_is_a_permanent_sanitary_corps_and_a_municipal_laboratory_covering_all_foodstuffs_and_important_luxury_items,HAS_FACT
place_zurich_switzerland,fact_place_place_zurich_switzerland_the_city_operates_a_number_of_lake_and_river_bathing_establishments,HAS_FACT
place_zurich_switzerland,fact_place_place_zurich_switzerland_the_municipality_approved_2_5_million_fr_in_april_1907_for_the_construction_of_housing_by_the_city,HAS_FACT
place_zurich_switzerland,fact_place_place_zurich_switzerland_human_excrements_are_discharged_by_the_municipal_bucket_system,HAS_FACT
place_zurich_switzerland,fact_place_place_zurich_switzerland_household_refuse_is_burned_in_the_municipal_refuse_incineration_plant,HAS_FACT
place_zurich_switzerland,fact_place_place_zurich_switzerland_effective_combat_of_the_health_hazards_of_prostitution_is_lacking,HAS_FACT
place_zurich_switzerland,fact_place_place_zurich_switzerland_repressive_measures_include_compulsory_disinfection_in_cases_of_scarlet_fever_diphtheria_typhus_smallpox_epidemic_tetanus_and_puerperal_fever,HAS_FACT
place_zurich_switzerland,fact_place_place_zurich_switzerland_around_24_000_fr_were_spent_in_1907_for_outpatient_treatment_of_poor_residents_in_zurich,HAS_FACT
place_zurich_switzerland,fact_place_place_zurich_switzerland_164_persons_were_cared_for_in_the_municipal_emergency_hospital_in_zurich,HAS_FACT
place_zurich_switzerland,fact_place_place_zurich_switzerland_the_construction_of_a_special_city_hospital_in_zurich_is_planned,HAS_FACT
place_zurich_switzerland,fact_place_place_zurich_switzerland_private_health_care_in_zurich_operates_a_number_of_hospitals_including_zurich_children_s_hospital_the_red_cross_sisters_house_the_nursing_asylum_and_diaconesses_ins,HAS_FACT
place_zurich_switzerland,fact_place_place_zurich_switzerland_several_private_clinics_run_by_doctors_exist_in_zurich,HAS_FACT
place_zurich_switzerland,fact_place_place_zurich_switzerland_mortality_conditions_in_zurich_have_continued_to_improve_since_1893,HAS_FACT
place_enge_zurich_switzerland,fact_place_place_enge_zurich_switzerland_enge_has_a_charitable_society_pursuing_general_goals_of_charity,HAS_FACT
place_wiedikon_zurich_switzerland,fact_place_place_wiedikon_zurich_switzerland_wiedikon_has_a_charitable_society_pursuing_general_goals_of_charity,HAS_FACT
place_neumünster_zurich_switzerland,fact_place_place_neumünster_zurich_switzerland_neumünster_has_a_charitable_society_pursuing_general_goals_of_charity,HAS_FACT
place_neumünster_zurich_switzerland,fact_place_place_neumünster_zurich_switzerland_the_charitable_society_neumünster_operates_a_savings_bank_an_old_age_asylum_nursery_schools_an_apprentice_home_and_protects_single_women,HAS_FACT
place_unterstrass_zurich_switzerland,fact_place_place_unterstrass_zurich_switzerland_unterstrass_has_a_charitable_society_pursuing_general_goals_of_charity,HAS_FACT
place_wipkingen_zurich_switzerland,fact_place_place_wipkingen_zurich_switzerland_wipkingen_has_a_charitable_society_pursuing_general_goals_of_charity,HAS_FACT
place_zurich_switzerland,fact_place_place_zurich_switzerland_the_zurich_aid_society_pursues_general_goals_of_charity,HAS_FACT
place_zurich_switzerland,fact_place_place_zurich_switzerland_the_zurich_aid_society_operates_or_protects_a_savings_bank_a_general_health_insurance_a_blind_and_deaf_mute_institution_and_a_nursery,HAS_FACT
place_zurich_switzerland,fact_place_place_zurich_switzerland_special_care_for_women_and_children_is_the_aim_of_the_zurich_section_of_the_swiss_charitable_women_s_association,HAS_FACT
place_zurich_switzerland,fact_place_place_zurich_switzerland_the_zurich_section_operates_a_girls_nursery_several_crèches_and_a_household_school,HAS_FACT
place_zurich_switzerland,fact_place_place_zurich_switzerland_the_zurich_section_supports_authorities_in_supervising_the_care_of_foster_children,HAS_FACT
place_zurich_switzerland,fact_place_place_zurich_switzerland_the_zurich_child_protection_association_offers_help_to_morally_endangered_neglected_abused_children,HAS_FACT
place_zurich_switzerland,fact_place_place_zurich_switzerland_the_city_s_holiday_colonies_and_milk_cures_send_many_children_in_need_of_convalescence_to_the_countryside_every_year,HAS_FACT
place_zurich_switzerland,fact_place_place_zurich_switzerland_the_apprenticeship_sponsorship_zurich_enables_poor_boys_and_girls_to_learn_a_craft,HAS_FACT
place_zurich_switzerland,fact_place_place_zurich_switzerland_the_women_s_association_for_temperance_and_public_welfare_set_up_and_operated_a_number_of_alcohol_free_eateries_in_various_parts_of_the_city,HAS_FACT
place_zurich_switzerland,fact_place_place_zurich_switzerland_special_night_shelters_include_two_institutions_of_the_salvation_army_designed_for_the_very_poorest,HAS_FACT
place_zurich_switzerland,fact_place_place_zurich_switzerland_the_pestalozzi_society_operates_8_public_reading_rooms_and_a_public_library_with_branches_in_the_city,HAS_FACT
place_zurich_switzerland,fact_place_place_zurich_switzerland_the_pestalozzi_society_organizes_popular_scientific_lectures_and_courses_publishes_writings_and_holds_folk_concerts,HAS_FACT
place_municipal_employment_office,fact_place_place_municipal_employment_office_a_municipal_employment_office_exists_for_job_placement_in_zurich,HAS_FACT
place_unemployment_commission,fact_place_place_unemployment_commission_an_unemployment_commission_operates_in_winter_in_zurich,HAS_FACT
place_unemployment_commission,fact_place_place_unemployment_commission_in_1906_1907_the_unemployment_commission_supported_298_unemployed_persons_with_a_total_of_28_388_fr,HAS_FACT
place_special_office_for_housing_registration,fact_place_place_special_office_for_housing_registration_there_is_a_special_office_for_housing_registration_in_zurich_that_publishes_a_bulletin_twice_weekly,HAS_FACT
place_zurich_switzerland,fact_place_place_zurich_switzerland_by_municipal_resolution_of_april_21_1907_construction_of_housing_by_the_city_of_zurich_was_started,HAS_FACT
place_zurich_switzerland,fact_place_place_zurich_switzerland_a_credit_of_2_4_million_fr_was_approved_for_housing_construction_in_zurich,HAS_FACT
place_zurich_switzerland,fact_place_place_zurich_switzerland_the_city_introduced_the_nine_hour_day_as_the_maximum_working_time,HAS_FACT
place_zurich_switzerland,fact_place_place_zurich_switzerland_the_city_introduced_a_minimum_wage_of_5_fr_50_rp_for_skilled_workers_and_5_fr_for_unskilled_workers,HAS_FACT
place_zurich_switzerland,fact_place_place_zurich_switzerland_every_employee_and_worker_in_the_city_is_entitled_to_an_annual_recreation_leave_of_at_least_four_days,HAS_FACT
place_zurich_switzerland,fact_place_place_zurich_switzerland_about_47_000_fr_was_spent_on_school_meals_in_the_city_in_1907,HAS_FACT
place_zurich_switzerland,fact_place_place_zurich_switzerland_clothing_costs_for_poor_pupils_amounted_to_5_407_fr_in_the_city,HAS_FACT
place_zurich_switzerland,fact_place_place_zurich_switzerland_there_are_about_50_municipal_kindergartens_in_the_city,HAS_FACT
place_zurich_switzerland,fact_place_place_zurich_switzerland_there_are_26_youth_nurseries_in_the_city,HAS_FACT
place_zurich_switzerland,fact_place_place_zurich_switzerland_over_1_800_children_attend_the_municipal_kindergartens_in_the_city,HAS_FACT
place_zurich_switzerland,fact_place_place_zurich_switzerland_about_800_children_attend_the_youth_nurseries_in_the_city,HAS_FACT
place_zurich_switzerland,fact_place_place_zurich_switzerland_baths_exist_in_25_schools_in_the_city,HAS_FACT
place_zurich_switzerland,fact_place_place_zurich_switzerland_school_health_care_in_the_city_is_led_by_a_permanent_school_doctor,HAS_FACT
place_zurich_switzerland,fact_place_place_zurich_switzerland_a_special_school_dental_clinic_exists_in_the_city,HAS_FACT
place_zurich_switzerland,fact_place_place_zurich_switzerland_the_area_of_the_city_of_zurich_was_continuously_inhabited_since_the_neolithic_period,HAS_FACT
place_large_and_small_hafner,fact_place_place_large_and_small_hafner_four_pile_dwellings_were_discovered_in_the_city_area_in_the_large_and_small_hafner,HAS_FACT
place_bauschanze,fact_place_place_bauschanze_four_pile_dwellings_were_discovered_in_the_city_area_in_the_bauschanze,HAS_FACT
place_haumesser,fact_place_place_haumesser_four_pile_dwellings_were_discovered_in_the_city_area_in_the_haumesser,HAS_FACT
place_haumesser,fact_place_place_haumesser_the_haumesser_pile_dwelling_near_wollishofen_developed_especially_in_the_bronze_age,HAS_FACT
place_wollishofen_zurich_switzerland,fact_place_place_wollishofen_zurich_switzerland_the_haumesser_pile_dwelling_near_wollishofen_developed_especially_in_the_bronze_age,HAS_FACT
place_uetliberg_zurich_switzerland,fact_place_place_uetliberg_zurich_switzerland_a_refuge_arose_on_the_uetliberg_during_the_bronze_age,HAS_FACT
place_uetliberg_zurich_switzerland,fact_place_place_uetliberg_zurich_switzerland_the_uetliberg_refuge_was_richly_equipped_with_ramparts_and_ditches_in_the_iron_age,HAS_FACT
place_lindenhof_zurich_switzerland,fact_place_place_lindenhof_zurich_switzerland_in_the_iron_age_the_fortified_lindenhof_was_densely_populated,HAS_FACT
place_burghölzli,fact_place_place_burghölzli_the_dead_were_first_buried_in_burial_mounds_as_could_be_investigated_in_burghölzli,HAS_FACT
place_enge_zurich_switzerland,fact_place_place_enge_zurich_switzerland_graves_assigned_to_the_2nd_iron_age_la_tène_period_were_found_in_enge_s_entibühl,HAS_FACT
place_rebhügel,fact_place_place_rebhügel_graves_assigned_to_the_2nd_iron_age_la_tène_period_were_found_on_rebhügel,HAS_FACT
place_wiedikon_zurich_switzerland,fact_place_place_wiedikon_zurich_switzerland_graves_assigned_to_the_2nd_iron_age_la_tène_period_were_found_near_the_new_church_wiedikon,HAS_FACT
place_bäckerstrasse_zurich_3_zurich_switzerland,fact_place_place_bäckerstrasse_zurich_3_zurich_switzerland_graves_assigned_to_the_2nd_iron_age_la_tène_period_were_found_at_bäckerstrasse_in_zurich_iii,HAS_FACT
place_uetliberg_zurich_switzerland,fact_place_place_uetliberg_zurich_switzerland_graves_assigned_to_the_2nd_iron_age_la_tène_period_were_found_on_the_uetliberg,HAS_FACT
place_altstetten_zurich_switzerland,fact_place_place_altstetten_zurich_switzerland_an_important_find_was_unearthed_during_railway_construction_at_the_border_to_altstetten,HAS_FACT
place_zurich_switzerland,fact_place_place_zurich_switzerland_zurich_must_also_have_been_a_mint,HAS_FACT
place_zurich_switzerland,fact_place_place_zurich_switzerland_a_large_treasure_of_fused_coins_made_of_potin_was_found_near_today_s_stock_exchange_in_zurich,HAS_FACT
place_zurich_switzerland,fact_place_place_zurich_switzerland_zurich_was_certainly_one_of_the_400_villages_or_one_of_the_12_cities_the_helvetians_burned_during_their_emigration,HAS_FACT
place_zurich_switzerland,fact_place_place_zurich_switzerland_in_roman_times_zurich_was_a_customs_station,HAS_FACT
place_zurich_switzerland,fact_place_place_zurich_switzerland_the_old_name_of_zurich_was_turicum,HAS_FACT
place_lindenhof_zurich_switzerland,fact_place_place_lindenhof_zurich_switzerland_the_castrum_was_found_on_the_lindenhof,HAS_FACT
place_lindenhof_zurich_switzerland,fact_place_place_lindenhof_zurich_switzerland_the_brickworks_stood_on_or_near_the_lindenhof,HAS_FACT
place_lindenhof_zurich_switzerland,fact_place_place_lindenhof_zurich_switzerland_a_roman_inscription_stone_was_found_on_the_lindenhof_in_1747,HAS_FACT
place_uetliberg_zurich_switzerland,fact_place_place_uetliberg_zurich_switzerland_the_watchtower_on_the_uetliberg_was_in_optical_connection_with_the_castrum_on_the_lindenhof,HAS_FACT
place_zurich_switzerland,fact_place_place_zurich_switzerland_another_inscription_stone_found_in_zurich_speaks_of_a_guild_of_bear_hunters,HAS_FACT
place_zurich_switzerland,fact_place_place_zurich_switzerland_roman_turicum_was_located_around_the_lindenhof,HAS_FACT
place_zurich_switzerland,fact_place_place_zurich_switzerland_similar_finds_were_made_in_the_former_outer_municipalities_of_zurich,HAS_FACT
place_lindenhof_zurich_switzerland,fact_place_place_lindenhof_zurich_switzerland_roman_turicum_was_located_around_the_lindenhof,HAS_FACT
place_lindenhof_zurich_switzerland,fact_place_place_lindenhof_zurich_switzerland_roman_graves_were_found_on_the_lindenhof,HAS_FACT
place_peterskirche_zurich_switzerland,fact_place_place_peterskirche_zurich_switzerland_a_building_with_mosaic_floor_stood_near_today_s_peterskirche,HAS_FACT
place_wasserkirche_zurich_switzerland,fact_place_place_wasserkirche_zurich_switzerland_a_building_with_mosaic_floor_stood_near_the_wasserkirche,HAS_FACT
place_oetenbach_zurich_switzerland,fact_place_place_oetenbach_zurich_switzerland_in_oetenbach_a_roman_gold_jewel_was_discovered,HAS_FACT
place_rennweg_zurich_switzerland,fact_place_place_rennweg_zurich_switzerland_coin_treasures_were_found_in_rennweg_and_other_places,HAS_FACT
place_enge_s_sternen,fact_place_place_enge_s_sternen_in_enge_s_sternen_remains_of_a_roman_settlement_were_found,HAS_FACT
place_gallows_near_albisrieden,fact_place_place_gallows_near_albisrieden_another_roman_settlement_was_found_at_the_gallows_near_albisrieden,HAS_FACT
place_waid_near_wipkingen,fact_place_place_waid_near_wipkingen_a_third_roman_settlement_was_found_below_the_waid_near_wipkingen,HAS_FACT
place_zentralhof_zurich_switzerland,fact_place_place_zentralhof_zurich_switzerland_roman_graves_were_found_at_zentralhof,HAS_FACT
place_münsterhof_zurich_switzerland,fact_place_place_münsterhof_zurich_switzerland_roman_graves_were_found_at_münsterhof,HAS_FACT
place_tiefenhöfe_zurich_switzerland,fact_place_place_tiefenhöfe_zurich_switzerland_roman_graves_were_found_at_tiefenhöfe,HAS_FACT
place_sihlfeld_zurich_switzerland,fact_place_place_sihlfeld_zurich_switzerland_roman_graves_were_found_at_sihlfeld,HAS_FACT
place_baden_aargau_switzerland,fact_place_place_baden_aargau_switzerland_the_roman_road_started_from_baden_aquae,HAS_FACT
place_zurich_switzerland,fact_place_place_zurich_switzerland_the_roman_road_stretched_through_zurich_via_rennweg_into_the_castrum,HAS_FACT
place_zurich_switzerland,fact_place_place_zurich_switzerland_the_roman_road_went_down_strehlgasse_in_zurich,HAS_FACT
place_zurich_switzerland,fact_place_place_zurich_switzerland_the_roman_road_crossed_the_limmat_at_what_is_now_the_meat_hall_in_zurich,HAS_FACT
place_limmat_zurich_switzerland,fact_place_place_limmat_zurich_switzerland_the_roman_road_crossed_the_limmat_at_what_is_now_the_meat_hall,HAS_FACT
place_meat_hall,fact_place_place_meat_hall_the_roman_road_crossed_the_limmat_at_what_is_now_the_meat_hall,HAS_FACT
place_alte_landstrasse,fact_place_place_alte_landstrasse_the_roman_road_runs_further_upstream_today_under_the_name_alte_landstrasse_towards_zollikon,HAS_FACT
place_zollikon_zurich_switzerland,fact_place_place_zollikon_zurich_switzerland_the_roman_road_runs_further_upstream_today_under_the_name_alte_landstrasse_towards_zollikon,HAS_FACT
place_zurich_switzerland,fact_place_place_zurich_switzerland_zurich_is_associated_with_the_sechseläuten_festival,HAS_FACT
place_zurich_switzerland,fact_place_place_zurich_switzerland_the_burning_of_the_böög_is_a_tradition_in_zurich,HAS_FACT
place_lindenhof_zurich_switzerland,fact_place_place_lindenhof_zurich_switzerland_in_early_germanic_times_the_lindenhof_was_the_seat_of_the_imperial_palace,HAS_FACT
place_wipkingen_zurich_switzerland,fact_place_place_wipkingen_zurich_switzerland_wipkingen_was_a_farm_cited_in_documents_in_the_8th_and_9th_centuries_that_gradually_grew_into_a_separate_municipality_or_was_merged_with_the_city,HAS_FACT
place_wiedikon_zurich_switzerland,fact_place_place_wiedikon_zurich_switzerland_wiedikon_was_a_farm_cited_in_documents_in_the_8th_and_9th_centuries_that_gradually_grew_into_a_separate_municipality_or_was_merged_with_the_city,HAS_FACT
place_stadelhofen_zurich_switzerland,fact_place_place_stadelhofen_zurich_switzerland_stadelhofen_was_a_farm_cited_in_documents_in_the_8th_and_9th_centuries_that_gradually_grew_into_a_separate_municipality_or_was_merged_with_the_city,HAS_FACT
place_riesbach_zurich_switzerland,fact_place_place_riesbach_zurich_switzerland_riesbach_was_a_farm_cited_in_documents_in_the_8th_and_9th_centuries_that_gradually_grew_into_a_separate_municipality_or_was_merged_with_the_city,HAS_FACT
place_hirslanden_zurich_switzerland,fact_place_place_hirslanden_zurich_switzerland_hirslanden_was_a_farm_cited_in_documents_in_the_8th_and_9th_centuries_that_gradually_grew_into_a_separate_municipality_or_was_merged_with_the_city,HAS_FACT
place_hottingen_zurich_switzerland,fact_place_place_hottingen_zurich_switzerland_hottingen_was_a_farm_cited_in_documents_in_the_8th_and_9th_centuries_that_gradually_grew_into_a_separate_municipality_or_was_merged_with_the_city,HAS_FACT
place_fluntern_zurich_switzerland,fact_place_place_fluntern_zurich_switzerland_fluntern_was_a_farm_cited_in_documents_in_the_8th_and_9th_centuries_that_gradually_grew_into_a_separate_municipality_or_was_merged_with_the_city,HAS_FACT
place_lindenhof_zurich_switzerland,fact_place_place_lindenhof_zurich_switzerland_apart_from_the_ancient_population_center_on_the_lindenhof_new_centers_had_formed_in_early_christian_times_around_the_gross_and_fraumünster,HAS_FACT
place_grossmünster_and_fraumünster_zurich_switzerland,fact_place_place_grossmünster_and_fraumünster_zurich_switzerland_new_centers_had_formed_in_early_christian_times_around_the_gross_and_fraumünster,HAS_FACT
place_burghölzli_zurich_switzerland,fact_place_place_burghölzli_zurich_switzerland_in_the_barrows_at_burghölzli_alemanni_were_buried,HAS_FACT
place_entibühl_above_balgrist,fact_place_place_entibühl_above_balgrist_an_alemannic_cemetery_was_almost_simultaneously_discovered_at_entibühl_above_balgrist_yielding_finds_from_alemannic_times_including_jewelry_and_weapons,HAS_FACT
place_rebhügel_wiedikon_zurich_switzerland,fact_place_place_rebhügel_wiedikon_zurich_switzerland_in_the_last_decade_two_new_alemannic_cemeteries_could_be_investigated_the_one_at_rebhügel_wiedikon,HAS_FACT
place_bäckerstrasse_zurich_switzerland,fact_place_place_bäckerstrasse_zurich_switzerland_in_the_last_decade_two_new_alemannic_cemeteries_could_be_investigated_the_large_cemetery_at_bäckerstrasse_in_zurich_iii,HAS_FACT
place_zurich_switzerland,fact_place_place_zurich_switzerland_zurichberg_is_located_in_the_canton_and_district_of_zurich,HAS_FACT
place_zurichberg_zurich_switzerland,fact_place_place_zurichberg_zurich_switzerland_zurichberg_is_a_broad_hill_ridge_consisting_of_horizontal_layers_of_freshwater_molasse,HAS_FACT
place_zurichberg_zurich_switzerland,fact_place_place_zurichberg_zurich_switzerland_zurichberg_extends_approximately_5_km_lengthwise_from_se_to_nw,HAS_FACT
place_zurichberg_zurich_switzerland,fact_place_place_zurichberg_zurich_switzerland_zurichberg_spreads_between_lake_zurich_and_the_glatt_valley,HAS_FACT
place_zurichberg_zurich_switzerland,fact_place_place_zurichberg_zurich_switzerland_the_upper_part_of_zurichberg_is_forested,HAS_FACT
place_zurichberg_zurich_switzerland,fact_place_place_zurichberg_zurich_switzerland_the_beautification_association_has_laid_paths_crisscrossing_the_forested_upper_part_of_zurichberg,HAS_FACT
place_zurichberg_zurich_switzerland,fact_place_place_zurichberg_zurich_switzerland_zurichberg_contains_very_popular_walks,HAS_FACT
place_zurichberg_zurich_switzerland,fact_place_place_zurichberg_zurich_switzerland_the_molasse_layers_of_zurichberg_are_covered_here_and_there_by_thin_coatings_of_erratic_boulders,HAS_FACT
place_zurichberg_zurich_switzerland,fact_place_place_zurichberg_zurich_switzerland_the_northern_end_of_zurichberg_is_marked_by_the_broad_saddle_through_which_the_road_from_zurich_to_oerlikon_passes_481_m,HAS_FACT
place_zurichberg_zurich_switzerland,fact_place_place_zurichberg_zurich_switzerland_the_southern_end_of_zurichberg_is_marked_by_the_zurich_witikon_road_617_m,HAS_FACT
place_lake_zurich_switzerland,fact_place_place_lake_zurich_switzerland_zurichberg_spreads_between_lake_zurich_and_the_glatt_valley,HAS_FACT
place_glatt_valley_zurich_switzerland,fact_place_place_glatt_valley_zurich_switzerland_zurichberg_spreads_between_lake_zurich_and_the_glatt_valley,HAS_FACT
place_zurich_switzerland,fact_place_place_zurich_switzerland_the_road_from_zurich_to_oerlikon_passes_through_the_northern_end_of_zurichberg,HAS_FACT
place_oerlikon_zurich_switzerland,fact_place_place_oerlikon_zurich_switzerland_the_road_from_zurich_to_oerlikon_passes_through_the_northern_end_of_zurichberg,HAS_FACT
place_zurich_witikon_road,fact_place_place_zurich_witikon_road_the_southern_end_of_zurichberg_is_marked_by_the_zurich_witikon_road_617_m,HAS_FACT
place_lake_zurich_zurich_switzerland,fact_place_place_lake_zurich_zurich_switzerland_lake_zurich_is_visible_from_uetliberg,HAS_FACT
place_uetliberg_zurich_switzerland,fact_place_place_uetliberg_zurich_switzerland_uetliberg_offers_a_view_of_lake_zurich,HAS_FACT
place_canton_of_zurich_switzerland,fact_place_place_canton_of_zurich_switzerland_the_paragraph_mentions_canton_zurich,HAS_FACT
place_district_zurich,fact_place_place_district_zurich_the_paragraph_mentions_district_zurich,HAS_FACT
place_zurich_switzerland,fact_place_place_zurich_switzerland_the_paragraph_mentions_municipality_zurich,HAS_FACT
place_lake_zurich_switzerland,fact_place_place_lake_zurich_switzerland_the_hornbach_flows_into_lake_zurich_at_the_zurichhorn,HAS_FACT
place_hornbach,fact_place_place_hornbach_the_hornbach_flows_into_lake_zurich_at_the_zurichhorn,HAS_FACT
place_zurichhorn_zurich_switzerland,fact_place_place_zurichhorn_zurich_switzerland_zurichhorn_is_a_delta_at_the_mouth_of_the_hornbach_into_lake_zurich,HAS_FACT
place_cantons_zurich_schwyz_and_st_gallen,fact_place_place_cantons_zurich_schwyz_and_st_gallen_lake_zurich_is_located_in_the_cantons_of_zurich_schwyz_and_st_gallen,HAS_FACT
place_lake_zurich_switzerland,fact_place_place_lake_zurich_switzerland_lake_zurich_is_the_fourth_largest_of_all_swiss_lakes,HAS_FACT
place_lake_zurich_switzerland,fact_place_place_lake_zurich_switzerland_lake_zurich_is_embedded_entirely_in_molasse,HAS_FACT
place_lake_zurich_switzerland,fact_place_place_lake_zurich_switzerland_lake_zurich_lacks_the_charm_of_the_high_mountains_compared_to_other_lakes,HAS_FACT
place_lake_zurich_switzerland,fact_place_place_lake_zurich_switzerland_the_upper_lake_of_lake_zurich_has_approached_the_pre_alpine_peaks_hirzli_schänniserberg_and_speer_quite_closely,HAS_FACT
place_lake_zurich_switzerland,fact_place_place_lake_zurich_switzerland_lake_zurich_has_gentle_shores_and_many_idyllic_bays,HAS_FACT
place_lake_zurich_switzerland,fact_place_place_lake_zurich_switzerland_lake_zurich_has_been_called_the_loveliest_of_the_swiss_lakes,HAS_FACT
place_lake_constance_switzerland,fact_place_place_lake_constance_switzerland_lake_constance_is_embedded_entirely_in_molasse_like_lake_zurich,HAS_FACT
place_lake_constance_switzerland,fact_place_place_lake_constance_switzerland_lake_constance_lacks_the_charm_of_the_high_mountains,HAS_FACT
place_hirzli_switzerland,fact_place_place_hirzli_switzerland_the_upper_lake_of_lake_zurich_has_approached_the_pre_alpine_peak_hirzli_quite_closely,HAS_FACT
place_schänniserberg_switzerland,fact_place_place_schänniserberg_switzerland_the_upper_lake_of_lake_zurich_has_approached_the_pre_alpine_peak_schänniserberg_quite_closely,HAS_FACT
place_speer_switzerland,fact_place_place_speer_switzerland_the_upper_lake_of_lake_zurich_has_approached_the_pre_alpine_peak_speer_quite_closely,HAS_FACT
place_lake_zurich_zurich_switzerland,fact_place_place_lake_zurich_zurich_switzerland_lake_zurich_has_an_ephemeral_island_east_of_the_stäfner_stone_at_lowest_water_level,HAS_FACT
place_stäfner_stone,fact_place_place_stäfner_stone_the_ephemeral_island_is_located_east_of_the_stäfner_stone,HAS_FACT
place_lake_zurich_zurich_switzerland,fact_place_place_lake_zurich_zurich_switzerland_the_earliest_mention_of_lake_zurich_can_be_found_in_the_vita_st_galli_of_the_8th_century,HAS_FACT
place_lake_zurich_zurich_switzerland,fact_place_place_lake_zurich_zurich_switzerland_the_lake_was_called_lacus_de_turegum_in_the_8th_century,HAS_FACT
place_lake_zurich_zurich_switzerland,fact_place_place_lake_zurich_zurich_switzerland_in_1250_it_was_called_lacus_turicinus,HAS_FACT
place_lake_zurich_zurich_switzerland,fact_place_place_lake_zurich_zurich_switzerland_as_early_as_1286_the_name_zürichse_appeared_for_the_first_time,HAS_FACT
place_lake_zurich_zurich_switzerland,fact_place_place_lake_zurich_zurich_switzerland_the_name_zürichse_has_remained_as_zürichsee_lake_zurich_to_the_present,HAS_FACT
place_lake_zurich_zurich_switzerland,fact_place_place_lake_zurich_zurich_switzerland_the_designation_zürichersee_on_newer_maps_is_a_creation_by_analogy_and_is_not_spoken_or_otherwise_written,HAS_FACT
place_lake_zurich_zurich_switzerland,fact_place_place_lake_zurich_zurich_switzerland_the_oldest_depiction_of_lake_zurich_is_found_on_the_swiss_map_of_tschudi_1538,HAS_FACT
place_lake_zurich_zurich_switzerland,fact_place_place_lake_zurich_zurich_switzerland_the_delineation_on_the_map_of_the_zurich_region_by_joost_murer_1566_is_better_than_the_tschudi_map,HAS_FACT
place_lake_zurich_zurich_switzerland,fact_place_place_lake_zurich_zurich_switzerland_the_gyger_map_1667_provides_a_much_more_precise_representation_of_lake_zurich_at_the_scale_of_1_32_000,HAS_FACT
place_lake_zurich_zurich_switzerland,fact_place_place_lake_zurich_zurich_switzerland_the_dufour_map_1834_1864_offers_an_even_model_representation_of_lake_zurich_at_the_scale_1_100_000,HAS_FACT
place_lake_zurich_zurich_switzerland,fact_place_place_lake_zurich_zurich_switzerland_surveys_for_the_dufour_map_were_done_in_the_lake_area_from_1843_1851_by_engineer_j_wild,HAS_FACT
place_lake_zurich_zurich_switzerland,fact_place_place_lake_zurich_zurich_switzerland_depth_soundings_were_conducted_for_1_210_points_in_the_main_lake_zurich_and_460_points_in_the_upper_lake,HAS_FACT
place_lake_zurich_zurich_switzerland,fact_place_place_lake_zurich_zurich_switzerland_the_most_precise_lake_shore_map_was_compiled_by_the_zurich_government_in_1850_52_at_1_1_000_scale,HAS_FACT
place_lake_zurich_zurich_switzerland,fact_place_place_lake_zurich_zurich_switzerland_the_unpublished_lake_map_in_59_sheets_is_still_used_today_to_record_all_changes_in_lake_shores,HAS_FACT
place_bern_switzerland,fact_place_place_bern_switzerland_a_relief_tone_map_was_published_in_recent_years_by_kümmerly_and_frey_in_bern_at_1_50_000,HAS_FACT
place_lake_zurich_zurich_switzerland,fact_place_place_lake_zurich_zurich_switzerland_lake_zurich_is_mentioned_in_the_geographical_lexicon_of_switzerland,HAS_FACT
place_zurich_switzerland,fact_place_place_zurich_switzerland_the_population_of_zurich_was_4_713_in_the_year_1467,HAS_FACT
place_zurich_switzerland,fact_place_place_zurich_switzerland_population_was_14_243_in_1836,HAS_FACT
place_zurich_switzerland,fact_place_place_zurich_switzerland_population_including_outer_municipalities_was_27_376_in_1836,HAS_FACT
place_zurich_switzerland,fact_place_place_zurich_switzerland_the_population_of_zurich_in_1860_was_19_758,HAS_FACT
place_zurich_switzerland,fact_place_place_zurich_switzerland_the_population_of_zurich_in_1894_was_121_057,HAS_FACT
place_zurich_switzerland,fact_place_place_zurich_switzerland_on_july_1_1894_the_9_outer_municipalities_enge_wiedikon_aussersihl_unterstrass_oberstrass_fluntern_hottingen_hirslanden_and_riesbach_were_included_in_zurich,HAS_FACT
place_zurich_switzerland,fact_place_place_zurich_switzerland_the_municipalities_wollishofen_and_wipkingen_were_also_united_with_the_city_of_zurich,HAS_FACT
place_zurich_switzerland,fact_place_place_zurich_switzerland_zurich_had_1770_residential_houses,HAS_FACT
place_zurich_switzerland,fact_place_place_zurich_switzerland_zurich_had_a_population_of_10_6,HAS_FACT
place_zurich_switzerland,fact_place_place_zurich_switzerland_housing_number_for_the_entire_city_46_200,HAS_FACT
place_old_town_zurich_switzerland,fact_place_place_old_town_zurich_switzerland_housing_number_for_the_old_town_13_2,HAS_FACT
place_zurich_switzerland,fact_place_place_zurich_switzerland_housing_number_for_the_entire_city_is_106_000,HAS_FACT
place_old_town_zurich_switzerland,fact_place_place_old_town_zurich_switzerland_housing_number_for_the_old_town_is_14_4,HAS_FACT
place_zurich_switzerland,fact_place_place_zurich_switzerland_housing_number_for_the_entire_city_150_700,HAS_FACT
place_old_town_zurich_switzerland,fact_place_place_old_town_zurich_switzerland_housing_number_for_the_old_town_15_3,HAS_FACT
place_zurich_switzerland,fact_place_place_zurich_switzerland_housing_number_for_the_entire_city_171_000,HAS_FACT
place_old_town_zurich_switzerland,fact_place_place_old_town_zurich_switzerland_housing_number_for_the_old_town_16_4,HAS_FACT
place_zurich_switzerland,fact_place_place_zurich_switzerland_zurich_is_the_municipality_and_capital_of_the_canton_and_district_of_zurich,HAS_FACT
place_zurich_switzerland,fact_place_place_zurich_switzerland_zurich_is_the_largest_city_of_switzerland,HAS_FACT
place_zurich_switzerland,fact_place_place_zurich_switzerland_the_federal_observatory_is_located_on_the_zurichberg_in_zurich,HAS_FACT
place_zurich_switzerland,fact_place_place_zurich_switzerland_the_average_lake_level_altitude_is_408_6_m,HAS_FACT
place_zurich_switzerland,fact_place_place_zurich_switzerland_the_limmat_river_descends_to_level_400_m_before_hoengg_within_the_city_area,HAS_FACT
place_zurich_switzerland,fact_place_place_zurich_switzerland_the_summit_signal_of_uetliberg_lies_on_the_city_boundary_at_874_m_above_sea_level,HAS_FACT
place_zurich_switzerland,fact_place_place_zurich_switzerland_zurich_includes_wiedikon,HAS_FACT
place_wiedikon_zurich_switzerland,fact_place_place_wiedikon_zurich_switzerland_wiedikon_has_a_church,HAS_FACT
place_wiedikon_zurich_switzerland,fact_place_place_wiedikon_zurich_switzerland_wiedikon_has_schools,HAS_FACT
place_zurich_switzerland,fact_place_place_zurich_switzerland_zurich_is_mentioned_in_the_paragraph,HAS_FACT
place_badenerstrasse,fact_place_place_badenerstrasse_badenerstrasse_is_a_street_mentioned_in_zurich,HAS_FACT
place_saint_jakob_s_church,fact_place_place_saint_jakob_s_church_saint_jakob_s_church_is_a_church_mentioned_in_zurich,HAS_FACT
place_gemüsemarkt_zurich_switzerland,fact_place_place_gemüsemarkt_zurich_switzerland_gemüsemarkt_is_a_location_in_zurich,HAS_FACT
place_st_peter_s_church_zurich_switzerland,fact_place_place_st_peter_s_church_zurich_switzerland_st_peter_s_church_is_located_in_zurich,HAS_FACT
place_neumünster,fact_place_place_neumünster_neumünster_is_located_in_zurich,HAS_FACT
place_enge_zurich_switzerland,fact_place_place_enge_zurich_switzerland_the_church_of_enge_is_located_in_enge,HAS_FACT
place_zurich_switzerland,fact_place_place_zurich_switzerland_zurich_is_associated_with_the_swiss_national_museum,HAS_FACT
place_zurich_switzerland,fact_place_place_zurich_switzerland_zurich_is_mentioned_in_relation_to_the_urania_public_observatory,HAS_FACT
place_lake_zurich_zurich_switzerland,fact_place_place_lake_zurich_zurich_switzerland_lake_zurich_is_a_geographical_feature_in_switzerland,HAS_FACT
place_zurich_switzerland,fact_place_place_zurich_switzerland_zurich_is_depicted_from_the_west_in_a_woodcut,HAS_FACT
place_zurich_switzerland,fact_place_place_zurich_switzerland_zurich_is_the_political_municipality_of_the_canton_of_zurich,HAS_FACT
place_zurich_switzerland,fact_place_place_zurich_switzerland_zurich_is_the_cantonal_capital_and_district_capital,HAS_FACT
place_zurich_switzerland,fact_place_place_zurich_switzerland_zurich_is_located_at_the_outflow_of_the_limmat_from_lake_zurich,HAS_FACT
place_zurich_switzerland,fact_place_place_zurich_switzerland_zurich_lies_between_the_albis_ridge_in_the_west_and_adlisberg_and_zurichberg_in_the_east,HAS_FACT
place_limmat_switzerland,fact_place_place_limmat_switzerland_the_limmat_flows_out_from_lake_zurich_at_zurich,HAS_FACT
place_lake_zurich_switzerland,fact_place_place_lake_zurich_switzerland_lake_zurich_is_the_lake_from_which_the_limmat_flows_out_at_zurich,HAS_FACT
place_albis_switzerland,fact_place_place_albis_switzerland_the_albis_ridge_is_located_west_of_zurich,HAS_FACT
place_adlisberg_zurich_switzerland,fact_place_place_adlisberg_zurich_switzerland_adlisberg_is_located_east_of_zurich,HAS_FACT
place_zurichberg_zurich_switzerland,fact_place_place_zurichberg_zurich_switzerland_zurichberg_is_located_east_of_zurich,HAS_FACT
place_zurich_switzerland,fact_place_place_zurich_switzerland_the_city_developed_from_early_medieval_partly_fortified_settlement_cores,HAS_FACT
place_zurich_switzerland,fact_place_place_zurich_switzerland_the_settlement_cores_included_lindenhof_hill_fraumünster_münsterhof_on_the_left_bank_and_niederdorf_and_grossmünster_on_the_right_bank_of_the_limmat,HAS_FACT
place_zurich_switzerland,fact_place_place_zurich_switzerland_these_cores_were_enclosed_by_an_extensive_city_wall_in_the_12th_century_newly_built_in_the_13th_century,HAS_FACT
place_zurich_switzerland,fact_place_place_zurich_switzerland_stadelhof_remained_outside_the_city_wall,HAS_FACT
place_zurich_switzerland,fact_place_place_zurich_switzerland_baroque_star_shaped_fortifications_were_constructed_in_the_17th_century_expanding_the_fortified_settlement_area,HAS_FACT
place_zurich_switzerland,fact_place_place_zurich_switzerland_in_1893_the_municipalities_of_aussersihl_enge_fluntern_hirslanden_hottingen_leimbach_oberstrass_riesbach_unterstrass_wiedikon_wipkingen_and_wollishofen_merged_into_,HAS_FACT
place_zurich_switzerland,fact_place_place_zurich_switzerland_in_1934_affoltern_bei_zürich_albisrieden_altstetten_höngg_oerlikon_schwamendingen_seebach_and_witikon_became_part_of_zurich,HAS_FACT
place_zurich_switzerland,fact_place_place_zurich_switzerland_zurich_is_home_to_federal_institutions_such_as_eth_and_the_national_museum,HAS_FACT
place_zurich_switzerland,fact_place_place_zurich_switzerland_zurich_hosts_private_media_company_tamedia_and_public_media_company_swiss_radio_and_television,HAS_FACT
place_zurich_switzerland,fact_place_place_zurich_switzerland_zurich_hosts_international_football_organization_fifa_and_ice_hockey_organization_iihf,HAS_FACT
place_zurich_switzerland,fact_place_place_zurich_switzerland_zurich_is_the_economic_center_of_switzerland,HAS_FACT
place_zurich_switzerland,fact_place_place_zurich_switzerland_zurich_hosts_numerous_banks_and_financial_service_providers_such_as_ubs_credit_suisse_group_swiss_re_swiss_life_and_zurich_financial_services,HAS_FACT
place_zurich_switzerland,fact_place_place_zurich_switzerland_zurich_hosts_national_firms_like_migros,HAS_FACT
place_zurich_switzerland,fact_place_place_zurich_switzerland_zurich_hosts_internationally_active_companies_such_as_ibm_switzerland_google_siemens_and_asea_brown_boveri_abb,HAS_FACT
place_zurich_switzerland,fact_place_place_zurich_switzerland_the_data_refers_to_the_population_structure_of_the_municipality_of_zurich,HAS_FACT
place_katzensee_zurich_switzerland,fact_place_place_katzensee_zurich_switzerland_flint_tools_from_the_mesolithic_were_found_at_katzensee_indicating_the_oldest_settlement_on_city_territory,HAS_FACT
place_lower_lake_basin,fact_place_place_lower_lake_basin_numerous_finds_in_the_lower_lake_basin_testify_to_significant_settlement_during_the_neolithic_and_bronze_age,HAS_FACT
place_kleiner_hafner_zurich_switzerland,fact_place_place_kleiner_hafner_zurich_switzerland_the_oldest_pile_dwelling_finds_originate_from_the_former_island_kleiner_hafner_in_front_of_bellevue,HAS_FACT
place_letten_zurich_switzerland,fact_place_place_letten_zurich_switzerland_metal_objects_from_the_bronze_age_were_found_in_the_limmat_at_letten_possibly_deposited_as_votive_offerings,HAS_FACT
place_rathausbrücke_zurich_switzerland,fact_place_place_rathausbrücke_zurich_switzerland_metal_objects_from_the_bronze_age_were_found_in_the_limmat_near_rathausbrücke_possibly_deposited_as_votive_offerings,HAS_FACT
place_limmat_switzerland,fact_place_place_limmat_switzerland_metal_objects_from_the_bronze_age_were_found_in_the_limmat_possibly_deposited_as_votive_offerings,HAS_FACT
place_uetliberg_zurich_switzerland,fact_place_place_uetliberg_zurich_switzerland_in_the_hallstatt_and_early_la_tène_periods_a_significant_central_settlement_was_located_on_the_uetliberg,HAS_FACT
place_höngg_zurich_switzerland,fact_place_place_höngg_zurich_switzerland_burial_mounds_from_the_hallstatt_and_early_la_tène_periods_examined_in_höngg_contained_burials_with_partly_rich_grave_goods,HAS_FACT
place_balgrist_zurich_switzerland,fact_place_place_balgrist_zurich_switzerland_burial_mounds_from_the_hallstatt_and_early_la_tène_periods_examined_in_balgrist_contained_burials_with_partly_rich_grave_goods,HAS_FACT
place_burghölzli_zurich_switzerland,fact_place_place_burghölzli_zurich_switzerland_burial_mounds_from_the_hallstatt_and_early_la_tène_periods_examined_in_burghölzli_contained_burials_with_partly_rich_grave_goods,HAS_FACT
place_limmat_zurich_switzerland,fact_place_place_limmat_zurich_switzerland_the_limmat_is_a_river_on_whose_left_side_a_celtic_oppidum_existed,HAS_FACT
place_lindenhof_zurich_switzerland,fact_place_place_lindenhof_zurich_switzerland_lindenhof_is_a_moraine_hill_where_the_celtic_oppidum_was_located,HAS_FACT
place_st_petershügel_zurich_switzerland,fact_place_place_st_petershügel_zurich_switzerland_st_petershügel_is_a_moraine_hill_part_of_the_celtic_oppidum_area,HAS_FACT
place_sihlbühl,fact_place_place_sihlbühl_sihlbühl_was_a_moraine_hill_in_the_north_now_dismantled_part_of_the_celtic_oppidum_area,HAS_FACT
place_bahnhofstrasse_zurich_switzerland,fact_place_place_bahnhofstrasse_zurich_switzerland_a_lump_of_over_17_000_fused_celtic_coins_was_found_on_the_southern_bahnhofstrasse,HAS_FACT
place_bäckerstrasse,fact_place_place_bäckerstrasse_the_richly_furnished_woman_s_grave_was_found_on_bäckerstrasse,HAS_FACT
place_swiss_national_museum_zurich_switzerland,fact_place_place_swiss_national_museum_zurich_switzerland_the_pair_of_bird_shaped_fibulae_from_the_grave_are_held_at_the_swiss_national_museum_in_zurich,HAS_FACT
place_limmat_zurich_switzerland,fact_place_place_limmat_zurich_switzerland_a_civilian_small_town_center_vicus_developed_on_both_sides_of_the_limmat,HAS_FACT
place_statio_turicensis,fact_place_place_statio_turicensis_a_gravestone_dated_around_200_names_the_statio_turicensis_a_customs_station_of_the_gallic_customs_for_trade_in_the_border_area_to_rhaetia,HAS_FACT
place_weinplatz_zurich_switzerland,fact_place_place_weinplatz_zurich_switzerland_a_public_bath_stood_at_the_bay_under_weinplatz,HAS_FACT
place_rathausbrücke_zurich_switzerland,fact_place_place_rathausbrücke_zurich_switzerland_a_harbor_and_river_crossing_are_suspected_near_rathausbrücke,HAS_FACT
place_grosse_hafner_zurich_switzerland,fact_place_place_grosse_hafner_zurich_switzerland_on_the_grosse_hafner_a_former_island_in_front_of_seefeld_there_was_an_island_sanctuary_used_from_the_1st_to_4th_centuries,HAS_FACT
place_seefeld_zurich_switzerland,fact_place_place_seefeld_zurich_switzerland_grosse_hafner_is_a_former_island_in_front_of_seefeld,HAS_FACT
place_storchengasse_zurich_switzerland,fact_place_place_storchengasse_zurich_switzerland_another_temple_possibly_existed_in_the_round_building_uncovered_at_storchengasse,HAS_FACT
place_oetenbach_area,fact_place_place_oetenbach_area_a_dedicatory_stone_donated_by_bear_hunters_to_the_deities_diana_and_silvanus_and_a_hoard_of_gold_jewelry_possibly_indicate_another_sanctuary_in_the_oetenbach_area,HAS_FACT
place_lindenhof_zurich_switzerland,fact_place_place_lindenhof_zurich_switzerland_in_late_roman_times_probably_in_the_early_4th_century_the_summit_of_the_lindenhof_hill_was_fortified_with_a_castellum,HAS_FACT
place_lindenhof_zurich_switzerland,fact_place_place_lindenhof_zurich_switzerland_the_castellum_offered_residence_and_refuge_to_the_civilian_population_even_after_the_withdrawal_of_the_troops_and_the_end_of_western_roman_administration,HAS_FACT
place_lindenhof_zurich_switzerland,fact_place_place_lindenhof_zurich_switzerland_within_the_castellum_several_stone_buildings_were_erected_in_the_7th_and_8th_centuries_after_terrain_works,HAS_FACT
place_bäckerstrasse_zurich_switzerland,fact_place_place_bäckerstrasse_zurich_switzerland_the_burials_examined_in_the_bäckerstrasse_cemetery_from_the_6th_century_suggest_a_majority_roman_speaking_population,HAS_FACT
place_bäckerstrasse_zurich_switzerland,fact_place_place_bäckerstrasse_zurich_switzerland_among_them_is_a_woman_s_grave_with_a_germanic_fibula_costume_pointing_towards_the_frankish_area,HAS_FACT
place_st_petershügel_zurich_switzerland,fact_place_place_st_petershügel_zurich_switzerland_the_plate_and_wall_graves_investigated_on_st_petershügel_were_built_using_mortar_plaster_and_lime_whitewash,HAS_FACT
place_st_petershügel_zurich_switzerland,fact_place_place_st_petershügel_zurich_switzerland_they_prove_that_building_techniques_introduced_in_roman_times_were_used_in_a_7th_century_cemetery,HAS_FACT
place_st_petershügel_zurich_switzerland,fact_place_place_st_petershügel_zurich_switzerland_the_grave_goods_of_two_swords_spatha_sax_in_a_male_grave_follow_germanic_burial_customs,HAS_FACT
place_niederdorf_zurich_switzerland,fact_place_place_niederdorf_zurich_switzerland_remains_of_wooden_houses_from_the_7th_and_8th_centuries_were_found_in_niederdorf,HAS_FACT
place_zurich_switzerland,fact_place_place_zurich_switzerland_zurich_was_the_center_of_an_extensive_carolingian_imperial_estate_complex_in_the_8th_and_9th_centuries,HAS_FACT
place_zurich_switzerland,fact_place_place_zurich_switzerland_zurich_included_the_royal_court_with_the_albis_forest_and_properties_in_uri,HAS_FACT
place_zurich_switzerland,fact_place_place_zurich_switzerland_zurich_s_economic_center_was_the_stadelhof,HAS_FACT
place_zurich_switzerland,fact_place_place_zurich_switzerland_zurich_was_a_center_of_rule_for_the_dukes_of_swabia_appointed_in_the_10th_century_as_bailiffs,HAS_FACT
place_zurich_switzerland,fact_place_place_zurich_switzerland_coin_minting_market_and_toll_rights_in_zurich_illustrate_the_importance_of_economy_and_trade,HAS_FACT
place_zurich_switzerland,fact_place_place_zurich_switzerland_in_the_11th_and_12th_centuries_zurich_had_economic_relations_up_to_the_baltic_sea_area,HAS_FACT
place_albis_forest,fact_place_place_albis_forest_the_albis_forest_was_included_in_the_royal_court_functions_of_zurich_s_carolingian_imperial_estate,HAS_FACT
place_uri_switzerland,fact_place_place_uri_switzerland_uri_was_part_of_the_properties_included_in_the_royal_court_functions_of_zurich_s_carolingian_imperial_estate,HAS_FACT
place_stadelhof,fact_place_place_stadelhof_the_stadelhof_was_the_economic_center_of_the_royal_court_in_zurich_s_carolingian_imperial_estate,HAS_FACT
place_fraumünster_zurich_switzerland,fact_place_place_fraumünster_zurich_switzerland_ludwig_the_german_equipped_the_fraumünster_monastery_with_the_carolingian_estate_in_a_deed_of_donation_in_853,HAS_FACT
place_fraumünster_zurich_switzerland,fact_place_place_fraumünster_zurich_switzerland_abbesses_hildegard_and_berta_daughters_of_ludwig_the_german_demonstrate_the_close_connection_of_the_convent_to_the_royal_house,HAS_FACT
place_lindenhof_zurich_switzerland,fact_place_place_lindenhof_zurich_switzerland_foundations_of_a_monumental_building_uncovered_on_lindenhof_are_interpreted_as_remains_of_a_carolingian_palace_building,HAS_FACT
place_zurich_switzerland,fact_place_place_zurich_switzerland_royal_visits_to_zurich_resumed_after_1000,HAS_FACT
place_zurich_switzerland,fact_place_place_zurich_switzerland_henry_iii_stayed_six_times_in_the_palace_on_lindenhof_between_1045_1055,HAS_FACT
place_zurich_switzerland,fact_place_place_zurich_switzerland_the_palace_on_lindenhof_was_expanded_into_a_residence_with_a_two_story_hall_and_chapel,HAS_FACT
place_zurich_switzerland,fact_place_place_zurich_switzerland_otto_of_freising_described_zurich_as_the_most_distinguished_city_of_swabia_in_the_mid_12th_century,HAS_FACT
place_zurich_switzerland,fact_place_place_zurich_switzerland_zurich_left_the_domain_of_the_staufer_dukes_in_the_staufer_zähringer_compromise_of_1098,HAS_FACT
place_zurich_switzerland,fact_place_place_zurich_switzerland_the_counts_of_lenzburg_were_appointed_as_provosts_and_monastery_bailiffs_in_976,HAS_FACT
place_zurich_switzerland,fact_place_place_zurich_switzerland_the_counts_of_lenzburg_were_confirmed_in_their_roles_in_1098,HAS_FACT
place_zurich_switzerland,fact_place_place_zurich_switzerland_the_dukes_of_zähringen_were_appointed_holders_of_imperial_rights_in_1098,HAS_FACT
place_zurich_switzerland,fact_place_place_zurich_switzerland_after_the_extinction_of_the_lenzburg_line_the_zähringers_were_the_sole_city_lords_from_1173_to_1218,HAS_FACT
place_zurich_switzerland,fact_place_place_zurich_switzerland_the_royal_palace_was_converted_into_a_castle_with_towers_and_ditches_probably_by_the_zähringers,HAS_FACT
place_lindenhof_zurich_switzerland,fact_place_place_lindenhof_zurich_switzerland_henry_iii_stayed_six_times_in_the_palace_on_lindenhof_between_1045_1055,HAS_FACT
place_lindenhof_zurich_switzerland,fact_place_place_lindenhof_zurich_switzerland_the_palace_was_expanded_into_a_residence_with_a_two_story_hall_and_chapel,HAS_FACT
place_lindenhof_zurich_switzerland,fact_place_place_lindenhof_zurich_switzerland_the_royal_palace_was_converted_into_a_castle_with_towers_and_ditches_probably_by_the_zähringers,HAS_FACT
place_swabia_germany,fact_place_place_swabia_germany_zurich_was_described_as_the_most_distinguished_city_of_swabia_in_the_mid_12th_century_by_otto_of_freising,HAS_FACT
place_staufer_dukes,fact_place_place_staufer_dukes_zurich_left_the_domain_of_the_staufer_dukes_in_the_staufer_zähringer_compromise_of_1098,HAS_FACT
place_counts_of_lenzburg,fact_place_place_counts_of_lenzburg_the_counts_of_lenzburg_were_appointed_as_provosts_and_monastery_bailiffs_in_976,HAS_FACT
place_counts_of_lenzburg,fact_place_place_counts_of_lenzburg_the_counts_of_lenzburg_were_confirmed_in_their_roles_in_1098,HAS_FACT
place_counts_of_lenzburg,fact_place_place_counts_of_lenzburg_the_lenzburg_line_became_extinct_before_1173,HAS_FACT
place_dukes_of_zähringen,fact_place_place_dukes_of_zähringen_the_dukes_of_zähringen_were_appointed_holders_of_imperial_rights_in_1098,HAS_FACT
place_dukes_of_zähringen,fact_place_place_dukes_of_zähringen_the_zähringers_were_the_sole_city_lords_from_1173_to_1218,HAS_FACT
place_fraumünster_zurich_switzerland,fact_place_place_fraumünster_zurich_switzerland_the_fraumünster_convent_formed_in_the_10th_century,HAS_FACT
place_fraumünster_zurich_switzerland,fact_place_place_fraumünster_zurich_switzerland_the_oldest_archaeologically_proven_church_of_the_benedictine_nunnery_fraumünster_is_a_large_hall_church_of_the_9th_century_with_a_transept_and_three_aps,HAS_FACT
place_fraumünster_zurich_switzerland,fact_place_place_fraumünster_zurich_switzerland_before_the_fraumünster_church_stood_an_early_medieval_post_building_of_unknown_function,HAS_FACT
place_fraumünster_zurich_switzerland,fact_place_place_fraumünster_zurich_switzerland_in_its_early_period_the_fraumünster_monastery_had_an_enclosure_with_a_ditch,HAS_FACT
place_grossmünster_zurich_switzerland,fact_place_place_grossmünster_zurich_switzerland_the_grossmünster_convent_formed_in_the_10th_century,HAS_FACT
place_grossmünster_zurich_switzerland,fact_place_place_grossmünster_zurich_switzerland_the_grossmünster_was_regarded_as_the_place_of_burial_of_the_city_saints,HAS_FACT
place_grossmünster_zurich_switzerland,fact_place_place_grossmünster_zurich_switzerland_the_passion_story_written_down_at_the_end_of_the_8th_century_reports_miracles_at_the_graves_of_the_city_saints_suggesting_a_cult_building_already_exist,HAS_FACT
place_grossmünster_zurich_switzerland,fact_place_place_grossmünster_zurich_switzerland_the_grossmünster_church_was_rebuilt_in_late_romanesque_style_between_1100_and_1230_replacing_a_predecessor_building,HAS_FACT
place_wasserkirche_zurich_switzerland,fact_place_place_wasserkirche_zurich_switzerland_the_wasserkirche_formed_in_the_10th_century,HAS_FACT
place_wasserkirche_zurich_switzerland,fact_place_place_wasserkirche_zurich_switzerland_the_oldest_predecessor_of_the_wasserkirche_can_be_dated_to_1000,HAS_FACT
place_wasserkirche_zurich_switzerland,fact_place_place_wasserkirche_zurich_switzerland_the_wasserkirche_houses_the_martyr_s_stone_indicating_the_spot_on_a_limmat_island_venerated_as_the_place_of_the_beheading_of_the_city_saints,HAS_FACT
place_st_peter_church_zurich_switzerland,fact_place_place_st_peter_church_zurich_switzerland_the_parish_church_of_st_peter_formed_part_of_the_sacred_landscape_shaped_by_the_local_martyr_cult,HAS_FACT
place_st_peter_church_zurich_switzerland,fact_place_place_st_peter_church_zurich_switzerland_the_church_of_st_peter_was_first_mentioned_in_857,HAS_FACT
place_st_peter_church_zurich_switzerland,fact_place_place_st_peter_church_zurich_switzerland_st_peter_is_attested_as_a_parish_church_from_the_12th_century,HAS_FACT
place_st_peter_church_zurich_switzerland,fact_place_place_st_peter_church_zurich_switzerland_st_peter_possibly_followed_on_the_vanished_church_of_st_stephan_west_of_lindenhof,HAS_FACT
place_st_stephan,fact_place_place_st_stephan_the_church_of_st_stephan_was_located_west_of_lindenhof_and_is_now_vanished,HAS_FACT
place_zurichberg_zurich_switzerland,fact_place_place_zurichberg_zurich_switzerland_the_augustinian_canons_monastery_of_st_martin_was_founded_on_zurichberg_in_1127,HAS_FACT
place_fraumünster_zurich_switzerland,fact_place_place_fraumünster_zurich_switzerland_wooden_buildings_near_fraumünster_date_from_carolingian_times,HAS_FACT
place_eastern_bank_of_the_limmat_river_zurich_switzerland,fact_place_place_eastern_bank_of_the_limmat_river_zurich_switzerland_there_were_embankments_for_a_probable_embankment_at_the_eastern_limmat_bank_from_carolingian_times,HAS_FACT
place_lindenhof_zurich_switzerland,fact_place_place_lindenhof_zurich_switzerland_the_expanded_defensive_ditch_of_lindenhof_at_upper_rennweg_is_dated_to_the_10th_11th_century,HAS_FACT
place_limmat_river_shore_zurich_switzerland,fact_place_place_limmat_river_shore_zurich_switzerland_the_first_extensive_city_wall_and_a_bossed_square_stone_wall_on_the_limmat_shore_are_evidenced_archaeologically,HAS_FACT
place_eastern_district_zurich_switzerland,fact_place_place_eastern_district_zurich_switzerland_in_the_eastern_city_district_regular_sequences_of_building_complexes_alleys_and_moats_give_the_impression_of_planned_plots,HAS_FACT
place_guild_house_of_the_carpenters_zurich_switzerland,fact_place_place_guild_house_of_the_carpenters_zurich_switzerland_the_four_story_core_building_of_the_guild_house_of_the_carpenters_is_dendro_dated_to_1156,HAS_FACT
place_zurich_switzerland,fact_place_place_zurich_switzerland_the_imperial_bailiwick_zurich_was_assigned_in_1098_to_the_dukes_of_zähringen,HAS_FACT
place_zurich_switzerland,fact_place_place_zurich_switzerland_after_the_extinction_of_the_dukes_of_zähringen_in_1218_the_bailiwick_was_no_longer_granted_as_a_hereditary_office_to_a_prince,HAS_FACT
place_zurich_switzerland,fact_place_place_zurich_switzerland_the_bailiwick_was_limited_in_time_to_an_imperial_official_usually_coming_from_the_citizenry,HAS_FACT
place_zurich_switzerland,fact_place_place_zurich_switzerland_the_imperial_immediacy_of_the_city_was_certified_several_times_until_1512_by_emperor_and_empire,HAS_FACT
place_zurich_switzerland,fact_place_place_zurich_switzerland_the_imperial_immediacy_formed_the_basis_for_the_gradual_development_of_municipal_self_government,HAS_FACT
place_lindenhof_zurich_switzerland,fact_place_place_lindenhof_zurich_switzerland_the_old_center_of_power_on_lindenhof_must_have_been_destroyed_by_citizens_in_the_early_13th_century,HAS_FACT
place_lindenhof_zurich_switzerland,fact_place_place_lindenhof_zurich_switzerland_the_destruction_occurred_long_before_1271_according_to_written_records,HAS_FACT
place_fraumünster_zurich_switzerland,fact_place_place_fraumünster_zurich_switzerland_the_fraumünster_chapter_was_freed_from_bailiff_interference,HAS_FACT
place_fraumünster_zurich_switzerland,fact_place_place_fraumünster_zurich_switzerland_its_abbess_attained_the_rank_of_imperial_princess_attested_from_1234,HAS_FACT
place_fraumünster_zurich_switzerland,fact_place_place_fraumünster_zurich_switzerland_the_abbess_appointed_the_mayor_early_on_and_influenced_the_election_of_other_officials,HAS_FACT
place_fraumünster_zurich_switzerland,fact_place_place_fraumünster_zurich_switzerland_the_abbess_granted_the_coin_and_toll_rights_determined_minting_standards_and_measures_and_certified_municipal_legal_transactions_with_her_seal,HAS_FACT
place_fraumünster_zurich_switzerland,fact_place_place_fraumünster_zurich_switzerland_from_the_late_13th_century_the_manorial_rights_and_prerogatives_of_the_abbey_increasingly_came_under_the_influence_of_the_bourgeoisie,HAS_FACT
place_fraumünster_zurich_switzerland,fact_place_place_fraumünster_zurich_switzerland_lower_jurisdiction_remained_with_the_convent,HAS_FACT
place_fraumünster_zurich_switzerland,fact_place_place_fraumünster_zurich_switzerland_the_abbess_certified_the_sworn_letters_and_law_books_until_1433,HAS_FACT
place_fraumünster_zurich_switzerland,fact_place_place_fraumünster_zurich_switzerland_due_to_economic_decline_the_city_increasingly_intervened_in_monastery_affairs_in_the_late_middle_ages,HAS_FACT
place_fraumünster_zurich_switzerland,fact_place_place_fraumünster_zurich_switzerland_the_monastery_was_dissolved_in_the_reformation_in_1524_and_its_property_confiscated,HAS_FACT
place_fraumünster_zurich_switzerland,fact_place_place_fraumünster_zurich_switzerland_the_city_combined_the_fraumünster_estate_into_the_fraumünster_office,HAS_FACT
place_fraumünster_zurich_switzerland,fact_place_place_fraumünster_zurich_switzerland_the_former_monastery_s_assets_were_administered_separately_from_other_monastic_holdings,HAS_FACT
place_fraumünster_zurich_switzerland,fact_place_place_fraumünster_zurich_switzerland_the_office_of_obmann_was_established_in_1533_to_manage_the_assets,HAS_FACT
place_zurich_switzerland,fact_place_place_zurich_switzerland_the_oldest_seal_stamp_of_the_city_of_zurich_is_from_1347,HAS_FACT
place_zurich_switzerland,fact_place_place_zurich_switzerland_a_council_is_attested_in_zurich_from_1220,HAS_FACT
place_zurich_switzerland,fact_place_place_zurich_switzerland_the_council_evolved_from_the_imperial_bailiff_s_court,HAS_FACT
place_zurich_switzerland,fact_place_place_zurich_switzerland_the_council_members_initially_mainly_appeared_as_witnesses_in_property_transfers_until_the_mid_13th_century,HAS_FACT
place_zurich_switzerland,fact_place_place_zurich_switzerland_from_1250_the_council_is_better_traceable_through_council_lists_fully_mentioned_in_1252,HAS_FACT
place_zurich_switzerland,fact_place_place_zurich_switzerland_the_council_consisted_of_twelve_members_knights_and_citizens_divided_into_fasten_lent_summer_and_autumn_councils_each_with_a_term_of_four_months,HAS_FACT
place_zurich_switzerland,fact_place_place_zurich_switzerland_the_town_hall_is_first_mentioned_in_1252_as_the_place_where_a_document_was_issued,HAS_FACT
place_zurich_switzerland,fact_place_place_zurich_switzerland_the_judge_s_letter_first_drafted_around_1250_is_the_oldest_codification_of_the_city_s_laws,HAS_FACT
place_zurich_switzerland,fact_place_place_zurich_switzerland_the_renewed_version_of_the_judge_s_letter_in_1304_forbade_the_formation_of_guilds_as_political_groups_but_they_remained_as_trade_guilds,HAS_FACT
place_winterthur_switzerland,fact_place_place_winterthur_switzerland_after_the_failed_attack_on_winterthur_in_1292_the_bourgeois_commercial_patriciate_increasingly_displaced_the_knights_from_the_council,HAS_FACT
place_rapperswil_switzerland,fact_place_place_rapperswil_switzerland_the_councilors_banished_to_rapperswil_unsuccessfully_tried_to_regain_power,HAS_FACT
place_zurich_switzerland,fact_place_place_zurich_switzerland_the_rise_of_the_patricians_was_halted_in_1336_by_the_brun_guild_revolution,HAS_FACT
place_zurich_switzerland,fact_place_place_zurich_switzerland_in_the_first_sworn_letter_the_council_is_divided_into_a_baptistal_and_natal_council_with_six_month_terms_each,HAS_FACT
place_zurich_switzerland,fact_place_place_zurich_switzerland_the_council_consisted_of_26_members_13_from_the_konstaffel_and_13_guild_masters_of_the_13_newly_formed_guilds,HAS_FACT
place_zurich_switzerland,fact_place_place_zurich_switzerland_mayor_rudolf_brun_was_elected_for_life_with_dictatorial_powers,HAS_FACT
place_zurich_switzerland,fact_place_place_zurich_switzerland_the_guild_constitution_remained_in_a_modified_form_until_1798,HAS_FACT
place_zurich_switzerland,fact_place_place_zurich_switzerland_the_zurich_murder_night_occurred_in_1350,HAS_FACT
place_state_archives_zurich_zurich_switzerland,fact_place_place_state_archives_zurich_zurich_switzerland_the_second_sworn_letter_is_held_at_the_state_archives_zurich,HAS_FACT
place_zurich_switzerland,fact_place_place_zurich_switzerland_the_mayor_s_powers_in_zurich_were_curtailed_in_1373_in_favor_of_the_council,HAS_FACT
place_zurich_switzerland,fact_place_place_zurich_switzerland_the_councilors_of_the_konstaffel_in_zurich_were_elected_by_the_outgoing_council_consules_and_scabini_starting_in_1373,HAS_FACT
place_zurich_switzerland,fact_place_place_zurich_switzerland_the_great_council_and_small_council_became_the_supreme_state_authority_in_zurich_after_1393,HAS_FACT
place_zurich_switzerland,fact_place_place_zurich_switzerland_after_1401_the_great_council_in_zurich_defended_its_right_to_self_appointment_and_elected_guild_superiors,HAS_FACT
place_zurich_switzerland,fact_place_place_zurich_switzerland_from_the_15th_century_the_guild_masters_college_controlled_council_and_guilds_in_zurich,HAS_FACT
place_zurich_switzerland,fact_place_place_zurich_switzerland_guild_powers_were_limited_to_trade_rights_after_hans_waldmann_s_overthrow_in_1489_in_zurich,HAS_FACT
place_zurich_switzerland,fact_place_place_zurich_switzerland_the_fourth_or_fifth_sworn_letter_of_1498_in_zurich_allowed_free_guild_choice_for_professional_groups,HAS_FACT
place_zurich_switzerland,fact_place_place_zurich_switzerland_from_1490_hintersassen_were_included_in_the_konstaffel_in_zurich,HAS_FACT
place_great_council,fact_place_place_great_council_the_great_council_or_council_of_two_hundred_consisted_from_the_late_15th_century_of_both_mayors_48_members_of_the_old_and_new_small_councils_144_zwölfer_and_the_achtzehn,HAS_FACT
place_great_council,fact_place_place_great_council_the_great_council_s_competences_included_decisions_on_war_and_peace_conclusion_of_new_alliances_election_of_mayor_council_bailiffs_and_officials_as_well_as_tax_matters,HAS_FACT
place_small_councils,fact_place_place_small_councils_the_small_councils_were_elected_by_the_sitting_small_and_great_councilors,HAS_FACT
place_secret_council,fact_place_place_secret_council_the_secret_council_was_initially_differently_composed_and_eventually_formed_by_the_nine_bodily_heads_for_prior_consultation,HAS_FACT
place_secret_council,fact_place_place_secret_council_the_secret_council_was_permanently_established_from_1633,HAS_FACT
place_accounting_council,fact_place_place_accounting_council_the_accounting_council_was_responsible_for_the_state_budget,HAS_FACT
place_war_council,fact_place_place_war_council_the_war_council_was_an_important_body,HAS_FACT
place_zurich_switzerland,fact_place_place_zurich_switzerland_the_sworn_letters_were_amended_twice_more_until_the_end_of_the_ancien_régime_in_zurich,HAS_FACT
place_zurich_switzerland,fact_place_place_zurich_switzerland_the_sixth_sworn_letter_of_1654_confirmed_the_free_guild_choice_of_merchants_in_zurich,HAS_FACT
place_zurich_switzerland,fact_place_place_zurich_switzerland_the_seventh_sworn_letter_enacted_in_response_to_the_civil_unrest_of_1712_1713_did_not_change_the_merchants_supremacy_in_zurich,HAS_FACT
place_zurich_switzerland,fact_place_place_zurich_switzerland_the_share_of_merchants_in_the_citizenry_of_zurich_rose_from_3_in_1599_to_12_in_1790,HAS_FACT
place_zurich_switzerland,fact_place_place_zurich_switzerland_the_presence_of_merchants_in_the_zurich_council_rose_from_8_to_40,HAS_FACT
place_zurich_switzerland,fact_place_place_zurich_switzerland_secret_elections_of_guild_masters_were_introduced_in_zurich_to_impede_office_buying_praktizieren,HAS_FACT
place_zurich_switzerland,fact_place_place_zurich_switzerland_internal_conflicts_within_the_ruling_elite_in_zurich_diminished_after_the_last_constitutional_reform,HAS_FACT
place_zurich_switzerland,fact_place_place_zurich_switzerland_already_from_the_late_15th_century_in_zurich_aristocratization_and_intensification_of_absolutist_state_developed,HAS_FACT
place_zurich_switzerland,fact_place_place_zurich_switzerland_the_closure_of_citizenship_rights_was_strengthened_from_mid_16th_century_in_zurich,HAS_FACT
place_zurich_switzerland,fact_place_place_zurich_switzerland_the_prospect_of_gaining_bailiff_and_monastery_offices_due_to_reformation_and_secularization_favored_political_careers_in_zurich,HAS_FACT
place_zurich_switzerland,fact_place_place_zurich_switzerland_zurich_s_acquisition_of_church_tasks_led_to_expansion_of_the_administrative_apparatus_mainly_in_social_educational_and_health_services,HAS_FACT
place_zurich_switzerland,fact_place_place_zurich_switzerland_police_military_functions_partly_remained_with_the_konstaffel_and_guilds_in_zurich,HAS_FACT
place_zurich_switzerland,fact_place_place_zurich_switzerland_by_the_late_18th_century_guilds_in_zurich_mainly_had_organizational_roles,HAS_FACT
place_zurich_switzerland,fact_place_place_zurich_switzerland_political_authority_in_zurich_was_led_by_the_elite_of_merchants_and_city_nobility_by_the_late_18th_century,HAS_FACT
place_zurich_switzerland,fact_place_place_zurich_switzerland_the_citizenry_s_competences_during_the_ancien_régime_in_zurich_were_limited_to_convening_citizen_assembly_as_needed_and_taking_the_citizen_oath_on_pledge_days,HAS_FACT
place_limmat_zurich_switzerland,fact_place_place_limmat_zurich_switzerland_the_more_city_developed_on_the_right_bank_of_the_limmat,HAS_FACT
place_limmat_zurich_switzerland,fact_place_place_limmat_zurich_switzerland_the_lesser_city_developed_on_the_left_bank_of_the_limmat,HAS_FACT
place_limmat_zurich_switzerland,fact_place_place_limmat_zurich_switzerland_the_political_center_shifted_from_lindenhof_to_the_limmat_in_the_13th_century,HAS_FACT
place_limmat_zurich_switzerland,fact_place_place_limmat_zurich_switzerland_the_oetenbach_monastery_and_rennweg_were_established_on_the_left_of_the_limmat,HAS_FACT
place_limmat_zurich_switzerland,fact_place_place_limmat_zurich_switzerland_two_bridges_connected_the_two_parts_of_the_city_across_the_limmat_the_lower_or_rathausbrücke_and_the_upper_or_münsterbrücke,HAS_FACT
place_more_city,fact_place_place_more_city_the_more_city_developed_on_the_right_bank_of_the_limmat_with_the_watch_posts_auf_dorf_linden_neumarkt_and_niederdorf,HAS_FACT
place_auf_dorf,fact_place_place_auf_dorf_auf_dorf_was_a_watch_post_in_the_more_city,HAS_FACT
place_linden,fact_place_place_linden_linden_was_a_watch_post_in_the_more_city,HAS_FACT
place_linden,fact_place_place_linden_the_political_center_shifted_from_lindenhof_to_the_limmat_in_the_13th_century,HAS_FACT
place_neumarkt,fact_place_place_neumarkt_neumarkt_was_a_watch_post_in_the_more_city,HAS_FACT
place_niederdorf,fact_place_place_niederdorf_niederdorf_was_a_watch_post_in_the_more_city,HAS_FACT
place_lesser_city,fact_place_place_lesser_city_the_lesser_city_developed_on_the_left_bank_of_the_limmat_with_the_watch_posts_münsterhof_and_rennweg,HAS_FACT
place_münsterhof,fact_place_place_münsterhof_münsterhof_was_a_watch_post_in_the_lesser_city,HAS_FACT
place_rennweg,fact_place_place_rennweg_rennweg_was_a_watch_post_in_the_lesser_city,HAS_FACT
place_rennweg,fact_place_place_rennweg_rennweg_was_established_on_the_left_of_the_limmat_during_the_city_expansion_in_the_13th_century,HAS_FACT
place_hirschengraben,fact_place_place_hirschengraben_hirschengraben_was_one_of_the_three_suburb_quarters_outside_the_city_center,HAS_FACT
place_stadelhofen,fact_place_place_stadelhofen_stadelhofen_was_one_of_the_three_suburb_quarters_outside_the_city_center,HAS_FACT
place_talacker,fact_place_place_talacker_talacker_was_one_of_the_three_suburb_quarters_outside_the_city_center,HAS_FACT
place_zurich_switzerland,fact_place_place_zurich_switzerland_the_walled_city_covered_38_hectares_and_was_separated_from_the_surroundings_by_outlying_defensive_walls,HAS_FACT
place_lindenhof,fact_place_place_lindenhof_the_political_center_shifted_from_lindenhof_to_the_limmat_in_the_13th_century,HAS_FACT
place_oetenbach_monastery_zurich_switzerland,fact_place_place_oetenbach_monastery_zurich_switzerland_the_oetenbach_monastery_was_established_on_the_left_of_the_limmat_during_the_city_expansion_in_the_13th_century,HAS_FACT
place_rathausbrücke_zurich_switzerland,fact_place_place_rathausbrücke_zurich_switzerland_the_lower_bridge_connecting_the_two_parts_of_the_city_across_the_limmat_was_called_rathausbrücke,HAS_FACT
place_münsterbrücke_zurich_switzerland,fact_place_place_münsterbrücke_zurich_switzerland_the_upper_bridge_connecting_the_two_parts_of_the_city_across_the_limmat_was_called_münsterbrücke,HAS_FACT
place_sihl_zurich_switzerland,fact_place_place_sihl_zurich_switzerland_two_bridges_crossed_the_sihl_river,HAS_FACT
place_mühlestege,fact_place_place_mühlestege_mills_stood_on_the_mühlestege_on_the_right_limmat_bank_and_further_downstream,HAS_FACT
place_zurich_switzerland,fact_place_place_zurich_switzerland_the_city_view_is_from_the_north,HAS_FACT
place_fraumünster_zurich_switzerland,fact_place_place_fraumünster_zurich_switzerland_early_stone_buildings_grouped_around_the_church_center_fraumünster,HAS_FACT
place_grossmünster_zurich_switzerland,fact_place_place_grossmünster_zurich_switzerland_early_stone_buildings_grouped_around_the_church_center_grossmünster,HAS_FACT
place_st_peter_zurich_switzerland,fact_place_place_st_peter_zurich_switzerland_early_stone_buildings_grouped_around_the_church_center_st_peter,HAS_FACT
place_two_limmat_bridges,fact_place_place_two_limmat_bridges_early_stone_buildings_grouped_around_the_two_limmat_bridges,HAS_FACT
place_kornhaus_weinplatz_zurich_switzerland,fact_place_place_kornhaus_weinplatz_zurich_switzerland_the_kornhaus_at_weinplatz_was_set_up_for_grain_trade_in_the_late_13th_century,HAS_FACT
place_upper_bridge,fact_place_place_upper_bridge_the_kornhaus_was_relocated_to_the_upper_bridge_in_the_17th_century,HAS_FACT
place_town_hall,fact_place_place_town_hall_a_first_town_hall_existed_and_a_second_was_built_from_1397_at_the_same_place,HAS_FACT
place_right_limmat_bank,fact_place_place_right_limmat_bank_from_1694_1698_the_still_existing_town_hall_building_was_built_on_the_right_limmat_bank,HAS_FACT
place_limmat_switzerland,fact_place_place_limmat_switzerland_the_courthouse_later_main_guard_was_built_around_1468_on_the_limmat,HAS_FACT
place_helmhaus_zurich_switzerland,fact_place_place_helmhaus_zurich_switzerland_the_helmhaus_was_mentioned_in_1253_on_the_gable_side_of_the_wasserkirche,HAS_FACT
place_wasserkirche_zurich_switzerland,fact_place_place_wasserkirche_zurich_switzerland_the_helmhaus_was_located_on_the_gable_side_of_the_wasserkirche,HAS_FACT
place_hottinger_tower_with_kaufhaus,fact_place_place_hottinger_tower_with_kaufhaus_opposite_the_helmhaus_the_hottinger_tower_with_kaufhaus_was_built_from_1412_and_later_served_as_a_salt_house,HAS_FACT
place_bauhaus_in_the_kratz_quarter,fact_place_place_bauhaus_in_the_kratz_quarter_the_bauhaus_in_the_kratz_quarter_was_the_most_important_representative_building_of_the_16th_century,HAS_FACT
place_shooting_house_on_the_square_northwest_of_the_medieval_city_walls,fact_place_place_shooting_house_on_the_square_northwest_of_the_medieval_city_walls_besides_the_shooting_house_on_the_square_northwest_of_the_medieval_city_walls_the_bauhaus_was_important_in_the_16th_c,HAS_FACT
place_froschaugasse_zurich_switzerland,fact_place_place_froschaugasse_zurich_switzerland_the_synagogue_at_froschaugasse_was_integrated_into_a_residential_building_after_the_expulsion_of_the_jewish_community_in_1436,HAS_FACT
place_heiliggeistspital_niederdorf_zurich_switzerland,fact_place_place_heiliggeistspital_niederdorf_zurich_switzerland_the_holy_spirit_hospital_in_niederdorf_took_over_the_buildings_of_the_prediger_monastery_after_the_reformation,HAS_FACT
place_predigerkloster_zurich_switzerland,fact_place_place_predigerkloster_zurich_switzerland_the_buildings_of_the_prediger_monastery_were_taken_over_by_the_holy_spirit_hospital_in_niederdorf_after_the_reformation,HAS_FACT
place_wasserkirche_zurich_switzerland,fact_place_place_wasserkirche_zurich_switzerland_the_secularized_wasserkirche_was_converted_into_a_citizen_library_with_art_chamber_from_1633_to_1639,HAS_FACT
place_guild_houses,fact_place_place_guild_houses_important_secular_buildings_from_the_17th_and_18th_centuries_include_extended_or_newly_built_guild_houses,HAS_FACT
place_houses_zur_krone_later_rechberg,fact_place_place_houses_zur_krone_later_rechberg_important_secular_buildings_from_the_17th_and_18th_centuries_include_the_house_zur_krone_later_rechberg,HAS_FACT
place_zum_florhof,fact_place_place_zum_florhof_important_secular_buildings_from_the_17th_and_18th_centuries_include_the_house_zum_florhof,HAS_FACT
place_zum_kiel,fact_place_place_zum_kiel_important_secular_buildings_from_the_17th_and_18th_centuries_include_the_house_zum_kiel,HAS_FACT
place_freigut,fact_place_place_freigut_important_secular_buildings_from_the_17th_and_18th_centuries_include_the_freigut_outside_the_fortifications,HAS_FACT
place_muralt_estate_enge_zurich_switzerland,fact_place_place_muralt_estate_enge_zurich_switzerland_the_muralt_estate_in_enge_is_an_important_secular_building_from_the_17th_and_18th_centuries_outside_the_fortifications,HAS_FACT
place_beckenhof_unterstrass_zurich_switzerland,fact_place_place_beckenhof_unterstrass_zurich_switzerland_the_beckenhof_in_unterstrass_is_an_important_secular_building_from_the_17th_and_18th_centuries_outside_the_fortifications,HAS_FACT
place_zurich_switzerland,fact_place_place_zurich_switzerland_in_the_late_middle_ages_the_silk_trade_flourished_in_zurich_and_was_at_the_center_of_extensive_trading_relations,HAS_FACT
place_zurich_switzerland,fact_place_place_zurich_switzerland_the_silk_trade_collapse_after_the_old_zurich_war_affected_zurich_s_economy,HAS_FACT
place_zurich_switzerland,fact_place_place_zurich_switzerland_zurich_retained_a_regional_market_for_daily_goods_as_well_as_grain_wine_salt_and_iron_trade,HAS_FACT
place_house_at_brunnenhof,fact_place_place_house_at_brunnenhof_jewish_lombard_and_southern_french_moneylenders_left_traces_in_frescoes_in_the_house_at_brunnenhof,HAS_FACT
place_lamparterturm,fact_place_place_lamparterturm_jewish_lombard_and_southern_french_moneylenders_left_traces_in_frescoes_in_the_lamparterturm_at_the_upper_fences,HAS_FACT
place_gotthard_pass_switzerland,fact_place_place_gotthard_pass_switzerland_long_distance_trade_was_conducted_via_gotthard_passes,HAS_FACT
place_graubünden_switzerland,fact_place_place_graubünden_switzerland_long_distance_trade_was_conducted_via_graubünden_passes,HAS_FACT
place_brunnenhof_zurich_switzerland,fact_place_place_brunnenhof_zurich_switzerland_the_house_at_brunnenhof_features_a_coat_of_arms_frieze_in_the_painted_festival_hall,HAS_FACT
place_zurich_switzerland,fact_place_place_zurich_switzerland_photography_of_the_coat_of_arms_frieze_was_done_by_city_archaeology_zurich,HAS_FACT
place_zurich_switzerland,fact_place_place_zurich_switzerland_until_the_end_of_the_ancien_régime_zurich_was_a_guild_city_shaped_by_the_guild_constitution,HAS_FACT
place_zurich_switzerland,fact_place_place_zurich_switzerland_the_city_held_the_market_monopoly_and_protected_the_activities_of_the_city_s_craftsmen_against_external_competition,HAS_FACT
place_zurich_switzerland,fact_place_place_zurich_switzerland_innovations_were_only_possible_outside_the_guild_regulated_areas_in_zurich,HAS_FACT
place_zurich_switzerland,fact_place_place_zurich_switzerland_attempts_at_export_oriented_economic_activities_were_monopolized_in_favor_of_the_guild_oligarchy_dominated_city_merchants_in_zurich,HAS_FACT
place_zurich_switzerland,fact_place_place_zurich_switzerland_in_the_first_half_of_the_16th_century_only_cloth_production_had_supra_regional_importance_in_zurich_s_textile_trade,HAS_FACT
place_zurich_switzerland,fact_place_place_zurich_switzerland_from_the_mid_16th_century_protestant_refugees_gave_new_impetus_to_the_textile_industry_in_zurich,HAS_FACT
place_zurich_switzerland,fact_place_place_zurich_switzerland_thanks_to_trade_relations_with_italy_the_silk_industry_returned_to_zurich,HAS_FACT
place_zurich_switzerland,fact_place_place_zurich_switzerland_many_newly_founded_weaving_companies_in_zurich_succumbed_to_guild_pressure,HAS_FACT
place_zurich_switzerland,fact_place_place_zurich_switzerland_from_1620_the_number_of_textile_publishers_in_zurich_clearly_increased_with_some_fluctuations,HAS_FACT
place_zurich_switzerland,fact_place_place_zurich_switzerland_merchant_publishers_including_huguenots_prevailed_over_the_guild_organized_textile_industry_in_zurich,HAS_FACT
place_zurich_switzerland,fact_place_place_zurich_switzerland_the_commercial_directorate_was_formed_in_zurich_in_1662_to_defend_merchant_publishers_interests_and_was_dissolved_in_1834,HAS_FACT
place_zurich_switzerland,fact_place_place_zurich_switzerland_textile_manufacturers_in_zurich_specialized_as_marchand_banquiers_and_opened_private_banks,HAS_FACT
place_zurich_switzerland,fact_place_place_zurich_switzerland_the_state_owned_interest_commission_founded_in_zurich_in_1755_later_became_bank_leu,HAS_FACT
place_zurich_switzerland,fact_place_place_zurich_switzerland_zurich_lagged_behind_basel_geneva_and_st_gallen_as_a_financial_and_trading_center_until_the_mid_19th_century,HAS_FACT
place_zurich_switzerland,fact_place_place_zurich_switzerland_between_the_9th_and_12th_centuries_three_social_groups_are_recognizable_among_zurich_s_lay_population_unfree_persons_of_the_monastery_and_chapter_so_called_church_d,HAS_FACT
place_zurich_switzerland,fact_place_place_zurich_switzerland_in_the_first_half_of_the_12th_century_the_differentiation_among_social_groups_disappeared_in_favor_of_uniform_designations_for_city_inhabitants_laici_de_loco_cives_,HAS_FACT
place_zurich_switzerland,fact_place_place_zurich_switzerland_in_the_late_middle_ages_knights_and_bourgeois_patriciate_formed_the_upper_class_most_craftsmen_the_middle_class_and_penniless_craftsmen_journeymen_and_many_single_w,HAS_FACT
place_zurich_switzerland,fact_place_place_zurich_switzerland_social_mobility_between_classes_was_possible_in_zurich,HAS_FACT
place_zurich_switzerland,fact_place_place_zurich_switzerland_a_social_gradient_from_center_to_periphery_near_the_city_walls_such_as_in_kratz_quarter_can_be_observed,HAS_FACT
place_zurichberg_zurich_switzerland,fact_place_place_zurichberg_zurich_switzerland_the_people_of_zurichberg_homines_de_monte_were_probably_free_in_the_9th_to_12th_centuries,HAS_FACT
place_kratz_quarter,fact_place_place_kratz_quarter_a_social_gradient_from_center_to_periphery_near_the_city_walls_such_as_in_kratz_quarter_can_be_observed,HAS_FACT
place_zurich_switzerland,fact_place_place_zurich_switzerland_parish_posts_in_zurich_s_surroundings_except_for_some_winterthur_collations_were_reserved_for_citizens_and_offered_advancement_opportunities_for_craftsmen_s_sons,HAS_FACT
place_winterthur_switzerland,fact_place_place_winterthur_switzerland_some_winterthur_collations_were_exceptions_to_the_rule_that_parish_posts_in_zurich_s_surroundings_were_reserved_for_citizens,HAS_FACT
place_sechseläuten_festival,fact_place_place_sechseläuten_festival_the_sechseläuten_festival_developed_from_the_late_medieval_guild_kitchen_meal_in_the_18th_century,HAS_FACT
place_sechseläuten_festival,fact_place_place_sechseläuten_festival_the_sechseläuten_festival_marks_the_start_of_spring,HAS_FACT
place_zurich_switzerland,fact_place_place_zurich_switzerland_in_the_late_middle_ages_diverse_religious_life_prevailed_in_zurich,HAS_FACT
place_zurich_switzerland,fact_place_place_zurich_switzerland_the_cult_of_felix_and_regula_played_a_central_identity_shaping_role_in_zurich,HAS_FACT
place_zurich_switzerland,fact_place_place_zurich_switzerland_churches_and_monasteries_were_of_great_importance_for_zurich_s_city_development,HAS_FACT
place_zurich_switzerland,fact_place_place_zurich_switzerland_hospitals_and_leper_houses_st_jakob_and_spanweid_were_generously_endowed_in_zurich,HAS_FACT
place_zurich_switzerland,fact_place_place_zurich_switzerland_in_the_13th_century_the_women_s_monasteries_oetenbach_st_verena_and_selnau_were_founded_in_zurich,HAS_FACT
place_zurich_switzerland,fact_place_place_zurich_switzerland_mendicant_order_monasteries_of_augustinian_hermits_franciscans_and_preachers_were_founded_in_zurich,HAS_FACT
place_zurich_switzerland,fact_place_place_zurich_switzerland_beguines_and_beghards_were_settled_near_the_mendicant_orders_in_zurich,HAS_FACT
place_grossmünster_zurich_switzerland,fact_place_place_grossmünster_zurich_switzerland_the_post_reformation_grossmünster_chapter_took_on_new_tasks_especially_in_theology_education,HAS_FACT
place_grossmünster_zurich_switzerland,fact_place_place_grossmünster_zurich_switzerland_the_antistes_was_also_first_pastor_at_grossmünster,HAS_FACT
place_zurich_switzerland,fact_place_place_zurich_switzerland_monastic_properties_were_transferred_to_city_ownership_during_the_reformation,HAS_FACT
place_zurich_switzerland,fact_place_place_zurich_switzerland_the_antistes_was_elected_for_life_by_the_council_of_the_city,HAS_FACT
place_zurich_switzerland,fact_place_place_zurich_switzerland_as_head_of_the_zurich_church_the_antistes_presided_over_the_church_political_examiners_convention_and_the_church_synod,HAS_FACT
place_zurich_switzerland,fact_place_place_zurich_switzerland_in_the_17th_century_a_dogmatic_church_dominated_city_public_life,HAS_FACT
place_zurich_switzerland,fact_place_place_zurich_switzerland_a_french_church_was_established_in_the_city_in_1685_for_protestant_refugees,HAS_FACT
place_zurich_switzerland,fact_place_place_zurich_switzerland_catholic_mass_was_celebrated_again_in_the_city_for_the_first_time_only_in_1799,HAS_FACT
place_fraumünster_zurich_switzerland,fact_place_place_fraumünster_zurich_switzerland_the_first_city_schools_were_latin_schools_at_fraumünster,HAS_FACT
place_grossmünster_zurich_switzerland,fact_place_place_grossmünster_zurich_switzerland_the_first_city_schools_were_latin_schools_at_grossmünster,HAS_FACT
place_zurich_switzerland,fact_place_place_zurich_switzerland_after_the_reformation_the_church_reorganized_the_school_system_together_with_city_government_in_zurich,HAS_FACT
place_zurich_switzerland,fact_place_place_zurich_switzerland_the_highest_level_school_was_the_prophezei_from_the_17th_century_carolinum_founded_by_huldrych_zwingli_which_trained_theologians_and_later_also_offered_natural_scie,HAS_FACT
place_zurich_switzerland,fact_place_place_zurich_switzerland_an_intermediate_level_was_the_collegium_humanitatis,HAS_FACT
place_zurich_switzerland,fact_place_place_zurich_switzerland_for_university_education_young_zurichers_mainly_went_to_protestant_universities_of_the_empire,HAS_FACT
place_zurich_switzerland,fact_place_place_zurich_switzerland_based_on_enlightenment_ideas_new_school_types_emerged_in_zurich_in_1774_the_art_school_and_in_1782_the_medical_surgical_institute_were_opened,HAS_FACT
place_zurich_switzerland,fact_place_place_zurich_switzerland_from_1645_the_citizens_library_published_new_year_s_leaflets_for_educating_zurich_youth,HAS_FACT
place_zurich_switzerland,fact_place_place_zurich_switzerland_the_first_newspapers_appeared_in_zurich_from_the_first_half_of_the_17th_century,HAS_FACT
place_zurich_switzerland,fact_place_place_zurich_switzerland_in_the_17th_century_first_societies_emerged_in_zurich_among_them_the_collegium_insulanum_founded_in_1679_and_the_collegium_anatomicum_of_1685,HAS_FACT
place_zurich_switzerland,fact_place_place_zurich_switzerland_in_the_18th_century_among_others_the_physical_society_founded_in_1746_and_the_mathematical_military_society_founded_in_1765,HAS_FACT
place_zurich_switzerland,fact_place_place_zurich_switzerland_music_life_in_zurich_mainly_took_place_in_the_domestic_sphere_church_and_various_music_societies_like_the_1613_founded_society_at_the_music_hall,HAS_FACT
place_zurich_switzerland,fact_place_place_zurich_switzerland_in_the_16th_century_plays_were_performed_on_münsterhof_involving_the_whole_city,HAS_FACT
place_zurich_switzerland,fact_place_place_zurich_switzerland_theater_life_ceased_completely_in_1624_under_antistes_johann_jakob_breitinger_due_to_puritan_rigorism,HAS_FACT
place_zurich_switzerland,fact_place_place_zurich_switzerland_thanks_to_johann_jakob_bodmer_and_johann_jakob_breitinger_zurich_became_a_center_of_german_language_literature_in_the_18th_century,HAS_FACT
place_zurich_switzerland,fact_place_place_zurich_switzerland_prominent_artists_and_academics_included_johann_heinrich_füssli_salomon_gessner_johann_kaspar_lavater_and_johann_heinrich_rahn,HAS_FACT
place_zurich_switzerland,fact_place_place_zurich_switzerland_the_political_municipality_of_active_resident_citizens_was_led_by_the_municipality_in_zurich_after_1798,HAS_FACT
place_zurich_switzerland,fact_place_place_zurich_switzerland_in_1799_the_citizen_community_joined_the_political_municipality_in_zurich,HAS_FACT
place_zurich_switzerland,fact_place_place_zurich_switzerland_the_community_assembly_of_citizens_and_residents_with_a_two_year_residence_or_city_real_estate_ownership_elected_a_15_member_city_council_in_zurich_during_the_media,HAS_FACT
place_zurich_switzerland,fact_place_place_zurich_switzerland_in_1816_the_cantonal_great_council_enacted_an_organizational_law_for_the_zurich_city_council_based_on_the_restoration_constitution,HAS_FACT
place_zurich_switzerland,fact_place_place_zurich_switzerland_the_larger_city_council_in_zurich_consisted_of_five_representatives_from_each_of_the_13_cantonal_city_election_guilds,HAS_FACT
place_zurich_switzerland,fact_place_place_zurich_switzerland_the_regeneration_constitution_of_1831_granted_zurich_municipalities_the_right_to_enact_own_municipal_regulations,HAS_FACT
place_zurich_switzerland,fact_place_place_zurich_switzerland_the_first_zurich_municipality_ordinance_of_1831_established_a_small_city_council_of_seven_members_and_a_60_member_large_city_council,HAS_FACT
place_zurich_switzerland,fact_place_place_zurich_switzerland_the_election_guilds_in_zurich_were_abolished_at_cantonal_level_in_1838_but_the_large_city_council_was_elected_by_them_until_1866,HAS_FACT
place_zurich_switzerland,fact_place_place_zurich_switzerland_in_1875_the_poor_and_citizen_community_in_zurich_was_abolished_and_converted_into_a_personal_association_of_city_citizens_living_in_zurich,HAS_FACT
place_zurich_switzerland,fact_place_place_zurich_switzerland_in_1881_small_and_large_city_councils_in_zurich_were_separated_personnel_wise_and_elected_at_ballot_box,HAS_FACT
place_zurich_switzerland,fact_place_place_zurich_switzerland_the_community_assembly_in_zurich_was_abolished_in_1891_and_replaced_by_municipal_initiative_and_referendum,HAS_FACT
place_zurich_switzerland,fact_place_place_zurich_switzerland_the_municipality_ordinance_of_1892_increased_the_number_of_city_councilors_in_zurich_from_seven_to_nine,HAS_FACT
place_zurich_switzerland,fact_place_place_zurich_switzerland_since_1913_the_large_city_council_in_zurich_has_been_elected_proportionally,HAS_FACT
place_zurich_switzerland,fact_place_place_zurich_switzerland_the_1933_municipality_ordinance_renamed_the_parliament_to_municipal_council_in_zurich,HAS_FACT
place_zurich_switzerland,fact_place_place_zurich_switzerland_municipal_women_s_suffrage_was_introduced_in_zurich_in_1969,HAS_FACT
place_zurich_switzerland,fact_place_place_zurich_switzerland_from_1970_until_2010_44_partial_revisions_of_the_municipality_ordinance_took_place_in_zurich,HAS_FACT
place_oberdorf,fact_place_place_oberdorf_in_1798_the_city_was_divided_into_three_sections_oberdorf_niederdorf_and_kleine_stadt,HAS_FACT
place_niederdorf,fact_place_place_niederdorf_in_1798_the_city_was_divided_into_three_sections_oberdorf_niederdorf_and_kleine_stadt,HAS_FACT
place_kleine_stadt,fact_place_place_kleine_stadt_in_1798_the_city_was_divided_into_three_sections_oberdorf_niederdorf_and_kleine_stadt,HAS_FACT
place_zurich_switzerland,fact_place_place_zurich_switzerland_the_strong_immigration_in_the_19th_century_mainly_affected_suburbs_and_financially_overwhelmed_them,HAS_FACT
place_zurich_switzerland,fact_place_place_zurich_switzerland_the_first_incorporation_of_1893_made_zurich_the_largest_swiss_city,HAS_FACT
place_zurich_switzerland,fact_place_place_zurich_switzerland_the_1891_cantonal_allocation_law_fixed_the_division_into_five_zurich_districts_then_still_numbered_with_roman_numerals,HAS_FACT
place_zurich_switzerland,fact_place_place_zurich_switzerland_in_1913_these_districts_were_increased_to_eight,HAS_FACT
place_zurich_switzerland,fact_place_place_zurich_switzerland_the_1933_municipality_ordinance_divided_zurich_into_eleven_precincts_before_the_second_incorporation_of_1934,HAS_FACT
place_zurich_switzerland,fact_place_place_zurich_switzerland_since_1970_schwamendingen_forms_district_12,HAS_FACT
place_altstadt_zurich_switzerland,fact_place_place_altstadt_zurich_switzerland_the_1891_cantonal_allocation_law_fixed_the_division_into_five_zurich_districts_including_altstadt_i,HAS_FACT
place_altstadt_zurich_switzerland,fact_place_place_altstadt_zurich_switzerland_in_1933_altstadt_was_precinct_1,HAS_FACT
place_enge_zurich_switzerland,fact_place_place_enge_zurich_switzerland_the_1891_cantonal_allocation_law_fixed_the_division_into_five_zurich_districts_including_enge,HAS_FACT
place_enge_zurich_switzerland,fact_place_place_enge_zurich_switzerland_in_1933_enge_was_part_of_precinct_2,HAS_FACT
place_leimbach_zurich_switzerland,fact_place_place_leimbach_zurich_switzerland_the_1891_cantonal_allocation_law_fixed_the_division_into_five_zurich_districts_including_leimbach,HAS_FACT
place_leimbach_zurich_switzerland,fact_place_place_leimbach_zurich_switzerland_in_1933_leimbach_was_part_of_precinct_2,HAS_FACT
place_wollishofen_zurich_switzerland,fact_place_place_wollishofen_zurich_switzerland_the_1891_cantonal_allocation_law_fixed_the_division_into_five_zurich_districts_including_wollishofen_ii,HAS_FACT
place_wollishofen_zurich_switzerland,fact_place_place_wollishofen_zurich_switzerland_in_1933_wollishofen_was_part_of_precinct_2,HAS_FACT
place_aussersihl_and_wiedikon_iii,fact_place_place_aussersihl_and_wiedikon_iii_the_1891_cantonal_allocation_law_fixed_the_division_into_five_zurich_districts_including_aussersihl_and_wiedikon_iii,HAS_FACT
place_oberstrass_unterstrass_and_wipkingen_iv,fact_place_place_oberstrass_unterstrass_and_wipkingen_iv_the_1891_cantonal_allocation_law_fixed_the_division_into_five_zurich_districts_including_oberstrass_unterstrass_and_wipkingen_iv,HAS_FACT
place_fluntern_hirslanden_hottingen_and_riesbach_v,fact_place_place_fluntern_hirslanden_hottingen_and_riesbach_v_the_1891_cantonal_allocation_law_fixed_the_division_into_five_zurich_districts_including_fluntern_hirslanden_hottingen_and_riesbach_v,HAS_FACT
place_wiedikon_zurich_switzerland,fact_place_place_wiedikon_zurich_switzerland_in_1933_wiedikon_was_precinct_3,HAS_FACT
place_aussersihl_zurich_switzerland,fact_place_place_aussersihl_zurich_switzerland_in_1933_aussersihl_was_precinct_4,HAS_FACT
place_industriequartier_zurich_switzerland,fact_place_place_industriequartier_zurich_switzerland_in_1933_industriequartier_was_precinct_5,HAS_FACT
place_oberstrass_and_unterstrass_6,fact_place_place_oberstrass_and_unterstrass_6_in_1933_oberstrass_and_unterstrass_were_precinct_6,HAS_FACT
place_fluntern_hirslanden_hottingen_and_witikon_7,fact_place_place_fluntern_hirslanden_hottingen_and_witikon_7_in_1933_fluntern_hirslanden_hottingen_and_witikon_were_precinct_7,HAS_FACT
place_riesbach_zurich_switzerland,fact_place_place_riesbach_zurich_switzerland_in_1933_riesbach_was_precinct_8,HAS_FACT
place_albisrieden_and_altstetten_9,fact_place_place_albisrieden_and_altstetten_9_in_1933_albisrieden_and_altstetten_were_precinct_9,HAS_FACT
place_höngg_and_wipkingen_10,fact_place_place_höngg_and_wipkingen_10_in_1933_höngg_and_wipkingen_were_precinct_10,HAS_FACT
place_affoltern_oerlikon_schwamendingen_and_seebach_11,fact_place_place_affoltern_oerlikon_schwamendingen_and_seebach_11_in_1933_affoltern_oerlikon_schwamendingen_and_seebach_were_precinct_11,HAS_FACT
place_schwamendingen_zurich_switzerland,fact_place_place_schwamendingen_zurich_switzerland_since_1970_schwamendingen_forms_district_12,HAS_FACT
place_aussersihl_zurich_switzerland,fact_place_place_aussersihl_zurich_switzerland_the_lithographers_cooperative_s_working_gallery_was_located_in_aussersihl,HAS_FACT
place_central_library_zurich_zurich_switzerland,fact_place_place_central_library_zurich_zurich_switzerland_the_commemorative_sheet_is_held_in_the_central_library_zurich_graphic_collection_and_photo_archive,HAS_FACT
place_zurich_switzerland,fact_place_place_zurich_switzerland_from_1799_to_mid_19th_century_conservatives_dominated_city_politics,HAS_FACT
place_zurich_switzerland,fact_place_place_zurich_switzerland_after_1845_liberals_began_to_dominate_city_politics,HAS_FACT
place_zurich_switzerland,fact_place_place_zurich_switzerland_until_the_first_incorporation_zurich_was_a_liberal_stronghold,HAS_FACT
place_zurich_switzerland,fact_place_place_zurich_switzerland_the_citizen_community_fell_with_the_municipality_law_of_1875,HAS_FACT
place_canton_of_zurich_switzerland,fact_place_place_canton_of_zurich_switzerland_urban_liberals_played_a_mainly_cantonal_role_from_1830,HAS_FACT
place_canton_of_zurich_switzerland,fact_place_place_canton_of_zurich_switzerland_after_their_return_to_power_in_the_canton_liberals_began_to_dominate_city_politics_after_1845,HAS_FACT
place_winterthur_zurich_switzerland,fact_place_place_winterthur_zurich_switzerland_strong_immigration_from_mid_19th_century_favored_the_rise_of_the_democratic_movement_anchored_mainly_in_winterthur_and_rural_areas,HAS_FACT
place_zurich_switzerland,fact_place_place_zurich_switzerland_the_swiss_social_archive_is_located_in_zurich,HAS_FACT
place_zurich_switzerland,fact_place_place_zurich_switzerland_the_social_democratic_party_is_associated_with_the_city_of_zurich,HAS_FACT
place_museum_of_design_zurich_zurich_switzerland,fact_place_place_museum_of_design_zurich_zurich_switzerland_the_election_poster_is_held_in_the_museum_of_design_zurich,HAS_FACT
place_zurich_university_of_the_arts_zurich_switzerland,fact_place_place_zurich_university_of_the_arts_zurich_switzerland_the_election_poster_is_part_of_the_poster_collection_at_zurich_university_of_the_arts,HAS_FACT
place_large_city_council,fact_place_place_large_city_council_the_liberal_party_from_1917_fdp_dominated_the_large_city_council_until_1907,HAS_FACT
place_large_city_council,fact_place_place_large_city_council_the_sp_took_over_the_large_city_council_after_1907,HAS_FACT
place_large_city_council,fact_place_place_large_city_council_from_1928_1938_red_zurich_had_an_absolute_parliamentary_majority_in_the_large_city_council,HAS_FACT
place_large_city_council,fact_place_place_large_city_council_in_1938_the_national_ring_of_independents_ldu_entered_the_municipal_council,HAS_FACT
place_large_city_council,fact_place_place_large_city_council_the_cvp_founded_a_city_party_section_as_christian_social_party_in_1907,HAS_FACT
place_large_city_council,fact_place_place_large_city_council_together_with_the_evangelical_people_s_party_the_political_center_was_formed_until_the_late_1970s,HAS_FACT
place_large_city_council,fact_place_place_large_city_council_in_2002_the_svp_replaced_the_fdp_as_the_strongest_bourgeois_force,HAS_FACT
place_executive_city_council,fact_place_place_executive_city_council_the_democratic_party_dominated_the_executive_city_council_from_1892_to_1901_with_five_of_nine_seats,HAS_FACT
place_executive_city_council,fact_place_place_executive_city_council_from_1907_the_sp_held_four_seats_in_the_executive_city_council,HAS_FACT
place_executive_city_council,fact_place_place_executive_city_council_from_1928_the_sp_held_five_seats_in_the_executive_city_council,HAS_FACT
place_executive_city_council,fact_place_place_executive_city_council_red_zurich_ended_in_1949_with_the_death_of_city_president_adolf_lüchinger,HAS_FACT
place_executive_city_council,fact_place_place_executive_city_council_from_1950_the_sp_generally_held_four_seats_in_the_executive_city_council,HAS_FACT
place_executive_city_council,fact_place_place_executive_city_council_from_1950_the_fdp_and_the_dissolved_ldu_each_held_one_to_two_seats_in_the_executive_city_council,HAS_FACT
place_executive_city_council,fact_place_place_executive_city_council_in_1970_emilie_lieberherr_sp_became_the_first_woman_elected_to_the_city_council,HAS_FACT
place_executive_city_council,fact_place_place_executive_city_council_in_1990_the_sp_became_the_strongest_party_again_in_the_city_council,HAS_FACT
place_executive_city_council,fact_place_place_executive_city_council_in_1990_the_svp_exited_the_city_council,HAS_FACT
place_executive_city_council,fact_place_place_executive_city_council_since_1994_a_red_green_majority_has_governed_the_city_council,HAS_FACT
place_zurich_switzerland,fact_place_place_zurich_switzerland_the_assets_of_the_former_city_state_passed_to_the_helvetic_republic_which_provisionally_left_properties_to_the_city_in_1798,HAS_FACT
place_zurich_switzerland,fact_place_place_zurich_switzerland_the_1803_mediation_act_secured_assets_covering_costs_for_school_poor_relief_church_and_construction_in_the_city,HAS_FACT
place_zurich_switzerland,fact_place_place_zurich_switzerland_from_1802_the_city_charged_billeting_fees_per_household,HAS_FACT
place_zurich_switzerland,fact_place_place_zurich_switzerland_from_1833_residents_of_the_city_were_taxed_for_police_school_church_and_road_construction,HAS_FACT
place_zurich_switzerland,fact_place_place_zurich_switzerland_those_owning_property_in_the_city_paid_contributions_for_public_buildings_and_fire_brigade,HAS_FACT
place_zurich_switzerland,fact_place_place_zurich_switzerland_the_1855_municipality_law_equated_residents_and_citizens_tax_wise_in_the_city,HAS_FACT
place_zurich_switzerland,fact_place_place_zurich_switzerland_direct_municipal_taxes_were_introduced_in_the_city_in_1855_but_did_not_yet_affect_poor_relief,HAS_FACT
place_zurich_switzerland,fact_place_place_zurich_switzerland_the_1891_allocation_law_introduced_a_modern_municipal_tax_system_in_the_city,HAS_FACT
place_zurich_switzerland,fact_place_place_zurich_switzerland_until_1835_church_communities_were_responsible_for_poor_relief_in_the_city,HAS_FACT
place_zurich_switzerland,fact_place_place_zurich_switzerland_in_1835_city_central_poor_authority_and_general_poor_support_fund_were_established_in_zurich,HAS_FACT
place_zurich_switzerland,fact_place_place_zurich_switzerland_private_charity_such_as_the_relief_society_or_community_society_remained_necessary_in_zurich_well_into_the_20th_century,HAS_FACT
place_zurich_switzerland,fact_place_place_zurich_switzerland_the_city_of_zurich_gradually_expanded_social_benefits,HAS_FACT
place_zurich_switzerland,fact_place_place_zurich_switzerland_the_association_organized_and_municipality_supported_voluntary_and_resident_poor_relief_of_the_city_of_zurich_operated_from_1878_to_1929,HAS_FACT
place_zurich_switzerland,fact_place_place_zurich_switzerland_since_1907_the_city_of_zurich_supports_housing_construction_via_cooperative_support,HAS_FACT
place_platzspitz_zurich_switzerland,fact_place_place_platzspitz_zurich_switzerland_the_gasworks_was_located_at_platzspitz_until_1867,HAS_FACT
place_industriequartier_zurich_switzerland,fact_place_place_industriequartier_zurich_switzerland_the_gasworks_was_located_in_industriequartier_from_1867_until_1898,HAS_FACT
place_schlieren_zurich_switzerland,fact_place_place_schlieren_zurich_switzerland_the_gasworks_was_located_in_schlieren_from_1898,HAS_FACT
place_zurich_switzerland,fact_place_place_zurich_switzerland_construction_of_zurich_water_supply_pipelines_took_place_at_schanzengraben_near_the_botanical_garden_of_the_university,HAS_FACT
place_schanzengraben,fact_place_place_schanzengraben_zurich_water_supply_pipelines_were_constructed_at_schanzengraben,HAS_FACT
place_botanical_garden_of_the_university,fact_place_place_botanical_garden_of_the_university_the_botanical_garden_of_the_university_is_near_the_location_of_the_zurich_water_supply_pipeline_construction,HAS_FACT
place_zurich_switzerland,fact_place_place_zurich_switzerland_the_municipal_engineering_office_in_zurich_created_a_sample_plan_for_homeowners_in_1867,HAS_FACT
place_limmat_zurich_switzerland,fact_place_place_limmat_zurich_switzerland_in_1868_drinking_water_supply_was_improved_to_provide_households_with_process_water_from_the_limmat,HAS_FACT
place_sihl_zurich_switzerland,fact_place_place_sihl_zurich_switzerland_since_1895_spring_water_from_the_sihl_valley_was_used_for_water_supply,HAS_FACT
place_lorze_valley_switzerland,fact_place_place_lorze_valley_switzerland_since_1895_spring_water_from_the_lorze_valleys_was_used_for_water_supply,HAS_FACT
place_letten_power_plant_zurich_switzerland,fact_place_place_letten_power_plant_zurich_switzerland_the_municipal_letten_power_plant_began_operation_in_1892,HAS_FACT
place_albula_switzerland,fact_place_place_albula_switzerland_the_city_engaged_in_hydropower_plants_including_albula,HAS_FACT
place_heidsee_switzerland,fact_place_place_heidsee_switzerland_the_city_engaged_in_hydropower_plants_including_heidsee,HAS_FACT
place_limmat_wettingen_switzerland,fact_place_place_limmat_wettingen_switzerland_the_city_engaged_in_hydropower_plants_including_limmat_wettingen,HAS_FACT
place_julia_tiefencastel_switzerland,fact_place_place_julia_tiefencastel_switzerland_the_city_engaged_in_hydropower_plants_including_julia_tiefencastel,HAS_FACT
place_julia_marmorera_switzerland,fact_place_place_julia_marmorera_switzerland_the_city_engaged_in_hydropower_plants_including_julia_marmorera,HAS_FACT
place_bergell_switzerland,fact_place_place_bergell_switzerland_the_city_engaged_in_hydropower_plants_including_bergell_power_plants,HAS_FACT
place_maggia_switzerland,fact_place_place_maggia_switzerland_the_city_participated_in_water_and_nuclear_power_plants_including_maggia,HAS_FACT
place_blenio_switzerland,fact_place_place_blenio_switzerland_the_city_participated_in_water_and_nuclear_power_plants_including_blenio,HAS_FACT
place_hinterrhein_switzerland,fact_place_place_hinterrhein_switzerland_the_city_participated_in_water_and_nuclear_power_plants_including_hinterrhein,HAS_FACT
place_gösgen_nuclear_power_plant_switzerland,fact_place_place_gösgen_nuclear_power_plant_switzerland_the_city_participated_in_nuclear_power_plants_including_gösgen,HAS_FACT
place_leibstadt_nuclear_power_plant_switzerland,fact_place_place_leibstadt_nuclear_power_plant_switzerland_the_city_participated_in_nuclear_power_plants_including_leibstadt,HAS_FACT
place_bugey_nuclear_power_plant_france,fact_place_place_bugey_nuclear_power_plant_france_the_city_participated_in_nuclear_power_plants_including_bugey_in_france,HAS_FACT
place_cattenom_nuclear_power_plant_france,fact_place_place_cattenom_nuclear_power_plant_france_the_city_participated_in_nuclear_power_plants_including_cattenom_in_france,HAS_FACT
place_rösslitram,fact_place_place_rösslitram_the_private_rösslitram_opened_in_1888_was_municipalized_in_1894_and_electrified_in_1900,HAS_FACT
place_zurich_switzerland,fact_place_place_zurich_switzerland_by_1931_the_municipal_tramway_zurich_vbz_from_1950_took_over_all_private_tram_companies,HAS_FACT
place_zurich_switzerland,fact_place_place_zurich_switzerland_the_zurich_transport_network_the_merger_of_vbz_with_seven_other_transport_companies_began_operation_together_with_the_s_bahn_in_1990,HAS_FACT
place_zurich_switzerland,fact_place_place_zurich_switzerland_until_1830_only_the_core_city_was_densely_built,HAS_FACT
place_zurich_switzerland,fact_place_place_zurich_switzerland_the_rest_of_the_city_area_consisted_of_meadows_fields_vineyards_forest_isolated_farms_and_villas_of_city_dwellers_until_1830,HAS_FACT
place_medieval_city_wall,fact_place_place_medieval_city_wall_from_1780_deconstruction_of_the_medieval_city_wall_began,HAS_FACT
place_canton_of_zurich_switzerland,fact_place_place_canton_of_zurich_switzerland_from_1833_the_canton_started_demolishing_fortifications_creating_space_for_public_buildings_and_roads,HAS_FACT
place_münsterbrücke_zurich_switzerland,fact_place_place_münsterbrücke_zurich_switzerland_with_the_construction_of_münster_bridge_from_1835_zurich_oriented_itself_from_the_limmat_towards_the_lake,HAS_FACT
place_limmatquai_zurich_switzerland,fact_place_place_limmatquai_zurich_switzerland_with_the_construction_of_limmatquai_from_1835_zurich_oriented_itself_from_the_limmat_towards_the_lake,HAS_FACT
place_limmatquai_zurich_switzerland,fact_place_place_limmatquai_zurich_switzerland_by_1859_the_limmatquai_was_built,HAS_FACT
place_zurich_hauptbahnhof_zurich_switzerland,fact_place_place_zurich_hauptbahnhof_zurich_switzerland_the_station_outside_the_old_town_opened_in_1847_sparking_a_large_construction_phase_from_1860_to_1890,HAS_FACT
place_bahnhofbrücke_zurich_switzerland,fact_place_place_bahnhofbrücke_zurich_switzerland_from_1861_to_1863_the_bahnhofbrücke_was_built,HAS_FACT
place_zeughaus_zurich_switzerland,fact_place_place_zeughaus_zurich_switzerland_from_1864_to_1869_the_zeughaus_was_built,HAS_FACT
place_aussersihl_zurich_switzerland,fact_place_place_aussersihl_zurich_switzerland_from_1873_to_1875_a_barracks_was_built_in_aussersihl,HAS_FACT
place_bahnhofstrasse_zurich_switzerland,fact_place_place_bahnhofstrasse_zurich_switzerland_from_1864_bahnhofstrasse_was_constructed,HAS_FACT
place_bahnhof_district_zurich_switzerland,fact_place_place_bahnhof_district_zurich_switzerland_from_1867_the_bahnhof_district_was_developed,HAS_FACT
place_eth_zurich_zurich_switzerland,fact_place_place_eth_zurich_zurich_switzerland_from_1861_to_1864_the_polytechnical_school_was_built,HAS_FACT
place_zurich_hauptbahnhof_zurich_switzerland,fact_place_place_zurich_hauptbahnhof_zurich_switzerland_from_1865_to_1871_the_new_main_train_station_was_constructed,HAS_FACT
place_paradeplatz_zurich_switzerland,fact_place_place_paradeplatz_zurich_switzerland_from_1873_to_1875_the_schweizerische_kreditanstalt_at_paradeplatz_was_built,HAS_FACT
place_selnau_zurich_switzerland,fact_place_place_selnau_zurich_switzerland_zurich_expanded_its_city_boundary_into_selnau,HAS_FACT
place_neumühlequai_zurich_switzerland,fact_place_place_neumühlequai_zurich_switzerland_zurich_expanded_its_city_boundary_at_neumühlequai,HAS_FACT
place_fraumünster_district_zurich_switzerland,fact_place_place_fraumünster_district_zurich_switzerland_zurich_laid_out_the_fraumünster_district_from_1875,HAS_FACT
place_prediger_district_zurich_switzerland,fact_place_place_prediger_district_zurich_switzerland_zurich_laid_out_the_prediger_district_from_1876_to_1878,HAS_FACT
place_industriequartier_aussersihl_zurich_switzerland,fact_place_place_industriequartier_aussersihl_zurich_switzerland_zurich_laid_out_the_industriequartier_in_aussersihl_from_1877_to_1880,HAS_FACT
place_zurich_stock_exchange_zurich_switzerland,fact_place_place_zurich_stock_exchange_zurich_switzerland_from_1880_to_1890_the_stock_exchange_was_built,HAS_FACT
place_upper_bahnhofstrasse_zurich_switzerland,fact_place_place_upper_bahnhofstrasse_zurich_switzerland_from_1880_to_1890_the_upper_bahnhofstrasse_was_built,HAS_FACT
place_lake_promenade_zurich_switzerland,fact_place_place_lake_promenade_zurich_switzerland_from_1880_to_1890_the_lake_promenade_was_built,HAS_FACT
place_quaibrücke_zurich_switzerland,fact_place_place_quaibrücke_zurich_switzerland_from_1880_to_1890_the_quaibrücke_was_built,HAS_FACT
place_lakeside_zurich_switzerland,fact_place_place_lakeside_zurich_switzerland_after_1890_construction_of_the_lakeside_was_carried_out,HAS_FACT
place_stadthausquai_zurich_switzerland,fact_place_place_stadthausquai_zurich_switzerland_after_1890_construction_of_the_stadthausquai_was_carried_out,HAS_FACT
place_oetenbach_site_zurich_switzerland,fact_place_place_oetenbach_site_zurich_switzerland_the_new_administrative_center_planned_by_gustav_gull_included_office_buildings_on_the_oetenbach_site,HAS_FACT
place_schipfe_zurich_switzerland,fact_place_place_schipfe_zurich_switzerland_the_new_administrative_center_planned_by_gustav_gull_included_office_buildings_along_schipfe,HAS_FACT
place_zähringerplatz_zurich_switzerland,fact_place_place_zähringerplatz_zurich_switzerland_a_street_connection_from_zähringerplatz_to_rämistrasse_was_planned_but_only_partially_realized,HAS_FACT
place_rämistrasse_zurich_switzerland,fact_place_place_rämistrasse_zurich_switzerland_a_street_connection_from_zähringerplatz_to_rämistrasse_was_planned_but_only_partially_realized,HAS_FACT
place_zurich_switzerland,fact_place_place_zurich_switzerland_the_international_competition_for_a_development_plan_for_zurich_and_its_suburbs_1915_1918_strongly_shaped_future_development,HAS_FACT
place_zurich_switzerland,fact_place_place_zurich_switzerland_the_paragraph_discusses_the_urban_development_of_zurich,HAS_FACT
place_zurich_switzerland,fact_place_place_zurich_switzerland_the_paragraph_discusses_the_development_of_the_zurich_agglomeration,HAS_FACT
place_zurich_switzerland,fact_place_place_zurich_switzerland_from_1930_the_city_acquired_houses_for_old_town_renovation,HAS_FACT
place_zurich_switzerland,fact_place_place_zurich_switzerland_in_1962_the_old_town_was_placed_under_city_protection,HAS_FACT
place_zurich_switzerland,fact_place_place_zurich_switzerland_the_concept_of_a_car_friendly_city_was_only_partially_realized_including_widening_bahnhof_and_limmatquai_bahnhof_bridge_and_central,HAS_FACT
place_zurich_switzerland,fact_place_place_zurich_switzerland_the_high_performance_road_around_the_old_town_planned_in_the_1955_general_traffic_plan_was_not_built,HAS_FACT
place_zurich_switzerland,fact_place_place_zurich_switzerland_an_underground_or_deep_tram_rejected_in_the_1962_referendum_was_not_built,HAS_FACT
place_zurich_switzerland,fact_place_place_zurich_switzerland_an_underground_railway_rejected_in_1973_was_not_built,HAS_FACT
place_zurich_switzerland,fact_place_place_zurich_switzerland_the_city_tried_to_solve_inner_city_traffic_problems_with_federal_funds_by_promoting_highway_construction,HAS_FACT
place_zurich_switzerland,fact_place_place_zurich_switzerland_the_opening_of_the_provisional_western_tangent_in_1972_led_to_a_rethink,HAS_FACT
place_zurich_switzerland,fact_place_place_zurich_switzerland_environmental_concerns_regularly_found_political_majorities,HAS_FACT
place_zurich_switzerland,fact_place_place_zurich_switzerland_the_deindustrialization_from_the_1970s_caused_a_financial_crisis_in_the_1990s,HAS_FACT
place_zurich_switzerland,fact_place_place_zurich_switzerland_the_deindustrialization_created_free_spaces_enabling_the_boom_in_zurich_west_and_repurposing_of_industrial_areas_into_service_and_residential_districts_in_oerlikon_,HAS_FACT
place_old_town_zurich_switzerland,fact_place_place_old_town_zurich_switzerland_in_1962_the_old_town_was_placed_under_city_protection_often_leading_to_hollowing_out_of_old_town_houses,HAS_FACT
place_old_town_zurich_switzerland,fact_place_place_old_town_zurich_switzerland_the_high_performance_road_around_the_old_town_planned_in_the_1955_general_traffic_plan_was_not_built,HAS_FACT
place_bahnhof_and_limmatquai,fact_place_place_bahnhof_and_limmatquai_the_concept_of_a_car_friendly_city_was_only_partially_realized_including_widening_bahnhof_and_limmatquai,HAS_FACT
place_bahnhofbrücke_zurich_switzerland,fact_place_place_bahnhofbrücke_zurich_switzerland_the_concept_of_a_car_friendly_city_was_only_partially_realized_including_widening_bahnhof_bridge,HAS_FACT
place_central_zurich_switzerland,fact_place_place_central_zurich_switzerland_the_concept_of_a_car_friendly_city_was_only_partially_realized_including_widening_central,HAS_FACT
place_zurich_west_zurich_switzerland,fact_place_place_zurich_west_zurich_switzerland_the_deindustrialization_created_free_spaces_enabling_the_boom_in_zurich_west,HAS_FACT
place_oerlikon_zurich_switzerland,fact_place_place_oerlikon_zurich_switzerland_the_deindustrialization_created_free_spaces_enabling_repurposing_of_industrial_areas_into_service_and_residential_districts_in_oerlikon,HAS_FACT
place_giesshübel_zurich_switzerland,fact_place_place_giesshübel_zurich_switzerland_the_deindustrialization_created_free_spaces_enabling_repurposing_of_industrial_areas_into_service_and_residential_districts_in_giesshübel,HAS_FACT
place_binz_zurich_switzerland,fact_place_place_binz_zurich_switzerland_the_deindustrialization_created_free_spaces_enabling_repurposing_of_industrial_areas_into_service_and_residential_districts_in_binz,HAS_FACT
place_altstetten_zurich_switzerland,fact_place_place_altstetten_zurich_switzerland_the_deindustrialization_created_free_spaces_enabling_repurposing_of_industrial_areas_into_service_and_residential_districts_in_altstetten,HAS_FACT
place_affoltern_zurich_switzerland,fact_place_place_affoltern_zurich_switzerland_the_deindustrialization_created_free_spaces_enabling_repurposing_of_industrial_areas_into_service_and_residential_districts_in_affoltern,HAS_FACT
place_zurich_switzerland,fact_place_place_zurich_switzerland_at_the_beginning_of_the_19th_century_cotton_and_silk_industries_dominated_city_economy,HAS_FACT
place_zurich_switzerland,fact_place_place_zurich_switzerland_silk_trade_and_processing_took_place_in_zurich,HAS_FACT
place_zurich_switzerland,fact_place_place_zurich_switzerland_construction_of_the_railway_from_1847_enabled_zurich_s_development_as_an_industrial_center_and_transport_hub,HAS_FACT
place_zurich_switzerland,fact_place_place_zurich_switzerland_with_schweizerische_kreditanstalt_created_in_1856_to_finance_the_textile_industry_and_railway_construction_zurich_became_a_banking_center,HAS_FACT
place_zurich_switzerland,fact_place_place_zurich_switzerland_schweizerische_rentenanstalt_1857_and_schweizerische_rückversicherungsanstalt_1863_founded_the_insurance_sector_in_zurich,HAS_FACT
place_zurich_switzerland,fact_place_place_zurich_switzerland_towards_the_end_of_the_19th_century_heavy_industry_shifted_from_the_center_to_outskirts_in_aussersihl_and_oerlikon,HAS_FACT
place_zurich_switzerland,fact_place_place_zurich_switzerland_by_1930_the_textile_industry_lost_its_leading_role_to_metal_machinery_and_electrical_industries,HAS_FACT
place_zurich_switzerland,fact_place_place_zurich_switzerland_in_1929_a_quarter_of_all_bank_employees_and_a_third_of_all_insurance_employees_in_switzerland_worked_in_zurich,HAS_FACT
place_zurich_switzerland,fact_place_place_zurich_switzerland_in_the_1980s_and_1990s_financial_institutions_outsourced_parts_of_their_jobs_to_suburbs_and_the_zurich_region_became_one_of_the_world_s_ten_largest_financial_center,HAS_FACT
place_zurich_switzerland,fact_place_place_zurich_switzerland_in_the_second_half_of_the_20th_century_the_city_also_became_switzerland_s_media_center,HAS_FACT
place_zurich_switzerland,fact_place_place_zurich_switzerland_apart_from_major_zurich_newspapers_neue_zürcher_zeitung_and_tages_anzeiger_tabloid_and_popular_press_such_as_blick_were_published_here,HAS_FACT
place_zurich_switzerland,fact_place_place_zurich_switzerland_german_and_romansh_speaking_swiss_television_settled_in_zurich,HAS_FACT
place_neumühlequai,fact_place_place_neumühlequai_in_1805_the_mechanical_cotton_spinning_mill_later_escher_wyss_cie_machine_factory_was_founded_at_neumühlequai,HAS_FACT
place_limmat_switzerland,fact_place_place_limmat_switzerland_mills_on_the_limmat_were_converted_into_textile_factories_by_1895,HAS_FACT
place_aussersihl_zurich_switzerland,fact_place_place_aussersihl_zurich_switzerland_towards_the_end_of_the_19th_century_heavy_industry_shifted_from_the_center_to_outskirts_in_aussersihl,HAS_FACT
place_oerlikon_zurich_switzerland,fact_place_place_oerlikon_zurich_switzerland_towards_the_end_of_the_19th_century_heavy_industry_shifted_from_the_center_to_outskirts_in_oerlikon,HAS_FACT
place_zurich_switzerland,fact_place_place_zurich_switzerland_in_the_early_19th_century_the_minority_of_old_zurich_families_who_had_belonged_to_the_regime_before_1798_dominated_politically_and_economically,HAS_FACT
place_zurich_switzerland,fact_place_place_zurich_switzerland_the_upper_class_in_zurich_met_in_partly_exclusive_clubs_such_as_schildner_zum_schneggen_bogenschützen_the_old_zurich_club_zur_weißen_rose_or_reitclub_zurich,HAS_FACT
place_zurich_switzerland,fact_place_place_zurich_switzerland_guilds_and_some_cultural_and_sports_associations_such_as_the_hottingen_reading_circle_or_the_grasshopper_club_were_more_middle_class_oriented_in_zurich,HAS_FACT
place_zurich_switzerland,fact_place_place_zurich_switzerland_craftsmen_made_up_the_majority_of_zurich_city_population_until_the_abolition_of_privileges_by_ending_the_guild_system_in_1837_and_industrialization_undermined_their,HAS_FACT
place_zurich_switzerland,fact_place_place_zurich_switzerland_the_paragraph_discusses_the_population_development_of_the_city_of_zurich,HAS_FACT
place_zurich_switzerland,fact_place_place_zurich_switzerland_zurich_was_purely_reformed_until_1798,HAS_FACT
place_zurich_switzerland,fact_place_place_zurich_switzerland_zurich_became_a_mixed_denomination_city_due_to_immigration,HAS_FACT
place_zurich_switzerland,fact_place_place_zurich_switzerland_germans_arrived_in_zurich_from_about_1830_as_academics_or_skilled_workers_and_some_as_political_refugees,HAS_FACT
place_zurich_switzerland,fact_place_place_zurich_switzerland_a_support_association_for_german_refugees_was_founded_in_zurich_in_1856,HAS_FACT
place_zurich_switzerland,fact_place_place_zurich_switzerland_around_1900_immigrant_workers_from_germany_in_zurich_were_mostly_female,HAS_FACT
place_zurich_switzerland,fact_place_place_zurich_switzerland_italians_immigrated_to_zurich_from_the_1880s_mainly_from_northern_rural_italy,HAS_FACT
place_zurich_switzerland,fact_place_place_zurich_switzerland_italian_immigrants_in_zurich_were_mainly_employed_in_construction_and_gradually_organized_in_workers_associations,HAS_FACT
place_zurich_switzerland,fact_place_place_zurich_switzerland_more_than_50_strikes_took_place_in_zurich_in_1906_1907,HAS_FACT
place_zurich_switzerland,fact_place_place_zurich_switzerland_the_painters_and_locksmiths_strike_in_zurich_led_in_1912_to_the_general_strike,HAS_FACT
place_zurich_switzerland,fact_place_place_zurich_switzerland_the_worsening_living_conditions_in_world_war_i_radicalized_workers_in_zurich,HAS_FACT
place_zurich_switzerland,fact_place_place_zurich_switzerland_from_1914_the_number_of_foreigners_in_zurich_decreased_continuously_until_after_world_war_ii,HAS_FACT
place_zurich_switzerland,fact_place_place_zurich_switzerland_zurich_was_a_destination_for_political_and_artistic_refugees_from_germany_especially_from_1933,HAS_FACT
place_zurichberg_aussersihl_industriequartier,fact_place_place_zurichberg_aussersihl_industriequartier_in_social_topography_the_zurichberg_aussersihl_industriequartier_contrast_was_increasingly_replaced_by_center_periphery_contrast,HAS_FACT
place_zurich_switzerland,fact_place_place_zurich_switzerland_until_1798_only_reformed_lived_in_zurich,HAS_FACT
place_zurich_switzerland,fact_place_place_zurich_switzerland_reformed_were_divided_into_four_church_parishes_grossmünster_fraumünster_st_peter_and_prediger,HAS_FACT
place_zurich_switzerland,fact_place_place_zurich_switzerland_in_2013_there_were_34_parishes_in_zurich,HAS_FACT
place_zurich_switzerland,fact_place_place_zurich_switzerland_the_first_of_today_s_23_catholic_parishes_emerged_in_1807_in_zurich,HAS_FACT
place_zurich_switzerland,fact_place_place_zurich_switzerland_the_parish_church_was_initially_the_st_anna_chapel,HAS_FACT
place_zurich_switzerland,fact_place_place_zurich_switzerland_from_1833_the_parish_church_was_the_fraumünster,HAS_FACT
place_zurich_switzerland,fact_place_place_zurich_switzerland_from_1842_1873_the_augustiner_church_was_the_parish_church,HAS_FACT
place_zurich_switzerland,fact_place_place_zurich_switzerland_during_the_culture_struggle_the_augustiner_church_was_given_to_the_newly_formed_christian_catholic_community,HAS_FACT
place_zurich_switzerland,fact_place_place_zurich_switzerland_in_1874_st_peter_and_paul_in_aussersihl_was_consecrated,HAS_FACT
place_grossmünster_zurich_switzerland,fact_place_place_grossmünster_zurich_switzerland_grossmünster_was_one_of_the_four_reformed_church_parishes_until_1798,HAS_FACT
place_fraumünster_zurich_switzerland,fact_place_place_fraumünster_zurich_switzerland_fraumünster_was_one_of_the_four_reformed_church_parishes_until_1798,HAS_FACT
place_fraumünster_zurich_switzerland,fact_place_place_fraumünster_zurich_switzerland_from_1833_the_fraumünster_was_the_parish_church_for_catholics,HAS_FACT
place_st_peter_zurich_switzerland,fact_place_place_st_peter_zurich_switzerland_st_peter_was_one_of_the_four_reformed_church_parishes_until_1798,HAS_FACT
place_predigerkirche_zurich_switzerland,fact_place_place_predigerkirche_zurich_switzerland_prediger_was_one_of_the_four_reformed_church_parishes_until_1798,HAS_FACT
place_st_anna_chapel,fact_place_place_st_anna_chapel_the_parish_church_was_initially_the_st_anna_chapel,HAS_FACT
place_augustinerkirche_zurich_switzerland,fact_place_place_augustinerkirche_zurich_switzerland_from_1842_1873_the_augustiner_church_was_the_parish_church,HAS_FACT
place_augustinerkirche_zurich_switzerland,fact_place_place_augustinerkirche_zurich_switzerland_during_the_culture_struggle_the_augustiner_church_was_given_to_the_newly_formed_christian_catholic_community,HAS_FACT
place_st_peter_and_paul_church_aussersihl_zurich_switzerland,fact_place_place_st_peter_and_paul_church_aussersihl_zurich_switzerland_in_1874_st_peter_and_paul_in_aussersihl_was_consecrated,HAS_FACT
place_endingen_aargau_switzerland,fact_place_place_endingen_aargau_switzerland_jews_mainly_from_endingen_were_only_tolerated_before_1862,HAS_FACT
place_lengnau_aargau_switzerland,fact_place_place_lengnau_aargau_switzerland_jews_mainly_from_lengnau_ag_were_only_tolerated_before_1862,HAS_FACT
place_southern_germany,fact_place_place_southern_germany_jews_mainly_from_southern_germany_were_only_tolerated_before_1862,HAS_FACT
place_alsace_france,fact_place_place_alsace_france_jews_mainly_from_alsace_were_only_tolerated_before_1862,HAS_FACT
place_zurich_switzerland,fact_place_place_zurich_switzerland_in_1862_some_immigrants_founded_the_israelite_cultus_community_in_zurich,HAS_FACT
place_zurich_switzerland,fact_place_place_zurich_switzerland_in_1963_the_first_mosque_in_switzerland_the_mahmoud_mosque_was_opened_in_zurich,HAS_FACT
place_zurich_switzerland,fact_place_place_zurich_switzerland_the_growth_of_muslims_of_various_faiths_in_zurich_mainly_stems_from_immigration_of_laborers_and_political_refugees_from_former_yugoslavia_and_turkey,HAS_FACT
place_zurich_switzerland,fact_place_place_zurich_switzerland_the_university_opened_in_zurich_in_1833,HAS_FACT
place_zurich_switzerland,fact_place_place_zurich_switzerland_the_polytechnic_federal_institutes_of_technology_was_founded_in_zurich_in_1855,HAS_FACT
place_zurich_switzerland,fact_place_place_zurich_switzerland_zurich_became_a_research_site_producing_some_nobel_prize_winners,HAS_FACT
place_zurich_switzerland,fact_place_place_zurich_switzerland_the_city_s_higher_daughters_school_was_transferred_to_the_canton_in_1976,HAS_FACT
place_zurich_switzerland,fact_place_place_zurich_switzerland_the_canton_took_over_the_vocational_school_and_the_school_of_applied_arts_in_1988,HAS_FACT
place_zurich_switzerland,fact_place_place_zurich_switzerland_the_school_of_applied_arts_was_transformed_into_the_school_of_design_and_art_in_1998_and_integrated_into_the_university_of_the_arts_in_2007,HAS_FACT
place_aktie_theater_zurich_switzerland,fact_place_place_aktie_theater_zurich_switzerland_the_speech_and_music_stage_of_the_aktie_theater_was_established_in_1834,HAS_FACT
place_aktie_theater_zurich_switzerland,fact_place_place_aktie_theater_zurich_switzerland_charlotte_birch_pfeiffer_directed_the_aktie_theater_from_1837_to_1843,HAS_FACT
place_aktie_theater_zurich_switzerland,fact_place_place_aktie_theater_zurich_switzerland_the_aktie_theater_lasted_until_1890,HAS_FACT
place_aktie_theater_zurich_switzerland,fact_place_place_aktie_theater_zurich_switzerland_the_aktie_theater_burned_down_before_1891,HAS_FACT
place_casino_hirschengraben_zurich_switzerland,fact_place_place_casino_hirschengraben_zurich_switzerland_richard_wagner_gave_concerts_at_the_casino_on_hirschengraben_1806_1874,HAS_FACT
place_tonhalle_in_the_kornhaus_bellevue_zurich_switzerland,fact_place_place_tonhalle_in_the_kornhaus_bellevue_zurich_switzerland_the_tonhalle_in_the_kornhaus_at_bellevue_opened_provisionally_in_1867_for_the_swiss_music_festival,HAS_FACT
place_tonhalle_in_the_kornhaus_bellevue_zurich_switzerland,fact_place_place_tonhalle_in_the_kornhaus_bellevue_zurich_switzerland_the_tonhalle_in_the_kornhaus_at_bellevue_opened_definitely_with_the_founding_of_the_tonhalle_society_in_1868,HAS_FACT
place_tonhalle_in_the_kornhaus_bellevue_zurich_switzerland,fact_place_place_tonhalle_in_the_kornhaus_bellevue_zurich_switzerland_the_tonhalle_in_the_kornhaus_was_demolished_in_1897,HAS_FACT
place_tonhalle_zurich_switzerland,fact_place_place_tonhalle_zurich_switzerland_the_new_tonhalle_was_built_in_1895_replacing_the_tonhalle_in_the_kornhaus,HAS_FACT
place_tonhalle_zurich_switzerland,fact_place_place_tonhalle_zurich_switzerland_in_1937_the_new_tonhalle_was_integrated_into_the_congress_house,HAS_FACT
place_zurich_music_school_zurich_switzerland,fact_place_place_zurich_music_school_zurich_switzerland_the_zurich_music_school_was_founded_in_1876,HAS_FACT
place_zurich_music_school_zurich_switzerland,fact_place_place_zurich_music_school_zurich_switzerland_from_1907_the_zurich_music_school_was_known_as_the_conservatory,HAS_FACT
place_city_theater_at_bellevue_zurich_switzerland,fact_place_place_city_theater_at_bellevue_zurich_switzerland_the_city_theater_at_bellevue_was_built_in_1891_after_the_aktie_theater_burned_down,HAS_FACT
place_city_theater_at_bellevue_zurich_switzerland,fact_place_place_city_theater_at_bellevue_zurich_switzerland_the_city_theater_at_bellevue_was_renamed_opera_house_in_1964,HAS_FACT
place_volkstheater_at_pfauen_zurich_switzerland,fact_place_place_volkstheater_at_pfauen_zurich_switzerland_the_volkstheater_at_pfauen_was_founded_in_1892,HAS_FACT
place_volkstheater_at_pfauen_zurich_switzerland,fact_place_place_volkstheater_at_pfauen_zurich_switzerland_director_ferdinand_rieser_turned_the_volkstheater_at_pfauen_into_the_schauspielhaus,HAS_FACT
place_schauspielhaus_zurich_switzerland,fact_place_place_schauspielhaus_zurich_switzerland_from_1933_the_schauspielhaus_became_the_most_important_independent_stage_in_the_german_speaking_world,HAS_FACT
place_schiffbauhalle_zurich_west_zurich_switzerland,fact_place_place_schiffbauhalle_zurich_west_zurich_switzerland_the_neue_schauspiel_ag_founded_in_1938_plays_the_schiffbauhalle_in_zurich_west_since_2000,HAS_FACT
place_zurich_switzerland,fact_place_place_zurich_switzerland_the_kunsthaus_was_founded_in_zurich_in_1910_on_the_initiative_of_the_art_society,HAS_FACT
place_zurich_switzerland,fact_place_place_zurich_switzerland_the_city_museum_rietberg_in_zurich_opened_in_1952_with_baron_eduard_von_der_heydt_s_collection_of_non_european_art,HAS_FACT
place_zurich_switzerland,fact_place_place_zurich_switzerland_the_museum_of_contemporary_art_in_zurich_opened_in_1996_in_the_löwenbräu_area_with_the_collection_of_the_migros_cooperative_federation,HAS_FACT
place_zurich_switzerland,fact_place_place_zurich_switzerland_haus_konstruktiv_in_zurich_founded_in_1986_opened_in_2001_in_the_ewz_substation_selnau_with_the_collection_of_the_foundation_for_constructive_and_concrete_art,HAS_FACT
place_zurich_switzerland,fact_place_place_zurich_switzerland_these_collections_brought_zurich_into_the_focus_of_leading_international_art_galleries,HAS_FACT
place_zurich_switzerland,fact_place_place_zurich_switzerland_several_national_singing_gymnastic_and_shooting_festivals_took_place_in_zurich,HAS_FACT
place_zurich_switzerland,fact_place_place_zurich_switzerland_the_national_exhibitions_of_1883_and_1939_took_place_in_zurich,HAS_FACT
place_zurich_switzerland,fact_place_place_zurich_switzerland_the_saffa_in_1958_took_place_in_zurich,HAS_FACT
place_zurich_switzerland,fact_place_place_zurich_switzerland_the_dada_movement_was_founded_in_zurich_in_1916,HAS_FACT
place_zurich_switzerland,fact_place_place_zurich_switzerland_since_1936_june_festival_weeks_have_been_held_in_zurich,HAS_FACT
place_zurich_switzerland,fact_place_place_zurich_switzerland_since_1951_the_zurich_fest_has_been_held_in_zurich,HAS_FACT
place_zurich_switzerland,fact_place_place_zurich_switzerland_since_1980_the_zurich_theater_spectacle_has_been_held_in_zurich,HAS_FACT
place_zurich_switzerland,fact_place_place_zurich_switzerland_since_1991_the_street_parade_has_been_held_in_zurich,HAS_FACT
place_zurich_switzerland,fact_place_place_zurich_switzerland_since_2005_the_zurich_film_festival_has_been_held_in_zurich,HAS_FACT
place_zurich_switzerland,fact_place_place_zurich_switzerland_zurich_had_approximately_5_700_inhabitants_in_1408,HAS_FACT
place_zurich_switzerland,fact_place_place_zurich_switzerland_zurich_had_approximately_4_750_inhabitants_in_1467,HAS_FACT
place_zurich_switzerland,fact_place_place_zurich_switzerland_zurich_had_approximately_5_100_inhabitants_in_1529,HAS_FACT
place_zurich_switzerland,fact_place_place_zurich_switzerland_zurich_had_8_621_inhabitants_in_1637,HAS_FACT
place_zurich_switzerland,fact_place_place_zurich_switzerland_zurich_had_9_590_inhabitants_in_1671,HAS_FACT
place_zurich_switzerland,fact_place_place_zurich_switzerland_zurich_had_11_110_inhabitants_in_1682,HAS_FACT
place_zurich_switzerland,fact_place_place_zurich_switzerland_zurich_had_11_452_inhabitants_in_1762,HAS_FACT
place_zurich_switzerland,fact_place_place_zurich_switzerland_zurich_had_10_734_inhabitants_in_1792,HAS_FACT
place_zurich_switzerland,fact_place_place_zurich_switzerland_zurich_had_9_715_inhabitants_in_1812,HAS_FACT
place_zurich_switzerland,fact_place_place_zurich_switzerland_zurich_had_14_243_inhabitants_in_1836,HAS_FACT
place_zurich_switzerland,fact_place_place_zurich_switzerland_the_paragraph_provides_population_data_for_zurich,HAS_FACT
place_zurich_switzerland,fact_place_place_zurich_switzerland_share_of_cantonal_population_in_zurich_is_given_for_various_years,HAS_FACT
place_zurich_switzerland,fact_place_place_zurich_switzerland_population_data_is_provided_for_zurich,HAS_FACT
place_zurich_switzerland,fact_place_place_zurich_switzerland_zurich_was_protestant_in_the_year_mentioned,HAS_FACT
place_zurich_switzerland,fact_place_place_zurich_switzerland_zurich_had_a_population_of_38_890_in_1850,HAS_FACT
place_zurich_switzerland,fact_place_place_zurich_switzerland_zurich_had_a_population_of_55_827_in_1870,HAS_FACT
place_zurich_switzerland,fact_place_place_zurich_switzerland_zurich_had_a_population_of_79_603_in_1888,HAS_FACT
place_zurich_switzerland,fact_place_place_zurich_switzerland_zurich_had_a_population_of_116_502_in_1900,HAS_FACT
place_zurich_switzerland,fact_place_place_zurich_switzerland_zurich_had_a_population_of_139_649_in_1910,HAS_FACT
place_zurich_switzerland,fact_place_place_zurich_switzerland_zurich_had_a_population_of_189_773_in_1930,HAS_FACT
place_zurich_switzerland,fact_place_place_zurich_switzerland_zurich_had_a_population_of_253_224_in_1950,HAS_FACT
place_zurich_switzerland,fact_place_place_zurich_switzerland_zurich_had_a_population_of_232_080_in_1970,HAS_FACT
place_zurich_switzerland,fact_place_place_zurich_switzerland_zurich_had_a_population_of_148_820_in_1990,HAS_FACT
place_zurich_switzerland,fact_place_place_zurich_switzerland_zurich_had_a_population_of_116_630_in_2000,HAS_FACT
place_catholic,fact_place_place_catholic_catholic_population_counts_are_given_for_various_years,HAS_FACT
place_switzerland,fact_place_place_switzerland_population_data_refers_to_switzerland,HAS_FACT
place_zurich_switzerland,fact_place_place_zurich_switzerland_the_data_refers_to_foreigners_in_zurich,HAS_FACT
place_bäckerstrasse,fact_place_place_bäckerstrasse_the_richly_furnished_woman_s_grave_is_located_on_bäckerstrasse,HAS_FACT
place_zurich_switzerland,fact_place_place_zurich_switzerland_oldest_seal_stamp_of_the_city_of_zurich_is_from_1347,HAS_FACT
place_zurich_switzerland,fact_place_place_zurich_switzerland_the_city_view_is_from_zurich,HAS_FACT
place_brunnenhof_zurich_switzerland,fact_place_place_brunnenhof_zurich_switzerland_the_house_at_brunnenhof_contains_a_painted_festival_hall_with_a_coat_of_arms_frieze,HAS_FACT
place_zurich_switzerland,fact_place_place_zurich_switzerland_photography_was_done_by_city_archaeology_zurich,HAS_FACT
place_zurich_switzerland,fact_place_place_zurich_switzerland_the_social_democratic_party_of_the_city_of_zurich_had_an_election_poster,HAS_FACT
place_schanzengraben_zurich_switzerland,fact_place_place_schanzengraben_zurich_switzerland_construction_of_zurich_water_supply_pipelines_took_place_at_schanzengraben_near_the_botanical_garden_of_the_university,HAS_FACT
place_botanical_garden_of_the_university,fact_place_place_botanical_garden_of_the_university_the_botanical_garden_of_the_university_is_near_the_construction_site_of_zurich_water_supply_pipelines_at_schanzengraben,HAS_FACT
place_zurich_switzerland,fact_place_place_zurich_switzerland_the_sewer_reform_took_place_in_zurich,HAS_FACT
