START_ID,END_ID,TYPE
Zurich_en_b2,GPE_zurich,MENTIONS
Zurich_en_b2,ORG_oerlikon,MENTIONS
Zurich_en_b2,GPE_albisrieden,MENTIONS
Zurich_en_b2,PERSON_schlieren,MENTIONS
Zurich_en_b2,GPE_schlieren,MENTIONS
Zurich_en_b2,ORG_dietikon,MENTIONS
Zurich_en_b3,GPE_zurich,MENTIONS
Zurich_en_b3,PERSON_chur,MENTIONS
Zurich_en_b3,PERSON_arlberg,MENTIONS
Zurich_en_b3,GPE_baden,MENTIONS
Zurich_en_b3,GPE_switzerland,MENTIONS
Zurich_en_b3,GPE_basel,MENTIONS
Zurich_en_b3,NORP_affoltern,MENTIONS
Zurich_en_b3,PERSON_schaffhausen,MENTIONS
Zurich_en_b3,PERSON_romanshorn,MENTIONS
Zurich_en_b3,GPE_st_gallen,MENTIONS
Zurich_en_b3,PERSON_glatt,MENTIONS
Zurich_en_b3,ORG_the_sihl_valley_railway,MENTIONS
Zurich_en_b3,LOC_limmat_valley,MENTIONS
Zurich_en_b3,ORG_weiningen,MENTIONS
Zurich_en_b3,ORG_zurich_hoengg,MENTIONS
Zurich_en_b3,ORG_zurich_oerlikon_seebach,MENTIONS
Zurich_en_b3,PERSON_uetliberg,MENTIONS
Zurich_en_b4,GPE_district_zurich,MENTIONS
Zurich_en_b5,GPE_zurich,MENTIONS
Zurich_en_b5,GPE_canton,MENTIONS
Zurich_en_b5,GPE_district_zurich,MENTIONS
Zurich_en_b7,GPE_canton,MENTIONS
Zurich_en_b7,GPE_zurich,MENTIONS
Zurich_en_b7,GPE_switzerland,MENTIONS
Zurich_en_b7,PERSON_zurichberg,MENTIONS
Zurich_en_b7,GPE_greenwich,MENTIONS
Zurich_en_b7,DATE_1908,MENTIONS
Zurich_en_b7,DATE_11½,MENTIONS
Zurich_en_b7,ORG_limmat,MENTIONS
Zurich_en_b7,ORG_hoengg,MENTIONS
Zurich_en_b7,PERSON_uetliberg,MENTIONS
Zurich_en_b8,PERSON_leimbach,MENTIONS
Zurich_en_b8,PERSON_sihl,MENTIONS
Zurich_en_b8,GPE_etlisberg,MENTIONS
Zurich_en_b8,GPE_wollishofen,MENTIONS
Zurich_en_b8,GPE_mönchhof,MENTIONS
Zurich_en_b8,LOC_burghölzli,MENTIONS
Zurich_en_b8,PERSON_realp,MENTIONS
Zurich_en_b8,PERSON_elefantenbach,MENTIONS
Zurich_en_b8,PERSON_loorenkopf,MENTIONS
Zurich_en_b8,PERSON_glatt,MENTIONS
Zurich_en_b8,PERSON_zurichberg,MENTIONS
Zurich_en_b8,PERSON_käferberg,MENTIONS
Zurich_en_b8,PERSON_milchbuck,MENTIONS
Zurich_en_b9,PERSON_hardturm,MENTIONS
Zurich_en_b9,ORG_limmat,MENTIONS
Zurich_en_b9,PERSON_hoengger,MENTIONS
Zurich_en_b9,LOC_limmat_valley,MENTIONS
Zurich_en_b9,GPE_döltschi,MENTIONS
Zurich_en_b9,PERSON_uto,MENTIONS
Zurich_en_b9,FAC_the_hotel_uetliberg,MENTIONS
Zurich_en_b9,GPE_zurich,MENTIONS
Zurich_en_b9,PERSON_uetliberg,MENTIONS
Zurich_en_b9,GPE_zurichberg,MENTIONS
Zurich_en_b9,PERSON_käferberg,MENTIONS
Zurich_en_b10,GPE_zurich,MENTIONS
Zurich_en_b10,DATE_1893,MENTIONS
Zurich_en_b10,ORG_wollishofen_enge,MENTIONS
Zurich_en_b10,GPE_wiedikon,MENTIONS
Zurich_en_b10,PERSON_aussersihl,MENTIONS
Zurich_en_b10,PERSON_wipkingen,MENTIONS
Zurich_en_b10,ORG_unterstrass,MENTIONS
Zurich_en_b10,GPE_hottingen,MENTIONS
Zurich_en_b10,GPE_hirslanden,MENTIONS
Zurich_en_b10,PERSON_riesbach,MENTIONS
Zurich_en_b10,GPE_zurich,MENTIONS
Zurich_en_b10,GPE_switzerland,MENTIONS
Zurich_en_b11,GPE_zurich,MENTIONS
Zurich_en_b11,DATE_a_mild_summer,MENTIONS
Zurich_en_b11,GPE_zurichhorn,MENTIONS
Zurich_en_b11,PERSON_hornbach,MENTIONS
Zurich_en_b11,PERSON_belvoirpark,MENTIONS
Zurich_en_b11,ORG_enge,MENTIONS
Zurich_en_b11,GPE_zurichberg,MENTIONS
Zurich_en_b11,PERSON_hirslanderberg,MENTIONS
Zurich_en_b11,PRODUCT_rigiquartier,MENTIONS
Zurich_en_b12,GPE_zurich,MENTIONS
Zurich_en_b13,PERSON_sihl,MENTIONS
Zurich_en_b13,GPE_uetliberg,MENTIONS
Zurich_en_b13,PERSON_zurichberg,MENTIONS
Zurich_en_b13,PRODUCT_grossmünster,MENTIONS
Zurich_en_b13,ORG_fraumünster,MENTIONS
Zurich_en_b13,NORP_viennese,MENTIONS
Zurich_en_b13,GPE_tonhalle,MENTIONS
Zurich_en_b14,ORG_the_red_and_white_castles,MENTIONS
Zurich_en_b14,PERSON_rentenanstalt,MENTIONS
Zurich_en_b14,PERSON_uto,MENTIONS
Zurich_en_b14,ORG_limmat,MENTIONS
Zurich_en_b14,PERSON_quaibrücke,MENTIONS
Zurich_en_b14,PERSON_uto,MENTIONS
Zurich_en_b14,GPE_urania,MENTIONS
Zurich_en_b14,GPE_tonhalle,MENTIONS
Zurich_en_b17,NORP_swiss,MENTIONS
Zurich_en_b17,PERSON_rhine,MENTIONS
Zurich_en_b17,PERSON_zurich,MENTIONS
Zurich_en_b17,GPE_italy,MENTIONS
Zurich_en_b17,GPE_germany,MENTIONS
Zurich_en_b17,NORP_swiss,MENTIONS
Zurich_en_b17,GPE_zurich,MENTIONS
Zurich_en_b18,WORK_OF_ART_spanish_brötli_bahn,MENTIONS
Zurich_en_b18,GPE_baden,MENTIONS
Zurich_en_b18,DATE_today,MENTIONS
Zurich_en_b18,GPE_zurich,MENTIONS
Zurich_en_b18,PERSON_schaffhausen,MENTIONS
Zurich_en_b18,PERSON_winterthur,MENTIONS
Zurich_en_b18,ORG_romanshorn_frauenfeld,MENTIONS
Zurich_en_b18,ORG_singen_etzwilen,MENTIONS
Zurich_en_b18,GPE_st_gallen,MENTIONS
Zurich_en_b18,PERSON_glatt,MENTIONS
Zurich_en_b18,GPE_glarus,MENTIONS
Zurich_en_b18,GPE_graubünden,MENTIONS
Zurich_en_b18,PERSON_arlberg,MENTIONS
Zurich_en_b18,ORG_wädenswil_einsiedeln,MENTIONS
Zurich_en_b18,GPE_ricken_toggenburg,MENTIONS
Zurich_en_b18,ORG_lucerne_zug,MENTIONS
Zurich_en_b18,ORG_basel_brugg,MENTIONS
Zurich_en_b18,GPE_switzerland,MENTIONS
Zurich_en_b18,NORP_swiss,MENTIONS
Zurich_en_b20,GPE_zurich,MENTIONS
Zurich_en_b21,PERSON_uetliberg,MENTIONS
Zurich_en_b21,ORG_limmat,MENTIONS
Zurich_en_b21,ORG_schanzengraben,MENTIONS
Zurich_en_b21,ORG_limmat_bank,MENTIONS
Zurich_en_b21,ORG_seilergraben_hirschengraben,MENTIONS
Zurich_en_b21,GPE_bürkliplatz,MENTIONS
Zurich_en_b21,PRODUCT_stadthausplatz,MENTIONS
Zurich_en_b21,PERSON_enge,MENTIONS
Zurich_en_b21,NORP_bahnhofstrasse,MENTIONS
Zurich_en_b21,ORG_black_forest,MENTIONS
Zurich_en_b21,ORG_limmat,MENTIONS
Zurich_en_b22,PERSON_zollikon,MENTIONS
Zurich_en_b22,LOC_vrenelisgärtli,MENTIONS
Zurich_en_b22,PERSON_faulen,MENTIONS
Zurich_en_b22,PERSON_drusberg,MENTIONS
Zurich_en_b22,LOC_sihl_valley,MENTIONS
Zurich_en_b22,ORG_bifertenstock_tödi,MENTIONS
Zurich_en_b22,GPE_klariden,MENTIONS
Zurich_en_b22,LOC_scheerhorn,MENTIONS
Zurich_en_b22,GPE_düssistock,MENTIONS
Zurich_en_b22,GPE_mythen,MENTIONS
Zurich_en_b22,FAC_windgällen,MENTIONS
Zurich_en_b22,PERSON_kleinen_windgälle,MENTIONS
Zurich_en_b22,GPE_kaiserstock,MENTIONS
Zurich_en_b22,PERSON_rossberg,MENTIONS
Zurich_en_b22,GPE_bristenstock,MENTIONS
Zurich_en_b23,ORG_urnäsch_urirotstock,MENTIONS
Zurich_en_b23,PERSON_schlossstock,MENTIONS
Zurich_en_b23,ORG_wissig,MENTIONS
Zurich_en_b23,PERSON_hohen_ronen,MENTIONS
Zurich_en_b23,GPE_gottschalkenberg,MENTIONS
Zurich_en_b23,ORG_albis,MENTIONS
Zurich_en_b23,GPE_zimmerberg,MENTIONS
Zurich_en_b23,GPE_hütten,MENTIONS
Zurich_en_b23,GPE_schindellegi,MENTIONS
Zurich_en_b24,PERSON_quaibrücke,MENTIONS
Zurich_en_b24,ORG_limmat,MENTIONS
Zurich_en_b24,DATE_1885,MENTIONS
Zurich_en_b24,GPE_zwingli,MENTIONS
Zurich_en_b24,FAC_wasserkirche,MENTIONS
Zurich_en_b24,PERSON_helmhaus,MENTIONS
Zurich_en_b24,PERSON_grossmünster,MENTIONS
Zurich_en_b24,ORG_gothic,MENTIONS
Zurich_en_b24,GPE_zwingli,MENTIONS
Zurich_en_b24,DATE_1519_1531,MENTIONS
Zurich_en_b24,NORP_romanesque,MENTIONS
Zurich_en_b24,DATE_1078,MENTIONS
Zurich_en_b24,PERSON_charlemagne,MENTIONS
Zurich_en_b25,PERSON_limmatquai,MENTIONS
Zurich_en_b25,ORG_limmat,MENTIONS
Zurich_en_b25,DATE_1502,MENTIONS
Zurich_en_b25,DATE_1504,MENTIONS
Zurich_en_b25,DATE_1694,MENTIONS
Zurich_en_b25,DATE_today,MENTIONS
Zurich_en_b25,NORP_german,MENTIONS
Zurich_en_b25,GPE_zurich,MENTIONS
Zurich_en_b25,PERSON_gottfried_keller,MENTIONS
Zurich_en_b26,ORG_zurich_utoquai,MENTIONS
Zurich_en_b27,ORG_meyer_von_knonau,MENTIONS
Zurich_en_b27,DATE_1846,MENTIONS
Zurich_en_b27,PRODUCT_gemüsebrücke,MENTIONS
Zurich_en_b27,ORG_the_green_hill,MENTIONS
Zurich_en_b27,WORK_OF_ART_lindenhof,MENTIONS
Zurich_en_b27,PERSON_freemason,MENTIONS
Zurich_en_b27,ORG_st_peter_s_church,MENTIONS
Zurich_en_b27,GPE_zurich,MENTIONS
Zurich_en_b27,PERSON_schipfe,MENTIONS
Zurich_en_b27,GPE_wühre,MENTIONS
Zurich_en_b27,NORP_baroque,MENTIONS
Zurich_en_b27,ORG_fraumünster,MENTIONS
Zurich_en_b27,PERSON_ludwig,MENTIONS
Zurich_en_b27,NORP_german,MENTIONS
Zurich_en_b27,PERSON_hans_waldmann_s,MENTIONS
Zurich_en_b27,GPE_molasse,MENTIONS
Zurich_en_b27,PRODUCT_bäch,MENTIONS
Zurich_en_b27,ORG_bollingen,MENTIONS
Zurich_en_b27,NORP_melancholic,MENTIONS
Zurich_en_b27,PRODUCT_prediger,MENTIONS
Zurich_en_b27,ORG_the_roman_catholic_liebfrauenkirche,MENTIONS
Zurich_en_b27,ORG_limmat,MENTIONS
Zurich_en_b27,GPE_urania,MENTIONS
Zurich_en_b28,PRODUCT_münsterbrücke,MENTIONS
Zurich_en_b28,DATE_1838,MENTIONS
Zurich_en_b28,ORG_wallenstadtsee,MENTIONS
Zurich_en_b28,ORG_mellingen,MENTIONS
Zurich_en_b28,GPE_zurich,MENTIONS
Zurich_en_b28,PERSON_negrelli,MENTIONS
Zurich_en_b28,PERSON_konrad_stadler,MENTIONS
Zurich_en_b28,GPE_zurich,MENTIONS
Zurich_en_b29,GPE_zurich,MENTIONS
Zurich_en_b29,PERSON_lower_limmatquai,MENTIONS
Zurich_en_b30,ORG_fleischhalle,MENTIONS
Zurich_en_b30,PERSON_gemüsebrücke,MENTIONS
Zurich_en_b30,GPE_marktgasse,MENTIONS
Zurich_en_b30,GPE_switzerland,MENTIONS
Zurich_en_b30,GPE_switzerland,MENTIONS
Zurich_en_b30,GPE_zurich,MENTIONS
Zurich_en_b30,GPE_schmieden,MENTIONS
Zurich_en_b30,GPE_stüssihofstatt,MENTIONS
Zurich_en_b30,PERSON_knight_stüssi,MENTIONS
Zurich_en_b30,ORG_niederdorf,MENTIONS
Zurich_en_b30,PERSON_leonhardplatz,MENTIONS
Zurich_en_b31,ORG_limmat,MENTIONS
Zurich_en_b31,PERSON_sihl,MENTIONS
Zurich_en_b31,ORG_northeastern_railway_company,MENTIONS
Zurich_en_b31,DATE_today,MENTIONS
Zurich_en_b31,GPE_zurich,MENTIONS
Zurich_en_b32,GPE_zurich,MENTIONS
Zurich_en_b33,ORG_the_swiss_national_museum,MENTIONS
Zurich_en_b33,GPE_zurich,MENTIONS
Zurich_en_b33,PERSON_ferdinand_keller_s,MENTIONS
Zurich_en_b33,PERSON_helmhaus,MENTIONS
Zurich_en_b33,PERSON_hodler,MENTIONS
Zurich_en_b33,NORP_swiss,MENTIONS
Zurich_en_b33,ORG_marignano,MENTIONS
Zurich_en_b34,ORG_gothic,MENTIONS
Zurich_en_b34,PERSON_abbey_zurich,MENTIONS
Zurich_en_b34,DATE_1489,MENTIONS
Zurich_en_b34,DATE_1507,MENTIONS
Zurich_en_b34,ORG_the_national_museum,MENTIONS
Zurich_en_b34,DATE_1891,MENTIONS
Zurich_en_b34,ORG_confederation,MENTIONS
Zurich_en_b34,DATE_june_25_1898,MENTIONS
Zurich_en_b34,ORG_limmat,MENTIONS
Zurich_en_b34,PERSON_sihl,MENTIONS
Zurich_en_b34,ORG_the_minnesinger_hadlaub,MENTIONS
Zurich_en_b34,PERSON_gessner,MENTIONS
Zurich_en_b34,PERSON_wilhelm_baumgartner,MENTIONS
Zurich_en_b34,PERSON_gottfried_keller_s,MENTIONS
Zurich_en_b35,PERSON_alfred_escher,MENTIONS
Zurich_en_b35,PERSON_richard_kisling,MENTIONS
Zurich_en_b35,DATE_1889,MENTIONS
Zurich_en_b35,NORP_bahnhofstrasse,MENTIONS
Zurich_en_b35,GPE_paradeplatz,MENTIONS
Zurich_en_b35,PERSON_oetenbach,MENTIONS
Zurich_en_b35,GPE_uraniastrasse,MENTIONS
Zurich_en_b35,GPE_lindenhof,MENTIONS
Zurich_en_b35,GPE_strohhof,MENTIONS
Zurich_en_b35,GPE_st_anna,MENTIONS
Zurich_en_b35,PERSON_katz,MENTIONS
Zurich_en_b35,NORP_french,MENTIONS
Zurich_en_b35,PERSON_pestalozzi,MENTIONS
Zurich_en_b35,GPE_kappelerhof,MENTIONS
Zurich_en_b35,GPE_zurich,MENTIONS
Zurich_en_b35,ORG_swiss_bank_association,MENTIONS
Zurich_en_b35,ORG_swiss_credit_institution,MENTIONS
Zurich_en_b35,ORG_bank_leu,MENTIONS
Zurich_en_b35,ORG_zurich_cantonal_bank,MENTIONS
Zurich_en_b35,ORG_swiss_people_s_bank_on_bahnhofstrasse,MENTIONS
Zurich_en_b35,ORG_the_swiss_bank_association,MENTIONS
Zurich_en_b35,PERSON_richard_kisling,MENTIONS
Zurich_en_b35,NORP_augustinergasse,MENTIONS
Zurich_en_b36,PERSON_alpenquai,MENTIONS
Zurich_en_b36,DATE_1881,MENTIONS
Zurich_en_b36,DATE_1887,MENTIONS
Zurich_en_b36,NORP_linth,MENTIONS
Zurich_en_b36,PERSON_walensee,MENTIONS
Zurich_en_b36,PERSON_speer,MENTIONS
Zurich_en_b36,GPE_jurassic,MENTIONS
Zurich_en_b36,ORG_glärnisch,MENTIONS
Zurich_en_b37,GPE_quay,MENTIONS
Zurich_en_b37,PERSON_a_bürkli,MENTIONS
Zurich_en_b37,PERSON_albert_heim,MENTIONS
Zurich_en_b37,GPE_tonhalle,MENTIONS
Zurich_en_b37,FAC_the_zurich_trocadero,MENTIONS
Zurich_en_b37,NORP_viennese,MENTIONS
Zurich_en_b37,PERSON_fellner,MENTIONS
Zurich_en_b37,DATE_1895,MENTIONS
Zurich_en_b37,PERSON_palais_henneberg,MENTIONS
Zurich_en_b37,PERSON_savonnières,MENTIONS
Zurich_en_b37,NORP_swiss,MENTIONS
Zurich_en_b37,GPE_zurich,MENTIONS
Zurich_en_b37,PERSON_alfred_escher,MENTIONS
Zurich_en_b37,ORG_gotthard,MENTIONS
Zurich_en_b37,PERSON_lydia_welti_escher,MENTIONS
Zurich_en_b37,ORG_confederation,MENTIONS
Zurich_en_b38,GPE_belvoirpark,MENTIONS
Zurich_en_b38,PERSON_waffenplatzstrasse,MENTIONS
Zurich_en_b38,PERSON_sihl,MENTIONS
Zurich_en_b38,GPE_zimmerberg,MENTIONS
Zurich_en_b38,PERSON_albiskette,MENTIONS
Zurich_en_b38,PERSON_uto,MENTIONS
Zurich_en_b38,GPE_uetliberg,MENTIONS
Zurich_en_b38,PERSON_albisgütli,MENTIONS
Zurich_en_b39,NORP_theresienwiese,MENTIONS
Zurich_en_b39,FAC_the_munich_oktoberfest,MENTIONS
Zurich_en_b39,PERSON_albisgütli,MENTIONS
Zurich_en_b39,PERSON_uetliberg,MENTIONS
Zurich_en_b39,PERSON_uetliberg,MENTIONS
Zurich_en_b40,PERSON_sihl,MENTIONS
Zurich_en_b40,PERSON_sihl,MENTIONS
Zurich_en_b40,PRODUCT_sihlhölzli,MENTIONS
Zurich_en_b40,GPE_wiedikon,MENTIONS
Zurich_en_b40,PERSON_wiedikon,MENTIONS
Zurich_en_b40,PERSON_aussersihl,MENTIONS
Zurich_en_b41,PERSON_aussersihl,MENTIONS
Zurich_en_b41,PERSON_sihl,MENTIONS
Zurich_en_b41,GPE_badenerstrasse,MENTIONS
Zurich_en_b41,GPE_st_jakob_s,MENTIONS
Zurich_en_b41,DATE_1901,MENTIONS
Zurich_en_b41,GPE_langstrasse,MENTIONS
Zurich_en_b41,DATE_sundays,MENTIONS
Zurich_en_b41,PERSON_zurichberg,MENTIONS
Zurich_en_b41,PERSON_uetliberg,MENTIONS
Zurich_en_b42,GPE_zurich,MENTIONS
Zurich_en_b43,GPE_zurich,MENTIONS
Zurich_en_b43,PERSON_limmatplatz,MENTIONS
Zurich_en_b43,ORG_oerlikon,MENTIONS
Zurich_en_b44,ORG_sihl_bank,MENTIONS
Zurich_en_b44,PERSON_sihlquai,MENTIONS
Zurich_en_b44,ORG_escher_wyss_co,MENTIONS
Zurich_en_b44,ORG_steinfels,MENTIONS
Zurich_en_b44,PERSON_sihlquai,MENTIONS
Zurich_en_b44,ORG_limmat,MENTIONS
Zurich_en_b44,GPE_letten,MENTIONS
Zurich_en_b44,PERSON_wipkinger_bridge,MENTIONS
Zurich_en_b44,ORG_limmat,MENTIONS
Zurich_en_b44,GPE_hoengg,MENTIONS
Zurich_en_b44,GPE_käferberg,MENTIONS
Zurich_en_b44,ORG_limmat,MENTIONS
Zurich_en_b44,GPE_wipkingen,MENTIONS
Zurich_en_b44,PERSON_röschibachstrasse,MENTIONS
Zurich_en_b44,ORG_nordstrasse,MENTIONS
Zurich_en_b44,ORG_rotbuchstrasse,MENTIONS
Zurich_en_b44,GPE_rötel,MENTIONS
Zurich_en_b44,PERSON_weinbergstrasse,MENTIONS
Zurich_en_b44,ORG_unterstrass,MENTIONS
Zurich_en_b44,PERSON_leonhardsplatz,MENTIONS
Zurich_en_b44,PERSON_bahnhofbrücke,MENTIONS
Zurich_en_b45,GPE_zurich,MENTIONS
Zurich_en_b45,PERSON_wiedikon,MENTIONS
Zurich_en_b46,ORG_riedlistrasse,MENTIONS
Zurich_en_b46,DATE_rigi_quarter,MENTIONS
Zurich_en_b46,ORG_höhenstrasse,MENTIONS
Zurich_en_b46,GPE_schlieren,MENTIONS
Zurich_en_b47,ORG_limmat,MENTIONS
Zurich_en_b47,PERSON_sihl,MENTIONS
Zurich_en_b47,GPE_uetliberg,MENTIONS
Zurich_en_b47,PERSON_zurichberg,MENTIONS
Zurich_en_b47,PERSON_sihl,MENTIONS
Zurich_en_b47,GPE_zurich,MENTIONS
Zurich_en_b48,ORG_höhenstrasse,MENTIONS
Zurich_en_b48,ORG_the_swiss_federal_polytechnic_school,MENTIONS
Zurich_en_b48,DATE_1855,MENTIONS
Zurich_en_b49,PERSON_gottfried_semper,MENTIONS
Zurich_en_b49,DATE_1864,MENTIONS
Zurich_en_b49,PERSON_graf,MENTIONS
Zurich_en_b49,PERSON_kappeler,MENTIONS
Zurich_en_b49,ORG_hörbst,MENTIONS
Zurich_en_b49,PERSON_kopp,MENTIONS
Zurich_en_b49,GPE_bolley,MENTIONS
Zurich_en_b49,ORG_semper_and_culmann_richard_kisling,MENTIONS
Zurich_en_b50,PERSON_sgraffito,MENTIONS
Zurich_en_b50,ORG_university,MENTIONS
Zurich_en_b50,DATE_1886,MENTIONS
Zurich_en_b50,NORP_swiss,MENTIONS
Zurich_en_b50,DATE_1890,MENTIONS
Zurich_en_b50,NORP_swiss,MENTIONS
Zurich_en_b50,DATE_1832,MENTIONS
Zurich_en_b50,DATE_spring_1909,MENTIONS
Zurich_en_b50,ORG_university,MENTIONS
Zurich_en_b50,ORG_rämistrasse,MENTIONS
Zurich_en_b50,DATE_1839_42,MENTIONS
Zurich_en_b50,PERSON_wegmann,MENTIONS
Zurich_en_b50,DATE_today,MENTIONS
Zurich_en_b50,GPE_wolfbach,MENTIONS
Zurich_en_b50,GPE_florhofgasse,MENTIONS
Zurich_en_b50,PERSON_hirschengraben,MENTIONS
Zurich_en_b50,GPE_rechberg,MENTIONS
Zurich_en_b51,GPE_canton,MENTIONS
Zurich_en_b51,ORG_confederation,MENTIONS
Zurich_en_b51,GPE_zurich,MENTIONS
Zurich_en_b51,DATE_1893,MENTIONS
Zurich_en_b51,ORG_badenerstrasse,MENTIONS
Zurich_en_b51,DATE_1821,MENTIONS
Zurich_en_b51,PERSON_hirschengraben,MENTIONS
Zurich_en_b51,DATE_1893,MENTIONS
Zurich_en_b51,PERSON_alexander_koch,MENTIONS
Zurich_en_b51,DATE_almost_every_year,MENTIONS
Zurich_en_b51,DATE_1889_1902,MENTIONS
Zurich_en_b51,PERSON_770_fr,MENTIONS
Zurich_en_b51,PERSON_25_73_fr,MENTIONS
Zurich_en_b52,GPE_bergstrasse,MENTIONS
Zurich_en_b52,ORG_the_dolder_forest_house,MENTIONS
Zurich_en_b52,ORG_dolderpark,MENTIONS
Zurich_en_b52,ORG_kreuzkirche,MENTIONS
Zurich_en_b52,PERSON_römerhof,MENTIONS
Zurich_en_b52,ORG_st_antonius,MENTIONS
Zurich_en_b52,ORG_hottingen,MENTIONS
Zurich_en_b52,ORG_kreuzplatz_bahnhof_stadelhofen,MENTIONS
Zurich_en_b52,ORG_the_high_promenade,MENTIONS
Zurich_en_b52,NORP_french,MENTIONS
Zurich_en_b52,NORP_english,MENTIONS
Zurich_en_b52,ORG_fellner,MENTIONS
Zurich_en_b52,PERSON_helmer,MENTIONS
Zurich_en_b52,GPE_vienna,MENTIONS
Zurich_en_b52,DATE_autumn_1891,MENTIONS
Zurich_en_b52,LOC_untern_zäune,MENTIONS
Zurich_en_b52,DATE_january_1_2,MENTIONS
Zurich_en_b52,DATE_1890,MENTIONS
Zurich_en_b52,ORG_the_corso_theater,MENTIONS
Zurich_en_b52,DATE_1900,MENTIONS
Zurich_en_b52,FAC_tonhalle_square,MENTIONS
Zurich_en_b52,PERSON_quaibrücke,MENTIONS
Zurich_en_b53,PERSON_heimplatz,MENTIONS
Zurich_en_b53,ORG_pfauen_theater,MENTIONS
Zurich_en_b53,PERSON_ignaz_heim,MENTIONS
Zurich_en_b53,DATE_years,MENTIONS
Zurich_en_b53,PERSON_obmann,MENTIONS
Zurich_en_b53,ORG_barefoot,MENTIONS
Zurich_en_b54,DATE_1836,MENTIONS
Zurich_en_b54,WORK_OF_ART_bollwerk_zur_katze,MENTIONS
Zurich_en_b54,GPE_schanzengraben,MENTIONS
Zurich_en_b54,PERSON_alpinum,MENTIONS
Zurich_en_b54,NORP_swiss,MENTIONS
Zurich_en_b54,GPE_zurich,MENTIONS
Zurich_en_b54,ORG_helveticum,MENTIONS
Zurich_en_b54,PERSON_hegetschweiler,MENTIONS
Zurich_en_b54,PERSON_gessner,MENTIONS
Zurich_en_b54,PERSON_heinrich_zollinger,MENTIONS
Zurich_en_b54,PERSON_oswald_heer,MENTIONS
Zurich_en_b54,PERSON_konrad_gessner,MENTIONS
Zurich_en_b54,GPE_selnau,MENTIONS
Zurich_en_b54,PERSON_uetliberg,MENTIONS
Zurich_en_b54,GPE_sihl_valley_railway,MENTIONS
Zurich_en_b55,GPE_zurich,MENTIONS
Zurich_en_b55,ORG_saint_jakob_s,MENTIONS
Zurich_en_b56,PERSON_peter,MENTIONS
Zurich_en_b56,PRODUCT_gemüsebrücke,MENTIONS
Zurich_en_b56,ORG_limmat,MENTIONS
Zurich_en_b56,ORG_zäune_neumarkt_rindermarkt,MENTIONS
Zurich_en_b56,PERSON_windegg,MENTIONS
Zurich_en_b56,PERSON_kerze,MENTIONS
Zurich_en_b56,PERSON_zum_loch,MENTIONS
Zurich_en_b56,PERSON_zum_pflug,MENTIONS
Zurich_en_b56,GPE_königsstuhl,MENTIONS
Zurich_en_b56,GPE_kropf,MENTIONS
Zurich_en_b56,GPE_wellenbaum,MENTIONS
Zurich_en_b56,GPE_einhorn,MENTIONS
Zurich_en_b56,PERSON_zum_steinernen,MENTIONS
Zurich_en_b56,PRODUCT_erggel,MENTIONS
Zurich_en_b56,PERSON_das_gut,MENTIONS
Zurich_en_b56,PERSON_zum_rechberg,MENTIONS
Zurich_en_b56,PERSON_beckenhof,MENTIONS
Zurich_en_b56,PERSON_strohhof,MENTIONS
Zurich_en_b56,GPE_friesenberg,MENTIONS
Zurich_en_b56,GPE_kirchgasse,MENTIONS
Zurich_en_b56,GPE_schipfe,MENTIONS
Zurich_en_b56,PERSON_zäune,MENTIONS
Zurich_en_b56,ORG_augustinergasse,MENTIONS
Zurich_en_b56,ORG_unicorn,MENTIONS
Zurich_en_b56,GPE_rechberg,MENTIONS
Zurich_en_b56,GPE_schmieden,MENTIONS
Zurich_en_b56,GPE_saffran,MENTIONS
Zurich_en_b57,DATE_today,MENTIONS
Zurich_en_b57,ORG_dielsdorf_lägern,MENTIONS
Zurich_en_b57,PRODUCT_solothurn,MENTIONS
Zurich_en_b57,ORG_black_forest,MENTIONS
Zurich_en_b57,ORG_albthal,MENTIONS
Zurich_en_b57,PERSON_ticino,MENTIONS
Zurich_en_b57,GPE_baveno,MENTIONS
Zurich_en_b57,GPE_italy,MENTIONS
Zurich_en_b57,FAC_lake_langensee,MENTIONS
Zurich_en_b57,ORG_gotthard,MENTIONS
Zurich_en_b57,PERSON_savonnières,MENTIONS
Zurich_en_b57,GPE_france,MENTIONS
Zurich_en_b57,GPE_zwingli,MENTIONS
Zurich_en_b57,ORG_wasserkirche,MENTIONS
Zurich_en_b57,DATE_the_12th_and_13th_centuries,MENTIONS
Zurich_en_b57,ORG_stone,MENTIONS
Zurich_en_b57,DATE_1313,MENTIONS
Zurich_en_b57,PERSON_meyer_von_knonau,MENTIONS
Zurich_en_b57,PERSON_der_kanton_zürich,MENTIONS
Zurich_en_b57,DATE_1844,MENTIONS
Zurich_en_b57,PERSON_zwingli,MENTIONS
Zurich_en_b57,GPE_kirchgasse,MENTIONS
Zurich_en_b57,ORG_rüdenplatz,MENTIONS
Zurich_en_b57,PERSON_gottfried_keller,MENTIONS
Zurich_en_b57,ORG_escher_von_der_linth,MENTIONS
Zurich_en_b57,ORG_sihlstrasse,MENTIONS
Zurich_en_b58,PERSON_imfeld,MENTIONS
Zurich_en_b58,GPE_zurichberg,MENTIONS
Zurich_en_b58,PERSON_alb,MENTIONS
Zurich_en_b58,ORG_stadthausplatz_bürkliplatz,MENTIONS
Zurich_en_b58,LOC_enge,MENTIONS
Zurich_en_b58,PERSON_alb,MENTIONS
Zurich_en_b58,PERSON_panorama,MENTIONS
Zurich_en_b58,GPE_zurichberg,MENTIONS
Zurich_en_b58,DATE_1901,MENTIONS
Zurich_en_b58,DATE_1907,MENTIONS
Zurich_en_b58,GPE_zurich,MENTIONS
Zurich_en_b58,DATE_1908,MENTIONS
Zurich_en_b58,DATE_1905,MENTIONS
Zurich_en_b58,GPE_zurich,MENTIONS
Zurich_en_b58,GPE_zurich,MENTIONS
Zurich_en_b58,DATE_1893,MENTIONS
Zurich_en_b58,ORG_lasius,MENTIONS
Zurich_en_b58,GPE_st_verena,MENTIONS
Zurich_en_b58,GPE_zurich,MENTIONS
Zurich_en_b58,GPE_zurich,MENTIONS
Zurich_en_b58,PERSON_leo,MENTIONS
Zurich_en_b58,GPE_zurich,MENTIONS
Zurich_en_b58,DATE_1897,MENTIONS
Zurich_en_b58,PERSON_künzli,MENTIONS
Zurich_en_b58,GPE_zurich,MENTIONS
Zurich_en_b58,DATE_1898,MENTIONS
Zurich_en_b58,PERSON_h_guide,MENTIONS
Zurich_en_b58,ORG_the_university_of_zurich,MENTIONS
Zurich_en_b58,DATE_1908,MENTIONS
Zurich_en_b59,GPE_zurich,MENTIONS
Zurich_en_b59,PERSON_bauschänzli,MENTIONS
Zurich_en_b61,GPE_zurich,MENTIONS
Zurich_en_b61,GPE_canton,MENTIONS
Zurich_en_b63,DATE_1900,MENTIONS
Zurich_en_b63,GPE_zurich,MENTIONS
Zurich_en_b63,GPE_canton,MENTIONS
Zurich_en_b63,NORP_swiss,MENTIONS
Zurich_en_b63,NORP_catholics,MENTIONS
Zurich_en_b63,NORP_french,MENTIONS
Zurich_en_b63,NORP_italian,MENTIONS
Zurich_en_b64,GPE_zurich,MENTIONS
Zurich_en_b65,DATE_1893,MENTIONS
Zurich_en_b65,DATE_1899_1900,MENTIONS
Zurich_en_b65,DATE_1902,MENTIONS
Zurich_en_b65,DATE_the_end_of_1906,MENTIONS
Zurich_en_b65,DATE_1908,MENTIONS
Zurich_en_b65,NORP_italian,MENTIONS
Zurich_en_b65,DATE_the_winter_months,MENTIONS
Zurich_en_b66,DATE_1907,MENTIONS
Zurich_en_b66,DATE_1913,MENTIONS
Zurich_en_b67,DATE_1907,MENTIONS
Zurich_en_b67,GPE_zurich,MENTIONS
Zurich_en_b67,GPE_switzerland,MENTIONS
Zurich_en_b68,DATE_between_1898_and_1903,MENTIONS
Zurich_en_b68,DATE_1899,MENTIONS
Zurich_en_b68,DATE_1901,MENTIONS
Zurich_en_b68,DATE_1905,MENTIONS
Zurich_en_b68,DATE_1901,MENTIONS
Zurich_en_b68,DATE_1906_25_23,MENTIONS
Zurich_en_b68,DATE_1907,MENTIONS
Zurich_en_b68,DATE_mid_year,MENTIONS
Zurich_en_b68,DATE_1907,MENTIONS
Zurich_en_b69,GPE_zurich,MENTIONS
Zurich_en_b69,GPE_stadthausquai,MENTIONS
Zurich_en_b70,DATE_one_year,MENTIONS
Zurich_en_b70,DATE_the_normal_year_1906,MENTIONS
Zurich_en_b70,DATE_annual,MENTIONS
Zurich_en_b71,DATE_annual,MENTIONS
Zurich_en_b72,DATE_the_beginning_of_april_or_october,MENTIONS
Zurich_en_b72,GPE_cologne,MENTIONS
Zurich_en_b72,GPE_dresden,MENTIONS
Zurich_en_b72,GPE_nuremberg,MENTIONS
Zurich_en_b72,NORP_german,MENTIONS
Zurich_en_b72,DATE_1895,MENTIONS
Zurich_en_b72,DATE_1906,MENTIONS
Zurich_en_b72,DATE_more_than_two_months,MENTIONS
Zurich_en_b72,DATE_1893,MENTIONS
Zurich_en_b72,DATE_1905,MENTIONS
Zurich_en_b73,DATE_the_year_1908,MENTIONS
Zurich_en_b73,DATE_1902,MENTIONS
Zurich_en_b73,NORP_italians,MENTIONS
Zurich_en_b73,DATE_the_previous_year,MENTIONS
Zurich_en_b73,NORP_italian,MENTIONS
Zurich_en_b73,DATE_1893,MENTIONS
Zurich_en_b74,DATE_1901,MENTIONS
Zurich_en_b74,DATE_years,MENTIONS
Zurich_en_b74,PERSON_german_reich,MENTIONS
Zurich_en_b74,DATE_recent_years,MENTIONS
Zurich_en_b74,DATE_1907,MENTIONS
Zurich_en_b74,GPE_zurich,MENTIONS
Zurich_en_b75,DATE_1905,MENTIONS
Zurich_en_b75,NORP_germans,MENTIONS
Zurich_en_b75,NORP_italians,MENTIONS
Zurich_en_b75,GPE_austria,MENTIONS
Zurich_en_b75,GPE_russia,MENTIONS
Zurich_en_b75,GPE_france,MENTIONS
Zurich_en_b75,GPE_zurich,MENTIONS
Zurich_en_b75,NORP_swiss,MENTIONS
Zurich_en_b75,DATE_1905,MENTIONS
Zurich_en_b76,GPE_zurich,MENTIONS
Zurich_en_b76,NORP_gemüsemarkt,MENTIONS
Zurich_en_b76,GPE_st_peter_s_church,MENTIONS
Zurich_en_b77,DATE_recent_years,MENTIONS
Zurich_en_b77,GPE_zurich,MENTIONS
Zurich_en_b77,NORP_swiss,MENTIONS
Zurich_en_b78,DATE_june_1906,MENTIONS
Zurich_en_b78,DATE_1907,MENTIONS
Zurich_en_b78,DATE_1907,MENTIONS
Zurich_en_b78,GPE_zurich,MENTIONS
Zurich_en_b78,DATE_1899,MENTIONS
Zurich_en_b79,DATE_1833,MENTIONS
Zurich_en_b79,DATE_1893,MENTIONS
Zurich_en_b79,DATE_1893,MENTIONS
Zurich_en_b79,DATE_1770,MENTIONS
Zurich_en_b80,DATE_1901,MENTIONS
Zurich_en_b80,DATE_1900,MENTIONS
Zurich_en_b80,DATE_around_1900,MENTIONS
Zurich_en_b81,GPE_zurich,MENTIONS
Zurich_en_b82,DATE_1809,MENTIONS
Zurich_en_b82,GPE_zurich,MENTIONS
Zurich_en_b82,DATE_today,MENTIONS
Zurich_en_b83,DATE_1906,MENTIONS
Zurich_en_b83,GPE_zurich,MENTIONS
Zurich_en_b84,DATE_1906,MENTIONS
Zurich_en_b86,GPE_zurich,MENTIONS
Zurich_en_b86,GPE_canton,MENTIONS
Zurich_en_b86,GPE_zurich,MENTIONS
Zurich_en_b86,PERSON_wolff,MENTIONS
Zurich_en_b86,PERSON_h_zurich_s,MENTIONS
Zurich_en_b86,GPE_zurich_6_1906,MENTIONS
Zurich_en_b86,DATE_annual,MENTIONS
Zurich_en_b86,DATE_1907,MENTIONS
Zurich_en_b86,GPE_zurich,MENTIONS
Zurich_en_b86,DATE_1908,MENTIONS
Zurich_en_b86,GPE_zurich,MENTIONS
Zurich_en_b86,DATE_10_1908,MENTIONS
Zurich_en_b86,PERSON_wolff,MENTIONS
Zurich_en_b86,PERSON_h_lecture,MENTIONS
Zurich_en_b86,GPE_zurich,MENTIONS
Zurich_en_b86,ORG_the_statistical_and_economic_society,MENTIONS
Zurich_en_b86,GPE_canton,MENTIONS
Zurich_en_b86,GPE_zurich,MENTIONS
Zurich_en_b86,DATE_january_1908,MENTIONS
Zurich_en_b87,PERSON_hygienic_conditions,MENTIONS
Zurich_en_b88,ORG_limmat,MENTIONS
Zurich_en_b88,PERSON_sihl,MENTIONS
Zurich_en_b88,DATE_1344,MENTIONS
Zurich_en_b88,PERSON_zum_schwert,MENTIONS
Zurich_en_b88,PERSON_hardturm,MENTIONS
Zurich_en_b88,DATE_1553,MENTIONS
Zurich_en_b88,ORG_fraumünster,MENTIONS
Zurich_en_b88,DATE_1556,MENTIONS
Zurich_en_b88,ORG_limmat,MENTIONS
Zurich_en_b89,PERSON_sihl,MENTIONS
Zurich_en_b89,PERSON_platzspitz,MENTIONS
Zurich_en_b89,DATE_1404,MENTIONS
Zurich_en_b89,DATE_1512,MENTIONS
Zurich_en_b89,GPE_weinplatz,MENTIONS
Zurich_en_b89,PERSON_kornhausplatz,MENTIONS
Zurich_en_b89,DATE_1580,MENTIONS
Zurich_en_b89,DATE_1585,MENTIONS
Zurich_en_b89,DATE_1740,MENTIONS
Zurich_en_b89,DATE_1814,MENTIONS
Zurich_en_b89,DATE_today,MENTIONS
Zurich_en_b89,DATE_1908,MENTIONS
Zurich_en_b90,DATE_july_8_1817,MENTIONS
Zurich_en_b90,DATE_january_29_1854,MENTIONS
Zurich_en_b90,DATE_february_25_1882,MENTIONS
Zurich_en_b90,DATE_february_25_1891,MENTIONS
Zurich_en_b90,DATE_march_1909,MENTIONS
Zurich_en_b90,ORG_limmat,MENTIONS
Zurich_en_b90,ORG_limmat_and_schanzengraben,MENTIONS
Zurich_en_b90,DATE_june_15_1876,MENTIONS
Zurich_en_b90,DATE_february_25_1891,MENTIONS
Zurich_en_b90,LOC_lake_area,MENTIONS
Zurich_en_b90,PERSON_km²,MENTIONS
Zurich_en_b90,PERSON_km²,MENTIONS
Zurich_en_b91,GPE_zurich,MENTIONS
Zurich_en_b92,GPE_zurich,MENTIONS
Zurich_en_b92,ORG_limmat,MENTIONS
Zurich_en_b92,ORG_schanzengraben,MENTIONS
Zurich_en_b92,DATE_annually,MENTIONS
Zurich_en_b92,DATE_1907,MENTIONS
Zurich_en_b92,DATE_bad_summer,MENTIONS
Zurich_en_b92,DATE_1906_343_816,MENTIONS
Zurich_en_b92,DATE_winter,MENTIONS
Zurich_en_b92,DATE_winter,MENTIONS
Zurich_en_b92,DATE_annual,MENTIONS
Zurich_en_b92,ORG_bürkliplatz_for_air_baths,MENTIONS
Zurich_en_b93,WORK_OF_ART_lindenhof,MENTIONS
Zurich_en_b93,NORP_roman,MENTIONS
Zurich_en_b93,PERSON_geissberg,MENTIONS
Zurich_en_b93,PERSON_platzspitz,MENTIONS
Zurich_en_b93,PERSON_sihlhölzli,MENTIONS
Zurich_en_b93,PERSON_heimplatz,MENTIONS
Zurich_en_b93,LOC_stadelhoferplatz,MENTIONS
Zurich_en_b93,GPE_belvoirpark,MENTIONS
Zurich_en_b93,PERSON_quaibrücke,MENTIONS
Zurich_en_b93,GPE_zurichhorn,MENTIONS
Zurich_en_b93,PERSON_rudolf_koller,MENTIONS
Zurich_en_b93,DATE_may_24_1908,MENTIONS
Zurich_en_b94,GPE_zurich,MENTIONS
Zurich_en_b94,GPE_zurichhorn,MENTIONS
Zurich_en_b95,ORG_limmatplatz_rotwand,MENTIONS
Zurich_en_b95,DATE_winter,MENTIONS
Zurich_en_b96,DATE_1905,MENTIONS
Zurich_en_b96,PERSON_dolder,MENTIONS
Zurich_en_b96,PERSON_zurichberg,MENTIONS
Zurich_en_b96,PERSON_uetliberg,MENTIONS
Zurich_en_b96,GPE_zurichberg,MENTIONS
Zurich_en_b96,GPE_käferberg,MENTIONS
Zurich_en_b96,PERSON_uetliberg,MENTIONS
Zurich_en_b96,ORG_the_beautification_association_of_zurich,MENTIONS
Zurich_en_b96,ORG_surroundings,MENTIONS
Zurich_en_b96,DATE_the_early_1870s,MENTIONS
Zurich_en_b97,DATE_sundays,MENTIONS
Zurich_en_b97,NORP_manessebrünneli,MENTIONS
Zurich_en_b97,PERSON_grandmother_beech,MENTIONS
Zurich_en_b97,PERSON_battle_memorial,MENTIONS
Zurich_en_b97,DATE_1799,MENTIONS
Zurich_en_b97,GPE_sagentobel,MENTIONS
Zurich_en_b97,PERSON_stöckentobel,MENTIONS
Zurich_en_b97,PERSON_weidberg,MENTIONS
Zurich_en_b97,PERSON_uto,MENTIONS
Zurich_en_b97,DATE_winter,MENTIONS
Zurich_en_b98,ORG_the_black_forest,MENTIONS
Zurich_en_b98,LOC_vosges,MENTIONS
Zurich_en_b98,PERSON_jura,MENTIONS
Zurich_en_b98,ORG_hegau,MENTIONS
Zurich_en_b98,ORG_hoherstoffel_and_hohentwiel,MENTIONS
Zurich_en_b98,LOC_alps,MENTIONS
Zurich_en_b98,PERSON_uetliberg,MENTIONS
Zurich_en_b98,GPE_säntis,MENTIONS
Zurich_en_b98,PERSON_spelterini,MENTIONS
Zurich_en_b98,DATE_sunday,MENTIONS
Zurich_en_b98,PERSON_sihlwald,MENTIONS
Zurich_en_b99,GPE_zurich,MENTIONS
Zurich_en_b99,DATE_summer,MENTIONS
Zurich_en_b99,PERSON_hose,MENTIONS
Zurich_en_b99,ORG_limmat,MENTIONS
Zurich_en_b99,DATE_winter,MENTIONS
Zurich_en_b99,DATE_1907,MENTIONS
Zurich_en_b99,DATE_1907,MENTIONS
Zurich_en_b99,GPE_hardhüsligut,MENTIONS
Zurich_en_b100,GPE_zurich,MENTIONS
Zurich_en_b100,ORG_house,MENTIONS
Zurich_en_b100,PERSON_zum_rüden,MENTIONS
Zurich_en_b101,DATE_1909,MENTIONS
Zurich_en_b101,DATE_1907,MENTIONS
Zurich_en_b101,DATE_daily,MENTIONS
Zurich_en_b101,DATE_1906,MENTIONS
Zurich_en_b101,DATE_1906,MENTIONS
Zurich_en_b101,DATE_40,MENTIONS
Zurich_en_b101,GPE_switzerland,MENTIONS
Zurich_en_b102,DATE_1907,MENTIONS
Zurich_en_b102,DATE_daily,MENTIONS
Zurich_en_b102,DATE_the_year,MENTIONS
Zurich_en_b103,DATE_weekly,MENTIONS
Zurich_en_b103,DATE_the_year,MENTIONS
Zurich_en_b103,DATE_tuesdays,MENTIONS
Zurich_en_b103,DATE_fridays,MENTIONS
Zurich_en_b103,DATE_these_days,MENTIONS
Zurich_en_b103,NORP_bahnhofstrasse,MENTIONS
Zurich_en_b103,NORP_petersstrasse,MENTIONS
Zurich_en_b103,GPE_uraniastrasse,MENTIONS
Zurich_en_b103,GPE_sihlhofstrasse,MENTIONS
Zurich_en_b103,GPE_usteristrasse,MENTIONS
Zurich_en_b103,GPE_schweizergasse,MENTIONS
Zurich_en_b103,ORG_lintheschergasse,MENTIONS
Zurich_en_b103,NORP_schützengasse,MENTIONS
Zurich_en_b103,PERSON_rathausquai,MENTIONS
Zurich_en_b103,PERSON_rathausbrücke_hirschengraben,MENTIONS
Zurich_en_b103,GPE_stauffacherstrasse,MENTIONS
Zurich_en_b104,NORP_bahnhofstrasse,MENTIONS
Zurich_en_b104,DATE_1907,MENTIONS
Zurich_en_b104,NORP_bahnhofstrasse,MENTIONS
Zurich_en_b104,DATE_autumn,MENTIONS
Zurich_en_b104,DATE_mid_september,MENTIONS
Zurich_en_b104,DATE_mid_november,MENTIONS
Zurich_en_b104,GPE_uraniastrasse,MENTIONS
Zurich_en_b104,PERSON_hirschengraben,MENTIONS
Zurich_en_b104,DATE_1907,MENTIONS
Zurich_en_b104,DATE_16_to_48_fr,MENTIONS
Zurich_en_b104,PERSON_fr,MENTIONS
Zurich_en_b104,GPE_zurich,MENTIONS
Zurich_en_b104,GPE_bülach,MENTIONS
Zurich_en_b104,GPE_dielsdorf,MENTIONS
Zurich_en_b104,ORG_horgen,MENTIONS
Zurich_en_b104,NORP_aargau,MENTIONS
Zurich_en_b104,PERSON_zug,MENTIONS
Zurich_en_b104,GPE_alsace,MENTIONS
Zurich_en_b104,PRODUCT_rafzerfeld,MENTIONS
Zurich_en_b104,PERSON_schaffhausen,MENTIONS
Zurich_en_b104,DATE_around_christmas,MENTIONS
Zurich_en_b104,PERSON_hirschengraben,MENTIONS
Zurich_en_b104,DATE_christmas,MENTIONS
Zurich_en_b104,DATE_1907,MENTIONS
Zurich_en_b105,DATE_the_end_of_1907,MENTIONS
Zurich_en_b105,GPE_zurich,MENTIONS
Zurich_en_b105,GPE_canton,MENTIONS
Zurich_en_b105,GPE_zurich,MENTIONS
Zurich_en_b105,ORG_niederdorf,MENTIONS
Zurich_en_b105,ORG_zeughausstrasse_10,MENTIONS
Zurich_en_b105,DATE_45,MENTIONS
Zurich_en_b105,ORG_konradstrasse_11,MENTIONS
Zurich_en_b105,DATE_46,MENTIONS
Zurich_en_b105,GPE_zwinglistrasse,MENTIONS
Zurich_en_b105,DATE_34,MENTIONS
Zurich_en_b105,ORG_langstrasse_28,MENTIONS
Zurich_en_b106,ORG_the_women_s_association_for_temperance_and_public_welfare,MENTIONS
Zurich_en_b106,DATE_daily,MENTIONS
Zurich_en_b106,DATE_12_years_ago,MENTIONS
Zurich_en_b106,DATE_today,MENTIONS
Zurich_en_b106,DATE_annual,MENTIONS
Zurich_en_b107,WORK_OF_ART_zurichberg,MENTIONS
Zurich_en_b107,PERSON_zum_blauen,MENTIONS
Zurich_en_b107,ORG_seidenhof,MENTIONS
Zurich_en_b107,PERSON_zum_olivenbaum,MENTIONS
Zurich_en_b107,PERSON_karl_dem_grossen,MENTIONS
Zurich_en_b107,GPE_zurich,MENTIONS
Zurich_en_b108,GPE_zurich,MENTIONS
Zurich_en_b108,DATE_summer,MENTIONS
Zurich_en_b108,GPE_küchlifahrt,MENTIONS
Zurich_en_b108,NORP_nidelbad,MENTIONS
Zurich_en_b108,ORG_waid,MENTIONS
Zurich_en_b109,DATE_1430,MENTIONS
Zurich_en_b109,DATE_the_middle_of_the_19th_century,MENTIONS
Zurich_en_b109,PERSON_maß,MENTIONS
Zurich_en_b109,ORG_limmat,MENTIONS
Zurich_en_b109,GPE_schipfe,MENTIONS
Zurich_en_b109,ORG_schanzengraben,MENTIONS
Zurich_en_b109,PERSON_g_meyer_von_knonau,MENTIONS
Zurich_en_b109,PERSON_der_kanton_zürich,MENTIONS
Zurich_en_b109,DATE_1844,MENTIONS
Zurich_en_b109,DATE_1860,MENTIONS
Zurich_en_b109,DATE_1867,MENTIONS
Zurich_en_b109,PERSON_bürkli,MENTIONS
Zurich_en_b109,ORG_limmat,MENTIONS
Zurich_en_b109,ORG_mühlesteg,MENTIONS
Zurich_en_b111,DATE_1868,MENTIONS
Zurich_en_b111,GPE_polytechnic,MENTIONS
Zurich_en_b111,GPE_schmelzberg,MENTIONS
Zurich_en_b111,ORG_limmat,MENTIONS
Zurich_en_b111,PERSON_bauschanze,MENTIONS
Zurich_en_b112,DATE_daily,MENTIONS
Zurich_en_b112,DATE_1872,MENTIONS
Zurich_en_b112,ORG_platzspitz,MENTIONS
Zurich_en_b112,DATE_1870,MENTIONS
Zurich_en_b112,DATE_daily,MENTIONS
Zurich_en_b112,DATE_1875,MENTIONS
Zurich_en_b112,ORG_letten,MENTIONS
Zurich_en_b112,ORG_limmat,MENTIONS
Zurich_en_b112,ORG_drahtschmidli,MENTIONS
Zurich_en_b113,DATE_1879,MENTIONS
Zurich_en_b113,NORP_polytechnic,MENTIONS
Zurich_en_b113,PERSON_langensteinen,MENTIONS
Zurich_en_b113,DATE_today,MENTIONS
Zurich_en_b113,GPE_zurichberg,MENTIONS
Zurich_en_b114,DATE_1884,MENTIONS
Zurich_en_b114,GPE_zurich,MENTIONS
Zurich_en_b114,ORG_limmat,MENTIONS
Zurich_en_b114,PERSON_k_zehnder,MENTIONS
Zurich_en_b114,PERSON_h_v_wyss,MENTIONS
Zurich_en_b114,PERSON_cramer,MENTIONS
Zurich_en_b114,PERSON_heim,MENTIONS
Zurich_en_b115,ORG_schanzengraben_sihl,MENTIONS
Zurich_en_b115,PERSON_sihlquai,MENTIONS
Zurich_en_b115,PERSON_letten,MENTIONS
Zurich_en_b116,NORP_french,MENTIONS
Zurich_en_b117,DATE_1885,MENTIONS
Zurich_en_b117,DATE_1886,MENTIONS
Zurich_en_b118,GPE_zurich,MENTIONS
Zurich_en_b118,ORG_kreuzkirche,MENTIONS
Zurich_en_b118,GPE_neumünster,MENTIONS
Zurich_en_b119,DATE_1905,MENTIONS
Zurich_en_b119,PERSON_sihl,MENTIONS
Zurich_en_b119,PERSON_lorze,MENTIONS
Zurich_en_b120,ORG_the_church_of_enge,MENTIONS
Zurich_en_b121,DATE_the_1st_ice_age,MENTIONS
Zurich_en_b121,PERSON_sihl,MENTIONS
Zurich_en_b121,PERSON_lorze,MENTIONS
Zurich_en_b121,FAC_sihlsprung_menzingen,MENTIONS
Zurich_en_b121,PERSON_uto,MENTIONS
Zurich_en_b121,GPE_zurich,MENTIONS
Zurich_en_b121,GPE_canton,MENTIONS
Zurich_en_b121,ORG_nagelfluh,MENTIONS
Zurich_en_b121,PRODUCT_maxima,MENTIONS
Zurich_en_b121,ORG_minima_fluctuate,MENTIONS
Zurich_en_b122,PERSON_sihl,MENTIONS
Zurich_en_b122,PERSON_lorze,MENTIONS
Zurich_en_b122,PERSON_sihlbrugg,MENTIONS
Zurich_en_b122,GPE_albisgütli,MENTIONS
Zurich_en_b123,FAC_the_sihl_lorze,MENTIONS
Zurich_en_b123,DATE_1905,MENTIONS
Zurich_en_b123,DATE_january,MENTIONS
Zurich_en_b123,DATE_september,MENTIONS
Zurich_en_b123,DATE_december_4,MENTIONS
Zurich_en_b123,PERSON_lorze,MENTIONS
Zurich_en_b123,DATE_november_25_1902,MENTIONS
Zurich_en_b123,GPE_zurich,MENTIONS
Zurich_en_b123,DATE_the_next_few_years,MENTIONS
Zurich_en_b124,DATE_october_1_1906,MENTIONS
Zurich_en_b124,DATE_september_30_1907,MENTIONS
Zurich_en_b124,ORG_chf,MENTIONS
Zurich_en_b124,DATE_the_end_of_1907,MENTIONS
Zurich_en_b125,PERSON_bürkli,MENTIONS
Zurich_en_b125,DATE_1867,MENTIONS
Zurich_en_b125,DATE_today,MENTIONS
Zurich_en_b125,ORG_letten,MENTIONS
Zurich_en_b125,ORG_limmat,MENTIONS
Zurich_en_b127,ORG_cholera,MENTIONS
Zurich_en_b127,GPE_zurich,MENTIONS
Zurich_en_b127,DATE_1867,MENTIONS
Zurich_en_b127,GPE_zurich,MENTIONS
Zurich_en_b127,WORK_OF_ART_fund_for_assistance_in_cholera_epidemics,MENTIONS
Zurich_en_b127,PERSON_typhus,MENTIONS
Zurich_en_b127,DATE_1884,MENTIONS
Zurich_en_b127,DATE_1907,MENTIONS
Zurich_en_b128,DATE_previous_years,MENTIONS
Zurich_en_b128,DATE_1906,MENTIONS
Zurich_en_b128,DATE_1904,MENTIONS
Zurich_en_b128,DATE_1903,MENTIONS
Zurich_en_b129,DATE_1906,MENTIONS
Zurich_en_b129,DATE_1904,MENTIONS
Zurich_en_b129,DATE_1903,MENTIONS
Zurich_en_b129,DATE_1907,MENTIONS
Zurich_en_b129,DATE_1906,MENTIONS
Zurich_en_b129,DATE_1904,MENTIONS
Zurich_en_b129,DATE_1903,MENTIONS
Zurich_en_b129,DATE_46,MENTIONS
Zurich_en_b129,DATE_1906,MENTIONS
Zurich_en_b129,DATE_1904,MENTIONS
Zurich_en_b129,DATE_1903,MENTIONS
Zurich_en_b130,FAC_canton_zurich,MENTIONS
Zurich_en_b130,DATE_year_1907,MENTIONS
Zurich_en_b130,DATE_1905,MENTIONS
Zurich_en_b130,DATE_1903,MENTIONS
Zurich_en_b131,DATE_1907,MENTIONS
Zurich_en_b131,DATE_daily,MENTIONS
Zurich_en_b131,GPE_zurich,MENTIONS
Zurich_en_b131,PERSON_sihlfeld,MENTIONS
Zurich_en_b132,PERSON_manegg,MENTIONS
Zurich_en_b132,PERSON_leimbach,MENTIONS
Zurich_en_b132,ORG_wollishofen,MENTIONS
Zurich_en_b133,PERSON_sihlfeld,MENTIONS
Zurich_en_b133,PERSON_aussersihl,MENTIONS
Zurich_en_b133,PERSON_wiedikon,MENTIONS
Zurich_en_b134,ORG_unterstrass,MENTIONS
Zurich_en_b134,GPE_oberstrass,MENTIONS
Zurich_en_b134,GPE_wipkingen,MENTIONS
Zurich_en_b135,PERSON_realp,MENTIONS
Zurich_en_b135,PERSON_enzenbühl,MENTIONS
Zurich_en_b135,ORG_neumünster,MENTIONS
Zurich_en_b135,ORG_allmend_muntern,MENTIONS
Zurich_en_b136,NORP_neumünster,MENTIONS
Zurich_en_b136,DATE_1907,MENTIONS
Zurich_en_b137,GPE_zurich,MENTIONS
Zurich_en_b137,GPE_zurich,MENTIONS
Zurich_en_b137,GPE_switzerland,MENTIONS
Zurich_en_b138,PERSON_meyer_von_knonau,MENTIONS
Zurich_en_b138,PERSON_der_kanton_zürich,MENTIONS
Zurich_en_b138,DATE_1_1844,MENTIONS
Zurich_en_b138,ORG_heim,MENTIONS
Zurich_en_b138,GPE_stadthausquai,MENTIONS
Zurich_en_b138,DATE_1900,MENTIONS
Zurich_en_b138,PERSON_näf_hatt,MENTIONS
Zurich_en_b138,ORG_zurichberg_adlisberg,MENTIONS
Zurich_en_b138,PERSON_uetliberg,MENTIONS
Zurich_en_b138,ORG_the_beautification_association_of_zurich,MENTIONS
Zurich_en_b138,GPE_surroundings,MENTIONS
Zurich_en_b138,DATE_1902,MENTIONS
Zurich_en_b138,DATE_1905,MENTIONS
Zurich_en_b138,ORG_alb,MENTIONS
Zurich_en_b138,PERSON_bosshard,MENTIONS
Zurich_en_b138,PERSON_x_imfeld,MENTIONS
Zurich_en_b138,ORG_wagner,MENTIONS
Zurich_en_b138,ORG_albiskette,MENTIONS
Zurich_en_b138,GPE_zurich,MENTIONS
Zurich_en_b138,DATE_1906,MENTIONS
Zurich_en_b138,PERSON_bürkli,MENTIONS
Zurich_en_b138,PERSON_escher_von_der_linth,MENTIONS
Zurich_en_b138,PERSON_arnold,MENTIONS
Zurich_en_b138,GPE_zurich,MENTIONS
Zurich_en_b138,EVENT_new_year_s,MENTIONS
Zurich_en_b138,GPE_zurich,MENTIONS
Zurich_en_b138,DATE_1871,MENTIONS
Zurich_en_b138,GPE_zurich,MENTIONS
Zurich_en_b138,DATE_annual,MENTIONS
Zurich_en_b138,ORG_the_german_association_of_gas_and_water_specialists,MENTIONS
Zurich_en_b138,GPE_zurich,MENTIONS
Zurich_en_b138,DATE_1903,MENTIONS
Zurich_en_b138,PERSON_peter,MENTIONS
Zurich_en_b138,ORG_weiss,MENTIONS
Zurich_en_b138,PERSON_a_gasworks,MENTIONS
Zurich_en_b138,ORG_wenner,MENTIONS
Zurich_en_b138,PERSON_v_sewerage,MENTIONS
Zurich_en_b138,PERSON_peter,MENTIONS
Zurich_en_b138,DATE_1905,MENTIONS
Zurich_en_b138,ORG_usteri,MENTIONS
Zurich_en_b138,ORG_e_hospitals,MENTIONS
Zurich_en_b138,PERSON_peter,MENTIONS
Zurich_en_b138,ORG_sihl_and,MENTIONS
Zurich_en_b138,PERSON_lorze,MENTIONS
Zurich_en_b138,GPE_zurich,MENTIONS
Zurich_en_b138,DATE_1906,MENTIONS
Zurich_en_b138,DATE_annual,MENTIONS
Zurich_en_b138,DATE_1907,MENTIONS
Zurich_en_b138,GPE_zurich,MENTIONS
Zurich_en_b138,DATE_1908,MENTIONS
Zurich_en_b138,GPE_zurich,MENTIONS
Zurich_en_b138,GPE_zurich,MENTIONS
Zurich_en_b138,DATE_1908,MENTIONS
Zurich_en_b138,PERSON_frau_s,MENTIONS
Zurich_en_b138,ORG_the_women_s_association_for_temperance_and_public_welfare,MENTIONS
Zurich_en_b138,PERSON_3rd_ed,MENTIONS
Zurich_en_b138,GPE_zurich,MENTIONS
Zurich_en_b138,DATE_annual,MENTIONS
Zurich_en_b138,ORG_the_cantonal_council_and_government_council_zurich,MENTIONS
Zurich_en_b138,DATE_february_1909,MENTIONS
Zurich_en_b138,DATE_annual,MENTIONS
Zurich_en_b138,PERSON_erismann,MENTIONS
Zurich_en_b138,GPE_zurich,MENTIONS
Zurich_en_b138,DATE_1909,MENTIONS
Zurich_en_b140,ORG_trade_and_industry,MENTIONS
Zurich_en_b141,GPE_zurich,MENTIONS
Zurich_en_b143,GPE_zurich,MENTIONS
Zurich_en_b143,GPE_zurich_city,MENTIONS
Zurich_en_b143,ORG_wiedikon_enge,MENTIONS
Zurich_en_b143,PERSON_wollishofen,MENTIONS
Zurich_en_b143,GPE_letten,MENTIONS
Zurich_en_b143,GPE_stadelhofen,MENTIONS
Zurich_en_b143,GPE_tiefenbrunnen,MENTIONS
Zurich_en_b143,ORG_selnau,MENTIONS
Zurich_en_b143,PERSON_uetliberg,MENTIONS
Zurich_en_b143,PERSON_sihl,MENTIONS
Zurich_en_b143,DATE_1875,MENTIONS
Zurich_en_b143,PERSON_binz,MENTIONS
Zurich_en_b143,PERSON_waldegg,MENTIONS
Zurich_en_b143,PERSON_uetliberg,MENTIONS
Zurich_en_b143,FAC_giesshübel_brunau_manegg_sod_adliswil,MENTIONS
Zurich_en_b143,ORG_sihlbrugg,MENTIONS
Zurich_en_b143,PRODUCT_thalwil_zug,MENTIONS
Zurich_en_b144,GPE_zurich,MENTIONS
Zurich_en_b144,GPE_baden,MENTIONS
Zurich_en_b144,DATE_august_9_1847,MENTIONS
Zurich_en_b144,PERSON_winterthur,MENTIONS
Zurich_en_b144,DATE_may_16_1855,MENTIONS
Zurich_en_b144,DATE_august_1_1856,MENTIONS
Zurich_en_b144,PERSON_zug,MENTIONS
Zurich_en_b144,DATE_june_1_1864,MENTIONS
Zurich_en_b144,GPE_lake_zurich,MENTIONS
Zurich_en_b144,DATE_may_19_1835,MENTIONS
Zurich_en_b144,DATE_1891,MENTIONS
Zurich_en_b144,DATE_today,MENTIONS
Zurich_en_b145,ORG_maur,MENTIONS
Zurich_en_b145,PERSON_zumikon,MENTIONS
Zurich_en_b145,GPE_zurich,MENTIONS
Zurich_en_b146,GPE_zurich,MENTIONS
Zurich_en_b146,ORG_swiss_national_museum,MENTIONS
Zurich_en_b147,DATE_september_24_1882,MENTIONS
Zurich_en_b147,DATE_a_decade_later,MENTIONS
Zurich_en_b147,ORG_burgwies,MENTIONS
Zurich_en_b147,DATE_1898,MENTIONS
Zurich_en_b147,GPE_letten,MENTIONS
Zurich_en_b147,GPE_zurichberg,MENTIONS
Zurich_en_b147,DATE_today,MENTIONS
Zurich_en_b147,PERSON_giesshübel,MENTIONS
Zurich_en_b147,PERSON_albisgütli,MENTIONS
Zurich_en_b147,ORG_the_limmat_valley,MENTIONS
Zurich_en_b147,GPE_marienstrasse,MENTIONS
Zurich_en_b147,PERSON_mutschellen,MENTIONS
Zurich_en_b147,GPE_wipkingen,MENTIONS
Zurich_en_b147,GPE_hoengg,MENTIONS
Zurich_en_b147,ORG_leonhardsplatz,MENTIONS
Zurich_en_b147,ORG_oerlikon_seebach_glattbrugg,MENTIONS
Zurich_en_b147,ORG_schwamendingen,MENTIONS
Zurich_en_b147,PERSON_zurichberg,MENTIONS
Zurich_en_b147,NORP_rigiplatz,MENTIONS
Zurich_en_b147,ORG_rigiviertel,MENTIONS
Zurich_en_b147,GPE_leonhardsplatz,MENTIONS
Zurich_en_b147,NORP_polytechnic,MENTIONS
Zurich_en_b147,ORG_römerhof,MENTIONS
Zurich_en_b147,PERSON_waldhaus_dolder,MENTIONS
Zurich_en_b147,FAC_the_grand_hotel_dolder,MENTIONS
Zurich_en_b148,GPE_zurich,MENTIONS
Zurich_en_b148,GPE_urania,MENTIONS
Zurich_en_b149,DATE_the_end_of_1907,MENTIONS
Zurich_en_b149,DATE_1907,MENTIONS
Zurich_en_b149,ORG_the_traffic_association,MENTIONS
Zurich_en_b149,GPE_lake_zurich,MENTIONS
Zurich_en_b150,GPE_zurich,MENTIONS
Zurich_en_b150,DATE_1907,MENTIONS
Zurich_en_b150,DATE_annually,MENTIONS
Zurich_en_b150,GPE_zurichberg,MENTIONS
Zurich_en_b150,GPE_wolfbach,MENTIONS
Zurich_en_b150,ORG_hottingen,MENTIONS
Zurich_en_b150,ORG_limmat,MENTIONS
Zurich_en_b150,ORG_mühlesteg,MENTIONS
Zurich_en_b150,PERSON_klosbach,MENTIONS
Zurich_en_b150,PERSON_hornbach,MENTIONS
Zurich_en_b150,PERSON_lindenbach,MENTIONS
Zurich_en_b150,GPE_district_4,MENTIONS
Zurich_en_b151,DATE_1856,MENTIONS
Zurich_en_b151,DATE_1886,MENTIONS
Zurich_en_b151,DATE_today,MENTIONS
Zurich_en_b151,PERSON_uetliberg,MENTIONS
Zurich_en_b151,GPE_schlieren,MENTIONS
Zurich_en_b151,DATE_december_1908,MENTIONS
Zurich_en_b151,DATE_daily,MENTIONS
Zurich_en_b151,DATE_daily,MENTIONS
Zurich_en_b152,DATE_1898,MENTIONS
Zurich_en_b152,DATE_annual,MENTIONS
Zurich_en_b152,ORG_adliswil_oerlikon,MENTIONS
Zurich_en_b152,PERSON_zollikon,MENTIONS
Zurich_en_b152,GPE_kilchberg,MENTIONS
Zurich_en_b152,GPE_schlieren,MENTIONS
Zurich_en_b152,ORG_albisrieden_altstetten,MENTIONS
Zurich_en_b152,DATE_1906,MENTIONS
Zurich_en_b152,GPE_city,MENTIONS
Zurich_en_b152,GPE_zurich,MENTIONS
Zurich_en_b152,DATE_30_november_1907,MENTIONS
Zurich_en_b153,ORG_intellectual_life_associations,MENTIONS
Zurich_en_b155,GPE_zurich,MENTIONS
Zurich_en_b155,DATE_daily,MENTIONS
Zurich_en_b155,DATE_saturday,MENTIONS
Zurich_en_b155,DATE_election_day,MENTIONS
Zurich_en_b156,ORG_contra,MENTIONS
Zurich_en_b157,DATE_1909,MENTIONS
Zurich_en_b157,GPE_zurich,MENTIONS
Zurich_en_b157,DATE_daily,MENTIONS
Zurich_en_b157,DATE_weekly,MENTIONS
Zurich_en_b157,DATE_weekly,MENTIONS
Zurich_en_b157,DATE_53_weekly,MENTIONS
Zurich_en_b157,DATE_monthly,MENTIONS
Zurich_en_b157,DATE_1666,MENTIONS
Zurich_en_b157,DATE_weekly,MENTIONS
Zurich_en_b157,DATE_friday_weekly,MENTIONS
Zurich_en_b157,DATE_today,MENTIONS
Zurich_en_b157,PERSON_zürcher_freitagszeitung,MENTIONS
Zurich_en_b157,DATE_1673,MENTIONS
Zurich_en_b157,NORP_swiss,MENTIONS
Zurich_en_b157,ORG_the_zürcher_zeitung,MENTIONS
Zurich_en_b157,DATE_january_12_1780,MENTIONS
Zurich_en_b157,DATE_1821,MENTIONS
Zurich_en_b157,ORG_neue_zürcher_zeitung,MENTIONS
Zurich_en_b157,DATE_daily,MENTIONS
Zurich_en_b157,DATE_1843,MENTIONS
Zurich_en_b157,DATE_several_years,MENTIONS
Zurich_en_b157,DATE_daily,MENTIONS
Zurich_en_b157,DATE_1801,MENTIONS
Zurich_en_b157,GPE_helvetic,MENTIONS
Zurich_en_b157,PERSON_max_uebelhör,MENTIONS
Zurich_en_b157,PERSON_zur_geschichte,MENTIONS
Zurich_en_b157,PERSON_neuen_zürcher_zeitung,MENTIONS
Zurich_en_b157,ORG_n_z_z,MENTIONS
Zurich_en_b157,DATE_march_31_1908,MENTIONS
Zurich_en_b158,GPE_zurich,MENTIONS
Zurich_en_b158,DATE_daily,MENTIONS
Zurich_en_b158,DATE_1837,MENTIONS
Zurich_en_b158,DATE_daily,MENTIONS
Zurich_en_b158,ORG_zürcher_post,MENTIONS
Zurich_en_b158,PERSON_grütlianer,MENTIONS
Zurich_en_b158,ORG_volksrecht,MENTIONS
Zurich_en_b158,PERSON_neue_zürcher_nachrichten,MENTIONS
Zurich_en_b158,NORP_catholics,MENTIONS
Zurich_en_b158,GPE_sechseläuten,MENTIONS
Zurich_en_b158,DATE_the_year,MENTIONS
Zurich_en_b158,DATE_weekly,MENTIONS
Zurich_en_b158,GPE_zurich,MENTIONS
Zurich_en_b158,DATE_1874,MENTIONS
Zurich_en_b158,GPE_zurich,MENTIONS
Zurich_en_b158,DATE_jubilee_1908,MENTIONS
Zurich_en_b158,GPE_zurich,MENTIONS
Zurich_en_b159,GPE_zurich,MENTIONS
Zurich_en_b159,ORG_the_city_theatre,MENTIONS
Zurich_en_b160,ORG_the_associations_and_societies,MENTIONS
Zurich_en_b160,GPE_zurich,MENTIONS
Zurich_en_b161,ORG_n_z_z,MENTIONS
Zurich_en_b162,PERSON_helmhaus,MENTIONS
Zurich_en_b162,ORG_predigerkirche,MENTIONS
Zurich_en_b162,ORG_helmhaus,MENTIONS
Zurich_en_b162,ORG_the_museum_of_applied_arts,MENTIONS
Zurich_en_b162,ORG_national_museum,MENTIONS
Zurich_en_b162,ORG_the_swiss_national_museum,MENTIONS
Zurich_en_b162,ORG_the_federal_polytechnic_school,MENTIONS
Zurich_en_b162,ORG_predigerkirche,MENTIONS
Zurich_en_b162,ORG_helmhaus,MENTIONS
Zurich_en_b162,PERSON_johann_gessner,MENTIONS
Zurich_en_b162,DATE_1747,MENTIONS
Zurich_en_b162,GPE_pestalozzianum,MENTIONS
Zurich_en_b162,ORG_the_museum,MENTIONS
Zurich_en_b162,DATE_1834,MENTIONS
Zurich_en_b162,ORG_hottingen,MENTIONS
Zurich_en_b162,PERSON_alpine_club,MENTIONS
Zurich_en_b162,GPE_switzerland,MENTIONS
Zurich_en_b162,ORG_seilergraben,MENTIONS
Zurich_en_b163,GPE_zurich,MENTIONS
Zurich_en_b163,GPE_tonhalle,MENTIONS
Zurich_en_b164,PERSON_pestalozzi,MENTIONS
Zurich_en_b164,DATE_1907,MENTIONS
Zurich_en_b164,DATE_annually,MENTIONS
Zurich_en_b164,DATE_winter,MENTIONS
Zurich_en_b164,DATE_1907,MENTIONS
Zurich_en_b164,DATE_winter,MENTIONS
Zurich_en_b165,ORG_swiss_national_museum,MENTIONS
Zurich_en_b165,ORG_museum_of_applied_arts,MENTIONS
Zurich_en_b165,GPE_zurich,MENTIONS
Zurich_en_b165,NORP_polytechnic,MENTIONS
Zurich_en_b165,PERSON_a_lang,MENTIONS
Zurich_en_b165,NORP_d,MENTIONS
Zurich_en_b165,PERSON_grubenmann,MENTIONS
Zurich_en_b165,ORG_heim,MENTIONS
Zurich_en_b165,ORG_mayer_eymar,MENTIONS
Zurich_en_b165,PERSON_santiago_roth_s,MENTIONS
Zurich_en_b165,NORP_pampas,MENTIONS
Zurich_en_b165,ORG_niederweningen,MENTIONS
Zurich_en_b165,PERSON_c_keller,MENTIONS
Zurich_en_b165,PERSON_c_schröter,MENTIONS
Zurich_en_b165,GPE_switzerland,MENTIONS
Zurich_en_b165,ORG_becker,MENTIONS
Zurich_en_b165,PERSON_simon,MENTIONS
Zurich_en_b165,GPE_imfeld,MENTIONS
Zurich_en_b165,GPE_heim,MENTIONS
Zurich_en_b166,GPE_zurich,MENTIONS
Zurich_en_b166,PERSON_albisgütli,MENTIONS
Zurich_en_b167,ORG_seilergraben,MENTIONS
Zurich_en_b167,ORG_nageli_museum,MENTIONS
Zurich_en_b167,GPE_zurichhorn,MENTIONS
Zurich_en_b167,NORP_swiss,MENTIONS
Zurich_en_b168,ORG_heimplatz,MENTIONS
Zurich_en_b168,GPE_künstlergütli,MENTIONS
Zurich_en_b168,NORP_polytechnic,MENTIONS
Zurich_en_b168,ORG_the_zurich_art_society,MENTIONS
Zurich_en_b168,GPE_zurich,MENTIONS
Zurich_en_b168,PERSON_rudolf_koller,MENTIONS
Zurich_en_b168,PERSON_arnold_böcklin,MENTIONS
Zurich_en_b168,PERSON_künstlerhaus,MENTIONS
Zurich_en_b168,GPE_zurich,MENTIONS
Zurich_en_b169,GPE_zurich,MENTIONS
Zurich_en_b169,DATE_years,MENTIONS
Zurich_en_b169,ORG_pfauen_theater,MENTIONS
Zurich_en_b169,PERSON_alfred_reucker_s,MENTIONS
Zurich_en_b169,PERSON_lothar_kempter,MENTIONS
Zurich_en_b169,ORG_wagner,MENTIONS
Zurich_en_b169,ORG_wagner,MENTIONS
Zurich_en_b169,GPE_tonhalle,MENTIONS
Zurich_en_b169,PERSON_friedrich_hegar,MENTIONS
Zurich_en_b169,PERSON_brahms,MENTIONS
Zurich_en_b169,PERSON_richard_strauss,MENTIONS
Zurich_en_b170,GPE_zurich,MENTIONS
Zurich_en_b170,GPE_zurich,MENTIONS
Zurich_en_b170,ORG_baumgartner,MENTIONS
Zurich_en_b170,PERSON_ignaz_heim,MENTIONS
Zurich_en_b170,PERSON_gustav_weber,MENTIONS
Zurich_en_b170,PERSON_friedrich_hegar,MENTIONS
Zurich_en_b170,PERSON_karl_attenhofer,MENTIONS
Zurich_en_b170,PERSON_gottfried_angerer,MENTIONS
Zurich_en_b170,PERSON_volkmar_andreae,MENTIONS
Zurich_en_b170,DATE_recent_years,MENTIONS
Zurich_en_b170,GPE_tonhalle,MENTIONS
Zurich_en_b170,ORG_the_central_theater_on_weinbergstrasse,MENTIONS
Zurich_en_b170,ORG_the_corso_theater,MENTIONS
Zurich_en_b170,FAC_tonhalle_square,MENTIONS
Zurich_en_b170,GPE_urania,MENTIONS
Zurich_en_b171,PERSON_harmonie,MENTIONS
Zurich_en_b171,ORG_bonaduz,MENTIONS
Zurich_en_b171,DATE_may,MENTIONS
Zurich_en_b171,GPE_messina,MENTIONS
Zurich_en_b171,ORG_the_natural_science_society,MENTIONS
Zurich_en_b172,GPE_zurich,MENTIONS
Zurich_en_b172,DATE_summer,MENTIONS
Zurich_en_b172,PERSON_kempter,MENTIONS
Zurich_en_b172,DATE_winter,MENTIONS
Zurich_en_b172,ORG_hottingen,MENTIONS
Zurich_en_b172,ORG_the_polytechnic_academy,MENTIONS
Zurich_en_b172,DATE_annual,MENTIONS
Zurich_en_b173,PERSON_leo_wehrli,MENTIONS
Zurich_en_b174,ORG_church_system,MENTIONS
Zurich_en_b175,GPE_zurich,MENTIONS
Zurich_en_b175,DATE_1893,MENTIONS
Zurich_en_b175,DATE_today,MENTIONS
Zurich_en_b175,ORG_grossmünster_fraumünster,MENTIONS
Zurich_en_b175,GPE_st_peter,MENTIONS
Zurich_en_b175,NORP_predigern,MENTIONS
Zurich_en_b175,PERSON_aussersihl,MENTIONS
Zurich_en_b175,PERSON_unterstrass,MENTIONS
Zurich_en_b175,GPE_wiedikon,MENTIONS
Zurich_en_b175,GPE_wipkingen,MENTIONS
Zurich_en_b175,GPE_wollishofen,MENTIONS
Zurich_en_b175,NORP_french,MENTIONS
Zurich_en_b175,NORP_catholic,MENTIONS
Zurich_en_b175,NORP_evangelical,MENTIONS
Zurich_en_b175,NORP_roman_catholic,MENTIONS
Zurich_en_b175,PERSON_st_peter,MENTIONS
Zurich_en_b175,PERSON_paul,MENTIONS
Zurich_en_b175,ORG_unterstrass_zurich,MENTIONS
Zurich_en_b175,ORG_methodist,MENTIONS
Zurich_en_b175,NORP_israelite,MENTIONS
Zurich_en_b176,ORG_organization_of_administration,MENTIONS
Zurich_en_b177,GPE_zurich,MENTIONS
Zurich_en_b177,GPE_zurich,MENTIONS
Zurich_en_b177,DATE_1893,MENTIONS
Zurich_en_b177,GPE_zurich,MENTIONS
Zurich_en_b177,NORP_swiss,MENTIONS
Zurich_en_b177,DATE_annual,MENTIONS
Zurich_en_b177,DATE_20_days,MENTIONS
Zurich_en_b178,GPE_zurich,MENTIONS
Zurich_en_b179,DATE_three_years,MENTIONS
Zurich_en_b179,DATE_annual,MENTIONS
Zurich_en_b191,ORG_financial_budget,MENTIONS
Zurich_en_b192,GPE_zurich,MENTIONS
Zurich_en_b192,ORG_zwingli_monument,MENTIONS
Zurich_en_b193,GPE_zurich,MENTIONS
Zurich_en_b193,DATE_1907,MENTIONS
Zurich_en_b194,GPE_zurich,MENTIONS
Zurich_en_b195,DATE_the_end_of_1907,MENTIONS
Zurich_en_b196,GPE_zurich,MENTIONS
Zurich_en_b197,GPE_zurich,MENTIONS
Zurich_en_b197,DATE_the_end_of_1907,MENTIONS
Zurich_en_b197,ORG_the_foundation_of_the_municipal_usufruct_fund,MENTIONS
Zurich_en_b197,ORG_sihlwald,MENTIONS
Zurich_en_b197,DATE_1893,MENTIONS
Zurich_en_b198,ORG_health_care,MENTIONS
Zurich_en_b199,DATE_april_1907,MENTIONS
Zurich_en_b200,DATE_1907,MENTIONS
Zurich_en_b200,FAC_the_zurich_children_s_hospital,MENTIONS
Zurich_en_b200,ORG_the_red_cross_sisters,MENTIONS
Zurich_en_b200,ORG_house,MENTIONS
Zurich_en_b200,ORG_the_nursing_asylum_and_diaconesses_institute_neumünster,MENTIONS
Zurich_en_b200,GPE_theodosianum,MENTIONS
Zurich_en_b200,ORG_the_swiss_institute,MENTIONS
Zurich_en_b200,NORP_swiss,MENTIONS
Zurich_en_b200,GPE_zurich,MENTIONS
Zurich_en_b200,GPE_zurich,MENTIONS
Zurich_en_b200,DATE_the_year_1893,MENTIONS
Zurich_en_b202,DATE_the_individual_quarters,MENTIONS
Zurich_en_b202,ORG_enge,MENTIONS
Zurich_en_b202,GPE_wiedikon,MENTIONS
Zurich_en_b202,ORG_neumünster_unterstrass,MENTIONS
Zurich_en_b202,PERSON_wipkingen,MENTIONS
Zurich_en_b202,GPE_zurich,MENTIONS
Zurich_en_b202,GPE_zurich,MENTIONS
Zurich_en_b202,ORG_neumünster,MENTIONS
Zurich_en_b203,GPE_zurich,MENTIONS
Zurich_en_b203,NORP_swiss,MENTIONS
Zurich_en_b203,ORG_women_s_association,MENTIONS
Zurich_en_b203,ORG_the_zurich_child_protection_association,MENTIONS
Zurich_en_b203,GPE_zurich,MENTIONS
Zurich_en_b204,ORG_the_women_s_association_for_temperance_and_public_welfare,MENTIONS
Zurich_en_b204,ORG_the_salvation_army,MENTIONS
Zurich_en_b204,PERSON_pestalozzi,MENTIONS
Zurich_en_b205,ORG_social_political_institutions,MENTIONS
Zurich_en_b206,DATE_winter,MENTIONS
Zurich_en_b206,DATE_1906_1907,MENTIONS
Zurich_en_b206,DATE_weekly,MENTIONS
Zurich_en_b206,DATE_april_21_1907,MENTIONS
Zurich_en_b207,DATE_annual,MENTIONS
Zurich_en_b207,DATE_at_least_four_days,MENTIONS
Zurich_en_b207,DATE_1907,MENTIONS
Zurich_en_b208,PERSON_e_grossmann,MENTIONS
Zurich_en_b210,GPE_zurich,MENTIONS
Zurich_en_b210,PERSON_neolithic,MENTIONS
Zurich_en_b210,ORG_stone_age,MENTIONS
Zurich_en_b210,PERSON_hafner,MENTIONS
Zurich_en_b210,ORG_bauschanze,MENTIONS
Zurich_en_b210,ORG_wollishofen,MENTIONS
Zurich_en_b210,PERSON_uetliberg,MENTIONS
Zurich_en_b210,GPE_zurich,MENTIONS
Zurich_en_b210,WORK_OF_ART_lindenhof,MENTIONS
Zurich_en_b210,PERSON_uetliberg,MENTIONS
Zurich_en_b211,LOC_burghölzli,MENTIONS
Zurich_en_b211,ORG_the_2nd_iron_age_la_tène,MENTIONS
Zurich_en_b211,GPE_enge,MENTIONS
Zurich_en_b211,GPE_entibühl,MENTIONS
Zurich_en_b211,PERSON_rebhügel,MENTIONS
Zurich_en_b211,ORG_wiedikon,MENTIONS
Zurich_en_b211,ORG_bäckerstrasse,MENTIONS
Zurich_en_b211,GPE_zurich_iii,MENTIONS
Zurich_en_b211,PERSON_uetliberg,MENTIONS
Zurich_en_b211,PERSON_altstetten,MENTIONS
Zurich_en_b211,DATE_the_7th_century,MENTIONS
Zurich_en_b211,ORG_bc,MENTIONS
Zurich_en_b212,GPE_zurich,MENTIONS
Zurich_en_b212,GPE_potin,MENTIONS
Zurich_en_b212,DATE_today,MENTIONS
Zurich_en_b212,PERSON_zurich,MENTIONS
Zurich_en_b212,NORP_helvetians,MENTIONS
Zurich_en_b213,NORP_roman,MENTIONS
Zurich_en_b213,GPE_zurich,MENTIONS
Zurich_en_b213,WORK_OF_ART_lindenhof,MENTIONS
Zurich_en_b213,GPE_uetliberg,MENTIONS
Zurich_en_b213,WORK_OF_ART_lindenhof,MENTIONS
Zurich_en_b213,ORG_d_s_p,MENTIONS
Zurich_en_b213,ORG_mommsen_as_doliare_stationis_publicae_bricks_of_the_public_customs_office,MENTIONS
Zurich_en_b213,NORP_roman,MENTIONS
Zurich_en_b213,DATE_1747,MENTIONS
Zurich_en_b213,GPE_zurich,MENTIONS
Zurich_en_b214,GPE_zurich,MENTIONS
Zurich_en_b214,PERSON_roman_turicum,MENTIONS
Zurich_en_b214,PRODUCT_lindenhof,MENTIONS
Zurich_en_b214,PRODUCT_mosaic,MENTIONS
Zurich_en_b214,DATE_today,MENTIONS
Zurich_en_b214,ORG_peterskirche,MENTIONS
Zurich_en_b214,FAC_wasserkirche,MENTIONS
Zurich_en_b214,PERSON_oetenbach,MENTIONS
Zurich_en_b214,NORP_roman,MENTIONS
Zurich_en_b214,GPE_rennweg,MENTIONS
Zurich_en_b214,GPE_zurich,MENTIONS
Zurich_en_b214,PERSON_enge_s_sternen,MENTIONS
Zurich_en_b214,NORP_roman,MENTIONS
Zurich_en_b214,NORP_roman,MENTIONS
Zurich_en_b214,GPE_albisrieden,MENTIONS
Zurich_en_b214,ORG_waid,MENTIONS
Zurich_en_b214,GPE_wipkingen,MENTIONS
Zurich_en_b214,NORP_roman,MENTIONS
Zurich_en_b214,PERSON_l_ael,MENTIONS
Zurich_en_b214,GPE_urbicus,MENTIONS
Zurich_en_b214,WORK_OF_ART_lindenhof,MENTIONS
Zurich_en_b214,GPE_zentralhof,MENTIONS
Zurich_en_b214,GPE_münsterhof,MENTIONS
Zurich_en_b214,FAC_sihlfeld,MENTIONS
Zurich_en_b215,NORP_roman,MENTIONS
Zurich_en_b215,GPE_baden,MENTIONS
Zurich_en_b215,ORG_aquae,MENTIONS
Zurich_en_b215,GPE_zurich,MENTIONS
Zurich_en_b215,ORG_strehlgasse,MENTIONS
Zurich_en_b215,ORG_limmat,MENTIONS
Zurich_en_b215,DATE_today,MENTIONS
Zurich_en_b215,ORG_alte_landstrasse,MENTIONS
Zurich_en_b215,PERSON_zollikon,MENTIONS
Zurich_en_b215,NORP_roman,MENTIONS
Zurich_en_b216,GPE_zurich,MENTIONS
Zurich_en_b217,GPE_germanic,MENTIONS
Zurich_en_b217,WORK_OF_ART_lindenhof,MENTIONS
Zurich_en_b217,DATE_the_8th_and_9th_centuries,MENTIONS
Zurich_en_b217,GPE_wipkingen,MENTIONS
Zurich_en_b217,GPE_wiedikon,MENTIONS
Zurich_en_b217,GPE_stadelhofen,MENTIONS
Zurich_en_b217,GPE_riesbach,MENTIONS
Zurich_en_b217,GPE_hirslanden,MENTIONS
Zurich_en_b217,ORG_hottingen,MENTIONS
Zurich_en_b217,ORG_fluntern,MENTIONS
Zurich_en_b218,WORK_OF_ART_lindenhof,MENTIONS
Zurich_en_b218,NORP_christian,MENTIONS
Zurich_en_b218,ORG_fraumünster,MENTIONS
Zurich_en_b218,DATE_about_the_10th_century,MENTIONS
Zurich_en_b218,ORG_alemannic_frankish,MENTIONS
Zurich_en_b218,ORG_burghölzli,MENTIONS
Zurich_en_b218,PERSON_alemanni,MENTIONS
Zurich_en_b218,GPE_entibühl,MENTIONS
Zurich_en_b218,NORP_balgrist,MENTIONS
Zurich_en_b218,DATE_the_last_decade,MENTIONS
Zurich_en_b218,PERSON_rebhügel_wiedikon,MENTIONS
Zurich_en_b218,ORG_bäckerstrasse,MENTIONS
Zurich_en_b218,GPE_zurich_iii,MENTIONS
Zurich_en_b218,ORG_the_swiss_national_museum,MENTIONS
Zurich_en_b218,NORP_frankish,MENTIONS
Zurich_en_b220,PERSON_j_heierli,MENTIONS
Zurich_en_b222,GPE_zurich,MENTIONS
Zurich_en_b222,GPE_canton,MENTIONS
Zurich_en_b223,GPE_zurichberg,MENTIONS
Zurich_en_b224,GPE_canton,MENTIONS
Zurich_en_b224,GPE_zurich,MENTIONS
Zurich_en_b224,PERSON_molasse,MENTIONS
Zurich_en_b224,GPE_lake_zurich,MENTIONS
Zurich_en_b224,PERSON_glatt,MENTIONS
Zurich_en_b224,ORG_the_beautification_association,MENTIONS
Zurich_en_b224,GPE_zurichberg,MENTIONS
Zurich_en_b224,GPE_zurich,MENTIONS
Zurich_en_b224,ORG_oerlikon,MENTIONS
Zurich_en_b224,GPE_zurich,MENTIONS
Zurich_en_b225,GPE_lake_zurich,MENTIONS
Zurich_en_b225,GPE_uetliberg,MENTIONS
Zurich_en_b226,GPE_zurichhorn,MENTIONS
Zurich_en_b227,GPE_canton,MENTIONS
Zurich_en_b227,GPE_zurich,MENTIONS
Zurich_en_b227,LOC_delta,MENTIONS
Zurich_en_b227,PERSON_hornbach,MENTIONS
Zurich_en_b227,GPE_lake_zurich,MENTIONS
Zurich_en_b228,GPE_lake_zurich,MENTIONS
Zurich_en_b229,PERSON_cantons_zurich,MENTIONS
Zurich_en_b229,GPE_schwyz,MENTIONS
Zurich_en_b229,GPE_st_gallen,MENTIONS
Zurich_en_b229,GPE_lake_zurich,MENTIONS
Zurich_en_b229,NORP_swiss,MENTIONS
Zurich_en_b229,LOC_lake_constance,MENTIONS
Zurich_en_b229,GPE_molasse,MENTIONS
Zurich_en_b229,PERSON_hirzli,MENTIONS
Zurich_en_b229,GPE_schänniserberg,MENTIONS
Zurich_en_b229,PERSON_speer,MENTIONS
Zurich_en_b229,NORP_swiss,MENTIONS
Zurich_en_b230,GPE_lake_zurich,MENTIONS
Zurich_en_b230,ORG_stäfner,MENTIONS
Zurich_en_b230,DATE_march_12_1909,MENTIONS
Zurich_en_b231,GPE_lake_zurich,MENTIONS
Zurich_en_b231,FAC_the_vita_st_galli_of,MENTIONS
Zurich_en_b231,DATE_the_8th_century,MENTIONS
Zurich_en_b231,PERSON_de_turegum,MENTIONS
Zurich_en_b231,DATE_turicinus,MENTIONS
Zurich_en_b231,DATE_as_early_as,MENTIONS
Zurich_en_b231,ORG_zürichse,MENTIONS
Zurich_en_b231,WORK_OF_ART_zürichsee,MENTIONS
Zurich_en_b231,GPE_lake_zurich,MENTIONS
Zurich_en_b231,PERSON_zürichersee,MENTIONS
Zurich_en_b231,GPE_zugersee,MENTIONS
Zurich_en_b231,GPE_genfersee,MENTIONS
Zurich_en_b232,GPE_lake_zurich,MENTIONS
Zurich_en_b232,NORP_swiss,MENTIONS
Zurich_en_b232,PRODUCT_tschudi,MENTIONS
Zurich_en_b232,DATE_1538,MENTIONS
Zurich_en_b232,GPE_zurich,MENTIONS
Zurich_en_b232,GPE_joost_murer,MENTIONS
Zurich_en_b232,DATE_1566,MENTIONS
Zurich_en_b232,PRODUCT_gyger,MENTIONS
Zurich_en_b232,DATE_1667,MENTIONS
Zurich_en_b232,ORG_dufour,MENTIONS
Zurich_en_b232,PERSON_j_wild,MENTIONS
Zurich_en_b232,WORK_OF_ART_the_siegfried_atlas,MENTIONS
Zurich_en_b232,NORP_swiss,MENTIONS
Zurich_en_b232,GPE_lake_zurich,MENTIONS
Zurich_en_b232,PERSON_km²,MENTIONS
Zurich_en_b232,LOC_lake_geneva,MENTIONS
Zurich_en_b232,LOC_lake_constance,MENTIONS
Zurich_en_b232,ORG_neuchâtel_lake,MENTIONS
Zurich_en_b232,PERSON_km²,MENTIONS
Zurich_en_b232,GPE_zurich,MENTIONS
Zurich_en_b232,DATE_today,MENTIONS
Zurich_en_b232,DATE_recent_years,MENTIONS
Zurich_en_b232,DATE_kümmerly,MENTIONS
Zurich_en_b232,ORG_frey,MENTIONS
Zurich_en_b233,ORG_geographical_lexicon_of,MENTIONS
Zurich_en_b233,GPE_lake_zurich,MENTIONS
Zurich_en_b234,DATE_1896_1901,MENTIONS
Zurich_en_b234,DATE_1906,MENTIONS
Zurich_en_b235,DATE_1896,MENTIONS
Zurich_en_b235,DATE_1901,MENTIONS
Zurich_en_b235,DATE_7059,MENTIONS
Zurich_en_b235,DATE_1906,MENTIONS
Zurich_en_b235,DATE_6798,MENTIONS
Zurich_en_b236,DATE_1896,MENTIONS
Zurich_en_b236,DATE_1901,MENTIONS
Zurich_en_b236,DATE_1906,MENTIONS
Zurich_en_b236,DATE_3269,MENTIONS
Zurich_en_b236,DATE_3192,MENTIONS
Zurich_en_b237,DATE_1896,MENTIONS
Zurich_en_b237,ORG_pigs,MENTIONS
Zurich_en_b237,DATE_1901,MENTIONS
Zurich_en_b237,DATE_1824,MENTIONS
Zurich_en_b237,DATE_1906,MENTIONS
Zurich_en_b237,DATE_1669,MENTIONS
Zurich_en_b238,DATE_1896,MENTIONS
Zurich_en_b238,DATE_1901,MENTIONS
Zurich_en_b238,DATE_1906,MENTIONS
Zurich_en_b238,DATE_1097,MENTIONS
Zurich_en_b239,DATE_1896,MENTIONS
Zurich_en_b239,DATE_1901,MENTIONS
Zurich_en_b239,DATE_1182,MENTIONS
Zurich_en_b239,DATE_1906,MENTIONS
Zurich_en_b239,DATE_1177,MENTIONS
Zurich_en_b239,DATE_1315,MENTIONS
Zurich_en_b240,DATE_1896,MENTIONS
Zurich_en_b240,DATE_1901,MENTIONS
Zurich_en_b240,DATE_1979,MENTIONS
Zurich_en_b240,DATE_1906,MENTIONS
Zurich_en_b240,DATE_2038,MENTIONS
Zurich_en_b242,DATE_1357,MENTIONS
Zurich_en_b244,DATE_1410,MENTIONS
Zurich_en_b245,DATE_1467,MENTIONS
Zurich_en_b246,DATE_1634,MENTIONS
Zurich_en_b247,DATE_1671,MENTIONS
Zurich_en_b248,DATE_1769,MENTIONS
Zurich_en_b249,DATE_1836,MENTIONS
Zurich_en_b250,DATE_1860,MENTIONS
Zurich_en_b251,DATE_1870,MENTIONS
Zurich_en_b252,DATE_1880,MENTIONS
Zurich_en_b253,DATE_1888,MENTIONS
Zurich_en_b254,DATE_1894,MENTIONS
Zurich_en_b254,DATE_july_1,MENTIONS
Zurich_en_b254,PERSON_enge,MENTIONS
Zurich_en_b254,GPE_wiedikon,MENTIONS
Zurich_en_b254,PERSON_aussersihl,MENTIONS
Zurich_en_b254,PERSON_unterstrass,MENTIONS
Zurich_en_b254,GPE_hottingen,MENTIONS
Zurich_en_b254,GPE_hirslanden,MENTIONS
Zurich_en_b254,PERSON_riesbach,MENTIONS
Zurich_en_b254,GPE_wollishofen,MENTIONS
Zurich_en_b254,GPE_wipkingen,MENTIONS
Zurich_en_b255,ORG_residential,MENTIONS
Zurich_en_b256,DATE_1862,MENTIONS
Zurich_en_b257,DATE_1892,MENTIONS
Zurich_en_b258,DATE_9867,MENTIONS
Zurich_en_b259,DATE_1906,MENTIONS
Zurich_en_b261,DATE_1863,MENTIONS
Zurich_en_b261,DATE_9300,MENTIONS
Zurich_en_b263,DATE_1526,MENTIONS
Zurich_en_b267,DATE_1770,MENTIONS
Zurich_en_b268,DATE_1862,MENTIONS
Zurich_en_b268,DATE_3514,MENTIONS
Zurich_en_b269,DATE_1892,MENTIONS
Zurich_en_b270,DATE_9867,MENTIONS
Zurich_en_b271,DATE_1906,MENTIONS
Zurich_en_b272,PERSON_deaths,MENTIONS
Zurich_en_b273,DATE_1893,MENTIONS
Zurich_en_b274,DATE_1894,MENTIONS
Zurich_en_b275,DATE_1895,MENTIONS
Zurich_en_b276,DATE_1896,MENTIONS
Zurich_en_b277,DATE_1897,MENTIONS
Zurich_en_b278,DATE_1898,MENTIONS
Zurich_en_b279,DATE_1899,MENTIONS
Zurich_en_b281,DATE_1901,MENTIONS
Zurich_en_b282,DATE_1902,MENTIONS
Zurich_en_b283,DATE_1903,MENTIONS
Zurich_en_b286,DATE_1906,MENTIONS
Zurich_en_b287,DATE_1907,MENTIONS
Zurich_en_b288,GPE_district_zurich,MENTIONS
Zurich_en_b289,GPE_canton,MENTIONS
Zurich_en_b289,GPE_zurich,MENTIONS
Zurich_en_b289,GPE_switzerland,MENTIONS
Zurich_en_b289,PERSON_zurichberg,MENTIONS
Zurich_en_b289,GPE_greenwich,MENTIONS
Zurich_en_b289,DATE_1908,MENTIONS
Zurich_en_b289,DATE_11½,MENTIONS
Zurich_en_b289,ORG_limmat,MENTIONS
Zurich_en_b289,ORG_hoengg,MENTIONS
Zurich_en_b289,PERSON_uetliberg,MENTIONS
Zurich_en_b290,GPE_zurich,MENTIONS
Zurich_en_b291,GPE_zurich,MENTIONS
Zurich_en_b292,ORG_zurich_utoquai,MENTIONS
Zurich_en_b293,GPE_zurich,MENTIONS
Zurich_en_b293,PERSON_lower_limmatquai,MENTIONS
Zurich_en_b294,GPE_zurich,MENTIONS
Zurich_en_b295,GPE_zurich,MENTIONS
Zurich_en_b296,GPE_zurich,MENTIONS
Zurich_en_b296,PERSON_wiedikon,MENTIONS
Zurich_en_b297,GPE_zurich,MENTIONS
Zurich_en_b297,ORG_saint_jakob_s,MENTIONS
Zurich_en_b298,GPE_zurich,MENTIONS
Zurich_en_b298,PERSON_bauschänzli,MENTIONS
Zurich_en_b299,GPE_zurich,MENTIONS
Zurich_en_b299,GPE_stadthausquai,MENTIONS
Zurich_en_b300,GPE_zurich,MENTIONS
Zurich_en_b300,NORP_gemüsemarkt,MENTIONS
Zurich_en_b300,GPE_st_peter_s_church,MENTIONS
Zurich_en_b301,GPE_zurich,MENTIONS
Zurich_en_b302,GPE_zurich,MENTIONS
Zurich_en_b303,GPE_zurich,MENTIONS
Zurich_en_b303,GPE_zurichhorn,MENTIONS
Zurich_en_b304,GPE_zurich,MENTIONS
Zurich_en_b304,ORG_house,MENTIONS
Zurich_en_b304,PERSON_zum_rüden,MENTIONS
Zurich_en_b306,GPE_zurich,MENTIONS
Zurich_en_b306,ORG_kreuzkirche,MENTIONS
Zurich_en_b306,GPE_neumünster,MENTIONS
Zurich_en_b307,ORG_the_church_of_enge,MENTIONS
Zurich_en_b309,GPE_zurich,MENTIONS
Zurich_en_b309,ORG_swiss_national_museum,MENTIONS
Zurich_en_b310,GPE_zurich,MENTIONS
Zurich_en_b310,GPE_urania,MENTIONS
Zurich_en_b311,GPE_zurich,MENTIONS
Zurich_en_b311,ORG_the_city_theatre,MENTIONS
Zurich_en_b312,GPE_zurich,MENTIONS
Zurich_en_b312,GPE_tonhalle,MENTIONS
Zurich_en_b313,GPE_zurich,MENTIONS
Zurich_en_b313,PERSON_albisgütli,MENTIONS
Zurich_en_b314,GPE_zurich,MENTIONS
Zurich_en_b315,GPE_zurich,MENTIONS
Zurich_en_b315,ORG_zwingli_monument,MENTIONS
Zurich_en_b316,GPE_zurich,MENTIONS
Zurich_en_b317,GPE_zurich,MENTIONS
Zurich_en_b318,GPE_zurich,MENTIONS
Zurich_en_b319,GPE_lake_zurich,MENTIONS
Zurich_en_b319,GPE_uetliberg,MENTIONS
Zurich_en_b320,GPE_lake_zurich,MENTIONS
Zurich_en_b320,ORG_stäfner,MENTIONS
Zurich_en_b320,DATE_march_12_1909,MENTIONS
Zurich_en_b321,ORG_geographical_lexicon_of,MENTIONS
Zurich_en_b321,GPE_lake_zurich,MENTIONS
Zurich_historic_en_b1,GPE_zurich,MENTIONS
Zurich_historic_en_b2,GPE_zurich,MENTIONS
Zurich_historic_en_b2,PERSON_library_zurich,MENTIONS
Zurich_historic_en_b2,ORG_graphic_collection,MENTIONS
Zurich_historic_en_b2,PERSON_photo_archive,MENTIONS
Zurich_historic_en_b3,GPE_zurich,MENTIONS
Zurich_historic_en_b3,ORG_limmat,MENTIONS
Zurich_historic_en_b3,GPE_lake_zurich,MENTIONS
Zurich_historic_en_b3,ORG_albis,MENTIONS
Zurich_historic_en_b3,PERSON_adlisberg,MENTIONS
Zurich_historic_en_b3,GPE_zurichberg,MENTIONS
Zurich_historic_en_b3,ORG_turicensis_turicum,MENTIONS
Zurich_historic_en_b3,GPE_ziurichi,MENTIONS
Zurich_historic_en_b3,NORP_french,MENTIONS
Zurich_historic_en_b3,GPE_zurich,MENTIONS
Zurich_historic_en_b3,PERSON_italian_zurigo,MENTIONS
Zurich_historic_en_b4,ORG_celtic,MENTIONS
Zurich_historic_en_b4,NORP_roman,MENTIONS
Zurich_historic_en_b4,GPE_lindenhof,MENTIONS
Zurich_historic_en_b4,ORG_fraumünster_münsterhof,MENTIONS
Zurich_historic_en_b4,PERSON_niederdorf,MENTIONS
Zurich_historic_en_b4,ORG_limmat,MENTIONS
Zurich_historic_en_b4,DATE_the_12th_century,MENTIONS
Zurich_historic_en_b4,DATE_the_13th_century,MENTIONS
Zurich_historic_en_b4,GPE_stadelhof,MENTIONS
Zurich_historic_en_b4,DATE_the_17th_century,MENTIONS
Zurich_historic_en_b4,DATE_1893,MENTIONS
Zurich_historic_en_b4,ORG_aussersihl_enge,MENTIONS
Zurich_historic_en_b4,GPE_hirslanden,MENTIONS
Zurich_historic_en_b4,ORG_hottingen,MENTIONS
Zurich_historic_en_b4,GPE_leimbach,MENTIONS
Zurich_historic_en_b4,GPE_oberstrass,MENTIONS
Zurich_historic_en_b4,PERSON_unterstrass,MENTIONS
Zurich_historic_en_b4,GPE_wiedikon,MENTIONS
Zurich_historic_en_b4,GPE_wipkingen,MENTIONS
Zurich_historic_en_b4,ORG_wollishofen,MENTIONS
Zurich_historic_en_b4,DATE_1934,MENTIONS
Zurich_historic_en_b4,NORP_affoltern,MENTIONS
Zurich_historic_en_b4,GPE_albisrieden,MENTIONS
Zurich_historic_en_b4,ORG_oerlikon,MENTIONS
Zurich_historic_en_b4,GPE_schwamendingen,MENTIONS
Zurich_historic_en_b4,GPE_seebach,MENTIONS
Zurich_historic_en_b4,PERSON_witikon,MENTIONS
Zurich_historic_en_b5,GPE_zurich,MENTIONS
Zurich_historic_en_b5,ORG_eth,MENTIONS
Zurich_historic_en_b5,ORG_national_museum,MENTIONS
Zurich_historic_en_b5,ORG_tamedia,MENTIONS
Zurich_historic_en_b5,ORG_swiss_radio_and_television,MENTIONS
Zurich_historic_en_b5,GPE_switzerland,MENTIONS
Zurich_historic_en_b5,ORG_ubs,MENTIONS
Zurich_historic_en_b5,ORG_credit_suisse_group,MENTIONS
Zurich_historic_en_b5,PERSON_schweizerische_kreditanstalt,MENTIONS
Zurich_historic_en_b5,NORP_swiss,MENTIONS
Zurich_historic_en_b5,ORG_swiss_life_pension_institution,MENTIONS
Zurich_historic_en_b5,ORG_zurich_financial_services,MENTIONS
Zurich_historic_en_b5,ORG_migros,MENTIONS
Zurich_historic_en_b5,ORG_ibm,MENTIONS
Zurich_historic_en_b5,GPE_switzerland,MENTIONS
Zurich_historic_en_b5,ORG_google,MENTIONS
Zurich_historic_en_b5,ORG_siemens,MENTIONS
Zurich_historic_en_b5,ORG_siemens_albis,MENTIONS
Zurich_historic_en_b5,ORG_asea_brown_boveri,MENTIONS
Zurich_historic_en_b5,ORG_abb,MENTIONS
Zurich_historic_en_b6,GPE_zurich,MENTIONS
Zurich_historic_en_b7,DATE_1850_2000,MENTIONS
Zurich_historic_en_b7,ORG_religion,MENTIONS
Zurich_historic_en_b7,DATE_1888_1930,MENTIONS
Zurich_historic_en_b7,NORP_old_catholics,MENTIONS
Zurich_historic_en_b7,DATE_1950,MENTIONS
Zurich_historic_en_b7,NORP_roman_catholic,MENTIONS
Zurich_historic_en_b7,PRODUCT_population,MENTIONS
Zurich_historic_en_b7,GPE_zurich,MENTIONS
Zurich_historic_en_b7,GPE_statistics_city,MENTIONS
Zurich_historic_en_b7,GPE_zurich,MENTIONS
Zurich_historic_en_b10,PERSON_mesolithic,MENTIONS
Zurich_historic_en_b10,GPE_katzensee,MENTIONS
Zurich_historic_en_b10,FAC_neolithic,MENTIONS
Zurich_historic_en_b10,PERSON_bronze_age,MENTIONS
Zurich_historic_en_b10,ORG_bc,MENTIONS
Zurich_historic_en_b10,PERSON_kleiner_hafner,MENTIONS
Zurich_historic_en_b10,GPE_bellevue,MENTIONS
Zurich_historic_en_b10,GPE_letten,MENTIONS
Zurich_historic_en_b10,GPE_rathausbrücke,MENTIONS
Zurich_historic_en_b10,ORG_limmat,MENTIONS
Zurich_historic_en_b10,ORG_hallstatt,MENTIONS
Zurich_historic_en_b10,ORG_la_tène,MENTIONS
Zurich_historic_en_b10,PERSON_uetliberg,MENTIONS
Zurich_historic_en_b10,GPE_höngg,MENTIONS
Zurich_historic_en_b10,NORP_balgrist,MENTIONS
Zurich_historic_en_b10,ORG_burghölzli,MENTIONS
Zurich_historic_en_b11,NORP_roman,MENTIONS
Zurich_historic_en_b11,NORP_merovingian,MENTIONS
Zurich_historic_en_b12,ORG_limmat,MENTIONS
Zurich_historic_en_b12,GPE_lindenhof,MENTIONS
Zurich_historic_en_b12,LOC_st_petershügel,MENTIONS
Zurich_historic_en_b12,EVENT_sihlbühl,MENTIONS
Zurich_historic_en_b12,ORG_celtic,MENTIONS
Zurich_historic_en_b12,ORG_bc,MENTIONS
Zurich_historic_en_b12,ORG_celtic,MENTIONS
Zurich_historic_en_b12,ORG_bc,MENTIONS
Zurich_historic_en_b12,NORP_bahnhofstrasse,MENTIONS
Zurich_historic_en_b13,ORG_bäckerstrasse,MENTIONS
Zurich_historic_en_b13,DATE_6th_century,MENTIONS
Zurich_historic_en_b13,ORG_swiss_national_museum,MENTIONS
Zurich_historic_en_b13,GPE_zurich,MENTIONS
Zurich_historic_en_b14,NORP_roman,MENTIONS
Zurich_historic_en_b14,NORP_roman,MENTIONS
Zurich_historic_en_b14,PERSON_alpine,MENTIONS
Zurich_historic_en_b14,ORG_bc,MENTIONS
Zurich_historic_en_b14,ORG_bc,MENTIONS
Zurich_historic_en_b14,NORP_celtic,MENTIONS
Zurich_historic_en_b14,LOC_mediterranean,MENTIONS
Zurich_historic_en_b14,ORG_limmat,MENTIONS
Zurich_historic_en_b14,WORK_OF_ART_the_statio_turicensis,MENTIONS
Zurich_historic_en_b14,GPE_rhaetia,MENTIONS
Zurich_historic_en_b14,PERSON_weinplatz,MENTIONS
Zurich_historic_en_b14,GPE_rathausbrücke,MENTIONS
Zurich_historic_en_b14,PERSON_seefeld,MENTIONS
Zurich_historic_en_b14,DATE_the_1st_to_4th_centuries,MENTIONS
Zurich_historic_en_b14,ORG_storchengasse,MENTIONS
Zurich_historic_en_b14,PERSON_diana,MENTIONS
Zurich_historic_en_b14,GPE_silvanus,MENTIONS
Zurich_historic_en_b14,ORG_oetenbach,MENTIONS
Zurich_historic_en_b14,LOC_jupiter,MENTIONS
Zurich_historic_en_b14,DATE_70,MENTIONS
Zurich_historic_en_b15,NORP_roman,MENTIONS
Zurich_historic_en_b15,DATE_the_early_4th_century,MENTIONS
Zurich_historic_en_b15,PRODUCT_lindenhof,MENTIONS
Zurich_historic_en_b15,NORP_western_roman,MENTIONS
Zurich_historic_en_b15,ORG_bäckerstrasse,MENTIONS
Zurich_historic_en_b15,DATE_the_6th_century,MENTIONS
Zurich_historic_en_b15,NORP_roman,MENTIONS
Zurich_historic_en_b15,ORG_germanic,MENTIONS
Zurich_historic_en_b15,NORP_frankish,MENTIONS
Zurich_historic_en_b15,LOC_st_petershügel,MENTIONS
Zurich_historic_en_b15,NORP_roman,MENTIONS
Zurich_historic_en_b15,DATE_7th_century,MENTIONS
Zurich_historic_en_b15,ORG_sax,MENTIONS
Zurich_historic_en_b15,GPE_germanic,MENTIONS
Zurich_historic_en_b15,DATE_the_7th_and_8th_centuries,MENTIONS
Zurich_historic_en_b15,GPE_niederdorf,MENTIONS
Zurich_historic_en_b16,DATE_8th_to_12th_century,MENTIONS
Zurich_historic_en_b17,DATE_the_8th_and_9th_centuries,MENTIONS
Zurich_historic_en_b17,GPE_zurich,MENTIONS
Zurich_historic_en_b17,NORP_carolingian,MENTIONS
Zurich_historic_en_b17,GPE_zurich,MENTIONS
Zurich_historic_en_b17,ORG_albis,MENTIONS
Zurich_historic_en_b17,GPE_stadelhof,MENTIONS
Zurich_historic_en_b17,PERSON_ludwig,MENTIONS
Zurich_historic_en_b17,NORP_german,MENTIONS
Zurich_historic_en_b17,ORG_fraumünster,MENTIONS
Zurich_historic_en_b17,ORG_hildegard,MENTIONS
Zurich_historic_en_b17,GPE_berta,MENTIONS
Zurich_historic_en_b17,WORK_OF_ART_lindenhof,MENTIONS
Zurich_historic_en_b17,NORP_carolingian,MENTIONS
Zurich_historic_en_b17,ORG_swabia,MENTIONS
Zurich_historic_en_b17,DATE_the_10th_century,MENTIONS
Zurich_historic_en_b17,GPE_zurich,MENTIONS
Zurich_historic_en_b17,DATE_the_11th_and_12th_centuries,MENTIONS
Zurich_historic_en_b17,LOC_baltic_sea,MENTIONS
Zurich_historic_en_b18,DATE_1000,MENTIONS
Zurich_historic_en_b18,GPE_zurich,MENTIONS
Zurich_historic_en_b18,PERSON_henry_iii,MENTIONS
Zurich_historic_en_b18,WORK_OF_ART_lindenhof,MENTIONS
Zurich_historic_en_b18,DATE_1045_1055,MENTIONS
Zurich_historic_en_b18,PERSON_otto_of_freising,MENTIONS
Zurich_historic_en_b18,DATE_the_mid_12th_century,MENTIONS
Zurich_historic_en_b18,GPE_zurich,MENTIONS
Zurich_historic_en_b18,GPE_swabia,MENTIONS
Zurich_historic_en_b18,PERSON_staufer_zähringer,MENTIONS
Zurich_historic_en_b18,DATE_1098,MENTIONS
Zurich_historic_en_b18,GPE_zurich,MENTIONS
Zurich_historic_en_b18,PERSON_staufer,MENTIONS
Zurich_historic_en_b18,GPE_lenzburg,MENTIONS
Zurich_historic_en_b18,PERSON_zähringen,MENTIONS
Zurich_historic_en_b18,ORG_lenzburg,MENTIONS
Zurich_historic_en_b18,NORP_zähringers,MENTIONS
Zurich_historic_en_b18,DATE_1173_to_1218,MENTIONS
Zurich_historic_en_b19,ORG_fraumünster,MENTIONS
Zurich_historic_en_b19,DATE_the_10th_century,MENTIONS
Zurich_historic_en_b19,FAC_wasserkirche,MENTIONS
Zurich_historic_en_b19,GPE_st_peter,MENTIONS
Zurich_historic_en_b19,GPE_st_stephan,MENTIONS
Zurich_historic_en_b19,GPE_felix,MENTIONS
Zurich_historic_en_b19,PERSON_regula,MENTIONS
Zurich_historic_en_b19,ORG_benedictine,MENTIONS
Zurich_historic_en_b19,ORG_fraumünster,MENTIONS
Zurich_historic_en_b19,DATE_the_9th_century,MENTIONS
Zurich_historic_en_b19,PERSON_grossmünster,MENTIONS
Zurich_historic_en_b19,DATE_the_end_of_the_8th_century,MENTIONS
Zurich_historic_en_b19,ORG_charlemagne,MENTIONS
Zurich_historic_en_b19,PERSON_grossmünster,MENTIONS
Zurich_historic_en_b19,NORP_romanesque,MENTIONS
Zurich_historic_en_b19,DATE_between_1100_and_1230,MENTIONS
Zurich_historic_en_b19,ORG_wasserkirche,MENTIONS
Zurich_historic_en_b19,ORG_limmat,MENTIONS
Zurich_historic_en_b19,GPE_st_peter,MENTIONS
Zurich_historic_en_b19,DATE_the_12th_century,MENTIONS
Zurich_historic_en_b19,LOC_st_stephan_west,MENTIONS
Zurich_historic_en_b19,GPE_lindenhof,MENTIONS
Zurich_historic_en_b19,NORP_augustinian,MENTIONS
Zurich_historic_en_b19,GPE_st_martin,MENTIONS
Zurich_historic_en_b19,GPE_zurichberg,MENTIONS
Zurich_historic_en_b19,DATE_1127,MENTIONS
Zurich_historic_en_b20,DATE_the_8th_century,MENTIONS
Zurich_historic_en_b20,NORP_carolingian,MENTIONS
Zurich_historic_en_b20,ORG_fraumünster,MENTIONS
Zurich_historic_en_b20,ORG_limmat_bank,MENTIONS
Zurich_historic_en_b20,GPE_lindenhof,MENTIONS
Zurich_historic_en_b20,ORG_rennweg,MENTIONS
Zurich_historic_en_b20,DATE_the_10th_11th_century,MENTIONS
Zurich_historic_en_b20,DATE_the_12th_century,MENTIONS
Zurich_historic_en_b20,ORG_limmat,MENTIONS
Zurich_historic_en_b20,LOC_eastern_city,MENTIONS
Zurich_historic_en_b20,ORG_the_guild_house,MENTIONS
Zurich_historic_en_b20,ORG_carpenters,MENTIONS
Zurich_historic_en_b20,DATE_1156,MENTIONS
Zurich_historic_en_b21,DATE_the_high_middle_ages,MENTIONS
Zurich_historic_en_b21,DATE_the_end_of_the_18th_century,MENTIONS
Zurich_historic_en_b23,GPE_zurich,MENTIONS
Zurich_historic_en_b23,DATE_1098,MENTIONS
Zurich_historic_en_b23,ORG_the_dukes_of_zähringen,MENTIONS
Zurich_historic_en_b23,DATE_1218,MENTIONS
Zurich_historic_en_b23,DATE_1512,MENTIONS
Zurich_historic_en_b23,WORK_OF_ART_lindenhof,MENTIONS
Zurich_historic_en_b23,DATE_the_early_13th_century,MENTIONS
Zurich_historic_en_b23,DATE_1271,MENTIONS
Zurich_historic_en_b24,ORG_fraumünster,MENTIONS
Zurich_historic_en_b24,DATE_1234,MENTIONS
Zurich_historic_en_b24,DATE_the_late_13th_century,MENTIONS
Zurich_historic_en_b24,ORG_the_sworn_letters,MENTIONS
Zurich_historic_en_b24,ORG_emperor_sigismund,MENTIONS
Zurich_historic_en_b24,DATE_1433,MENTIONS
Zurich_historic_en_b24,ORG_fraumünster,MENTIONS
Zurich_historic_en_b24,DATE_the_late_middle_ages,MENTIONS
Zurich_historic_en_b24,GPE_reformation,MENTIONS
Zurich_historic_en_b24,DATE_1524,MENTIONS
Zurich_historic_en_b24,ORG_fraumünster,MENTIONS
Zurich_historic_en_b24,ORG_fraumünster,MENTIONS
Zurich_historic_en_b24,ORG_obmann,MENTIONS
Zurich_historic_en_b24,DATE_1533,MENTIONS
Zurich_historic_en_b26,GPE_zurich,MENTIONS
Zurich_historic_en_b26,DATE_1347,MENTIONS
Zurich_historic_en_b26,ORG_state_archives_zurich,MENTIONS
Zurich_historic_en_b27,GPE_zurich,MENTIONS
Zurich_historic_en_b27,DATE_1220,MENTIONS
Zurich_historic_en_b27,DATE_the_mid_13th_century,MENTIONS
Zurich_historic_en_b27,DATE_1250,MENTIONS
Zurich_historic_en_b27,DATE_1252,MENTIONS
Zurich_historic_en_b27,DATE_summer,MENTIONS
Zurich_historic_en_b27,DATE_four_months,MENTIONS
Zurich_historic_en_b27,DATE_1252,MENTIONS
Zurich_historic_en_b27,DATE_around_1250,MENTIONS
Zurich_historic_en_b27,DATE_1304,MENTIONS
Zurich_historic_en_b28,PERSON_winterthur,MENTIONS
Zurich_historic_en_b28,DATE_1292,MENTIONS
Zurich_historic_en_b28,DATE_1336,MENTIONS
Zurich_historic_en_b28,NORP_brun,MENTIONS
Zurich_historic_en_b28,ORG_baptistal,MENTIONS
Zurich_historic_en_b28,DATE_six_month,MENTIONS
Zurich_historic_en_b28,PERSON_konstaffel,MENTIONS
Zurich_historic_en_b28,PERSON_rudolf_brun,MENTIONS
Zurich_historic_en_b28,PERSON_rapperswil,MENTIONS
Zurich_historic_en_b28,GPE_zurich,MENTIONS
Zurich_historic_en_b28,DATE_1350,MENTIONS
Zurich_historic_en_b28,DATE_1798,MENTIONS
Zurich_historic_en_b29,DATE_1373,MENTIONS
Zurich_historic_en_b29,ORG_state_archives_zurich,MENTIONS
Zurich_historic_en_b30,DATE_1373,MENTIONS
Zurich_historic_en_b30,DATE_six_month,MENTIONS
Zurich_historic_en_b30,PERSON_konstaffel,MENTIONS
Zurich_historic_en_b30,DATE_1393,MENTIONS
Zurich_historic_en_b30,NORP_schöno,MENTIONS
Zurich_historic_en_b30,ORG_the_great_council,MENTIONS
Zurich_historic_en_b30,ORG_the_small_council,MENTIONS
Zurich_historic_en_b30,NORP_jews,MENTIONS
Zurich_historic_en_b30,DATE_1401,MENTIONS
Zurich_historic_en_b30,ORG_the_great_council,MENTIONS
Zurich_historic_en_b30,DATE_the_15th_century,MENTIONS
Zurich_historic_en_b30,PERSON_hans_waldmann_s,MENTIONS
Zurich_historic_en_b30,DATE_1489,MENTIONS
Zurich_historic_en_b30,ORG_waldmannhandel,MENTIONS
Zurich_historic_en_b30,DATE_1498,MENTIONS
Zurich_historic_en_b30,PERSON_konstaffel,MENTIONS
Zurich_historic_en_b30,DATE_1490,MENTIONS
Zurich_historic_en_b30,PERSON_hintersassen,MENTIONS
Zurich_historic_en_b30,PERSON_konstaffel,MENTIONS
Zurich_historic_en_b31,ORG_the_great_council_or_council_of_two_hundred,MENTIONS
Zurich_historic_en_b31,DATE_the_late_15th_century,MENTIONS
Zurich_historic_en_b31,ORG_achtzehner,MENTIONS
Zurich_historic_en_b31,PERSON_konstaffel,MENTIONS
Zurich_historic_en_b31,ORG_the_great_council_s,MENTIONS
Zurich_historic_en_b31,ORG_the_secret_council,MENTIONS
Zurich_historic_en_b31,DATE_1633,MENTIONS
Zurich_historic_en_b32,ORG_the_ancien_régime,MENTIONS
Zurich_historic_en_b32,ORG_the_sworn_letters,MENTIONS
Zurich_historic_en_b32,DATE_1654,MENTIONS
Zurich_historic_en_b32,DATE_1712_1713,MENTIONS
Zurich_historic_en_b32,DATE_1599,MENTIONS
Zurich_historic_en_b32,DATE_1790,MENTIONS
Zurich_historic_en_b33,DATE_the_late_15th_century,MENTIONS
Zurich_historic_en_b33,GPE_zurich,MENTIONS
Zurich_historic_en_b33,DATE_mid_16th_century,MENTIONS
Zurich_historic_en_b33,GPE_reformation,MENTIONS
Zurich_historic_en_b33,PERSON_konstaffel,MENTIONS
Zurich_historic_en_b33,DATE_the_late_18th_century,MENTIONS
Zurich_historic_en_b33,ORG_régime,MENTIONS
Zurich_historic_en_b33,DATE_the_pledge_days,MENTIONS
Zurich_historic_en_b35,ORG_limmat,MENTIONS
Zurich_historic_en_b35,PERSON_auf_dorf,MENTIONS
Zurich_historic_en_b35,GPE_linden,MENTIONS
Zurich_historic_en_b35,ORG_neumarkt,MENTIONS
Zurich_historic_en_b35,PERSON_niederdorf,MENTIONS
Zurich_historic_en_b35,ORG_the_lesser_city,MENTIONS
Zurich_historic_en_b35,PERSON_münsterhof,MENTIONS
Zurich_historic_en_b35,ORG_rennweg,MENTIONS
Zurich_historic_en_b35,PERSON_hirschengraben,MENTIONS
Zurich_historic_en_b35,GPE_stadelhofen,MENTIONS
Zurich_historic_en_b35,ORG_talacker,MENTIONS
Zurich_historic_en_b35,DATE_the_13th_century,MENTIONS
Zurich_historic_en_b35,WORK_OF_ART_lindenhof,MENTIONS
Zurich_historic_en_b35,ORG_limmat,MENTIONS
Zurich_historic_en_b35,ORG_oetenbach,MENTIONS
Zurich_historic_en_b35,ORG_rennweg,MENTIONS
Zurich_historic_en_b35,ORG_limmat,MENTIONS
Zurich_historic_en_b35,DATE_the_first_half_of_the_13th_century,MENTIONS
Zurich_historic_en_b35,PERSON_rathausbrücke,MENTIONS
Zurich_historic_en_b35,GPE_münsterbrücke,MENTIONS
Zurich_historic_en_b35,ORG_sihl,MENTIONS
Zurich_historic_en_b35,LOC_mühlestege,MENTIONS
Zurich_historic_en_b35,ORG_limmat_bank,MENTIONS
Zurich_historic_en_b35,DATE_1642,MENTIONS
Zurich_historic_en_b35,DATE_the_18th_century,MENTIONS
Zurich_historic_en_b36,DATE_1770,MENTIONS
Zurich_historic_en_b36,PERSON_hundert_schweizer_prospecte,MENTIONS
Zurich_historic_en_b36,PERSON_johann_balthasar_bullinger,MENTIONS
Zurich_historic_en_b36,PERSON_library_zurich,MENTIONS
Zurich_historic_en_b36,GPE_department_maps,MENTIONS
Zurich_historic_en_b36,LOC_panoramas,MENTIONS
Zurich_historic_en_b37,DATE_the_14th_and_15th_centuries,MENTIONS
Zurich_historic_en_b37,ORG_fraumünster,MENTIONS
Zurich_historic_en_b37,GPE_grossmünster,MENTIONS
Zurich_historic_en_b37,GPE_st_peter,MENTIONS
Zurich_historic_en_b37,ORG_limmat,MENTIONS
Zurich_historic_en_b37,DATE_the_late_13th_century,MENTIONS
Zurich_historic_en_b37,DATE_the_17th_century,MENTIONS
Zurich_historic_en_b37,DATE_1397,MENTIONS
Zurich_historic_en_b37,DATE_1694_1698,MENTIONS
Zurich_historic_en_b37,ORG_limmat,MENTIONS
Zurich_historic_en_b37,ORG_limmat,MENTIONS
Zurich_historic_en_b37,DATE_1468,MENTIONS
Zurich_historic_en_b37,PERSON_helmhaus,MENTIONS
Zurich_historic_en_b37,DATE_1253,MENTIONS
Zurich_historic_en_b37,ORG_wasserkirche,MENTIONS
Zurich_historic_en_b37,ORG_kaufhaus,MENTIONS
Zurich_historic_en_b37,DATE_1412,MENTIONS
Zurich_historic_en_b37,ORG_bauhaus,MENTIONS
Zurich_historic_en_b37,DATE_the_kratz_quarter,MENTIONS
Zurich_historic_en_b37,DATE_the_16th_century,MENTIONS
Zurich_historic_en_b38,NORP_jewish,MENTIONS
Zurich_historic_en_b38,DATE_1436,MENTIONS
Zurich_historic_en_b38,GPE_froschaugasse,MENTIONS
Zurich_historic_en_b38,GPE_reformation,MENTIONS
Zurich_historic_en_b38,ORG_niederdorf,MENTIONS
Zurich_historic_en_b38,FAC_wasserkirche,MENTIONS
Zurich_historic_en_b38,DATE_1633_to_1639,MENTIONS
Zurich_historic_en_b38,DATE_the_17th_and_18th_centuries,MENTIONS
Zurich_historic_en_b38,PERSON_zur_krone,MENTIONS
Zurich_historic_en_b38,GPE_rechberg,MENTIONS
Zurich_historic_en_b38,PERSON_zum_florhof,MENTIONS
Zurich_historic_en_b38,PERSON_zum_kiel,MENTIONS
Zurich_historic_en_b38,NORP_freigut,MENTIONS
Zurich_historic_en_b38,GPE_muralt,MENTIONS
Zurich_historic_en_b38,ORG_enge,MENTIONS
Zurich_historic_en_b39,DATE_the_high_middle_ages,MENTIONS
Zurich_historic_en_b39,DATE_the_end_of_the_18th_century,MENTIONS
Zurich_historic_en_b41,DATE_the_late_middle_ages,MENTIONS
Zurich_historic_en_b41,DATE_the_13th_century,MENTIONS
Zurich_historic_en_b41,GPE_zurich,MENTIONS
Zurich_historic_en_b41,NORP_jewish,MENTIONS
Zurich_historic_en_b41,NORP_french,MENTIONS
Zurich_historic_en_b41,GPE_brunnenhof,MENTIONS
Zurich_historic_en_b41,ORG_brun,MENTIONS
Zurich_historic_en_b41,DATE_1336,MENTIONS
Zurich_historic_en_b41,DATE_the_plague_year_of_1350,MENTIONS
Zurich_historic_en_b41,ORG_the_old_zurich_war,MENTIONS
Zurich_historic_en_b41,GPE_zurich,MENTIONS
Zurich_historic_en_b41,DATE_daily,MENTIONS
Zurich_historic_en_b41,ORG_gotthard_and_graubünden,MENTIONS
Zurich_historic_en_b42,ORG_the_south_german,MENTIONS
Zurich_historic_en_b42,PERSON_detail,MENTIONS
Zurich_historic_en_b42,NORP_jewish,MENTIONS
Zurich_historic_en_b42,PERSON_mordechai_ben_menachem,MENTIONS
Zurich_historic_en_b42,GPE_brunnenhof,MENTIONS
Zurich_historic_en_b42,DATE_1330,MENTIONS
Zurich_historic_en_b42,ORG_photography_city_archaeology,MENTIONS
Zurich_historic_en_b42,GPE_zurich,MENTIONS
Zurich_historic_en_b43,ORG_the_ancien_régime,MENTIONS
Zurich_historic_en_b43,GPE_zurich,MENTIONS
Zurich_historic_en_b43,DATE_the_first_half_of_the_16th_century,MENTIONS
Zurich_historic_en_b43,DATE_the_mid_century,MENTIONS
Zurich_historic_en_b43,GPE_italy,MENTIONS
Zurich_historic_en_b43,GPE_zurich,MENTIONS
Zurich_historic_en_b43,DATE_1620,MENTIONS
Zurich_historic_en_b43,NORP_huguenots,MENTIONS
Zurich_historic_en_b43,GPE_zurich,MENTIONS
Zurich_historic_en_b43,ORG_the_commercial_directorate,MENTIONS
Zurich_historic_en_b43,DATE_1662,MENTIONS
Zurich_historic_en_b43,DATE_1834,MENTIONS
Zurich_historic_en_b43,ORG_marchand_banquiers,MENTIONS
Zurich_historic_en_b43,ORG_interest_commission,MENTIONS
Zurich_historic_en_b43,DATE_1755,MENTIONS
Zurich_historic_en_b43,ORG_bank_leu,MENTIONS
Zurich_historic_en_b43,GPE_zurich,MENTIONS
Zurich_historic_en_b43,GPE_basel,MENTIONS
Zurich_historic_en_b43,GPE_geneva,MENTIONS
Zurich_historic_en_b43,GPE_st_gallen,MENTIONS
Zurich_historic_en_b43,DATE_the_mid_19th_century,MENTIONS
Zurich_historic_en_b45,DATE_between_the_9th_and_12th_centuries,MENTIONS
Zurich_historic_en_b45,GPE_zurich,MENTIONS
Zurich_historic_en_b45,GPE_zurichberg,MENTIONS
Zurich_historic_en_b45,DATE_the_first_half_of_the_12th_century,MENTIONS
Zurich_historic_en_b45,ORG_urbani,MENTIONS
Zurich_historic_en_b45,DATE_the_late_middle_ages,MENTIONS
Zurich_historic_en_b45,DATE_kratz_quarter,MENTIONS
Zurich_historic_en_b46,DATE_1409,MENTIONS
Zurich_historic_en_b46,PERSON_konstaffel,MENTIONS
Zurich_historic_en_b46,PERSON_konstaffel,MENTIONS
Zurich_historic_en_b46,NORP_parish,MENTIONS
Zurich_historic_en_b46,GPE_zurich,MENTIONS
Zurich_historic_en_b46,PERSON_winterthur,MENTIONS
Zurich_historic_en_b46,ORG_hintersassen,MENTIONS
Zurich_historic_en_b47,DATE_the_18th_century,MENTIONS
Zurich_historic_en_b47,GPE_sechseläuten,MENTIONS
Zurich_historic_en_b47,DATE_1818,MENTIONS
Zurich_historic_en_b47,LOC_the_boy_shooting,MENTIONS
Zurich_historic_en_b47,EVENT_the_thirty_years_war,MENTIONS
Zurich_historic_en_b47,DATE_1809,MENTIONS
Zurich_historic_en_b49,DATE_the_late_middle_ages,MENTIONS
Zurich_historic_en_b49,GPE_felix,MENTIONS
Zurich_historic_en_b49,PERSON_regula,MENTIONS
Zurich_historic_en_b49,GPE_st_jakob,MENTIONS
Zurich_historic_en_b49,PERSON_spanweid,MENTIONS
Zurich_historic_en_b49,DATE_the_13th_century,MENTIONS
Zurich_historic_en_b49,GPE_oetenbach,MENTIONS
Zurich_historic_en_b49,GPE_st_verena,MENTIONS
Zurich_historic_en_b49,NORP_augustinian,MENTIONS
Zurich_historic_en_b49,NORP_franciscans,MENTIONS
Zurich_historic_en_b49,PRODUCT_beghards,MENTIONS
Zurich_historic_en_b50,GPE_reformation,MENTIONS
Zurich_historic_en_b50,DATE_1525,MENTIONS
Zurich_historic_en_b50,DATE_antistes,MENTIONS
Zurich_historic_en_b50,ORG_grossmünster,MENTIONS
Zurich_historic_en_b50,GPE_zurich,MENTIONS
Zurich_historic_en_b50,DATE_the_17th_century,MENTIONS
Zurich_historic_en_b50,DATE_1685,MENTIONS
Zurich_historic_en_b50,NORP_french,MENTIONS
Zurich_historic_en_b50,NORP_catholic,MENTIONS
Zurich_historic_en_b50,DATE_1799,MENTIONS
Zurich_historic_en_b52,NORP_latin,MENTIONS
Zurich_historic_en_b52,ORG_fraumünster,MENTIONS
Zurich_historic_en_b52,PERSON_grossmünster,MENTIONS
Zurich_historic_en_b52,NORP_german,MENTIONS
Zurich_historic_en_b52,GPE_reformation,MENTIONS
Zurich_historic_en_b52,DATE_the_17th_century,MENTIONS
Zurich_historic_en_b52,PERSON_carolinum,MENTIONS
Zurich_historic_en_b52,PERSON_huldrych_zwingli,MENTIONS
Zurich_historic_en_b52,LOC_collegium,MENTIONS
Zurich_historic_en_b52,DATE_1774,MENTIONS
Zurich_historic_en_b52,DATE_1782,MENTIONS
Zurich_historic_en_b52,DATE_1645,MENTIONS
Zurich_historic_en_b52,EVENT_new_year_s,MENTIONS
Zurich_historic_en_b52,GPE_zurich,MENTIONS
Zurich_historic_en_b52,DATE_the_first_half_of_the_17th_century,MENTIONS
Zurich_historic_en_b52,DATE_the_same_century,MENTIONS
Zurich_historic_en_b52,DATE_1679,MENTIONS
Zurich_historic_en_b52,FAC_collegium,MENTIONS
Zurich_historic_en_b52,DATE_1685,MENTIONS
Zurich_historic_en_b52,DATE_the_18th_century,MENTIONS
Zurich_historic_en_b52,DATE_1746,MENTIONS
Zurich_historic_en_b52,DATE_1765,MENTIONS
Zurich_historic_en_b53,GPE_zurich,MENTIONS
Zurich_historic_en_b53,DATE_1613,MENTIONS
Zurich_historic_en_b53,ORG_society_at_the_music_hall,MENTIONS
Zurich_historic_en_b53,DATE_the_16th_century,MENTIONS
Zurich_historic_en_b53,PERSON_münsterhof,MENTIONS
Zurich_historic_en_b53,DATE_1624,MENTIONS
Zurich_historic_en_b53,PERSON_johann_jakob_breitinger,MENTIONS
Zurich_historic_en_b53,DATE_1575_1645,MENTIONS
Zurich_historic_en_b53,PERSON_johann_jakob_bodmer,MENTIONS
Zurich_historic_en_b53,PERSON_johann_jakob_breitinger,MENTIONS
Zurich_historic_en_b53,DATE_1701_1776,MENTIONS
Zurich_historic_en_b53,GPE_zurich,MENTIONS
Zurich_historic_en_b53,NORP_german,MENTIONS
Zurich_historic_en_b53,DATE_the_18th_century,MENTIONS
Zurich_historic_en_b53,PERSON_johann_heinrich_füssli,MENTIONS
Zurich_historic_en_b53,PERSON_salomon_gessner,MENTIONS
Zurich_historic_en_b53,PERSON_johann_kaspar_lavater,MENTIONS
Zurich_historic_en_b53,PERSON_johann_heinrich_rahn,MENTIONS
Zurich_historic_en_b54,DATE_the_19th_and_20th_centuries,MENTIONS
Zurich_historic_en_b56,EVENT_the_helvetic_revolution_of,MENTIONS
Zurich_historic_en_b56,GPE_helvetic,MENTIONS
Zurich_historic_en_b56,DATE_1799,MENTIONS
Zurich_historic_en_b56,NORP_mediation,MENTIONS
Zurich_historic_en_b56,DATE_two_year,MENTIONS
Zurich_historic_en_b56,DATE_1803,MENTIONS
Zurich_historic_en_b56,DATE_1816,MENTIONS
Zurich_historic_en_b56,ORG_great_council,MENTIONS
Zurich_historic_en_b56,ORG_the_larger_city_council,MENTIONS
Zurich_historic_en_b56,DATE_1831,MENTIONS
Zurich_historic_en_b56,GPE_zurich,MENTIONS
Zurich_historic_en_b56,DATE_1831,MENTIONS
Zurich_historic_en_b56,ORG_small_city_council,MENTIONS
Zurich_historic_en_b56,ORG_large_city_council,MENTIONS
Zurich_historic_en_b56,DATE_1866,MENTIONS
Zurich_historic_en_b56,DATE_1838,MENTIONS
Zurich_historic_en_b56,DATE_1875,MENTIONS
Zurich_historic_en_b56,DATE_1803,MENTIONS
Zurich_historic_en_b56,GPE_zurich,MENTIONS
Zurich_historic_en_b56,DATE_1881,MENTIONS
Zurich_historic_en_b56,ORG_small_and_large_city_councils,MENTIONS
Zurich_historic_en_b56,DATE_1891,MENTIONS
Zurich_historic_en_b56,DATE_1892,MENTIONS
Zurich_historic_en_b56,DATE_1913,MENTIONS
Zurich_historic_en_b56,ORG_the_large_city_council,MENTIONS
Zurich_historic_en_b56,DATE_1933,MENTIONS
Zurich_historic_en_b56,DATE_1969,MENTIONS
Zurich_historic_en_b56,DATE_1970,MENTIONS
Zurich_historic_en_b56,DATE_2010,MENTIONS
Zurich_historic_en_b58,DATE_1798,MENTIONS
Zurich_historic_en_b58,PERSON_oberdorf,MENTIONS
Zurich_historic_en_b58,PERSON_niederdorf,MENTIONS
Zurich_historic_en_b58,PERSON_kleine_stadt,MENTIONS
Zurich_historic_en_b58,DATE_the_19th_century,MENTIONS
Zurich_historic_en_b58,DATE_1893,MENTIONS
Zurich_historic_en_b58,PERSON_aussersihl,MENTIONS
Zurich_historic_en_b58,DATE_1885,MENTIONS
Zurich_historic_en_b58,GPE_zurich,MENTIONS
Zurich_historic_en_b58,NORP_swiss,MENTIONS
Zurich_historic_en_b58,DATE_1891,MENTIONS
Zurich_historic_en_b58,GPE_zurich,MENTIONS
Zurich_historic_en_b58,NORP_roman,MENTIONS
Zurich_historic_en_b58,PERSON_altstadt,MENTIONS
Zurich_historic_en_b58,PERSON_enge,MENTIONS
Zurich_historic_en_b58,PERSON_leimbach,MENTIONS
Zurich_historic_en_b58,PERSON_wollishofen,MENTIONS
Zurich_historic_en_b58,PERSON_aussersihl,MENTIONS
Zurich_historic_en_b58,PERSON_wiedikon,MENTIONS
Zurich_historic_en_b58,GPE_oberstrass,MENTIONS
Zurich_historic_en_b58,PERSON_unterstrass,MENTIONS
Zurich_historic_en_b58,PERSON_wipkingen,MENTIONS
Zurich_historic_en_b58,NORP_fluntern,MENTIONS
Zurich_historic_en_b58,GPE_hirslanden,MENTIONS
Zurich_historic_en_b58,ORG_hottingen,MENTIONS
Zurich_historic_en_b58,PERSON_riesbach,MENTIONS
Zurich_historic_en_b58,DATE_1913,MENTIONS
Zurich_historic_en_b58,DATE_1933,MENTIONS
Zurich_historic_en_b58,DATE_1934,MENTIONS
Zurich_historic_en_b58,GPE_zurich,MENTIONS
Zurich_historic_en_b58,PERSON_altstadt,MENTIONS
Zurich_historic_en_b58,PERSON_enge,MENTIONS
Zurich_historic_en_b58,PERSON_leimbach,MENTIONS
Zurich_historic_en_b58,PERSON_wollishofen,MENTIONS
Zurich_historic_en_b58,PERSON_wiedikon,MENTIONS
Zurich_historic_en_b58,PERSON_aussersihl,MENTIONS
Zurich_historic_en_b58,PERSON_industriequartier,MENTIONS
Zurich_historic_en_b58,GPE_oberstrass,MENTIONS
Zurich_historic_en_b58,PERSON_unterstrass,MENTIONS
Zurich_historic_en_b58,NORP_fluntern,MENTIONS
Zurich_historic_en_b58,GPE_hirslanden,MENTIONS
Zurich_historic_en_b58,ORG_hottingen,MENTIONS
Zurich_historic_en_b58,GPE_witikon,MENTIONS
Zurich_historic_en_b58,PERSON_riesbach,MENTIONS
Zurich_historic_en_b58,ORG_albisrieden_and_altstetten,MENTIONS
Zurich_historic_en_b58,GPE_höngg,MENTIONS
Zurich_historic_en_b58,GPE_wipkingen,MENTIONS
Zurich_historic_en_b58,ORG_affoltern,MENTIONS
Zurich_historic_en_b58,ORG_oerlikon,MENTIONS
Zurich_historic_en_b58,GPE_schwamendingen,MENTIONS
Zurich_historic_en_b58,PERSON_seebach,MENTIONS
Zurich_historic_en_b58,DATE_1970,MENTIONS
Zurich_historic_en_b58,GPE_schwamendingen,MENTIONS
Zurich_historic_en_b59,DATE_1883,MENTIONS
Zurich_historic_en_b59,PERSON_aussersihl,MENTIONS
Zurich_historic_en_b59,PERSON_ernst_conrad,MENTIONS
Zurich_historic_en_b59,PERSON_library_zurich,MENTIONS
Zurich_historic_en_b59,ORG_graphic_collection,MENTIONS
Zurich_historic_en_b59,PERSON_photo_archive,MENTIONS
Zurich_historic_en_b61,DATE_1799_to_mid_19th_century,MENTIONS
Zurich_historic_en_b61,NORP_conservatives,MENTIONS
Zurich_historic_en_b61,DATE_1830,MENTIONS
Zurich_historic_en_b61,GPE_canton,MENTIONS
Zurich_historic_en_b61,DATE_1845,MENTIONS
Zurich_historic_en_b61,DATE_the_1860s,MENTIONS
Zurich_historic_en_b61,DATE_mid_19th_century,MENTIONS
Zurich_historic_en_b61,ORG_the_democratic_movement,MENTIONS
Zurich_historic_en_b61,PERSON_winterthur,MENTIONS
Zurich_historic_en_b61,DATE_1866,MENTIONS
Zurich_historic_en_b61,PERSON_jakob_schnurrenberger,MENTIONS
Zurich_historic_en_b61,ORG_the_small_city_council,MENTIONS
Zurich_historic_en_b61,GPE_zurich,MENTIONS
Zurich_historic_en_b61,DATE_1875,MENTIONS
Zurich_historic_en_b61,NORP_swiss,MENTIONS
Zurich_historic_en_b61,NORP_democrats,MENTIONS
Zurich_historic_en_b62,ORG_the_free_democratic_party,MENTIONS
Zurich_historic_en_b62,DATE_1928,MENTIONS
Zurich_historic_en_b62,PERSON_max_dalang,MENTIONS
Zurich_historic_en_b62,GPE_zurich,MENTIONS
Zurich_historic_en_b63,ORG_the_social_democratic_party,MENTIONS
Zurich_historic_en_b63,GPE_zurich,MENTIONS
Zurich_historic_en_b63,PERSON_otto_baumberger,MENTIONS
Zurich_historic_en_b63,DATE_1931,MENTIONS
Zurich_historic_en_b63,ORG_museum_of_design_zurich,MENTIONS
Zurich_historic_en_b63,ORG_zurich_university_of_the_arts,MENTIONS
Zurich_historic_en_b64,ORG_the_large_city_council_or_municipal_council,MENTIONS
Zurich_historic_en_b64,DATE_1917,MENTIONS
Zurich_historic_en_b64,DATE_1907,MENTIONS
Zurich_historic_en_b64,ORG_sp,MENTIONS
Zurich_historic_en_b64,DATE_1928_1938,MENTIONS
Zurich_historic_en_b64,GPE_zurich,MENTIONS
Zurich_historic_en_b64,DATE_1938,MENTIONS
Zurich_historic_en_b64,ORG_the_national_ring_of_independents,MENTIONS
Zurich_historic_en_b64,ORG_ldu,MENTIONS
Zurich_historic_en_b64,ORG_cvp,MENTIONS
Zurich_historic_en_b64,ORG_christian_social_party,MENTIONS
Zurich_historic_en_b64,DATE_1907,MENTIONS
Zurich_historic_en_b64,ORG_the_evangelical_people_s_party,MENTIONS
Zurich_historic_en_b64,DATE_the_late_1970s,MENTIONS
Zurich_historic_en_b64,DATE_2002,MENTIONS
Zurich_historic_en_b64,ORG_svp,MENTIONS
Zurich_historic_en_b64,ORG_the_farmers_trades,MENTIONS
Zurich_historic_en_b64,ORG_citizens_party,MENTIONS
Zurich_historic_en_b64,ORG_fdp,MENTIONS
Zurich_historic_en_b65,ORG_the_democratic_party,MENTIONS
Zurich_historic_en_b65,DATE_1892_1901,MENTIONS
Zurich_historic_en_b65,DATE_1907,MENTIONS
Zurich_historic_en_b65,ORG_sp,MENTIONS
Zurich_historic_en_b65,DATE_1928,MENTIONS
Zurich_historic_en_b65,PERSON_red_zurich,MENTIONS
Zurich_historic_en_b65,DATE_1949,MENTIONS
Zurich_historic_en_b65,PERSON_adolf_lüchinger,MENTIONS
Zurich_historic_en_b65,DATE_1950,MENTIONS
Zurich_historic_en_b65,ORG_sp,MENTIONS
Zurich_historic_en_b65,ORG_fdp,MENTIONS
Zurich_historic_en_b65,ORG_ldu,MENTIONS
Zurich_historic_en_b65,DATE_1970,MENTIONS
Zurich_historic_en_b65,PERSON_emilie_lieberherr,MENTIONS
Zurich_historic_en_b65,DATE_1990,MENTIONS
Zurich_historic_en_b65,ORG_sp,MENTIONS
Zurich_historic_en_b65,ORG_svp,MENTIONS
Zurich_historic_en_b65,DATE_1994,MENTIONS
Zurich_historic_en_b67,GPE_the_helvetic_republic,MENTIONS
Zurich_historic_en_b67,DATE_1798,MENTIONS
Zurich_historic_en_b67,DATE_1803,MENTIONS
Zurich_historic_en_b67,DATE_1802,MENTIONS
Zurich_historic_en_b67,DATE_1833,MENTIONS
Zurich_historic_en_b67,DATE_1855,MENTIONS
Zurich_historic_en_b67,DATE_1891,MENTIONS
Zurich_historic_en_b69,DATE_1835,MENTIONS
Zurich_historic_en_b69,ORG_the_relief_society_or_community_society,MENTIONS
Zurich_historic_en_b69,DATE_the_20th_century,MENTIONS
Zurich_historic_en_b69,DATE_19th_century,MENTIONS
Zurich_historic_en_b69,WORK_OF_ART_voluntary_and_resident_poor_relief_of_the_city_of_zurich,MENTIONS
Zurich_historic_en_b69,DATE_1878_1929,MENTIONS
Zurich_historic_en_b69,DATE_1907,MENTIONS
Zurich_historic_en_b71,DATE_1778,MENTIONS
Zurich_historic_en_b71,DATE_1855,MENTIONS
Zurich_historic_en_b71,DATE_1886,MENTIONS
Zurich_historic_en_b71,ORG_platzspitz,MENTIONS
Zurich_historic_en_b71,DATE_1867,MENTIONS
Zurich_historic_en_b71,ORG_industriequartier,MENTIONS
Zurich_historic_en_b71,DATE_1898,MENTIONS
Zurich_historic_en_b71,GPE_schlieren,MENTIONS
Zurich_historic_en_b71,DATE_1974,MENTIONS
Zurich_historic_en_b72,ORG_schanzengraben,MENTIONS
Zurich_historic_en_b72,FAC_the_botanical_garden_of,MENTIONS
Zurich_historic_en_b72,PERSON_eduard_schucht,MENTIONS
Zurich_historic_en_b72,DATE_1885,MENTIONS
Zurich_historic_en_b72,GPE_the_city_of_zurich,MENTIONS
Zurich_historic_en_b73,DATE_1867,MENTIONS
Zurich_historic_en_b73,DATE_1867,MENTIONS
Zurich_historic_en_b73,ORG_city_archive_zurich,MENTIONS
Zurich_historic_en_b73,ORG_planning_archive,MENTIONS
Zurich_historic_en_b74,DATE_1855,MENTIONS
Zurich_historic_en_b74,DATE_1860_1873,MENTIONS
Zurich_historic_en_b74,DATE_1867,MENTIONS
Zurich_historic_en_b74,DATE_1868,MENTIONS
Zurich_historic_en_b74,ORG_limmat,MENTIONS
Zurich_historic_en_b74,DATE_1884,MENTIONS
Zurich_historic_en_b74,DATE_1895,MENTIONS
Zurich_historic_en_b74,PERSON_sihl,MENTIONS
Zurich_historic_en_b74,PERSON_lorze,MENTIONS
Zurich_historic_en_b74,DATE_1904,MENTIONS
Zurich_historic_en_b74,DATE_1923,MENTIONS
Zurich_historic_en_b74,ORG_letten,MENTIONS
Zurich_historic_en_b74,DATE_1892,MENTIONS
Zurich_historic_en_b74,GPE_albula,MENTIONS
Zurich_historic_en_b74,GPE_heidsee,MENTIONS
Zurich_historic_en_b74,PERSON_limmat_wettingen,MENTIONS
Zurich_historic_en_b74,PERSON_julia_tiefencastel,MENTIONS
Zurich_historic_en_b74,PERSON_julia_marmorera,MENTIONS
Zurich_historic_en_b74,ORG_bergell,MENTIONS
Zurich_historic_en_b74,GPE_maggia,MENTIONS
Zurich_historic_en_b74,GPE_blenio,MENTIONS
Zurich_historic_en_b74,PERSON_hinterrhein,MENTIONS
Zurich_historic_en_b74,PERSON_gösgen,MENTIONS
Zurich_historic_en_b74,PRODUCT_leibstadt,MENTIONS
Zurich_historic_en_b74,PERSON_bugey,MENTIONS
Zurich_historic_en_b74,GPE_cattenom,MENTIONS
Zurich_historic_en_b74,GPE_france,MENTIONS
Zurich_historic_en_b74,DATE_1888,MENTIONS
Zurich_historic_en_b74,DATE_1894,MENTIONS
Zurich_historic_en_b74,DATE_1900,MENTIONS
Zurich_historic_en_b74,DATE_1931,MENTIONS
Zurich_historic_en_b74,ORG_the_municipal_tramway_zurich,MENTIONS
Zurich_historic_en_b74,ORG_vbz,MENTIONS
Zurich_historic_en_b74,DATE_1950,MENTIONS
Zurich_historic_en_b74,ORG_the_zurich_transport_network,MENTIONS
Zurich_historic_en_b74,ORG_vbz,MENTIONS
Zurich_historic_en_b74,ORG_the_s_bahn,MENTIONS
Zurich_historic_en_b74,DATE_1990,MENTIONS
Zurich_historic_en_b75,DATE_the_19th_and_20th_centuries,MENTIONS
Zurich_historic_en_b77,DATE_1830,MENTIONS
Zurich_historic_en_b77,DATE_1780,MENTIONS
Zurich_historic_en_b77,DATE_1833,MENTIONS
Zurich_historic_en_b77,GPE_canton,MENTIONS
Zurich_historic_en_b77,PERSON_münster,MENTIONS
Zurich_historic_en_b77,PERSON_limmatquai,MENTIONS
Zurich_historic_en_b77,DATE_1835,MENTIONS
Zurich_historic_en_b77,GPE_zurich,MENTIONS
Zurich_historic_en_b77,ORG_limmat,MENTIONS
Zurich_historic_en_b77,DATE_1847,MENTIONS
Zurich_historic_en_b77,DATE_1860_to_1890,MENTIONS
Zurich_historic_en_b77,DATE_1859,MENTIONS
Zurich_historic_en_b77,PERSON_limmatquai,MENTIONS
Zurich_historic_en_b77,DATE_1861_1863,MENTIONS
Zurich_historic_en_b77,PERSON_bahnhofbrücke,MENTIONS
Zurich_historic_en_b77,DATE_1864_1869,MENTIONS
Zurich_historic_en_b77,ORG_zeughaus,MENTIONS
Zurich_historic_en_b77,DATE_1873_1875,MENTIONS
Zurich_historic_en_b77,PERSON_aussersihl,MENTIONS
Zurich_historic_en_b77,DATE_1864,MENTIONS
Zurich_historic_en_b77,ORG_bahnhofstrasse,MENTIONS
Zurich_historic_en_b77,DATE_1867,MENTIONS
Zurich_historic_en_b77,GPE_bahnhof,MENTIONS
Zurich_historic_en_b77,DATE_1861_1864,MENTIONS
Zurich_historic_en_b77,ORG_the_polytechnical_school,MENTIONS
Zurich_historic_en_b77,DATE_1865_1871,MENTIONS
Zurich_historic_en_b77,DATE_1873_1875,MENTIONS
Zurich_historic_en_b77,FAC_the_schweizerische_kreditanstalt_at_paradeplatz,MENTIONS
Zurich_historic_en_b77,GPE_zurich,MENTIONS
Zurich_historic_en_b77,ORG_selnau,MENTIONS
Zurich_historic_en_b77,GPE_neumühlequai,MENTIONS
Zurich_historic_en_b77,ORG_fraumünster,MENTIONS
Zurich_historic_en_b77,DATE_1875,MENTIONS
Zurich_historic_en_b77,DATE_1876_1878,MENTIONS
Zurich_historic_en_b77,PERSON_industriequartier,MENTIONS
Zurich_historic_en_b77,PERSON_aussersihl,MENTIONS
Zurich_historic_en_b77,DATE_1877_1880,MENTIONS
Zurich_historic_en_b77,DATE_1880_1890,MENTIONS
Zurich_historic_en_b77,NORP_bahnhofstrasse,MENTIONS
Zurich_historic_en_b77,PERSON_quaibrücke,MENTIONS
Zurich_historic_en_b77,GPE_stadthausquai,MENTIONS
Zurich_historic_en_b77,PERSON_gustav_gull,MENTIONS
Zurich_historic_en_b77,ORG_oetenbach,MENTIONS
Zurich_historic_en_b77,GPE_schipfe,MENTIONS
Zurich_historic_en_b77,GPE_zähringerplatz,MENTIONS
Zurich_historic_en_b77,ORG_rämistrasse,MENTIONS
Zurich_historic_en_b77,DATE_1899,MENTIONS
Zurich_historic_en_b77,GPE_zurich,MENTIONS
Zurich_historic_en_b77,DATE_1915_1918,MENTIONS
Zurich_historic_en_b78,GPE_zurich,MENTIONS
Zurich_historic_en_b78,DATE_1850_2000,MENTIONS
Zurich_historic_en_b79,GPE_zurich,MENTIONS
Zurich_historic_en_b79,DATE_1930,MENTIONS
Zurich_historic_en_b80,DATE_1930,MENTIONS
Zurich_historic_en_b80,DATE_1962,MENTIONS
Zurich_historic_en_b80,PERSON_limmatquai,MENTIONS
Zurich_historic_en_b80,GPE_bahnhof,MENTIONS
Zurich_historic_en_b80,ORG_central,MENTIONS
Zurich_historic_en_b80,DATE_1955,MENTIONS
Zurich_historic_en_b80,DATE_1962,MENTIONS
Zurich_historic_en_b80,DATE_1973,MENTIONS
Zurich_historic_en_b80,DATE_1972,MENTIONS
Zurich_historic_en_b80,DATE_the_1970s,MENTIONS
Zurich_historic_en_b80,DATE_the_1990s,MENTIONS
Zurich_historic_en_b80,GPE_zurich_west,MENTIONS
Zurich_historic_en_b80,ORG_oerlikon,MENTIONS
Zurich_historic_en_b80,PERSON_giesshübel,MENTIONS
Zurich_historic_en_b80,ORG_binz_altstetten,MENTIONS
Zurich_historic_en_b80,NORP_affoltern,MENTIONS
Zurich_historic_en_b82,DATE_the_beginning_of_the_19th_century,MENTIONS
Zurich_historic_en_b82,DATE_1805,MENTIONS
Zurich_historic_en_b82,GPE_neumühlequai,MENTIONS
Zurich_historic_en_b82,ORG_limmat,MENTIONS
Zurich_historic_en_b82,DATE_1895,MENTIONS
Zurich_historic_en_b82,GPE_zurich,MENTIONS
Zurich_historic_en_b82,DATE_1847,MENTIONS
Zurich_historic_en_b82,GPE_zurich,MENTIONS
Zurich_historic_en_b82,PERSON_schweizerische_kreditanstalt,MENTIONS
Zurich_historic_en_b82,DATE_1856,MENTIONS
Zurich_historic_en_b82,GPE_zurich,MENTIONS
Zurich_historic_en_b82,PERSON_schweizerische_rentenanstalt,MENTIONS
Zurich_historic_en_b82,DATE_1857,MENTIONS
Zurich_historic_en_b82,PERSON_schweizerische_rückversicherungsanstalt,MENTIONS
Zurich_historic_en_b82,DATE_1863,MENTIONS
Zurich_historic_en_b82,GPE_zurich,MENTIONS
Zurich_historic_en_b82,DATE_the_end_of_the_19th_century,MENTIONS
Zurich_historic_en_b82,PERSON_aussersihl,MENTIONS
Zurich_historic_en_b82,PERSON_oerlikon,MENTIONS
Zurich_historic_en_b82,DATE_1930,MENTIONS
Zurich_historic_en_b82,GPE_zurich,MENTIONS
Zurich_historic_en_b82,GPE_switzerland,MENTIONS
Zurich_historic_en_b82,DATE_1929,MENTIONS
Zurich_historic_en_b82,GPE_switzerland,MENTIONS
Zurich_historic_en_b82,GPE_zurich,MENTIONS
Zurich_historic_en_b82,DATE_the_1980s_and,MENTIONS
Zurich_historic_en_b82,DATE_1990s,MENTIONS
Zurich_historic_en_b82,GPE_zurich,MENTIONS
Zurich_historic_en_b82,DATE_the_second_half_of_the_20th_century,MENTIONS
Zurich_historic_en_b82,GPE_switzerland,MENTIONS
Zurich_historic_en_b82,GPE_zurich,MENTIONS
Zurich_historic_en_b82,WORK_OF_ART_neue_zürcher_zeitung,MENTIONS
Zurich_historic_en_b82,ORG_blick,MENTIONS
Zurich_historic_en_b82,PERSON_german,MENTIONS
Zurich_historic_en_b82,NORP_swiss,MENTIONS
Zurich_historic_en_b82,GPE_zurich,MENTIONS
Zurich_historic_en_b84,DATE_the_early_19th_century,MENTIONS
Zurich_historic_en_b84,GPE_zurich,MENTIONS
Zurich_historic_en_b84,DATE_1798,MENTIONS
Zurich_historic_en_b84,DATE_the_late_19th_century,MENTIONS
Zurich_historic_en_b84,PERSON_schildner_zum_schneggen,MENTIONS
Zurich_historic_en_b84,PERSON_bogenschützen,MENTIONS
Zurich_historic_en_b84,GPE_zurich,MENTIONS
Zurich_historic_en_b84,PERSON_reitclub_zurich,MENTIONS
Zurich_historic_en_b84,ORG_hottingen,MENTIONS
Zurich_historic_en_b84,ORG_the_grasshopper_club,MENTIONS
Zurich_historic_en_b84,DATE_1837,MENTIONS
Zurich_historic_en_b85,GPE_zurich,MENTIONS
Zurich_historic_en_b85,DATE_1836_2010,MENTIONS
Zurich_historic_en_b86,DATE_around_1800,MENTIONS
Zurich_historic_en_b86,DATE_1836,MENTIONS
Zurich_historic_en_b86,LOC_inner,MENTIONS
Zurich_historic_en_b86,GPE_eastern_switzerland,MENTIONS
Zurich_historic_en_b86,GPE_germany,MENTIONS
Zurich_historic_en_b86,GPE_austria,MENTIONS
Zurich_historic_en_b86,GPE_italy,MENTIONS
Zurich_historic_en_b86,LOC_mediterranean,MENTIONS
Zurich_historic_en_b86,GPE_zurich,MENTIONS
Zurich_historic_en_b86,DATE_1798,MENTIONS
Zurich_historic_en_b86,NORP_germans,MENTIONS
Zurich_historic_en_b86,GPE_zurich,MENTIONS
Zurich_historic_en_b86,DATE_1856,MENTIONS
Zurich_historic_en_b86,DATE_around_1900,MENTIONS
Zurich_historic_en_b86,GPE_germany,MENTIONS
Zurich_historic_en_b86,NORP_italians,MENTIONS
Zurich_historic_en_b86,DATE_the_1880s,MENTIONS
Zurich_historic_en_b86,GPE_italy,MENTIONS
Zurich_historic_en_b87,DATE_1871,MENTIONS
Zurich_historic_en_b87,PERSON_tonhalle,MENTIONS
Zurich_historic_en_b87,DATE_1896,MENTIONS
Zurich_historic_en_b87,NORP_italian,MENTIONS
Zurich_historic_en_b87,DATE_1844_1869,MENTIONS
Zurich_historic_en_b87,DATE_1870,MENTIONS
Zurich_historic_en_b87,GPE_zurich,MENTIONS
Zurich_historic_en_b87,DATE_1906_1907,MENTIONS
Zurich_historic_en_b87,DATE_1912,MENTIONS
Zurich_historic_en_b87,EVENT_world_war,MENTIONS
Zurich_historic_en_b87,DATE_november,MENTIONS
Zurich_historic_en_b87,DATE_1917,MENTIONS
Zurich_historic_en_b87,DATE_1918,MENTIONS
Zurich_historic_en_b87,DATE_1914,MENTIONS
Zurich_historic_en_b87,EVENT_world_war_ii,MENTIONS
Zurich_historic_en_b87,GPE_zurich,MENTIONS
Zurich_historic_en_b87,DATE_1933,MENTIONS
Zurich_historic_en_b87,GPE_germany,MENTIONS
Zurich_historic_en_b88,EVENT_world_war_ii,MENTIONS
Zurich_historic_en_b88,FAC_the_zurichberg_aussersihl_industriequartier,MENTIONS
Zurich_historic_en_b88,DATE_1950,MENTIONS
Zurich_historic_en_b88,NORP_italian,MENTIONS
Zurich_historic_en_b88,DATE_the_1970s,MENTIONS
Zurich_historic_en_b88,LOC_mediterranean,MENTIONS
Zurich_historic_en_b88,ORG_eu,MENTIONS
Zurich_historic_en_b88,GPE_germany,MENTIONS
Zurich_historic_en_b88,GPE_switzerland,MENTIONS
Zurich_historic_en_b88,ORG_eu,MENTIONS
Zurich_historic_en_b88,DATE_2002,MENTIONS
Zurich_historic_en_b90,DATE_1798,MENTIONS
Zurich_historic_en_b90,ORG_reformed,MENTIONS
Zurich_historic_en_b90,GPE_zurich,MENTIONS
Zurich_historic_en_b90,ORG_grossmünster_fraumünster,MENTIONS
Zurich_historic_en_b90,GPE_st_peter_and_prediger,MENTIONS
Zurich_historic_en_b90,DATE_2013,MENTIONS
Zurich_historic_en_b90,DATE_today,MENTIONS
Zurich_historic_en_b90,NORP_catholic,MENTIONS
Zurich_historic_en_b90,DATE_1807,MENTIONS
Zurich_historic_en_b90,ORG_the_st_anna_chapel,MENTIONS
Zurich_historic_en_b90,DATE_1833,MENTIONS
Zurich_historic_en_b90,ORG_fraumünster,MENTIONS
Zurich_historic_en_b90,DATE_1842_1873,MENTIONS
Zurich_historic_en_b90,ORG_augustiner,MENTIONS
Zurich_historic_en_b90,NORP_christian_catholic,MENTIONS
Zurich_historic_en_b90,DATE_1874,MENTIONS
Zurich_historic_en_b90,GPE_st_peter,MENTIONS
Zurich_historic_en_b90,PERSON_paul,MENTIONS
Zurich_historic_en_b90,PERSON_aussersihl,MENTIONS
Zurich_historic_en_b91,DATE_1862,MENTIONS
Zurich_historic_en_b91,NORP_jews,MENTIONS
Zurich_historic_en_b91,GPE_endingen,MENTIONS
Zurich_historic_en_b91,ORG_lengnau_ag,MENTIONS
Zurich_historic_en_b91,GPE_germany,MENTIONS
Zurich_historic_en_b91,GPE_alsace,MENTIONS
Zurich_historic_en_b91,DATE_the_same_year,MENTIONS
Zurich_historic_en_b91,PERSON_ris,MENTIONS
Zurich_historic_en_b91,ORG_the_israelite_cultus_community,MENTIONS
Zurich_historic_en_b91,ORG_eastern_european_immigration,MENTIONS
Zurich_historic_en_b91,DATE_the_1870s,MENTIONS
Zurich_historic_en_b91,ORG_the_israelite_religious_community,MENTIONS
Zurich_historic_en_b91,DATE_1895,MENTIONS
Zurich_historic_en_b91,ORG_agudas_achim,MENTIONS
Zurich_historic_en_b91,DATE_1912,MENTIONS
Zurich_historic_en_b91,ORG_chadasch,MENTIONS
Zurich_historic_en_b91,DATE_1978,MENTIONS
Zurich_historic_en_b91,NORP_jewish,MENTIONS
Zurich_historic_en_b91,ORG_anti_semitic,MENTIONS
Zurich_historic_en_b91,NORP_east_european,MENTIONS
Zurich_historic_en_b91,NORP_jewish,MENTIONS
Zurich_historic_en_b91,DATE_1910,MENTIONS
Zurich_historic_en_b91,DATE_1920,MENTIONS
Zurich_historic_en_b91,NORP_orthodox,MENTIONS
Zurich_historic_en_b91,NORP_jews,MENTIONS
Zurich_historic_en_b91,DATE_1963,MENTIONS
Zurich_historic_en_b91,GPE_switzerland,MENTIONS
Zurich_historic_en_b91,ORG_the_mahmoud_mosque,MENTIONS
Zurich_historic_en_b91,GPE_zurich,MENTIONS
Zurich_historic_en_b91,NORP_muslims,MENTIONS
Zurich_historic_en_b91,GPE_yugoslavia,MENTIONS
Zurich_historic_en_b91,GPE_turkey,MENTIONS
Zurich_historic_en_b93,DATE_1831_1833,MENTIONS
Zurich_historic_en_b93,DATE_1833,MENTIONS
Zurich_historic_en_b93,DATE_1840,MENTIONS
Zurich_historic_en_b93,ORG_the_polytechnic_federal_institutes_of_technology,MENTIONS
Zurich_historic_en_b93,DATE_1855,MENTIONS
Zurich_historic_en_b93,DATE_the_19th_century,MENTIONS
Zurich_historic_en_b93,WORK_OF_ART_nobel_prize,MENTIONS
Zurich_historic_en_b93,GPE_zurich,MENTIONS
Zurich_historic_en_b93,ORG_the_antiquarian_society,MENTIONS
Zurich_historic_en_b93,DATE_1832,MENTIONS
Zurich_historic_en_b93,ORG_the_museum_society,MENTIONS
Zurich_historic_en_b93,DATE_1834,MENTIONS
Zurich_historic_en_b93,ORG_the_scholars_society,MENTIONS
Zurich_historic_en_b93,DATE_1837,MENTIONS
Zurich_historic_en_b93,DATE_the_20th_century,MENTIONS
Zurich_historic_en_b93,DATE_1976,MENTIONS
Zurich_historic_en_b93,DATE_1875,MENTIONS
Zurich_historic_en_b93,GPE_canton,MENTIONS
Zurich_historic_en_b93,DATE_1988,MENTIONS
Zurich_historic_en_b93,GPE_canton,MENTIONS
Zurich_historic_en_b93,DATE_1873,MENTIONS
Zurich_historic_en_b93,ORG_the_school_of_applied_arts,MENTIONS
Zurich_historic_en_b93,DATE_1878,MENTIONS
Zurich_historic_en_b93,ORG_the_school_of_design_and_art,MENTIONS
Zurich_historic_en_b93,DATE_1998,MENTIONS
Zurich_historic_en_b93,ORG_the_university_of_the_arts,MENTIONS
Zurich_historic_en_b93,DATE_2007,MENTIONS
Zurich_historic_en_b95,DATE_the_18th_and_19th_centuries,MENTIONS
Zurich_historic_en_b95,DATE_1812,MENTIONS
Zurich_historic_en_b95,ORG_the_general_music_society,MENTIONS
Zurich_historic_en_b95,DATE_the_1830s,MENTIONS
Zurich_historic_en_b95,DATE_1834,MENTIONS
Zurich_historic_en_b95,ORG_the_aktie_theater,MENTIONS
Zurich_historic_en_b95,PERSON_charlotte_birch_pfeiffer,MENTIONS
Zurich_historic_en_b95,DATE_1837_1843,MENTIONS
Zurich_historic_en_b95,DATE_1890,MENTIONS
Zurich_historic_en_b95,PERSON_richard_wagner,MENTIONS
Zurich_historic_en_b95,PERSON_hirschengraben,MENTIONS
Zurich_historic_en_b95,DATE_1806_1874,MENTIONS
Zurich_historic_en_b95,PERSON_tonhalle,MENTIONS
Zurich_historic_en_b95,ORG_bellevue,MENTIONS
Zurich_historic_en_b95,DATE_1867,MENTIONS
Zurich_historic_en_b95,ORG_the_swiss_music_festival,MENTIONS
Zurich_historic_en_b95,ORG_the_tonhalle_society,MENTIONS
Zurich_historic_en_b95,DATE_a_year_later,MENTIONS
Zurich_historic_en_b95,ORG_the_tonhalle_orchestra,MENTIONS
Zurich_historic_en_b95,PERSON_friedrich_hegar,MENTIONS
Zurich_historic_en_b95,ORG_the_zurich_music_school,MENTIONS
Zurich_historic_en_b95,DATE_1907,MENTIONS
Zurich_historic_en_b95,DATE_1876,MENTIONS
Zurich_historic_en_b95,ORG_the_aktie_theater,MENTIONS
Zurich_historic_en_b95,ORG_bellevue,MENTIONS
Zurich_historic_en_b95,DATE_1891,MENTIONS
Zurich_historic_en_b95,ORG_opera_house,MENTIONS
Zurich_historic_en_b95,DATE_1964,MENTIONS
Zurich_historic_en_b95,GPE_tonhalle,MENTIONS
Zurich_historic_en_b95,DATE_1895,MENTIONS
Zurich_historic_en_b95,GPE_tonhalle,MENTIONS
Zurich_historic_en_b95,ORG_kornhaus,MENTIONS
Zurich_historic_en_b95,DATE_1897,MENTIONS
Zurich_historic_en_b95,DATE_1937,MENTIONS
Zurich_historic_en_b95,ORG_the_congress_house,MENTIONS
Zurich_historic_en_b95,PERSON_ferdinand_rieser,MENTIONS
Zurich_historic_en_b95,DATE_1892,MENTIONS
Zurich_historic_en_b95,ORG_schauspielhaus,MENTIONS
Zurich_historic_en_b95,DATE_1933,MENTIONS
Zurich_historic_en_b95,NORP_german,MENTIONS
Zurich_historic_en_b95,ORG_the_neue_schauspiel_ag,MENTIONS
Zurich_historic_en_b95,DATE_1938,MENTIONS
Zurich_historic_en_b95,ORG_schiffbauhalle,MENTIONS
Zurich_historic_en_b95,GPE_zurich,MENTIONS
Zurich_historic_en_b95,DATE_2000,MENTIONS
Zurich_historic_en_b96,ORG_the_art_society,MENTIONS
Zurich_historic_en_b96,ORG_the_zurich_artists_society,MENTIONS
Zurich_historic_en_b96,DATE_1787,MENTIONS
Zurich_historic_en_b96,ORG_kunsthaus,MENTIONS
Zurich_historic_en_b96,DATE_1910,MENTIONS
Zurich_historic_en_b96,EVENT_world_war_ii,MENTIONS
Zurich_historic_en_b96,DATE_the_second_half_of_the_20th_century,MENTIONS
Zurich_historic_en_b96,GPE_zurich,MENTIONS
Zurich_historic_en_b96,PERSON_eduard_von_der,MENTIONS
Zurich_historic_en_b96,GPE_heydt,MENTIONS
Zurich_historic_en_b96,NORP_non_european,MENTIONS
Zurich_historic_en_b96,GPE_museum_rietberg,MENTIONS
Zurich_historic_en_b96,DATE_1952,MENTIONS
Zurich_historic_en_b96,ORG_the_migros_cooperative_federation_in,MENTIONS
Zurich_historic_en_b96,ORG_the_museum_of_contemporary_art,MENTIONS
Zurich_historic_en_b96,DATE_1996,MENTIONS
Zurich_historic_en_b96,GPE_löwenbräu,MENTIONS
Zurich_historic_en_b96,DATE_1986,MENTIONS
Zurich_historic_en_b96,PERSON_haus_konstruktiv,MENTIONS
Zurich_historic_en_b96,ORG_ewz,MENTIONS
Zurich_historic_en_b96,DATE_2001,MENTIONS
Zurich_historic_en_b96,GPE_zurich,MENTIONS
Zurich_historic_en_b97,GPE_sechseläuten,MENTIONS
Zurich_historic_en_b97,PERSON_knabenschiessen,MENTIONS
Zurich_historic_en_b97,GPE_zurich,MENTIONS
Zurich_historic_en_b97,DATE_1883,MENTIONS
Zurich_historic_en_b97,DATE_1939,MENTIONS
Zurich_historic_en_b97,PERSON_saffa,MENTIONS
Zurich_historic_en_b97,DATE_1958,MENTIONS
Zurich_historic_en_b97,GPE_dada,MENTIONS
Zurich_historic_en_b97,GPE_zurich,MENTIONS
Zurich_historic_en_b97,DATE_1916,MENTIONS
Zurich_historic_en_b97,DATE_1936,MENTIONS
Zurich_historic_en_b97,DATE_1997,MENTIONS
Zurich_historic_en_b97,EVENT_zurich_festival,MENTIONS
Zurich_historic_en_b97,DATE_1951,MENTIONS
Zurich_historic_en_b97,ORG_the_zurich_fest,MENTIONS
Zurich_historic_en_b97,DATE_1980,MENTIONS
Zurich_historic_en_b97,ORG_the_zurich_theater_spectacle,MENTIONS
Zurich_historic_en_b97,DATE_1991,MENTIONS
Zurich_historic_en_b97,FAC_the_street_parade,MENTIONS
Zurich_historic_en_b97,DATE_2005,MENTIONS
Zurich_historic_en_b97,ORG_the_zurich_film_festival,MENTIONS
Zurich_historic_en_b98,DATE_1836,MENTIONS
Zurich_historic_en_b99,DATE_1467,MENTIONS
Zurich_historic_en_b99,DATE_1529,MENTIONS
Zurich_historic_en_b99,DATE_1637,MENTIONS
Zurich_historic_en_b99,DATE_1671,MENTIONS
Zurich_historic_en_b99,DATE_1682,MENTIONS
Zurich_historic_en_b99,DATE_1762,MENTIONS
Zurich_historic_en_b99,DATE_1792,MENTIONS
Zurich_historic_en_b99,DATE_1836,MENTIONS
Zurich_historic_en_b100,DATE_1870,MENTIONS
Zurich_historic_en_b100,DATE_1910,MENTIONS
Zurich_historic_en_b100,DATE_1930,MENTIONS
Zurich_historic_en_b100,DATE_1950,MENTIONS
Zurich_historic_en_b100,DATE_1970,MENTIONS
Zurich_historic_en_b100,DATE_1990,MENTIONS
Zurich_historic_en_b100,DATE_2000,MENTIONS
Zurich_historic_en_b101,DATE_1850,MENTIONS
Zurich_historic_en_b101,DATE_1910,MENTIONS
Zurich_historic_en_b101,DATE_1930,MENTIONS
Zurich_historic_en_b101,DATE_1950,MENTIONS
Zurich_historic_en_b101,DATE_1970,MENTIONS
Zurich_historic_en_b101,DATE_1990,MENTIONS
Zurich_historic_en_b101,DATE_2000,MENTIONS
Zurich_historic_en_b102,DATE_1850,MENTIONS
Zurich_historic_en_b102,DATE_1888,MENTIONS
Zurich_historic_en_b102,DATE_1910,MENTIONS
Zurich_historic_en_b102,DATE_1930,MENTIONS
Zurich_historic_en_b102,DATE_1950,MENTIONS
Zurich_historic_en_b102,DATE_1970,MENTIONS
Zurich_historic_en_b102,DATE_1990,MENTIONS
Zurich_historic_en_b102,DATE_2000,MENTIONS
Zurich_historic_en_b104,NORP_german,MENTIONS
Zurich_historic_en_b104,DATE_1850,MENTIONS
Zurich_historic_en_b104,DATE_1910,MENTIONS
Zurich_historic_en_b104,DATE_1930,MENTIONS
Zurich_historic_en_b104,DATE_1950,MENTIONS
Zurich_historic_en_b104,DATE_1970,MENTIONS
Zurich_historic_en_b105,NORP_italian,MENTIONS
Zurich_historic_en_b105,DATE_1850,MENTIONS
Zurich_historic_en_b105,DATE_1910,MENTIONS
Zurich_historic_en_b105,DATE_1930,MENTIONS
Zurich_historic_en_b105,DATE_1950,MENTIONS
Zurich_historic_en_b105,DATE_1970,MENTIONS
Zurich_historic_en_b106,NORP_french,MENTIONS
Zurich_historic_en_b106,DATE_1850,MENTIONS
Zurich_historic_en_b106,DATE_1910,MENTIONS
Zurich_historic_en_b106,DATE_1930,MENTIONS
Zurich_historic_en_b106,DATE_1950,MENTIONS
Zurich_historic_en_b106,DATE_1970,MENTIONS
Zurich_historic_en_b107,DATE_1850,MENTIONS
Zurich_historic_en_b107,DATE_1870,MENTIONS
Zurich_historic_en_b107,DATE_1910,MENTIONS
Zurich_historic_en_b107,DATE_1930,MENTIONS
Zurich_historic_en_b107,DATE_1950,MENTIONS
Zurich_historic_en_b107,DATE_1970,MENTIONS
Zurich_historic_en_b109,DATE_1850,MENTIONS
Zurich_historic_en_b109,DATE_1910,MENTIONS
Zurich_historic_en_b109,DATE_1930,MENTIONS
Zurich_historic_en_b109,DATE_1950,MENTIONS
Zurich_historic_en_b109,DATE_1970,MENTIONS
Zurich_historic_en_b109,DATE_1990,MENTIONS
Zurich_historic_en_b109,DATE_2000,MENTIONS
Zurich_historic_en_b110,DATE_1850,MENTIONS
Zurich_historic_en_b110,DATE_1910,MENTIONS
Zurich_historic_en_b110,DATE_1930,MENTIONS
Zurich_historic_en_b110,DATE_1950,MENTIONS
Zurich_historic_en_b110,DATE_1970,MENTIONS
Zurich_historic_en_b110,DATE_1990,MENTIONS
Zurich_historic_en_b111,DATE_1850,MENTIONS
Zurich_historic_en_b111,DATE_1870,MENTIONS
Zurich_historic_en_b111,DATE_1910,MENTIONS
Zurich_historic_en_b111,DATE_1930,MENTIONS
Zurich_historic_en_b111,DATE_1950,MENTIONS
Zurich_historic_en_b111,DATE_1970,MENTIONS
Zurich_historic_en_b111,DATE_1990,MENTIONS
Zurich_historic_en_b113,NORP_swiss,MENTIONS
Zurich_historic_en_b113,DATE_1850,MENTIONS
Zurich_historic_en_b113,DATE_1888,MENTIONS
Zurich_historic_en_b113,DATE_1910,MENTIONS
Zurich_historic_en_b113,DATE_1930,MENTIONS
Zurich_historic_en_b113,DATE_1950,MENTIONS
Zurich_historic_en_b113,DATE_1970,MENTIONS
Zurich_historic_en_b113,DATE_1990,MENTIONS
Zurich_historic_en_b113,DATE_2000,MENTIONS
Zurich_historic_en_b114,DATE_1850,MENTIONS
Zurich_historic_en_b114,DATE_1910,MENTIONS
Zurich_historic_en_b114,DATE_1930,MENTIONS
Zurich_historic_en_b114,DATE_1950,MENTIONS
Zurich_historic_en_b114,DATE_1970,MENTIONS
Zurich_historic_en_b114,DATE_1990,MENTIONS
Zurich_historic_en_b114,DATE_2000,MENTIONS
Zurich_historic_en_b115,GPE_zurich,MENTIONS
Zurich_historic_en_b115,PERSON_library_zurich,MENTIONS
Zurich_historic_en_b115,ORG_graphic_collection,MENTIONS
Zurich_historic_en_b115,PERSON_photo_archive,MENTIONS
Zurich_historic_en_b116,ORG_bäckerstrasse,MENTIONS
Zurich_historic_en_b116,DATE_6th_century,MENTIONS
Zurich_historic_en_b116,ORG_swiss_national_museum,MENTIONS
Zurich_historic_en_b116,GPE_zurich,MENTIONS
Zurich_historic_en_b117,GPE_zurich,MENTIONS
Zurich_historic_en_b117,DATE_1347,MENTIONS
Zurich_historic_en_b117,ORG_state_archives_zurich,MENTIONS
Zurich_historic_en_b118,DATE_1373,MENTIONS
Zurich_historic_en_b118,ORG_state_archives_zurich,MENTIONS
Zurich_historic_en_b119,DATE_1770,MENTIONS
Zurich_historic_en_b119,PERSON_hundert_schweizer_prospecte,MENTIONS
Zurich_historic_en_b119,PERSON_johann_balthasar_bullinger,MENTIONS
Zurich_historic_en_b119,PERSON_library_zurich,MENTIONS
Zurich_historic_en_b119,GPE_department_maps,MENTIONS
Zurich_historic_en_b119,LOC_panoramas,MENTIONS
Zurich_historic_en_b120,ORG_the_south_german,MENTIONS
Zurich_historic_en_b120,PERSON_detail,MENTIONS
Zurich_historic_en_b120,NORP_jewish,MENTIONS
Zurich_historic_en_b120,PERSON_mordechai_ben_menachem,MENTIONS
Zurich_historic_en_b120,GPE_brunnenhof,MENTIONS
Zurich_historic_en_b120,DATE_1330,MENTIONS
Zurich_historic_en_b120,ORG_photography_city_archaeology,MENTIONS
Zurich_historic_en_b120,GPE_zurich,MENTIONS
Zurich_historic_en_b121,DATE_1883,MENTIONS
Zurich_historic_en_b121,PERSON_aussersihl,MENTIONS
Zurich_historic_en_b121,PERSON_ernst_conrad,MENTIONS
Zurich_historic_en_b121,PERSON_library_zurich,MENTIONS
Zurich_historic_en_b121,ORG_graphic_collection,MENTIONS
Zurich_historic_en_b121,PERSON_photo_archive,MENTIONS
Zurich_historic_en_b122,ORG_the_free_democratic_party,MENTIONS
Zurich_historic_en_b122,DATE_1928,MENTIONS
Zurich_historic_en_b122,PERSON_max_dalang,MENTIONS
Zurich_historic_en_b122,GPE_zurich,MENTIONS
Zurich_historic_en_b123,ORG_the_social_democratic_party,MENTIONS
Zurich_historic_en_b123,GPE_zurich,MENTIONS
Zurich_historic_en_b123,PERSON_otto_baumberger,MENTIONS
Zurich_historic_en_b123,DATE_1931,MENTIONS
Zurich_historic_en_b123,ORG_museum_of_design_zurich,MENTIONS
Zurich_historic_en_b123,ORG_zurich_university_of_the_arts,MENTIONS
Zurich_historic_en_b124,ORG_schanzengraben,MENTIONS
Zurich_historic_en_b124,FAC_the_botanical_garden_of,MENTIONS
Zurich_historic_en_b124,PERSON_eduard_schucht,MENTIONS
Zurich_historic_en_b124,DATE_1885,MENTIONS
Zurich_historic_en_b124,GPE_the_city_of_zurich,MENTIONS
Zurich_historic_en_b125,DATE_1867,MENTIONS
Zurich_historic_en_b125,DATE_1867,MENTIONS
Zurich_historic_en_b125,ORG_city_archive_zurich,MENTIONS
Zurich_historic_en_b125,ORG_planning_archive,MENTIONS
Zurich_historic_en_b126,GPE_zurich,MENTIONS
Zurich_historic_en_b126,DATE_1850_2000,MENTIONS
Zurich_historic_en_b127,GPE_zurich,MENTIONS
Zurich_historic_en_b127,DATE_1930,MENTIONS
Zurich_historic_en_b128,GPE_zurich,MENTIONS
Zurich_historic_en_b128,DATE_1836_2010,MENTIONS
