START_ID,END_ID,TYPE,section_title,subsection_title,paragraph
doc_translated_mmd_zurich_en,date_1908_1908_1908,MENTIONS_DATE,1. Location and Extension.,,"Municipality and capital of the canton and district of Zurich, largest city of Switzerland. The geographical coordinates of the federal observatory on the Zurichberg (according to a kind communication from the observatory) are: 47° 22' 38"" N latitude and 8° 33' 3.9"" E longitude from Greenwich. The magnetic declination in 1908 was 11½° W. The altitude is 470 m for the observatory, and for the lake level an average of 408.6 m. The Limmat descends to level 400 m (before Hoengg) over a distance of 6 km within the city area, i.e. an average gradient of 1.5‰. The city area extends westward to the ridge of the Uetliberg, whose summit signal lies on the city boundary at 874 m above sea level."
doc_translated_mmd_zurich_en,date_1893_1893_1893,MENTIONS_DATE,1. Location and Extension.,,"The city area consists of the actual former Zurich in the center and a wreath of outer municipalities which have been united with the old town since 1893, namely: Wollishofen, Enge, Wiedikon, Aussersihl, Wipkingen, Unterstrass, Oberstrass, Fluntern, Hottingen, Hirslanden, and Riesbach. Thus, Zurich is the largest community in Switzerland."
doc_translated_mmd_zurich_en,date_1882_83_1882_1883,MENTIONS_DATE,2. Topographical Description.,,"In the city map or the view from the heights of the Uetliberg, the hilly, angular old town with its dark, age-gray sandstone houses and blackened tile ridges distinctly separates from the wide-meshed, regulated street grid of the outer zone, whose blocks gradually dissolve uphill on both sides of the lake and Limmat into healthy villa quarters with open development. The angular shape of the Schanzengraben still betrays the extent of the former ""small city"" on the left Limmat bank, while Seilergraben-Hirschengraben enclose the ""large"" (right bank) city uphill. Within this old fortress framework, we want to begin our walk through the city. A ship took us to the landing stage at Bürkliplatz, formerly called Stadthausplatz. What beautiful parks lie to the left towards Enge and before us towards Bahnhofstrasse! We cross the Quaibrücke. Built in 1882/83 from coarse Black Forest granite, it bridges the Limmat's outflow from the lake with a length of 165 m."
doc_translated_mmd_zurich_en,date_1885_1885_1885,MENTIONS_DATE,2. Topographical Description.,,"Let us turn from the Quaibrücke downstream of the old town toward the Limmat. Across the former ferry landing square, now widened into a splendid quay, we reach the 1885 built Zwingli monument, a high bronze statue of the great reformer, framed by dark groups of trees, in front of the old Wasserkirche, in which the city library is now housed. To the north, the Helmhaus adjoins. From the Münsterbrücke offers a characteristic city view: to the right, elevated, the Grossmünster with its two Gothic towers—formerly ending in pointed spires, now crowned with wooden domes. It is the church of the former collegiate chapter, the place of Zwingli’s activity 1519–1531, built in Romanesque style in 1078 on the site of an older burnt church. On the southern tower, high up in a niche, sits, carved in stone, Emperor Charlemagne with the sword on his knees and a golden crown on his head. In the noteworthy cloister (upper daughters' school) stands a fountain with the statue of the emperor in sandstone."
doc_translated_mmd_zurich_en,date_1519_1531_1519_1531,MENTIONS_DATE,2. Topographical Description.,,"Let us turn from the Quaibrücke downstream of the old town toward the Limmat. Across the former ferry landing square, now widened into a splendid quay, we reach the 1885 built Zwingli monument, a high bronze statue of the great reformer, framed by dark groups of trees, in front of the old Wasserkirche, in which the city library is now housed. To the north, the Helmhaus adjoins. From the Münsterbrücke offers a characteristic city view: to the right, elevated, the Grossmünster with its two Gothic towers—formerly ending in pointed spires, now crowned with wooden domes. It is the church of the former collegiate chapter, the place of Zwingli’s activity 1519–1531, built in Romanesque style in 1078 on the site of an older burnt church. On the southern tower, high up in a niche, sits, carved in stone, Emperor Charlemagne with the sword on his knees and a golden crown on his head. In the noteworthy cloister (upper daughters' school) stands a fountain with the statue of the emperor in sandstone."
doc_translated_mmd_zurich_en,date_1078_1078_1078,MENTIONS_DATE,2. Topographical Description.,,"Let us turn from the Quaibrücke downstream of the old town toward the Limmat. Across the former ferry landing square, now widened into a splendid quay, we reach the 1885 built Zwingli monument, a high bronze statue of the great reformer, framed by dark groups of trees, in front of the old Wasserkirche, in which the city library is now housed. To the north, the Helmhaus adjoins. From the Münsterbrücke offers a characteristic city view: to the right, elevated, the Grossmünster with its two Gothic towers—formerly ending in pointed spires, now crowned with wooden domes. It is the church of the former collegiate chapter, the place of Zwingli’s activity 1519–1531, built in Romanesque style in 1078 on the site of an older burnt church. On the southern tower, high up in a niche, sits, carved in stone, Emperor Charlemagne with the sword on his knees and a golden crown on his head. In the noteworthy cloister (upper daughters' school) stands a fountain with the statue of the emperor in sandstone."
doc_translated_mmd_zurich_en,date_1400_1400_1400,MENTIONS_DATE,2. Topographical Description.,,"Down the Limmatquai, some guild houses follow, then the venerable town hall, built over the Limmat. It is the third building on this site. The first was entirely wooden, the large (1400) at least toward the small (left bank) city wooden until 1502; in 1504 it received glass windows, previously only covered with cloth, and was demolished in 1694. Today's building is in noble German renaissance style. In the vestibule is a bust of the poet and Zurich state scribe Gottfried Keller. On the upper floor is the cantonal council chamber, also used as the session room by the great city council."
doc_translated_mmd_zurich_en,date_1502_1502_1502,MENTIONS_DATE,2. Topographical Description.,,"Down the Limmatquai, some guild houses follow, then the venerable town hall, built over the Limmat. It is the third building on this site. The first was entirely wooden, the large (1400) at least toward the small (left bank) city wooden until 1502; in 1504 it received glass windows, previously only covered with cloth, and was demolished in 1694. Today's building is in noble German renaissance style. In the vestibule is a bust of the poet and Zurich state scribe Gottfried Keller. On the upper floor is the cantonal council chamber, also used as the session room by the great city council."
doc_translated_mmd_zurich_en,date_1504_1504_1504,MENTIONS_DATE,2. Topographical Description.,,"Down the Limmatquai, some guild houses follow, then the venerable town hall, built over the Limmat. It is the third building on this site. The first was entirely wooden, the large (1400) at least toward the small (left bank) city wooden until 1502; in 1504 it received glass windows, previously only covered with cloth, and was demolished in 1694. Today's building is in noble German renaissance style. In the vestibule is a bust of the poet and Zurich state scribe Gottfried Keller. On the upper floor is the cantonal council chamber, also used as the session room by the great city council."
doc_translated_mmd_zurich_en,date_1694_1694_1694,MENTIONS_DATE,2. Topographical Description.,,"Down the Limmatquai, some guild houses follow, then the venerable town hall, built over the Limmat. It is the third building on this site. The first was entirely wooden, the large (1400) at least toward the small (left bank) city wooden until 1502; in 1504 it received glass windows, previously only covered with cloth, and was demolished in 1694. Today's building is in noble German renaissance style. In the vestibule is a bust of the poet and Zurich state scribe Gottfried Keller. On the upper floor is the cantonal council chamber, also used as the session room by the great city council."
doc_translated_mmd_zurich_en,date_1846_1846_1846,MENTIONS_DATE,2. Topographical Description.,,"“The tribune for the listeners is well arranged,” wrote Meyer von Knonau in 1846, “but it would be somewhat cramped if always important matters were discussed and speakers of the first rank appeared.” From the town hall, the wide Gemüsebrücke with its blue-shaded market stalls leads the eye across to the green hill of Lindenhof with the Freemason lodge and the tower of St. Peter's Church with the mighty clock faces (until about the mid-16th century the only public clock in Zurich), down over the narrow-windowed, narrow and tall houses of the Schipfe and back at the Wühre past the richly Baroque-built guild house “zur Meise,” which represents bourgeois nobility in sandstone with its wrought-iron courtyard gate. Upward on the left bank follows the slenderly turreted Fraumünster church, founded by Ludwig the German in 853, with Hans Waldmann's tomb. Attached to it and tastefully connected with the old cloister (architect Gull) is the friendly town hall, the central office of municipal administration, and the federal post office. All these buildings are constructed from molasse sandstone from the Bäch and Bollingen quarries, whose dark weathering color gives the otherwise lovely cityscape a slightly melancholic touch. Comfortingly towering above the narrower cityscape is the new Prediger tower and the simple basilica of the Roman Catholic Liebfrauenkirche with its bluntly squared campanile of dazzling white tuff limestone. The Limmat is framed by the industrial buildings on piles of the two mill piers, and an almost comical note is added by the Urania tower with a cupola, which extends into a round gallery, housing the public observatory tower."
doc_translated_mmd_zurich_en,date_853_853_853,MENTIONS_DATE,2. Topographical Description.,,"“The tribune for the listeners is well arranged,” wrote Meyer von Knonau in 1846, “but it would be somewhat cramped if always important matters were discussed and speakers of the first rank appeared.” From the town hall, the wide Gemüsebrücke with its blue-shaded market stalls leads the eye across to the green hill of Lindenhof with the Freemason lodge and the tower of St. Peter's Church with the mighty clock faces (until about the mid-16th century the only public clock in Zurich), down over the narrow-windowed, narrow and tall houses of the Schipfe and back at the Wühre past the richly Baroque-built guild house “zur Meise,” which represents bourgeois nobility in sandstone with its wrought-iron courtyard gate. Upward on the left bank follows the slenderly turreted Fraumünster church, founded by Ludwig the German in 853, with Hans Waldmann's tomb. Attached to it and tastefully connected with the old cloister (architect Gull) is the friendly town hall, the central office of municipal administration, and the federal post office. All these buildings are constructed from molasse sandstone from the Bäch and Bollingen quarries, whose dark weathering color gives the otherwise lovely cityscape a slightly melancholic touch. Comfortingly towering above the narrower cityscape is the new Prediger tower and the simple basilica of the Roman Catholic Liebfrauenkirche with its bluntly squared campanile of dazzling white tuff limestone. The Limmat is framed by the industrial buildings on piles of the two mill piers, and an almost comical note is added by the Urania tower with a cupola, which extends into a round gallery, housing the public observatory tower."
doc_translated_mmd_zurich_en,date_mid_16th_century_1550_1560,MENTIONS_DATE,2. Topographical Description.,,"“The tribune for the listeners is well arranged,” wrote Meyer von Knonau in 1846, “but it would be somewhat cramped if always important matters were discussed and speakers of the first rank appeared.” From the town hall, the wide Gemüsebrücke with its blue-shaded market stalls leads the eye across to the green hill of Lindenhof with the Freemason lodge and the tower of St. Peter's Church with the mighty clock faces (until about the mid-16th century the only public clock in Zurich), down over the narrow-windowed, narrow and tall houses of the Schipfe and back at the Wühre past the richly Baroque-built guild house “zur Meise,” which represents bourgeois nobility in sandstone with its wrought-iron courtyard gate. Upward on the left bank follows the slenderly turreted Fraumünster church, founded by Ludwig the German in 853, with Hans Waldmann's tomb. Attached to it and tastefully connected with the old cloister (architect Gull) is the friendly town hall, the central office of municipal administration, and the federal post office. All these buildings are constructed from molasse sandstone from the Bäch and Bollingen quarries, whose dark weathering color gives the otherwise lovely cityscape a slightly melancholic touch. Comfortingly towering above the narrower cityscape is the new Prediger tower and the simple basilica of the Roman Catholic Liebfrauenkirche with its bluntly squared campanile of dazzling white tuff limestone. The Limmat is framed by the industrial buildings on piles of the two mill piers, and an almost comical note is added by the Urania tower with a cupola, which extends into a round gallery, housing the public observatory tower."
doc_translated_mmd_zurich_en,date_1838_1838_1838,MENTIONS_DATE,2. Topographical Description.,,"The Münsterbrücke, from which we gained this view of the old town, was inaugurated in 1838. It spans the river with four gently arched arches. “The vaults and cladding are made of black marble from the Wallenstadtsee quarries, the main cornice from white-bleached Gotthard granite, taken near Mellingen from massive erratic blocks lying there... This beautiful building was commissioned by the Zurich merchants under the direction of engineer Negrelli, constructed by Konrad Stadler and two other Zurich architects."""
doc_translated_mmd_zurich_en,date_1892_98_1892_1898,MENTIONS_DATE,2. Topographical Description.,,"In the plaza promenade behind the station stands the Swiss National Museum, built by the city of Zurich from 1892–98 according to plans by architect Gull, an excellent example of the integration of architecture (medieval style) with the complex requirements of the individual museum departments. Especially famous are Ferdinand Keller's pile dwelling finds previously kept in the Helmhaus and the weapons hall with Hodler's mural (Swiss retreat from the battle of Marignano)."
doc_translated_mmd_zurich_en,date_1489_1489_1489,MENTIONS_DATE,2. Topographical Description.,,"Further, numerous original rooms, including three Gothic ones from the Fraumünster Abbey Zurich from 1489 and 1507, the treasury with coin cabinet in the basement, a large porcelain collection, etc. The National Museum was founded in 1891 by the Confederation and solemnly inaugurated on June 25, 1898. In the lovely layouts before the confluence of the Limmat and Sihl, simple monuments to the Minnesinger Hadlaub, the idyll poet Gessner, and Wilhelm Baumgartner, the creator of the incomparable singing style for Gottfried Keller’s ""Oh my homeland,"" delight us."
doc_translated_mmd_zurich_en,date_1507_1507_1507,MENTIONS_DATE,2. Topographical Description.,,"Further, numerous original rooms, including three Gothic ones from the Fraumünster Abbey Zurich from 1489 and 1507, the treasury with coin cabinet in the basement, a large porcelain collection, etc. The National Museum was founded in 1891 by the Confederation and solemnly inaugurated on June 25, 1898. In the lovely layouts before the confluence of the Limmat and Sihl, simple monuments to the Minnesinger Hadlaub, the idyll poet Gessner, and Wilhelm Baumgartner, the creator of the incomparable singing style for Gottfried Keller’s ""Oh my homeland,"" delight us."
doc_translated_mmd_zurich_en,date_1891_1891_1891,MENTIONS_DATE,2. Topographical Description.,,"Further, numerous original rooms, including three Gothic ones from the Fraumünster Abbey Zurich from 1489 and 1507, the treasury with coin cabinet in the basement, a large porcelain collection, etc. The National Museum was founded in 1891 by the Confederation and solemnly inaugurated on June 25, 1898. In the lovely layouts before the confluence of the Limmat and Sihl, simple monuments to the Minnesinger Hadlaub, the idyll poet Gessner, and Wilhelm Baumgartner, the creator of the incomparable singing style for Gottfried Keller’s ""Oh my homeland,"" delight us."
doc_translated_mmd_zurich_en,date_june_25_1898_1898_1898,MENTIONS_DATE,2. Topographical Description.,,"Further, numerous original rooms, including three Gothic ones from the Fraumünster Abbey Zurich from 1489 and 1507, the treasury with coin cabinet in the basement, a large porcelain collection, etc. The National Museum was founded in 1891 by the Confederation and solemnly inaugurated on June 25, 1898. In the lovely layouts before the confluence of the Limmat and Sihl, simple monuments to the Minnesinger Hadlaub, the idyll poet Gessner, and Wilhelm Baumgartner, the creator of the incomparable singing style for Gottfried Keller’s ""Oh my homeland,"" delight us."
doc_translated_mmd_zurich_en,date_1889_1889_1889,MENTIONS_DATE,2. Topographical Description.,,"In front of the station, we admire the large monumental fountain of red granite with the statue of Alfred Escher by Richard Kisling, erected in place of a tall fountain in 1889, and now turn to Bahnhofstrasse. What a contrast to the narrow, high-gabled alleys of the right bank! Its lime tree avenue spreads out with beneficial breadth, twice bending left at a blunt angle towards Paradeplatz and to the lake. It skirts the moraine hill quarter of Oetenbach (formerly prison buildings, built from the remains of the old Oetenbach monastery, now demolished and artificially cut through at Uraniastrasse), Rennweg, Lindenhof, Strohhof and leaves the isolated glacial debris hills of St. Anna and the Katz (botanical garden) on the right. It begins with beautiful hotel buildings in French architecture at the station; it follows the Linth Escher school in a pretty park setting; in front the Pestalozzi memorial. Then large-scale, modern shops and department stores, window display after window display, at the top the large blocks of the central and Kappelerhof and the stock exchange built by the Zurich trade society from 1877–80. Noteworthy are also the buildings of the large banking institutions: Swiss Bank Association and Swiss Credit Institution at Paradeplatz, Bank Leu and Zurich Cantonal Bank, as well as the federal bank and Swiss People's Bank on Bahnhofstrasse, some with richly furnished vestibule rooms, especially the Swiss Bank Association (colossal statue symbolizing trade, by Richard Kisling). A look is still cast into the old, angular Augustinergasse with its cozy oriels."
doc_translated_mmd_zurich_en,date_1877_80_1877_1880,MENTIONS_DATE,2. Topographical Description.,,"In front of the station, we admire the large monumental fountain of red granite with the statue of Alfred Escher by Richard Kisling, erected in place of a tall fountain in 1889, and now turn to Bahnhofstrasse. What a contrast to the narrow, high-gabled alleys of the right bank! Its lime tree avenue spreads out with beneficial breadth, twice bending left at a blunt angle towards Paradeplatz and to the lake. It skirts the moraine hill quarter of Oetenbach (formerly prison buildings, built from the remains of the old Oetenbach monastery, now demolished and artificially cut through at Uraniastrasse), Rennweg, Lindenhof, Strohhof and leaves the isolated glacial debris hills of St. Anna and the Katz (botanical garden) on the right. It begins with beautiful hotel buildings in French architecture at the station; it follows the Linth Escher school in a pretty park setting; in front the Pestalozzi memorial. Then large-scale, modern shops and department stores, window display after window display, at the top the large blocks of the central and Kappelerhof and the stock exchange built by the Zurich trade society from 1877–80. Noteworthy are also the buildings of the large banking institutions: Swiss Bank Association and Swiss Credit Institution at Paradeplatz, Bank Leu and Zurich Cantonal Bank, as well as the federal bank and Swiss People's Bank on Bahnhofstrasse, some with richly furnished vestibule rooms, especially the Swiss Bank Association (colossal statue symbolizing trade, by Richard Kisling). A look is still cast into the old, angular Augustinergasse with its cozy oriels."
doc_translated_mmd_zurich_en,date_1881_1881_1881,MENTIONS_DATE,2. Topographical Description.,,"Then the lake draws us again, and we walk out on the Alpenquai through splendid parklands, which were decided in 1881 and inaugurated in 1887. Pleasant perspectives open between bushes and groups of trees over well-kept lawns and rich flower beds. A cleverly assembled arboretum of native and exotic trees is spread over artificial hills and valleys. Erratic blocks of the old Linth glacier, red fieldstones from the Walensee area, Speer nail conglomerate, chalk and Jurassic limestones from Glärnisch alternate in colorful order, with gentians, alpine roses bushes and heathland herbs peeking out as if by chance."
doc_translated_mmd_zurich_en,date_1887_1887_1887,MENTIONS_DATE,2. Topographical Description.,,"Then the lake draws us again, and we walk out on the Alpenquai through splendid parklands, which were decided in 1881 and inaugurated in 1887. Pleasant perspectives open between bushes and groups of trees over well-kept lawns and rich flower beds. A cleverly assembled arboretum of native and exotic trees is spread over artificial hills and valleys. Erratic blocks of the old Linth glacier, red fieldstones from the Walensee area, Speer nail conglomerate, chalk and Jurassic limestones from Glärnisch alternate in colorful order, with gentians, alpine roses bushes and heathland herbs peeking out as if by chance."
doc_translated_mmd_zurich_en,date_1895_1895_1895,MENTIONS_DATE,2. Topographical Description.,,"The quay is essentially the work of quay engineer A. Bürkli, for whom a tasteful monument has been erected. The city is also indebted to geologist Albert Heim for ensuring through his efforts that the natural moraine character of the city topography is preserved even in this artificial landscape. A pretty background is formed by the new Tonhalle, the Zurich Trocadero, built by the Viennese architects Fellner and Helmer in 1895, the “Red Castle,” Palais Henneberg with marble frieze, the “White Castle” of Savonnières limestone and the building of the Swiss pension institution of colorful limestone. The public Belvoirpark, once the property of the Zurich statesman Alfred Escher, the champion of the Gotthard railway, makes the end. From his daughter Dr. Lydia Welti-Escher, the magnificent estate was bequeathed to the Confederation, later purchased by a society, and later largely handed over to the city as property."
doc_translated_mmd_zurich_en,date_1901_1901_1901,MENTIONS_DATE,2. Topographical Description.,,"We cross the left-bank lake railway, which reaches the main station in a wide arc west of Aussersihl, visit Stauffacher bridge and Sihl bridge, and gradually retreat via the busy Badenerstrasse past St. Jakob's church with 1400 seats and a large singers' podium (built in 1901) and several new school palaces, leaving the barracks area with arsenal on the right, towards Langstrasse. On Sundays there is a true pilgrimage of excursionists heading for the Zurichberg or Uetliberg, or just to stroll the streets."
doc_translated_mmd_zurich_en,date_1855_1855_1855,MENTIONS_DATE,2. Topographical Description.,,"From the Höhenstrasse down, one overlooks the impressive building complex of the cantonal and federal universities. Above all, the main building of the Swiss Federal Polytechnic School deserves mention. The school was founded in 1855, includes the construction school, engineering school, mechanical, agricultural and forestry departments, a department for training specialized teachers in mathematics and natural sciences, a philosophical-economic (so-called free subjects) department, and a military science department."
doc_translated_mmd_zurich_en,date_1861_64_1861_1864,MENTIONS_DATE,2. Topographical Description.,,"The main building, built according to plans by Gottfried Semper from 1861–64 and fully operational since 1864, stands foremost on the scenic ramp of the university complex towards the old town. In the middle building, crowned by a series of allegorical figures by sculptor Graf, is a beautiful aula that has served both universities until now. Here and in the vestibule stand busts of school board president Dr. Kappeler (Hörbst) and professors Kopp and Bolley, as well as Semper and Culmann (Richard Kisling)."
doc_translated_mmd_zurich_en,date_1864_1864_1864,MENTIONS_DATE,2. Topographical Description.,,"The main building, built according to plans by Gottfried Semper from 1861–64 and fully operational since 1864, stands foremost on the scenic ramp of the university complex towards the old town. In the middle building, crowned by a series of allegorical figures by sculptor Graf, is a beautiful aula that has served both universities until now. Here and in the vestibule stand busts of school board president Dr. Kappeler (Hörbst) and professors Kopp and Bolley, as well as Semper and Culmann (Richard Kisling)."
doc_translated_mmd_zurich_en,date_1899_1900_1899_1900,MENTIONS_DATE,2. Topographical Description.,,"The northern facade is decorated with sgraffito. The south wing is currently occupied by the University, which will soon receive a magnificent new home in close proximity. Behind the polytechnic stands the old chemical laboratory (hygienic institute). A whole network of scientific institutes line up: federal materials testing institute, federal testing institute for fuels, federal machine laboratory (built 1899/1900), federal chemical laboratories (occupied 1886) with the Swiss agricultural chemical institute and seed control station, federal central office for forestry research, agricultural and forestry school (1874) with experimental garden, federal observatory, federal physics building (1890), with the Swiss meteorological central institute, cantonal hospital, laboratory of the cantonal chemist and dental polyclinic (1899/1900), anatomy, isolation hospital, pathological institute (1832), eye clinic, blind and deaf-mute institute, cantonal physics and physiology building, and recently (spring 1909) opened cantonal chemical laboratories of the University and new cantonal school building opposite the old cantonal school on Rämistrasse, built in 1839–42 by architect Wegmann. At that time, the cubic meter cost 13.5 francs; today, school buildings cost almost double! Adjacent to the city are the Wolfbach schoolhouse, the music conservatory in Florhofgasse (1900–1902) with large concert hall (450 seats), the magnificent Hirschengraben schoolhouse, and the collegiate building at Rechberg, an old, handsome patrician house."
doc_translated_mmd_zurich_en,date_1886_1886_1886,MENTIONS_DATE,2. Topographical Description.,,"The northern facade is decorated with sgraffito. The south wing is currently occupied by the University, which will soon receive a magnificent new home in close proximity. Behind the polytechnic stands the old chemical laboratory (hygienic institute). A whole network of scientific institutes line up: federal materials testing institute, federal testing institute for fuels, federal machine laboratory (built 1899/1900), federal chemical laboratories (occupied 1886) with the Swiss agricultural chemical institute and seed control station, federal central office for forestry research, agricultural and forestry school (1874) with experimental garden, federal observatory, federal physics building (1890), with the Swiss meteorological central institute, cantonal hospital, laboratory of the cantonal chemist and dental polyclinic (1899/1900), anatomy, isolation hospital, pathological institute (1832), eye clinic, blind and deaf-mute institute, cantonal physics and physiology building, and recently (spring 1909) opened cantonal chemical laboratories of the University and new cantonal school building opposite the old cantonal school on Rämistrasse, built in 1839–42 by architect Wegmann. At that time, the cubic meter cost 13.5 francs; today, school buildings cost almost double! Adjacent to the city are the Wolfbach schoolhouse, the music conservatory in Florhofgasse (1900–1902) with large concert hall (450 seats), the magnificent Hirschengraben schoolhouse, and the collegiate building at Rechberg, an old, handsome patrician house."
doc_translated_mmd_zurich_en,date_1874_1874_1874,MENTIONS_DATE,2. Topographical Description.,,"The northern facade is decorated with sgraffito. The south wing is currently occupied by the University, which will soon receive a magnificent new home in close proximity. Behind the polytechnic stands the old chemical laboratory (hygienic institute). A whole network of scientific institutes line up: federal materials testing institute, federal testing institute for fuels, federal machine laboratory (built 1899/1900), federal chemical laboratories (occupied 1886) with the Swiss agricultural chemical institute and seed control station, federal central office for forestry research, agricultural and forestry school (1874) with experimental garden, federal observatory, federal physics building (1890), with the Swiss meteorological central institute, cantonal hospital, laboratory of the cantonal chemist and dental polyclinic (1899/1900), anatomy, isolation hospital, pathological institute (1832), eye clinic, blind and deaf-mute institute, cantonal physics and physiology building, and recently (spring 1909) opened cantonal chemical laboratories of the University and new cantonal school building opposite the old cantonal school on Rämistrasse, built in 1839–42 by architect Wegmann. At that time, the cubic meter cost 13.5 francs; today, school buildings cost almost double! Adjacent to the city are the Wolfbach schoolhouse, the music conservatory in Florhofgasse (1900–1902) with large concert hall (450 seats), the magnificent Hirschengraben schoolhouse, and the collegiate building at Rechberg, an old, handsome patrician house."
doc_translated_mmd_zurich_en,date_1890_1890_1890,MENTIONS_DATE,2. Topographical Description.,,"The northern facade is decorated with sgraffito. The south wing is currently occupied by the University, which will soon receive a magnificent new home in close proximity. Behind the polytechnic stands the old chemical laboratory (hygienic institute). A whole network of scientific institutes line up: federal materials testing institute, federal testing institute for fuels, federal machine laboratory (built 1899/1900), federal chemical laboratories (occupied 1886) with the Swiss agricultural chemical institute and seed control station, federal central office for forestry research, agricultural and forestry school (1874) with experimental garden, federal observatory, federal physics building (1890), with the Swiss meteorological central institute, cantonal hospital, laboratory of the cantonal chemist and dental polyclinic (1899/1900), anatomy, isolation hospital, pathological institute (1832), eye clinic, blind and deaf-mute institute, cantonal physics and physiology building, and recently (spring 1909) opened cantonal chemical laboratories of the University and new cantonal school building opposite the old cantonal school on Rämistrasse, built in 1839–42 by architect Wegmann. At that time, the cubic meter cost 13.5 francs; today, school buildings cost almost double! Adjacent to the city are the Wolfbach schoolhouse, the music conservatory in Florhofgasse (1900–1902) with large concert hall (450 seats), the magnificent Hirschengraben schoolhouse, and the collegiate building at Rechberg, an old, handsome patrician house."
doc_translated_mmd_zurich_en,date_spring_1909_1909_1909,MENTIONS_DATE,2. Topographical Description.,,"The northern facade is decorated with sgraffito. The south wing is currently occupied by the University, which will soon receive a magnificent new home in close proximity. Behind the polytechnic stands the old chemical laboratory (hygienic institute). A whole network of scientific institutes line up: federal materials testing institute, federal testing institute for fuels, federal machine laboratory (built 1899/1900), federal chemical laboratories (occupied 1886) with the Swiss agricultural chemical institute and seed control station, federal central office for forestry research, agricultural and forestry school (1874) with experimental garden, federal observatory, federal physics building (1890), with the Swiss meteorological central institute, cantonal hospital, laboratory of the cantonal chemist and dental polyclinic (1899/1900), anatomy, isolation hospital, pathological institute (1832), eye clinic, blind and deaf-mute institute, cantonal physics and physiology building, and recently (spring 1909) opened cantonal chemical laboratories of the University and new cantonal school building opposite the old cantonal school on Rämistrasse, built in 1839–42 by architect Wegmann. At that time, the cubic meter cost 13.5 francs; today, school buildings cost almost double! Adjacent to the city are the Wolfbach schoolhouse, the music conservatory in Florhofgasse (1900–1902) with large concert hall (450 seats), the magnificent Hirschengraben schoolhouse, and the collegiate building at Rechberg, an old, handsome patrician house."
doc_translated_mmd_zurich_en,date_1839_42_1839_1842,MENTIONS_DATE,2. Topographical Description.,,"The northern facade is decorated with sgraffito. The south wing is currently occupied by the University, which will soon receive a magnificent new home in close proximity. Behind the polytechnic stands the old chemical laboratory (hygienic institute). A whole network of scientific institutes line up: federal materials testing institute, federal testing institute for fuels, federal machine laboratory (built 1899/1900), federal chemical laboratories (occupied 1886) with the Swiss agricultural chemical institute and seed control station, federal central office for forestry research, agricultural and forestry school (1874) with experimental garden, federal observatory, federal physics building (1890), with the Swiss meteorological central institute, cantonal hospital, laboratory of the cantonal chemist and dental polyclinic (1899/1900), anatomy, isolation hospital, pathological institute (1832), eye clinic, blind and deaf-mute institute, cantonal physics and physiology building, and recently (spring 1909) opened cantonal chemical laboratories of the University and new cantonal school building opposite the old cantonal school on Rämistrasse, built in 1839–42 by architect Wegmann. At that time, the cubic meter cost 13.5 francs; today, school buildings cost almost double! Adjacent to the city are the Wolfbach schoolhouse, the music conservatory in Florhofgasse (1900–1902) with large concert hall (450 seats), the magnificent Hirschengraben schoolhouse, and the collegiate building at Rechberg, an old, handsome patrician house."
doc_translated_mmd_zurich_en,date_1832_1832_1832,MENTIONS_DATE,2. Topographical Description.,,"The northern facade is decorated with sgraffito. The south wing is currently occupied by the University, which will soon receive a magnificent new home in close proximity. Behind the polytechnic stands the old chemical laboratory (hygienic institute). A whole network of scientific institutes line up: federal materials testing institute, federal testing institute for fuels, federal machine laboratory (built 1899/1900), federal chemical laboratories (occupied 1886) with the Swiss agricultural chemical institute and seed control station, federal central office for forestry research, agricultural and forestry school (1874) with experimental garden, federal observatory, federal physics building (1890), with the Swiss meteorological central institute, cantonal hospital, laboratory of the cantonal chemist and dental polyclinic (1899/1900), anatomy, isolation hospital, pathological institute (1832), eye clinic, blind and deaf-mute institute, cantonal physics and physiology building, and recently (spring 1909) opened cantonal chemical laboratories of the University and new cantonal school building opposite the old cantonal school on Rämistrasse, built in 1839–42 by architect Wegmann. At that time, the cubic meter cost 13.5 francs; today, school buildings cost almost double! Adjacent to the city are the Wolfbach schoolhouse, the music conservatory in Florhofgasse (1900–1902) with large concert hall (450 seats), the magnificent Hirschengraben schoolhouse, and the collegiate building at Rechberg, an old, handsome patrician house."
doc_translated_mmd_zurich_en,date_1900_1902_1900_1902,MENTIONS_DATE,2. Topographical Description.,,"The northern facade is decorated with sgraffito. The south wing is currently occupied by the University, which will soon receive a magnificent new home in close proximity. Behind the polytechnic stands the old chemical laboratory (hygienic institute). A whole network of scientific institutes line up: federal materials testing institute, federal testing institute for fuels, federal machine laboratory (built 1899/1900), federal chemical laboratories (occupied 1886) with the Swiss agricultural chemical institute and seed control station, federal central office for forestry research, agricultural and forestry school (1874) with experimental garden, federal observatory, federal physics building (1890), with the Swiss meteorological central institute, cantonal hospital, laboratory of the cantonal chemist and dental polyclinic (1899/1900), anatomy, isolation hospital, pathological institute (1832), eye clinic, blind and deaf-mute institute, cantonal physics and physiology building, and recently (spring 1909) opened cantonal chemical laboratories of the University and new cantonal school building opposite the old cantonal school on Rämistrasse, built in 1839–42 by architect Wegmann. At that time, the cubic meter cost 13.5 francs; today, school buildings cost almost double! Adjacent to the city are the Wolfbach schoolhouse, the music conservatory in Florhofgasse (1900–1902) with large concert hall (450 seats), the magnificent Hirschengraben schoolhouse, and the collegiate building at Rechberg, an old, handsome patrician house."
doc_translated_mmd_zurich_en,date_1893_1893_1893,MENTIONS_DATE,2. Topographical Description.,,"Truly a blessed district of intellect, where canton and Confederation compete to build worthy places for science and the disciplines of its technical application! And one must not forget what the city itself does for its school system. See the chapter “Education” under “Zurich canton.” Especially striking in the cityscape are the municipal school buildings. At the time of the city unification in 1893, there were 39 schoolhouses in the old city and the outer municipalities combined, the oldest being the plain schoolhouse at Badenerstrasse (occupied 1821) and the youngest the tall school palace at Hirschengraben (1893, architect Alexander Koch). Since then, almost every year a school building (with gyms, bathing facilities, school kitchens, workshops, modeling rooms, small school gardens, etc.) has been added. In the new buildings, classrooms are planned for a maximum of 55 primary or 35 secondary students; with 7×10–11 or 7×9 meters floor space, low-pressure steam and hot water heating; air heating has been abandoned. The costs amounted to (1889-1902) per class 42,000 Fr., per student 770 Fr., per m3 25.73 Fr. (“pure construction costs”)."
doc_translated_mmd_zurich_en,date_1821_1821_1821,MENTIONS_DATE,2. Topographical Description.,,"Truly a blessed district of intellect, where canton and Confederation compete to build worthy places for science and the disciplines of its technical application! And one must not forget what the city itself does for its school system. See the chapter “Education” under “Zurich canton.” Especially striking in the cityscape are the municipal school buildings. At the time of the city unification in 1893, there were 39 schoolhouses in the old city and the outer municipalities combined, the oldest being the plain schoolhouse at Badenerstrasse (occupied 1821) and the youngest the tall school palace at Hirschengraben (1893, architect Alexander Koch). Since then, almost every year a school building (with gyms, bathing facilities, school kitchens, workshops, modeling rooms, small school gardens, etc.) has been added. In the new buildings, classrooms are planned for a maximum of 55 primary or 35 secondary students; with 7×10–11 or 7×9 meters floor space, low-pressure steam and hot water heating; air heating has been abandoned. The costs amounted to (1889-1902) per class 42,000 Fr., per student 770 Fr., per m3 25.73 Fr. (“pure construction costs”)."
doc_translated_mmd_zurich_en,date_1889_1902_1889_1902,MENTIONS_DATE,2. Topographical Description.,,"Truly a blessed district of intellect, where canton and Confederation compete to build worthy places for science and the disciplines of its technical application! And one must not forget what the city itself does for its school system. See the chapter “Education” under “Zurich canton.” Especially striking in the cityscape are the municipal school buildings. At the time of the city unification in 1893, there were 39 schoolhouses in the old city and the outer municipalities combined, the oldest being the plain schoolhouse at Badenerstrasse (occupied 1821) and the youngest the tall school palace at Hirschengraben (1893, architect Alexander Koch). Since then, almost every year a school building (with gyms, bathing facilities, school kitchens, workshops, modeling rooms, small school gardens, etc.) has been added. In the new buildings, classrooms are planned for a maximum of 55 primary or 35 secondary students; with 7×10–11 or 7×9 meters floor space, low-pressure steam and hot water heating; air heating has been abandoned. The costs amounted to (1889-1902) per class 42,000 Fr., per student 770 Fr., per m3 25.73 Fr. (“pure construction costs”)."
doc_translated_mmd_zurich_en,date_autumn_1891_1891_1891,MENTIONS_DATE,2. Topographical Description.,,"Through friendly villa quarters, our way finally leads from the Höhen- and Bergstrasse to the Dolder Forest House at the entrance to the large beautiful Dolderpark. We are near the highest edge of the inhabited city area and ride with the cable car past the mighty dome of the Kreuzkirche down to Römerhof and from there with the municipal tram past the original St. Antonius church through Hottingen via Kreuzplatz-Bahnhof Stadelhofen south of the tree-crowned hill of the High Promenade (Nägeli Monument, French and English churches) to the city theater (built by Fellner and Helmer in Vienna, inaugurated in autumn 1891; the old theater at Untern Zäune burned down on the night of January 1/2, 1890) and the Corso Theater (variety stage opened in 1900) and past the old Tonhalle square back to Quaibrücke, where we started the tour."
doc_translated_mmd_zurich_en,date_night_of_january_1_2_1890_1890_1890,MENTIONS_DATE,2. Topographical Description.,,"Through friendly villa quarters, our way finally leads from the Höhen- and Bergstrasse to the Dolder Forest House at the entrance to the large beautiful Dolderpark. We are near the highest edge of the inhabited city area and ride with the cable car past the mighty dome of the Kreuzkirche down to Römerhof and from there with the municipal tram past the original St. Antonius church through Hottingen via Kreuzplatz-Bahnhof Stadelhofen south of the tree-crowned hill of the High Promenade (Nägeli Monument, French and English churches) to the city theater (built by Fellner and Helmer in Vienna, inaugurated in autumn 1891; the old theater at Untern Zäune burned down on the night of January 1/2, 1890) and the Corso Theater (variety stage opened in 1900) and past the old Tonhalle square back to Quaibrücke, where we started the tour."
doc_translated_mmd_zurich_en,date_1900_1900_1900,MENTIONS_DATE,2. Topographical Description.,,"Through friendly villa quarters, our way finally leads from the Höhen- and Bergstrasse to the Dolder Forest House at the entrance to the large beautiful Dolderpark. We are near the highest edge of the inhabited city area and ride with the cable car past the mighty dome of the Kreuzkirche down to Römerhof and from there with the municipal tram past the original St. Antonius church through Hottingen via Kreuzplatz-Bahnhof Stadelhofen south of the tree-crowned hill of the High Promenade (Nägeli Monument, French and English churches) to the city theater (built by Fellner and Helmer in Vienna, inaugurated in autumn 1891; the old theater at Untern Zäune burned down on the night of January 1/2, 1890) and the Corso Theater (variety stage opened in 1900) and past the old Tonhalle square back to Quaibrücke, where we started the tour."
doc_translated_mmd_zurich_en,date_1836_1836_1836,MENTIONS_DATE,2. Topographical Description.,,"And second, the botanical garden, laid out in 1836 on the former “Bollwerk zur Katze” in the west corner of Schanzengraben. It includes a morphological-biological plant section, a systematic department, tropical useful and ornamental plants in greenhouses, as well as phytogeographic groups (Alpinum). The museum houses a type herbarium for the identification of Swiss plants accessible to the public; it also holds an extensive herbarium of the canton of Zurich, a Helveticum herbarium and a general herbarium, along with some specialist herbaria (including those of Hegetschweiler and Gessner), as well as fruit and model collections. The park is adorned with monuments to botanists Heinrich Zollinger, Oswald Heer, A. de Candolle, and Konrad Gessner. Nearby in Selnau, near the Uetliberg and Sihl valley railway station, is the narrow district office, with a mighty erratic block in front."
doc_translated_mmd_zurich_en,date_12th_and_13th_centuries_1101_1300,MENTIONS_DATE,2. Topographical Description.,,"Even today, the dark green-gray sandstone center of the city is distinctly separated from the outer districts, for whose construction whole sample cards of building materials were already available: white Dielsdorf Lägern limestones, so-called Solothurn marble, massive Black Forest granite from the Albthal; alpine chalk limestones and red Vosges sandstones for paving stones. Glimmer-rich Reuss protogine or Ticino gneiss, even delicately pink granite from Baveno (Italy) at Lake Langensee is brought by the Gotthard railway, and large quantities of easily workable Savonnières fossil limestone are imported from France. The farther one gets to the periphery, to the districts under development, the more varied, depending on the practical use, are the building stones and building style. Foreign material has already found its way into the old town, where modern business palaces are built instead of cozy bourgeois houses. At the Zwingli monument in front of the Wasserkirche, for example, 9 different types of rock were used for the worthy construction of the simple bronze statue. And yet even in the old city center, sandstone gradually displaced a formerly closer, colorful building material: the former moraine blocks, which still appear here and there in old masonry during demolition. Even in the 12th and 13th centuries, houses “were unsightly, mostly wooden huts, about two storeys high, with one room into which two, often three households shared, and several chambers. Stone houses were among the greatest rarities at the time, so they were explicitly named as such in documents... After the terrible fire of 1313 that consumed more than half of the small city, an ordinance was issued that every rebuilt house should at least have one floor masonry...” (Meyer von Knonau: Der Kanton Zürich. 1844. Vol. I, pp. 231 ff.). Still quicker disappeared the people whom these houses sheltered in joy and sorrow. Numerous marble memorial plaques respectfully remind us of famous names, whose historical glory often stands in strange contrast to the simple hut of the birth or death house or the place of former activity of the honored person: Zwingli's office apartment at Kirchgasse, Heinrich Pestalozzi’s birthplace at Rüdenplatz, birthplace of Gottfried Keller at Rindermarkt, house of Escher von der Linth at Sihlstrasse, and many others."
doc_translated_mmd_zurich_en,date_1313_1313_1313,MENTIONS_DATE,2. Topographical Description.,,"Even today, the dark green-gray sandstone center of the city is distinctly separated from the outer districts, for whose construction whole sample cards of building materials were already available: white Dielsdorf Lägern limestones, so-called Solothurn marble, massive Black Forest granite from the Albthal; alpine chalk limestones and red Vosges sandstones for paving stones. Glimmer-rich Reuss protogine or Ticino gneiss, even delicately pink granite from Baveno (Italy) at Lake Langensee is brought by the Gotthard railway, and large quantities of easily workable Savonnières fossil limestone are imported from France. The farther one gets to the periphery, to the districts under development, the more varied, depending on the practical use, are the building stones and building style. Foreign material has already found its way into the old town, where modern business palaces are built instead of cozy bourgeois houses. At the Zwingli monument in front of the Wasserkirche, for example, 9 different types of rock were used for the worthy construction of the simple bronze statue. And yet even in the old city center, sandstone gradually displaced a formerly closer, colorful building material: the former moraine blocks, which still appear here and there in old masonry during demolition. Even in the 12th and 13th centuries, houses “were unsightly, mostly wooden huts, about two storeys high, with one room into which two, often three households shared, and several chambers. Stone houses were among the greatest rarities at the time, so they were explicitly named as such in documents... After the terrible fire of 1313 that consumed more than half of the small city, an ordinance was issued that every rebuilt house should at least have one floor masonry...” (Meyer von Knonau: Der Kanton Zürich. 1844. Vol. I, pp. 231 ff.). Still quicker disappeared the people whom these houses sheltered in joy and sorrow. Numerous marble memorial plaques respectfully remind us of famous names, whose historical glory often stands in strange contrast to the simple hut of the birth or death house or the place of former activity of the honored person: Zwingli's office apartment at Kirchgasse, Heinrich Pestalozzi’s birthplace at Rüdenplatz, birthplace of Gottfried Keller at Rindermarkt, house of Escher von der Linth at Sihlstrasse, and many others."
doc_translated_mmd_zurich_en,date_1901_1901_1901,MENTIONS_DATE,2. Topographical Description.,,"Latest literature: City map (published by the municipal surveying office), 9 sheets 1:5000. - Tourist overview map 1:15000 (1:75000 out of print). - Heim and Imfeld: Mountain panorama from Zurichberg. - Heim, Alb.: Mountain view from Stadthausplatz (Bürkliplatz) and from the hill in the Enge park. - Heim, Alb.: Panorama from the alcohol-free spa on the Zurichberg. 1901. - Annual report of the city council for 1907 (Zurich 1908). - Commemorative publication for the 50th anniversary of the polytechnic 1905, published by the Zurich engineering and architects association Vol. II: The structural development of Zurich in individual presentations (including especially Fietz: The cantonal educational institutions; Geiser: The school buildings of the city since 1893; Lasius: The federal polytechnic school). - Bär, E.: The women’s monastery St. Verena in Zurich (programme of the higher daughters’ school of the city of Zurich, 1902/03). - Wehrli, Leo. What the stones in Zurich tell us (Die Schweiz. 1897). - Künzli, E. The stones of the quays (Guide through the quays in Zurich) 1898. - Schinz, H. Guide to the botanical garden of the University of Zurich, 1908."
doc_translated_mmd_zurich_en,date_1907_1907_1907,MENTIONS_DATE,2. Topographical Description.,,"Latest literature: City map (published by the municipal surveying office), 9 sheets 1:5000. - Tourist overview map 1:15000 (1:75000 out of print). - Heim and Imfeld: Mountain panorama from Zurichberg. - Heim, Alb.: Mountain view from Stadthausplatz (Bürkliplatz) and from the hill in the Enge park. - Heim, Alb.: Panorama from the alcohol-free spa on the Zurichberg. 1901. - Annual report of the city council for 1907 (Zurich 1908). - Commemorative publication for the 50th anniversary of the polytechnic 1905, published by the Zurich engineering and architects association Vol. II: The structural development of Zurich in individual presentations (including especially Fietz: The cantonal educational institutions; Geiser: The school buildings of the city since 1893; Lasius: The federal polytechnic school). - Bär, E.: The women’s monastery St. Verena in Zurich (programme of the higher daughters’ school of the city of Zurich, 1902/03). - Wehrli, Leo. What the stones in Zurich tell us (Die Schweiz. 1897). - Künzli, E. The stones of the quays (Guide through the quays in Zurich) 1898. - Schinz, H. Guide to the botanical garden of the University of Zurich, 1908."
doc_translated_mmd_zurich_en,date_1908_1908_1908,MENTIONS_DATE,2. Topographical Description.,,"Latest literature: City map (published by the municipal surveying office), 9 sheets 1:5000. - Tourist overview map 1:15000 (1:75000 out of print). - Heim and Imfeld: Mountain panorama from Zurichberg. - Heim, Alb.: Mountain view from Stadthausplatz (Bürkliplatz) and from the hill in the Enge park. - Heim, Alb.: Panorama from the alcohol-free spa on the Zurichberg. 1901. - Annual report of the city council for 1907 (Zurich 1908). - Commemorative publication for the 50th anniversary of the polytechnic 1905, published by the Zurich engineering and architects association Vol. II: The structural development of Zurich in individual presentations (including especially Fietz: The cantonal educational institutions; Geiser: The school buildings of the city since 1893; Lasius: The federal polytechnic school). - Bär, E.: The women’s monastery St. Verena in Zurich (programme of the higher daughters’ school of the city of Zurich, 1902/03). - Wehrli, Leo. What the stones in Zurich tell us (Die Schweiz. 1897). - Künzli, E. The stones of the quays (Guide through the quays in Zurich) 1898. - Schinz, H. Guide to the botanical garden of the University of Zurich, 1908."
doc_translated_mmd_zurich_en,date_1905_1905_1905,MENTIONS_DATE,2. Topographical Description.,,"Latest literature: City map (published by the municipal surveying office), 9 sheets 1:5000. - Tourist overview map 1:15000 (1:75000 out of print). - Heim and Imfeld: Mountain panorama from Zurichberg. - Heim, Alb.: Mountain view from Stadthausplatz (Bürkliplatz) and from the hill in the Enge park. - Heim, Alb.: Panorama from the alcohol-free spa on the Zurichberg. 1901. - Annual report of the city council for 1907 (Zurich 1908). - Commemorative publication for the 50th anniversary of the polytechnic 1905, published by the Zurich engineering and architects association Vol. II: The structural development of Zurich in individual presentations (including especially Fietz: The cantonal educational institutions; Geiser: The school buildings of the city since 1893; Lasius: The federal polytechnic school). - Bär, E.: The women’s monastery St. Verena in Zurich (programme of the higher daughters’ school of the city of Zurich, 1902/03). - Wehrli, Leo. What the stones in Zurich tell us (Die Schweiz. 1897). - Künzli, E. The stones of the quays (Guide through the quays in Zurich) 1898. - Schinz, H. Guide to the botanical garden of the University of Zurich, 1908."
doc_translated_mmd_zurich_en,date_1902_03_1902_1903,MENTIONS_DATE,2. Topographical Description.,,"Latest literature: City map (published by the municipal surveying office), 9 sheets 1:5000. - Tourist overview map 1:15000 (1:75000 out of print). - Heim and Imfeld: Mountain panorama from Zurichberg. - Heim, Alb.: Mountain view from Stadthausplatz (Bürkliplatz) and from the hill in the Enge park. - Heim, Alb.: Panorama from the alcohol-free spa on the Zurichberg. 1901. - Annual report of the city council for 1907 (Zurich 1908). - Commemorative publication for the 50th anniversary of the polytechnic 1905, published by the Zurich engineering and architects association Vol. II: The structural development of Zurich in individual presentations (including especially Fietz: The cantonal educational institutions; Geiser: The school buildings of the city since 1893; Lasius: The federal polytechnic school). - Bär, E.: The women’s monastery St. Verena in Zurich (programme of the higher daughters’ school of the city of Zurich, 1902/03). - Wehrli, Leo. What the stones in Zurich tell us (Die Schweiz. 1897). - Künzli, E. The stones of the quays (Guide through the quays in Zurich) 1898. - Schinz, H. Guide to the botanical garden of the University of Zurich, 1908."
doc_translated_mmd_zurich_en,date_1897_1897_1897,MENTIONS_DATE,2. Topographical Description.,,"Latest literature: City map (published by the municipal surveying office), 9 sheets 1:5000. - Tourist overview map 1:15000 (1:75000 out of print). - Heim and Imfeld: Mountain panorama from Zurichberg. - Heim, Alb.: Mountain view from Stadthausplatz (Bürkliplatz) and from the hill in the Enge park. - Heim, Alb.: Panorama from the alcohol-free spa on the Zurichberg. 1901. - Annual report of the city council for 1907 (Zurich 1908). - Commemorative publication for the 50th anniversary of the polytechnic 1905, published by the Zurich engineering and architects association Vol. II: The structural development of Zurich in individual presentations (including especially Fietz: The cantonal educational institutions; Geiser: The school buildings of the city since 1893; Lasius: The federal polytechnic school). - Bär, E.: The women’s monastery St. Verena in Zurich (programme of the higher daughters’ school of the city of Zurich, 1902/03). - Wehrli, Leo. What the stones in Zurich tell us (Die Schweiz. 1897). - Künzli, E. The stones of the quays (Guide through the quays in Zurich) 1898. - Schinz, H. Guide to the botanical garden of the University of Zurich, 1908."
doc_translated_mmd_zurich_en,date_1898_1898_1898,MENTIONS_DATE,2. Topographical Description.,,"Latest literature: City map (published by the municipal surveying office), 9 sheets 1:5000. - Tourist overview map 1:15000 (1:75000 out of print). - Heim and Imfeld: Mountain panorama from Zurichberg. - Heim, Alb.: Mountain view from Stadthausplatz (Bürkliplatz) and from the hill in the Enge park. - Heim, Alb.: Panorama from the alcohol-free spa on the Zurichberg. 1901. - Annual report of the city council for 1907 (Zurich 1908). - Commemorative publication for the 50th anniversary of the polytechnic 1905, published by the Zurich engineering and architects association Vol. II: The structural development of Zurich in individual presentations (including especially Fietz: The cantonal educational institutions; Geiser: The school buildings of the city since 1893; Lasius: The federal polytechnic school). - Bär, E.: The women’s monastery St. Verena in Zurich (programme of the higher daughters’ school of the city of Zurich, 1902/03). - Wehrli, Leo. What the stones in Zurich tell us (Die Schweiz. 1897). - Künzli, E. The stones of the quays (Guide through the quays in Zurich) 1898. - Schinz, H. Guide to the botanical garden of the University of Zurich, 1908."
doc_translated_mmd_zurich_en,date_1900_1900_1900,MENTIONS_DATE,4. Population.,,"According to the results of the federal census of 1900, the city of Zurich then had 150,703 inhabitants. Of these, 30,891 or about 2/10 were citizens of the city, 30,864, almost exactly the same number, citizens of other municipalities in the canton, 45,187 or 3/10 citizens of other cantons, totaling 106,942 or 7/10 Swiss citizens, and 43,761 or 3/10 foreigners. The religious distribution was as follows: Protestants 102,794, Catholics 43,655, Israelites 2,713, others or unknown 1,541. By mother tongue: German 140,803, French 2,586, Italian 5,100, Romansh 415, other languages 1,799. 47.5% of the population was male and 52.5% female."
doc_translated_mmd_zurich_en,date_1893_1893_1893,MENTIONS_DATE,4. Population.,,"After the city unification in 1893, the population increased rapidly. However, the economic downturn of 1899/1900 brought a period of decrease. Since 1902, the number has been rising again, albeit more slowly. The estimated population at the end of 1906 was 172,855; end of 1907: 177,437; end of 1908: 180,224. The actual number is probably 1,000 to 2,000 lower, due to traditionally incomplete deregistrations, especially of Italian migrant workers, whose return migration in the winter months usually represents a counter flow."
doc_translated_mmd_zurich_en,date_1899_1900_1899_1900,MENTIONS_DATE,4. Population.,,"After the city unification in 1893, the population increased rapidly. However, the economic downturn of 1899/1900 brought a period of decrease. Since 1902, the number has been rising again, albeit more slowly. The estimated population at the end of 1906 was 172,855; end of 1907: 177,437; end of 1908: 180,224. The actual number is probably 1,000 to 2,000 lower, due to traditionally incomplete deregistrations, especially of Italian migrant workers, whose return migration in the winter months usually represents a counter flow."
doc_translated_mmd_zurich_en,date_1902_1902_1902,MENTIONS_DATE,4. Population.,,"After the city unification in 1893, the population increased rapidly. However, the economic downturn of 1899/1900 brought a period of decrease. Since 1902, the number has been rising again, albeit more slowly. The estimated population at the end of 1906 was 172,855; end of 1907: 177,437; end of 1908: 180,224. The actual number is probably 1,000 to 2,000 lower, due to traditionally incomplete deregistrations, especially of Italian migrant workers, whose return migration in the winter months usually represents a counter flow."
doc_translated_mmd_zurich_en,date_end_of_1906_1906_1906,MENTIONS_DATE,4. Population.,,"After the city unification in 1893, the population increased rapidly. However, the economic downturn of 1899/1900 brought a period of decrease. Since 1902, the number has been rising again, albeit more slowly. The estimated population at the end of 1906 was 172,855; end of 1907: 177,437; end of 1908: 180,224. The actual number is probably 1,000 to 2,000 lower, due to traditionally incomplete deregistrations, especially of Italian migrant workers, whose return migration in the winter months usually represents a counter flow."
doc_translated_mmd_zurich_en,date_end_of_1907_1907_1907,MENTIONS_DATE,4. Population.,,"After the city unification in 1893, the population increased rapidly. However, the economic downturn of 1899/1900 brought a period of decrease. Since 1902, the number has been rising again, albeit more slowly. The estimated population at the end of 1906 was 172,855; end of 1907: 177,437; end of 1908: 180,224. The actual number is probably 1,000 to 2,000 lower, due to traditionally incomplete deregistrations, especially of Italian migrant workers, whose return migration in the winter months usually represents a counter flow."
doc_translated_mmd_zurich_en,date_end_of_1908_1908_1908,MENTIONS_DATE,4. Population.,,"After the city unification in 1893, the population increased rapidly. However, the economic downturn of 1899/1900 brought a period of decrease. Since 1902, the number has been rising again, albeit more slowly. The estimated population at the end of 1906 was 172,855; end of 1907: 177,437; end of 1908: 180,224. The actual number is probably 1,000 to 2,000 lower, due to traditionally incomplete deregistrations, especially of Italian migrant workers, whose return migration in the winter months usually represents a counter flow."
doc_translated_mmd_zurich_en,date_1907_1907_1907,MENTIONS_DATE,4. Population.,,"The residential population increased by 4,582 persons in 1907, i.e., by 2.65%. If the increase continues evenly, the number should reach about 200,000 around 1912 or 1913."
doc_translated_mmd_zurich_en,date_around_1912_or_1913_1912_1913,MENTIONS_DATE,4. Population.,,"The residential population increased by 4,582 persons in 1907, i.e., by 2.65%. If the increase continues evenly, the number should reach about 200,000 around 1912 or 1913."
doc_translated_mmd_zurich_en,date_1907_1907_1907,MENTIONS_DATE,4. Population.,,"The following figures for 1907 give an orientation of population movement: Number of births: 4,921 (2,357 girls and 2,564 boys), deaths: 2,710 (1,323 female, 1,387 male), both including stillbirths (99 girls, 96 boys). Marriages: 1,674. Divorces: 212. Naturalizations: 1,397, of which 931 were free, 466 by purchase; of these naturalized, 829 came from the canton of Zurich, 129 from the rest of Switzerland, and 439 from abroad."
doc_translated_mmd_zurich_en,date_1898_1898_1898,MENTIONS_DATE,4. Population.,,"The marriage rate fell steadily between 1898 and 1903, from 1,816 to 1,417, a reduction of 22%; it has risen slightly since. Also, the surplus of births, still 2,702 in 1899, has been falling continuously since 1901; in 1905 it was only 1,919, despite the rising population. In 1901 the live birth rate was 32.84‰, in 1906 25.23‰, in 1907 23.25‰ of the mid-year population. Of course, mortality also declined but not as much as the birth rate. Increased cost of living results in reduced marriage opportunities. The socio-political development affects the small and middle classes in various ways. What else can be said if, in a largely commercial and industrial metropolis of 81,531 taxpayers in 1907, only 1,678 (including cantonal and municipal officials) declared an income of 5,100 Fr. and more, of whom only 1,026 such over 6,100 Fr. and only 298 such over 10,100 Fr., and only 1,532 taxpayers over 100,000 Fr. assets?"
doc_translated_mmd_zurich_en,date_1903_1903_1903,MENTIONS_DATE,4. Population.,,"The marriage rate fell steadily between 1898 and 1903, from 1,816 to 1,417, a reduction of 22%; it has risen slightly since. Also, the surplus of births, still 2,702 in 1899, has been falling continuously since 1901; in 1905 it was only 1,919, despite the rising population. In 1901 the live birth rate was 32.84‰, in 1906 25.23‰, in 1907 23.25‰ of the mid-year population. Of course, mortality also declined but not as much as the birth rate. Increased cost of living results in reduced marriage opportunities. The socio-political development affects the small and middle classes in various ways. What else can be said if, in a largely commercial and industrial metropolis of 81,531 taxpayers in 1907, only 1,678 (including cantonal and municipal officials) declared an income of 5,100 Fr. and more, of whom only 1,026 such over 6,100 Fr. and only 298 such over 10,100 Fr., and only 1,532 taxpayers over 100,000 Fr. assets?"
doc_translated_mmd_zurich_en,date_1899_1899_1899,MENTIONS_DATE,4. Population.,,"The marriage rate fell steadily between 1898 and 1903, from 1,816 to 1,417, a reduction of 22%; it has risen slightly since. Also, the surplus of births, still 2,702 in 1899, has been falling continuously since 1901; in 1905 it was only 1,919, despite the rising population. In 1901 the live birth rate was 32.84‰, in 1906 25.23‰, in 1907 23.25‰ of the mid-year population. Of course, mortality also declined but not as much as the birth rate. Increased cost of living results in reduced marriage opportunities. The socio-political development affects the small and middle classes in various ways. What else can be said if, in a largely commercial and industrial metropolis of 81,531 taxpayers in 1907, only 1,678 (including cantonal and municipal officials) declared an income of 5,100 Fr. and more, of whom only 1,026 such over 6,100 Fr. and only 298 such over 10,100 Fr., and only 1,532 taxpayers over 100,000 Fr. assets?"
doc_translated_mmd_zurich_en,date_1901_1901_1901,MENTIONS_DATE,4. Population.,,"The marriage rate fell steadily between 1898 and 1903, from 1,816 to 1,417, a reduction of 22%; it has risen slightly since. Also, the surplus of births, still 2,702 in 1899, has been falling continuously since 1901; in 1905 it was only 1,919, despite the rising population. In 1901 the live birth rate was 32.84‰, in 1906 25.23‰, in 1907 23.25‰ of the mid-year population. Of course, mortality also declined but not as much as the birth rate. Increased cost of living results in reduced marriage opportunities. The socio-political development affects the small and middle classes in various ways. What else can be said if, in a largely commercial and industrial metropolis of 81,531 taxpayers in 1907, only 1,678 (including cantonal and municipal officials) declared an income of 5,100 Fr. and more, of whom only 1,026 such over 6,100 Fr. and only 298 such over 10,100 Fr., and only 1,532 taxpayers over 100,000 Fr. assets?"
doc_translated_mmd_zurich_en,date_1905_1905_1905,MENTIONS_DATE,4. Population.,,"The marriage rate fell steadily between 1898 and 1903, from 1,816 to 1,417, a reduction of 22%; it has risen slightly since. Also, the surplus of births, still 2,702 in 1899, has been falling continuously since 1901; in 1905 it was only 1,919, despite the rising population. In 1901 the live birth rate was 32.84‰, in 1906 25.23‰, in 1907 23.25‰ of the mid-year population. Of course, mortality also declined but not as much as the birth rate. Increased cost of living results in reduced marriage opportunities. The socio-political development affects the small and middle classes in various ways. What else can be said if, in a largely commercial and industrial metropolis of 81,531 taxpayers in 1907, only 1,678 (including cantonal and municipal officials) declared an income of 5,100 Fr. and more, of whom only 1,026 such over 6,100 Fr. and only 298 such over 10,100 Fr., and only 1,532 taxpayers over 100,000 Fr. assets?"
doc_translated_mmd_zurich_en,date_1906_1906_1906,MENTIONS_DATE,4. Population.,,"The marriage rate fell steadily between 1898 and 1903, from 1,816 to 1,417, a reduction of 22%; it has risen slightly since. Also, the surplus of births, still 2,702 in 1899, has been falling continuously since 1901; in 1905 it was only 1,919, despite the rising population. In 1901 the live birth rate was 32.84‰, in 1906 25.23‰, in 1907 23.25‰ of the mid-year population. Of course, mortality also declined but not as much as the birth rate. Increased cost of living results in reduced marriage opportunities. The socio-political development affects the small and middle classes in various ways. What else can be said if, in a largely commercial and industrial metropolis of 81,531 taxpayers in 1907, only 1,678 (including cantonal and municipal officials) declared an income of 5,100 Fr. and more, of whom only 1,026 such over 6,100 Fr. and only 298 such over 10,100 Fr., and only 1,532 taxpayers over 100,000 Fr. assets?"
doc_translated_mmd_zurich_en,date_1907_1907_1907,MENTIONS_DATE,4. Population.,,"The marriage rate fell steadily between 1898 and 1903, from 1,816 to 1,417, a reduction of 22%; it has risen slightly since. Also, the surplus of births, still 2,702 in 1899, has been falling continuously since 1901; in 1905 it was only 1,919, despite the rising population. In 1901 the live birth rate was 32.84‰, in 1906 25.23‰, in 1907 23.25‰ of the mid-year population. Of course, mortality also declined but not as much as the birth rate. Increased cost of living results in reduced marriage opportunities. The socio-political development affects the small and middle classes in various ways. What else can be said if, in a largely commercial and industrial metropolis of 81,531 taxpayers in 1907, only 1,678 (including cantonal and municipal officials) declared an income of 5,100 Fr. and more, of whom only 1,026 such over 6,100 Fr. and only 298 such over 10,100 Fr., and only 1,532 taxpayers over 100,000 Fr. assets?"
doc_translated_mmd_zurich_en,date_1906_1906_1906,MENTIONS_DATE,4. Population.,,"Within one year, the following mutation amounts arise in the resident population, corresponding to the normal year 1906 with an average annual population of 170,400:"
doc_translated_mmd_zurich_en,date_1895_1895_1895,MENTIONS_DATE,4. Population.,,"Conspicuous is the high move rate. About 40% of the resident population moves once a year! Half of this number concerns family moves, not just individual moves, mostly at the beginning of April or October, but also at other quarter beginnings. (Cologne 44%, Breslau 49%; Dresden 28%, Nuremberg 36%). In the process, the old town in particular becomes deserted, which, as in most large German cities becoming the city center, is subject to “displacement of the indigenous population in language and custom.” District I had in 1895 = 29,500, end of 1900 = 25,900, and in 1906 still 20,000 inhabitants, the same as early as 1860! Immigration is considered to be those who stay more than two months; it amounted to 27,100 in 1893 and already 40,300 persons in 1905. These numbers are relatively high, although balanced by an almost equally high emigration rate."
doc_translated_mmd_zurich_en,date_end_of_1900_1900_1900,MENTIONS_DATE,4. Population.,,"Conspicuous is the high move rate. About 40% of the resident population moves once a year! Half of this number concerns family moves, not just individual moves, mostly at the beginning of April or October, but also at other quarter beginnings. (Cologne 44%, Breslau 49%; Dresden 28%, Nuremberg 36%). In the process, the old town in particular becomes deserted, which, as in most large German cities becoming the city center, is subject to “displacement of the indigenous population in language and custom.” District I had in 1895 = 29,500, end of 1900 = 25,900, and in 1906 still 20,000 inhabitants, the same as early as 1860! Immigration is considered to be those who stay more than two months; it amounted to 27,100 in 1893 and already 40,300 persons in 1905. These numbers are relatively high, although balanced by an almost equally high emigration rate."
doc_translated_mmd_zurich_en,date_1906_1906_1906,MENTIONS_DATE,4. Population.,,"Conspicuous is the high move rate. About 40% of the resident population moves once a year! Half of this number concerns family moves, not just individual moves, mostly at the beginning of April or October, but also at other quarter beginnings. (Cologne 44%, Breslau 49%; Dresden 28%, Nuremberg 36%). In the process, the old town in particular becomes deserted, which, as in most large German cities becoming the city center, is subject to “displacement of the indigenous population in language and custom.” District I had in 1895 = 29,500, end of 1900 = 25,900, and in 1906 still 20,000 inhabitants, the same as early as 1860! Immigration is considered to be those who stay more than two months; it amounted to 27,100 in 1893 and already 40,300 persons in 1905. These numbers are relatively high, although balanced by an almost equally high emigration rate."
doc_translated_mmd_zurich_en,date_early_as_1860_1860_1860,MENTIONS_DATE,4. Population.,,"Conspicuous is the high move rate. About 40% of the resident population moves once a year! Half of this number concerns family moves, not just individual moves, mostly at the beginning of April or October, but also at other quarter beginnings. (Cologne 44%, Breslau 49%; Dresden 28%, Nuremberg 36%). In the process, the old town in particular becomes deserted, which, as in most large German cities becoming the city center, is subject to “displacement of the indigenous population in language and custom.” District I had in 1895 = 29,500, end of 1900 = 25,900, and in 1906 still 20,000 inhabitants, the same as early as 1860! Immigration is considered to be those who stay more than two months; it amounted to 27,100 in 1893 and already 40,300 persons in 1905. These numbers are relatively high, although balanced by an almost equally high emigration rate."
doc_translated_mmd_zurich_en,date_1893_1893_1893,MENTIONS_DATE,4. Population.,,"Conspicuous is the high move rate. About 40% of the resident population moves once a year! Half of this number concerns family moves, not just individual moves, mostly at the beginning of April or October, but also at other quarter beginnings. (Cologne 44%, Breslau 49%; Dresden 28%, Nuremberg 36%). In the process, the old town in particular becomes deserted, which, as in most large German cities becoming the city center, is subject to “displacement of the indigenous population in language and custom.” District I had in 1895 = 29,500, end of 1900 = 25,900, and in 1906 still 20,000 inhabitants, the same as early as 1860! Immigration is considered to be those who stay more than two months; it amounted to 27,100 in 1893 and already 40,300 persons in 1905. These numbers are relatively high, although balanced by an almost equally high emigration rate."
doc_translated_mmd_zurich_en,date_1905_1905_1905,MENTIONS_DATE,4. Population.,,"Conspicuous is the high move rate. About 40% of the resident population moves once a year! Half of this number concerns family moves, not just individual moves, mostly at the beginning of April or October, but also at other quarter beginnings. (Cologne 44%, Breslau 49%; Dresden 28%, Nuremberg 36%). In the process, the old town in particular becomes deserted, which, as in most large German cities becoming the city center, is subject to “displacement of the indigenous population in language and custom.” District I had in 1895 = 29,500, end of 1900 = 25,900, and in 1906 still 20,000 inhabitants, the same as early as 1860! Immigration is considered to be those who stay more than two months; it amounted to 27,100 in 1893 and already 40,300 persons in 1905. These numbers are relatively high, although balanced by an almost equally high emigration rate."
doc_translated_mmd_zurich_en,date_1908_1908_1908,MENTIONS_DATE,4. Population.,,"The year 1908 showed a migration gain of only 913 persons with an immigration of 45,403 and an emigration of 44,490 (compared to 2,735 in 1907)—never so low since 1902. The economic depression is cited as the cause, which is expressed particularly in reduced immigration and multiple movements of Italians; compared to the previous year, Italian immigration fell from 8,200 to 7,100. Number of marriages 1,877 (maximum since 1893)."
doc_translated_mmd_zurich_en,date_1907_1907_1907,MENTIONS_DATE,4. Population.,,"The year 1908 showed a migration gain of only 913 persons with an immigration of 45,403 and an emigration of 44,490 (compared to 2,735 in 1907)—never so low since 1902. The economic depression is cited as the cause, which is expressed particularly in reduced immigration and multiple movements of Italians; compared to the previous year, Italian immigration fell from 8,200 to 7,100. Number of marriages 1,877 (maximum since 1893)."
doc_translated_mmd_zurich_en,date_1902_1902_1902,MENTIONS_DATE,4. Population.,,"The year 1908 showed a migration gain of only 913 persons with an immigration of 45,403 and an emigration of 44,490 (compared to 2,735 in 1907)—never so low since 1902. The economic depression is cited as the cause, which is expressed particularly in reduced immigration and multiple movements of Italians; compared to the previous year, Italian immigration fell from 8,200 to 7,100. Number of marriages 1,877 (maximum since 1893)."
doc_translated_mmd_zurich_en,date_1893_1893_1893,MENTIONS_DATE,4. Population.,,"The year 1908 showed a migration gain of only 913 persons with an immigration of 45,403 and an emigration of 44,490 (compared to 2,735 in 1907)—never so low since 1902. The economic depression is cited as the cause, which is expressed particularly in reduced immigration and multiple movements of Italians; compared to the previous year, Italian immigration fell from 8,200 to 7,100. Number of marriages 1,877 (maximum since 1893)."
doc_translated_mmd_zurich_en,date_1901_1901_1901,MENTIONS_DATE,4. Population.,,"For the first time since 1901, the number of births increased, to 4,246 (birth rate per 1,000 inhabitants = 23.64); the number of deaths reached 2,372 (mortality rate per 1,000 inhabitants = 13.21). Birth surplus 1,874, making a total increase in the resident population of 2,787 persons or 1.57%. The migration gain included 536, the birth surplus 1,080 foreigners. The city-citizen population has been in significant decline for years due to excess deaths, and the marriage rate was, for example, proportionally always higher among the resident German Reich citizens than among the Zurichers themselves. Foreigners have predominated in the still remaining birth surplus in recent years, e.g., with 53.4% in 1907. If this continues, Zurich can soon exist without Zurichers; lucus a non lucendo!"
doc_translated_mmd_zurich_en,date_1907_1907_1907,MENTIONS_DATE,4. Population.,,"For the first time since 1901, the number of births increased, to 4,246 (birth rate per 1,000 inhabitants = 23.64); the number of deaths reached 2,372 (mortality rate per 1,000 inhabitants = 13.21). Birth surplus 1,874, making a total increase in the resident population of 2,787 persons or 1.57%. The migration gain included 536, the birth surplus 1,080 foreigners. The city-citizen population has been in significant decline for years due to excess deaths, and the marriage rate was, for example, proportionally always higher among the resident German Reich citizens than among the Zurichers themselves. Foreigners have predominated in the still remaining birth surplus in recent years, e.g., with 53.4% in 1907. If this continues, Zurich can soon exist without Zurichers; lucus a non lucendo!"
doc_translated_mmd_zurich_en,date_1905_1905_1905,MENTIONS_DATE,4. Population.,,"Interesting is the immigration into the city according to the different source regions and their distance. Of the 40,289 immigrants in 1905, 21,711 were foreigners, half of whom were Germans, a quarter Italians, and a quarter from Austria, Russia, France, etc. 42.5% of all immigrants came directly from abroad to Zurich; of those coming from other Swiss locations, another 30% were foreigners. 16% of all immigrants were dependents, the rest 84% self-employed. More than 4/5 of all immigrants move for economic reasons. The closer the immigration occurs in kilometers, the greater it is, and the more dependents are relatively involved alongside self-employed. In 1905, 34.1% of all immigrants came from a distance of up to 50 kilometers (of which 1/4 came from at most 10 km), 19.5% came from 50–100 km distance, and so on—still a full 23.1% from over 300 km."
doc_translated_mmd_zurich_en,date_1906_07_1906_1907,MENTIONS_DATE,4. Population.,,"The steady increase in population is not matched by an increase in housing opportunities. In the inner city, more and more former apartments are being converted into department stores and offices, and despite lively construction activity in the outer districts, which is often interrupted by strikes, it does not meet the steadily growing demand. As a result, rents have increased enormously in recent years. With an average room price of 279 Fr. (1906/07; since then even higher)—average including attic rooms—Zurich marches near the top of Swiss cities."
doc_translated_mmd_zurich_en,date_june_1906_1906_1906,MENTIONS_DATE,4. Population.,,"The city has already taken the right step to establish an official municipal housing register, which has been in operation since June 1906 and is suitable to provide guidance on the future development of construction by insight into the housing market. The city also builds its own apartment blocks. In 1907, a total of 213 new buildings were built with 696 apartments and insured for 17.4 million Fr. In 1907, Zurich counted 14,641 buildings. 750 of them have been added since 1899."
doc_translated_mmd_zurich_en,date_1907_1907_1907,MENTIONS_DATE,4. Population.,,"The city has already taken the right step to establish an official municipal housing register, which has been in operation since June 1906 and is suitable to provide guidance on the future development of construction by insight into the housing market. The city also builds its own apartment blocks. In 1907, a total of 213 new buildings were built with 696 apartments and insured for 17.4 million Fr. In 1907, Zurich counted 14,641 buildings. 750 of them have been added since 1899."
doc_translated_mmd_zurich_en,date_since_1899_1899_1907,MENTIONS_DATE,4. Population.,,"The city has already taken the right step to establish an official municipal housing register, which has been in operation since June 1906 and is suitable to provide guidance on the future development of construction by insight into the housing market. The city also builds its own apartment blocks. In 1907, a total of 213 new buildings were built with 696 apartments and insured for 17.4 million Fr. In 1907, Zurich counted 14,641 buildings. 750 of them have been added since 1899."
doc_translated_mmd_zurich_en,date_1833_1833_1833,MENTIONS_DATE,4. Population.,,"Since the general removal of the old ramparts and leveling of their ditches in 1833, the structural development of the city has thrived. Especially through the city unification in 1893, it took a tremendous upswing. The unexpected increase in population figures and general economic changes had great influence on construction activity. A new building law for localities with urban conditions (1893) requires greater distance of houses from neighboring plots (3.5 m). Previously, everyone built more or less for themselves as they liked. In 1770, houses were on average 2½ storeys high."
doc_translated_mmd_zurich_en,date_1893_1893_1893,MENTIONS_DATE,4. Population.,,"Since the general removal of the old ramparts and leveling of their ditches in 1833, the structural development of the city has thrived. Especially through the city unification in 1893, it took a tremendous upswing. The unexpected increase in population figures and general economic changes had great influence on construction activity. A new building law for localities with urban conditions (1893) requires greater distance of houses from neighboring plots (3.5 m). Previously, everyone built more or less for themselves as they liked. In 1770, houses were on average 2½ storeys high."
doc_translated_mmd_zurich_en,date_1770_1770_1770,MENTIONS_DATE,4. Population.,,"Since the general removal of the old ramparts and leveling of their ditches in 1833, the structural development of the city has thrived. Especially through the city unification in 1893, it took a tremendous upswing. The unexpected increase in population figures and general economic changes had great influence on construction activity. A new building law for localities with urban conditions (1893) requires greater distance of houses from neighboring plots (3.5 m). Previously, everyone built more or less for themselves as they liked. In 1770, houses were on average 2½ storeys high."
doc_translated_mmd_zurich_en,date_1901_1901_1901,MENTIONS_DATE,4. Population.,,"Then came high apartment houses. The new building law no longer allows the 6th residential floor and requires a minimum height of 2.5 m for living rooms. In 1901, regulations for open development of large districts were added. This seems to have paved the way for a return to single-family houses. Before 1900, such were only 7.6% of all residential buildings, afterwards already 19.8%. The system keeps land prices within reasonable limits. Around 1900, a reaction appeared in the form of a construction and real estate crisis."
doc_translated_mmd_zurich_en,date_before_1900_none_1899,MENTIONS_DATE,4. Population.,,"Then came high apartment houses. The new building law no longer allows the 6th residential floor and requires a minimum height of 2.5 m for living rooms. In 1901, regulations for open development of large districts were added. This seems to have paved the way for a return to single-family houses. Before 1900, such were only 7.6% of all residential buildings, afterwards already 19.8%. The system keeps land prices within reasonable limits. Around 1900, a reaction appeared in the form of a construction and real estate crisis."
doc_translated_mmd_zurich_en,date_afterwards_1900_none,MENTIONS_DATE,4. Population.,,"Then came high apartment houses. The new building law no longer allows the 6th residential floor and requires a minimum height of 2.5 m for living rooms. In 1901, regulations for open development of large districts were added. This seems to have paved the way for a return to single-family houses. Before 1900, such were only 7.6% of all residential buildings, afterwards already 19.8%. The system keeps land prices within reasonable limits. Around 1900, a reaction appeared in the form of a construction and real estate crisis."
doc_translated_mmd_zurich_en,date_around_1900_1895_1905,MENTIONS_DATE,4. Population.,,"Then came high apartment houses. The new building law no longer allows the 6th residential floor and requires a minimum height of 2.5 m for living rooms. In 1901, regulations for open development of large districts were added. This seems to have paved the way for a return to single-family houses. Before 1900, such were only 7.6% of all residential buildings, afterwards already 19.8%. The system keeps land prices within reasonable limits. Around 1900, a reaction appeared in the form of a construction and real estate crisis."
doc_translated_mmd_zurich_en,date_since_1809_1809_2024,MENTIONS_DATE,4. Population.,,Since 1809 there has been the state fire insurance with model registration of construction activity. Zurich today with its current territorial extent counted
doc_translated_mmd_zurich_en,date_1906_1906_1906,MENTIONS_DATE,4. Population.,,"The total insurance value of private buildings with and without apartments and public buildings was in 1906 681.9 million Swiss francs. Residential buildings relatively increase in the city compared to industrial buildings; the industry moves to the surrounding towns with cheaper land. Zurich thus becomes more a residential city again, except for the old town."
doc_translated_mmd_zurich_en,date_1906_1906_1906,MENTIONS_DATE,4. Population.,,"In 1906, there were a total of 35,900 apartments in the city."
doc_translated_mmd_zurich_en,date_1893_1906_1893_1906,MENTIONS_DATE,4. Population.,,"Bibliography: Except for the sources mentioned under Zurich, Canton, Population section: The periodic reports of the statistical office of the city of Zurich in the daily papers. – Wolff, H. Zurich's population since the city unification (1893–1906). (Statistics of the city of Zurich 6, 1906). – Annual report of the city council for 1907. Zurich 1908. – The immigration into the city according to the kilometer distance of immigration regions. (Statistics of the city of Zurich 10, 1908). – Wolff, H. Lecture on Zurich’s structural development (especially housing construction), given at the Statistical and Economic Society of the Canton of Zurich. (Reports in the Neue Zürcher Zeitung, January 1908)."
doc_translated_mmd_zurich_en,date_1907_1907_1907,MENTIONS_DATE,4. Population.,,"Bibliography: Except for the sources mentioned under Zurich, Canton, Population section: The periodic reports of the statistical office of the city of Zurich in the daily papers. – Wolff, H. Zurich's population since the city unification (1893–1906). (Statistics of the city of Zurich 6, 1906). – Annual report of the city council for 1907. Zurich 1908. – The immigration into the city according to the kilometer distance of immigration regions. (Statistics of the city of Zurich 10, 1908). – Wolff, H. Lecture on Zurich’s structural development (especially housing construction), given at the Statistical and Economic Society of the Canton of Zurich. (Reports in the Neue Zürcher Zeitung, January 1908)."
doc_translated_mmd_zurich_en,date_1908_1908_1908,MENTIONS_DATE,4. Population.,,"Bibliography: Except for the sources mentioned under Zurich, Canton, Population section: The periodic reports of the statistical office of the city of Zurich in the daily papers. – Wolff, H. Zurich's population since the city unification (1893–1906). (Statistics of the city of Zurich 6, 1906). – Annual report of the city council for 1907. Zurich 1908. – The immigration into the city according to the kilometer distance of immigration regions. (Statistics of the city of Zurich 10, 1908). – Wolff, H. Lecture on Zurich’s structural development (especially housing construction), given at the Statistical and Economic Society of the Canton of Zurich. (Reports in the Neue Zürcher Zeitung, January 1908)."
doc_translated_mmd_zurich_en,date_1344_1344_1344,MENTIONS_DATE,5. Hygienic Conditions.,,"In earlier times, the natural water conditions of the lake, Limmat, and Sihl likely had a significant influence on the city’s health conditions. It is reported that, for example, in 1344 an inundation washed away the house “zum Schwert” and three mills, whose debris destroyed the bridge at Hardturm. In 1553, one could paddle around Fraumünster in a canoe, and in 1556, the Limmat flowed over the mill piers."
doc_translated_mmd_zurich_en,date_1553_1553_1553,MENTIONS_DATE,5. Hygienic Conditions.,,"In earlier times, the natural water conditions of the lake, Limmat, and Sihl likely had a significant influence on the city’s health conditions. It is reported that, for example, in 1344 an inundation washed away the house “zum Schwert” and three mills, whose debris destroyed the bridge at Hardturm. In 1553, one could paddle around Fraumünster in a canoe, and in 1556, the Limmat flowed over the mill piers."
doc_translated_mmd_zurich_en,date_1556_1556_1556,MENTIONS_DATE,5. Hygienic Conditions.,,"In earlier times, the natural water conditions of the lake, Limmat, and Sihl likely had a significant influence on the city’s health conditions. It is reported that, for example, in 1344 an inundation washed away the house “zum Schwert” and three mills, whose debris destroyed the bridge at Hardturm. In 1553, one could paddle around Fraumünster in a canoe, and in 1556, the Limmat flowed over the mill piers."
doc_translated_mmd_zurich_en,date_1404_1404_1404,MENTIONS_DATE,5. Hygienic Conditions.,,"The Sihl also occasionally flooded the Platzspitz. In 1404 and 1512, however, one could walk dryfoot from Weinplatz, then called Kornhausplatz, to the town hall, and the big stone below the lower (vegetable) bridge was dry in 1580, 1585, 1654, 1740, and 1814. Today, water levels are so regulated that even extremely dry years, as the last ones including 1908, bring very low water levels but no further major disadvantages."
doc_translated_mmd_zurich_en,date_1512_1512_1512,MENTIONS_DATE,5. Hygienic Conditions.,,"The Sihl also occasionally flooded the Platzspitz. In 1404 and 1512, however, one could walk dryfoot from Weinplatz, then called Kornhausplatz, to the town hall, and the big stone below the lower (vegetable) bridge was dry in 1580, 1585, 1654, 1740, and 1814. Today, water levels are so regulated that even extremely dry years, as the last ones including 1908, bring very low water levels but no further major disadvantages."
doc_translated_mmd_zurich_en,date_1580_1580_1580,MENTIONS_DATE,5. Hygienic Conditions.,,"The Sihl also occasionally flooded the Platzspitz. In 1404 and 1512, however, one could walk dryfoot from Weinplatz, then called Kornhausplatz, to the town hall, and the big stone below the lower (vegetable) bridge was dry in 1580, 1585, 1654, 1740, and 1814. Today, water levels are so regulated that even extremely dry years, as the last ones including 1908, bring very low water levels but no further major disadvantages."
doc_translated_mmd_zurich_en,date_1585_1585_1585,MENTIONS_DATE,5. Hygienic Conditions.,,"The Sihl also occasionally flooded the Platzspitz. In 1404 and 1512, however, one could walk dryfoot from Weinplatz, then called Kornhausplatz, to the town hall, and the big stone below the lower (vegetable) bridge was dry in 1580, 1585, 1654, 1740, and 1814. Today, water levels are so regulated that even extremely dry years, as the last ones including 1908, bring very low water levels but no further major disadvantages."
doc_translated_mmd_zurich_en,date_1654_1654_1654,MENTIONS_DATE,5. Hygienic Conditions.,,"The Sihl also occasionally flooded the Platzspitz. In 1404 and 1512, however, one could walk dryfoot from Weinplatz, then called Kornhausplatz, to the town hall, and the big stone below the lower (vegetable) bridge was dry in 1580, 1585, 1654, 1740, and 1814. Today, water levels are so regulated that even extremely dry years, as the last ones including 1908, bring very low water levels but no further major disadvantages."
doc_translated_mmd_zurich_en,date_1740_1740_1740,MENTIONS_DATE,5. Hygienic Conditions.,,"The Sihl also occasionally flooded the Platzspitz. In 1404 and 1512, however, one could walk dryfoot from Weinplatz, then called Kornhausplatz, to the town hall, and the big stone below the lower (vegetable) bridge was dry in 1580, 1585, 1654, 1740, and 1814. Today, water levels are so regulated that even extremely dry years, as the last ones including 1908, bring very low water levels but no further major disadvantages."
doc_translated_mmd_zurich_en,date_1814_1814_1814,MENTIONS_DATE,5. Hygienic Conditions.,,"The Sihl also occasionally flooded the Platzspitz. In 1404 and 1512, however, one could walk dryfoot from Weinplatz, then called Kornhausplatz, to the town hall, and the big stone below the lower (vegetable) bridge was dry in 1580, 1585, 1654, 1740, and 1814. Today, water levels are so regulated that even extremely dry years, as the last ones including 1908, bring very low water levels but no further major disadvantages."
doc_translated_mmd_zurich_en,date_1908_1908_1908,MENTIONS_DATE,5. Hygienic Conditions.,,"The Sihl also occasionally flooded the Platzspitz. In 1404 and 1512, however, one could walk dryfoot from Weinplatz, then called Kornhausplatz, to the town hall, and the big stone below the lower (vegetable) bridge was dry in 1580, 1585, 1654, 1740, and 1814. Today, water levels are so regulated that even extremely dry years, as the last ones including 1908, bring very low water levels but no further major disadvantages."
doc_translated_mmd_zurich_en,date_july_8_1817_1817_1817,MENTIONS_DATE,5. Hygienic Conditions.,,"The average lake level is 409.2 m above sea level. The highest level reached was 411.00 m on July 8, 1817; the lowest 408.50 m on January 29, 1854; 408.56 m on February 25, 1882, and 408.60 m on February 25, 1891. Similar figures were brought recently in March 1909 (zero point of lake and Limmat gauges 411.28 m). Average discharge (Limmat and Schanzengraben) is 87 m³/s, with a maximum of 350 m³/s on June 15, 1876, and a minimum of 15.5 m³/s on February 25, 1891. (Lake area 87.78 km², water content 4,000 million m³, catchment area 1,819.7 km²)."
doc_translated_mmd_zurich_en,date_january_29_1854_1854_1854,MENTIONS_DATE,5. Hygienic Conditions.,,"The average lake level is 409.2 m above sea level. The highest level reached was 411.00 m on July 8, 1817; the lowest 408.50 m on January 29, 1854; 408.56 m on February 25, 1882, and 408.60 m on February 25, 1891. Similar figures were brought recently in March 1909 (zero point of lake and Limmat gauges 411.28 m). Average discharge (Limmat and Schanzengraben) is 87 m³/s, with a maximum of 350 m³/s on June 15, 1876, and a minimum of 15.5 m³/s on February 25, 1891. (Lake area 87.78 km², water content 4,000 million m³, catchment area 1,819.7 km²)."
doc_translated_mmd_zurich_en,date_february_25_1882_1882_1882,MENTIONS_DATE,5. Hygienic Conditions.,,"The average lake level is 409.2 m above sea level. The highest level reached was 411.00 m on July 8, 1817; the lowest 408.50 m on January 29, 1854; 408.56 m on February 25, 1882, and 408.60 m on February 25, 1891. Similar figures were brought recently in March 1909 (zero point of lake and Limmat gauges 411.28 m). Average discharge (Limmat and Schanzengraben) is 87 m³/s, with a maximum of 350 m³/s on June 15, 1876, and a minimum of 15.5 m³/s on February 25, 1891. (Lake area 87.78 km², water content 4,000 million m³, catchment area 1,819.7 km²)."
doc_translated_mmd_zurich_en,date_february_25_1891_1891_1891,MENTIONS_DATE,5. Hygienic Conditions.,,"The average lake level is 409.2 m above sea level. The highest level reached was 411.00 m on July 8, 1817; the lowest 408.50 m on January 29, 1854; 408.56 m on February 25, 1882, and 408.60 m on February 25, 1891. Similar figures were brought recently in March 1909 (zero point of lake and Limmat gauges 411.28 m). Average discharge (Limmat and Schanzengraben) is 87 m³/s, with a maximum of 350 m³/s on June 15, 1876, and a minimum of 15.5 m³/s on February 25, 1891. (Lake area 87.78 km², water content 4,000 million m³, catchment area 1,819.7 km²)."
doc_translated_mmd_zurich_en,date_march_1909_1909_1909,MENTIONS_DATE,5. Hygienic Conditions.,,"The average lake level is 409.2 m above sea level. The highest level reached was 411.00 m on July 8, 1817; the lowest 408.50 m on January 29, 1854; 408.56 m on February 25, 1882, and 408.60 m on February 25, 1891. Similar figures were brought recently in March 1909 (zero point of lake and Limmat gauges 411.28 m). Average discharge (Limmat and Schanzengraben) is 87 m³/s, with a maximum of 350 m³/s on June 15, 1876, and a minimum of 15.5 m³/s on February 25, 1891. (Lake area 87.78 km², water content 4,000 million m³, catchment area 1,819.7 km²)."
doc_translated_mmd_zurich_en,date_june_15_1876_1876_1876,MENTIONS_DATE,5. Hygienic Conditions.,,"The average lake level is 409.2 m above sea level. The highest level reached was 411.00 m on July 8, 1817; the lowest 408.50 m on January 29, 1854; 408.56 m on February 25, 1882, and 408.60 m on February 25, 1891. Similar figures were brought recently in March 1909 (zero point of lake and Limmat gauges 411.28 m). Average discharge (Limmat and Schanzengraben) is 87 m³/s, with a maximum of 350 m³/s on June 15, 1876, and a minimum of 15.5 m³/s on February 25, 1891. (Lake area 87.78 km², water content 4,000 million m³, catchment area 1,819.7 km²)."
doc_translated_mmd_zurich_en,date_1907_1907_1907,MENTIONS_DATE,5. Hygienic Conditions.,,"The lake acts health-conserving, besides as a general climatic factor, as a bathing opportunity (average surface temperature 10.9 °C; maximum 22.0 °C; at 16 m depth 5.9 or 11.6 °C). The city of Zurich maintains 11 public bathhouses in the lake, in the Limmat, and in the Schanzengraben, which register 300,000 to 400,000 visitors annually. Three of them are free. In 1907 (bad summer) 289,077 paying visitors were recorded, in 1906 343,816. Even in winter, individuals bathe in the lake (“polar bear club”), even during frozen lake conditions (winter swimming pools are missing; a related experiment was abandoned). The city also grants annual subsidies to the air and sun bath facilities of the nature cure association and recently expanded the men's bathhouse at Bürkliplatz for air baths."
doc_translated_mmd_zurich_en,date_1906_1906_1906,MENTIONS_DATE,5. Hygienic Conditions.,,"The lake acts health-conserving, besides as a general climatic factor, as a bathing opportunity (average surface temperature 10.9 °C; maximum 22.0 °C; at 16 m depth 5.9 or 11.6 °C). The city of Zurich maintains 11 public bathhouses in the lake, in the Limmat, and in the Schanzengraben, which register 300,000 to 400,000 visitors annually. Three of them are free. In 1907 (bad summer) 289,077 paying visitors were recorded, in 1906 343,816. Even in winter, individuals bathe in the lake (“polar bear club”), even during frozen lake conditions (winter swimming pools are missing; a related experiment was abandoned). The city also grants annual subsidies to the air and sun bath facilities of the nature cure association and recently expanded the men's bathhouse at Bürkliplatz for air baths."
doc_translated_mmd_zurich_en,date_may_24_1908_1908_1908,MENTIONS_DATE,5. Hygienic Conditions.,,"As the lungs of the city, an impressive number of open spaces, parks, and promenades function. The old city already had its Lindenhof, the “historical core point of the city,” on which the Roman castrum Turicense and later a royal palace were said to have stood, the Winkelwies on the Geissberg, and the old shooting meadow, now Platzspitz promenade. Later came the botanical garden, Sihlhölzli, High Promenade, with old churchyard, Heimplatz, Stadelhoferplatz, town hall facilities, and the large quays with the wonderful quay facilities, which stretch like green foliage from Belvoirpark to the Quaibrücke and from there on the right bank to Zurichhorn, whose friendly old willows Rudolf Koller painted many beautiful motifs from. With respectful understanding, the city fathers tend our old trees. General dismay was felt when a large part of the facilities were damaged on May 24, 1908, by unusual snow load on the young leafy branches, and if a rotten poplar has to be felled or a beloved maple trunk sacrificed to traffic requirements, an outcry rises in all the city's papers."
doc_translated_mmd_zurich_en,date_1905_1905_1905,MENTIONS_DATE,5. Hygienic Conditions.,,"The area of municipal facilities already amounts to over 320,000 m² today, and there are 4,000 street trees in the city alleys (1905). In addition, there are several hotel parks (Baur au Lac, Dolder), many front gardens of new houses, and villa-rich districts with open development on the slopes of the Zurichberg and at the Uetliberg foot. But the most beautiful are the large forest promenade facilities on the Zurichberg, Käferberg, and Uetliberg itself, which the Beautification Association of Zurich and Surroundings has laid out since its foundation in the early 1870s."
doc_translated_mmd_zurich_en,date_early_1870s_1870_1873,MENTIONS_DATE,5. Hygienic Conditions.,,"The area of municipal facilities already amounts to over 320,000 m² today, and there are 4,000 street trees in the city alleys (1905). In addition, there are several hotel parks (Baur au Lac, Dolder), many front gardens of new houses, and villa-rich districts with open development on the slopes of the Zurichberg and at the Uetliberg foot. But the most beautiful are the large forest promenade facilities on the Zurichberg, Käferberg, and Uetliberg itself, which the Beautification Association of Zurich and Surroundings has laid out since its foundation in the early 1870s."
doc_translated_mmd_zurich_en,date_1799_1799_1799,MENTIONS_DATE,5. Hygienic Conditions.,,"Honor such tireless charitable work! Thousands stroll here on Sundays in these green halls, enjoy the numerous benches of beautiful quiet nature and the winding underbrush paths with their artistic bridges and exquisite surprises (Manessebrünneli at Uetliberg, Waldhüsli, Elephant, Grandmother Beech, Battle Memorial [1799], Waterfall in Sagentobel, Stöckentobel, at Wehrenbach and on the Weidberg). And the Uto peak with its observation tower can become a true popular assembly when winter fog lies over the valleys, but the ridge ramps up into sunny warmth, or when the sun “jumps” on Ascension morning."
doc_translated_mmd_zurich_en,date_1907_1907_1907,MENTIONS_DATE,5. Hygienic Conditions.,,"The street cleaning and removal system can be satisfactory in Zurich. Compared to other larger cities, the city stands out advantageously. In summer, spraying cars with a range of 5 and 7.5 m, partially connected to the electric tram operation, take care to suppress dust; on sidewalks with hand carts. The previously used steam hose was largely abandoned because it was expensive and obstructive to traffic. Cleaning is done with sweeping rollers. Rapid snow removal (emptying into the Limmat) from main streets in winter, where unemployed people find welcome employment. There is a municipal garbage incineration plant (garbage collected in 1907: 58,390 m³ equal to 21,293 t, of which 20,231 t were incinerated) and a carcass burning facility (Podewils system). Excretions are collected in buckets; in 1907: 7,848 m³ in 10,441 buckets with 218,502 exchanges; bucket washing at the Hardhüsligut. There are 64 sanitary facilities in the city in total (oil urinals, Beetz system). Residential conditions were reported in the “Population” section."
doc_translated_mmd_zurich_en,date_1909_1909_1909,MENTIONS_DATE,5. Hygienic Conditions.,,"Food and food control. The official meat inspection provides reliable data on meat consumption. There had so far been three public and 35 private slaughterhouses and a central meat hall for sale, besides numerous private sales outlets. A large municipal slaughterhouse will be completed in 1909. Cost about 6 million francs. In 1907, the following were slaughtered: 3,338 breeding oxen, 6,820 oxen, 1,675 cows, 2,611 cattle, 23,519 calves, 29,640 pigs, 5,547 sheep, 228 goats, 307 horses, and 98 rabbits, with a total weight of 7,687,787 kg. In addition, imports of meat (including poultry and fish) of 3,954,903 kg, totaling 11,642,690 kg; corresponding to a daily meat consumption of 173 g per head of population (1906: 169 g). The meat prices per half kilo were: breeding bull meat 85–90 cts. (1906: 80–85 cts.), ox and beef 75–95 (80–95), cow meat 55–75 (65–75), veal 100–125 (110–120), pork 90–115 (110–115), mutton 80–100 (70–90), horse meat 40 (40) cts. More than three quarters of slaughtered meat came from Switzerland, and barely one quarter was foreign cattle."
doc_translated_mmd_zurich_en,date_1907_1907_1907,MENTIONS_DATE,5. Hygienic Conditions.,,"Food and food control. The official meat inspection provides reliable data on meat consumption. There had so far been three public and 35 private slaughterhouses and a central meat hall for sale, besides numerous private sales outlets. A large municipal slaughterhouse will be completed in 1909. Cost about 6 million francs. In 1907, the following were slaughtered: 3,338 breeding oxen, 6,820 oxen, 1,675 cows, 2,611 cattle, 23,519 calves, 29,640 pigs, 5,547 sheep, 228 goats, 307 horses, and 98 rabbits, with a total weight of 7,687,787 kg. In addition, imports of meat (including poultry and fish) of 3,954,903 kg, totaling 11,642,690 kg; corresponding to a daily meat consumption of 173 g per head of population (1906: 169 g). The meat prices per half kilo were: breeding bull meat 85–90 cts. (1906: 80–85 cts.), ox and beef 75–95 (80–95), cow meat 55–75 (65–75), veal 100–125 (110–120), pork 90–115 (110–115), mutton 80–100 (70–90), horse meat 40 (40) cts. More than three quarters of slaughtered meat came from Switzerland, and barely one quarter was foreign cattle."
doc_translated_mmd_zurich_en,date_1906_1906_1906,MENTIONS_DATE,5. Hygienic Conditions.,,"Food and food control. The official meat inspection provides reliable data on meat consumption. There had so far been three public and 35 private slaughterhouses and a central meat hall for sale, besides numerous private sales outlets. A large municipal slaughterhouse will be completed in 1909. Cost about 6 million francs. In 1907, the following were slaughtered: 3,338 breeding oxen, 6,820 oxen, 1,675 cows, 2,611 cattle, 23,519 calves, 29,640 pigs, 5,547 sheep, 228 goats, 307 horses, and 98 rabbits, with a total weight of 7,687,787 kg. In addition, imports of meat (including poultry and fish) of 3,954,903 kg, totaling 11,642,690 kg; corresponding to a daily meat consumption of 173 g per head of population (1906: 169 g). The meat prices per half kilo were: breeding bull meat 85–90 cts. (1906: 80–85 cts.), ox and beef 75–95 (80–95), cow meat 55–75 (65–75), veal 100–125 (110–120), pork 90–115 (110–115), mutton 80–100 (70–90), horse meat 40 (40) cts. More than three quarters of slaughtered meat came from Switzerland, and barely one quarter was foreign cattle."
doc_translated_mmd_zurich_en,date_1907_1907_1907,MENTIONS_DATE,5. Hygienic Conditions.,,"In 1907, 119,700 liters of milk were imported daily, at a selling price of 23 cents. On average, there were 5.4 controls per seller in the year. Negotiations on milk supply are ongoing between the city and the cooperative food association. Until now there have been particularly two large dairies on a private basis."
doc_translated_mmd_zurich_en,date_tuesdays_and_fridays_none_none,MENTIONS_DATE,5. Hygienic Conditions.,,"An original legacy from earlier times is the market with vegetables, fruits, and other foodstuffs held twice weekly on the open street throughout the year, Tuesdays and Fridays. Until 11 a.m. on these days, the sidewalks of certain centrally located streets are crowded with market stalls and cheerfully bargaining people: Bahnhofstrasse, Petersstrasse, Münzplatz, Uraniastrasse, Sihlhofstrasse, Usteristrasse, Schweizergasse, Lintheschergasse, Schützengasse, Rathausquai (under the arches), Rathausbrücke, Hirschengraben, Stauffacherstrasse."
doc_translated_mmd_zurich_en,date_1907_1907_1907,MENTIONS_DATE,5. Hygienic Conditions.,,"The domestic products market on Bahnhofstrasse and its side streets regularly had 727 vendors in 1907, often over 1,200 in the autumn. Of these, 75% were self-producers. Depending on the type of food, a certain though not too strictly enforced separation in different street districts is recognizable. The flower market is always the most beautiful at the upper end of Bahnhofstrasse. In autumn, from mid-September to mid-November, there is a wholesale market for fruit and potatoes at Uraniastrasse and Hirschengraben. In 1907, the following quantities were imported: 3,000 q of apples at 16 to 48 Fr., few pears (30–40 Fr. per q), 120 q of plums at 11–13 Fr., and 316 q of potatoes at 7–8 Fr. The fruit mainly came from the districts of Zurich, Bülach, Dielsdorf, Horgen, and Uster and from the cantons of Aargau and Zug; plums also from Alsace; potatoes from Rafzerfeld and the canton of Schaffhausen. Around Christmas, Hirschengraben and many other city squares come alive with a cheerful Christmas tree market. In 1907, about 1,700 fir trees were sold."
doc_translated_mmd_zurich_en,date_mid_september_to_mid_november_none_none,MENTIONS_DATE,5. Hygienic Conditions.,,"The domestic products market on Bahnhofstrasse and its side streets regularly had 727 vendors in 1907, often over 1,200 in the autumn. Of these, 75% were self-producers. Depending on the type of food, a certain though not too strictly enforced separation in different street districts is recognizable. The flower market is always the most beautiful at the upper end of Bahnhofstrasse. In autumn, from mid-September to mid-November, there is a wholesale market for fruit and potatoes at Uraniastrasse and Hirschengraben. In 1907, the following quantities were imported: 3,000 q of apples at 16 to 48 Fr., few pears (30–40 Fr. per q), 120 q of plums at 11–13 Fr., and 316 q of potatoes at 7–8 Fr. The fruit mainly came from the districts of Zurich, Bülach, Dielsdorf, Horgen, and Uster and from the cantons of Aargau and Zug; plums also from Alsace; potatoes from Rafzerfeld and the canton of Schaffhausen. Around Christmas, Hirschengraben and many other city squares come alive with a cheerful Christmas tree market. In 1907, about 1,700 fir trees were sold."
doc_translated_mmd_zurich_en,date_at_the_end_of_1907_1907_1907,MENTIONS_DATE,5. Hygienic Conditions.,,"At the end of 1907, Zurich had 1,061 inns (including 85 hotels) and about 1,000 small retail outlets for spirits. According to the rightly existing liquor law, 174 are too many in relation to the (updated) population of the city. While there is one inn per 131 inhabitants in the entire canton, certain districts of the city of Zurich have a worrying excess. For example, in the Niederdorf there are 29 pubs on 74 houses, at Zeughausstrasse 10 on 23 houses, at Seebahnstrasse 11 on 45, Konradstrasse 11 on 46, Zwinglistrasse 10 on 34, Langstrasse 28 on 91 houses."
doc_translated_mmd_zurich_en,date_12_years_ago_2012_2012,MENTIONS_DATE,5. Hygienic Conditions.,,"A salutary influence is exerted by the 28 temperance and coffee houses, which enjoy an ever-increasing frequency. In the 9 alcohol-free establishments of the Women’s Association for Temperance and Public Welfare, 7,000 to 8,000 guests visit daily; 260 female employees find employment and housing here. The association's businesses began 12 years ago, growing steadily from modest beginnings; today they have annual assets and liabilities exceeding one million francs."
doc_translated_mmd_zurich_en,date_1430_1430_1430,MENTIONS_DATE,5. Hygienic Conditions.,,"Water Supply. The first pipe well was built in 1430 at Rennweg. Around the middle of the 19th century, seven wellworks supplied the city with 110 (plus 7 in the city district itself) mostly wooden-capped springs hourly 36,000 Maß (about 1.5 liters each); the associated pipe network was 90,000 feet long. In addition, there were many soda wells, some of very doubtful quality. There were also pumping stations in the Limmat, in the Schipfe, and at the Schanzengraben (G. Meyer von Knonau, Der Kanton Zürich, 1844). From 1860 onwards, systematic investigations for a rational water supply were carried out and, based on a 1867 report by Bürkli, recognized as a classic, it was fundamentally decided that the existing springs were to be refitted and a new 30-hp pumping station from the Limmat for service water at the upper Mühlesteg was to be built by the city."
doc_translated_mmd_zurich_en,date_middle_of_the_19th_century_1840_1860,MENTIONS_DATE,5. Hygienic Conditions.,,"Water Supply. The first pipe well was built in 1430 at Rennweg. Around the middle of the 19th century, seven wellworks supplied the city with 110 (plus 7 in the city district itself) mostly wooden-capped springs hourly 36,000 Maß (about 1.5 liters each); the associated pipe network was 90,000 feet long. In addition, there were many soda wells, some of very doubtful quality. There were also pumping stations in the Limmat, in the Schipfe, and at the Schanzengraben (G. Meyer von Knonau, Der Kanton Zürich, 1844). From 1860 onwards, systematic investigations for a rational water supply were carried out and, based on a 1867 report by Bürkli, recognized as a classic, it was fundamentally decided that the existing springs were to be refitted and a new 30-hp pumping station from the Limmat for service water at the upper Mühlesteg was to be built by the city."
doc_translated_mmd_zurich_en,date_1844_1844_1844,MENTIONS_DATE,5. Hygienic Conditions.,,"Water Supply. The first pipe well was built in 1430 at Rennweg. Around the middle of the 19th century, seven wellworks supplied the city with 110 (plus 7 in the city district itself) mostly wooden-capped springs hourly 36,000 Maß (about 1.5 liters each); the associated pipe network was 90,000 feet long. In addition, there were many soda wells, some of very doubtful quality. There were also pumping stations in the Limmat, in the Schipfe, and at the Schanzengraben (G. Meyer von Knonau, Der Kanton Zürich, 1844). From 1860 onwards, systematic investigations for a rational water supply were carried out and, based on a 1867 report by Bürkli, recognized as a classic, it was fundamentally decided that the existing springs were to be refitted and a new 30-hp pumping station from the Limmat for service water at the upper Mühlesteg was to be built by the city."
doc_translated_mmd_zurich_en,date_1860_onwards_1860_none,MENTIONS_DATE,5. Hygienic Conditions.,,"Water Supply. The first pipe well was built in 1430 at Rennweg. Around the middle of the 19th century, seven wellworks supplied the city with 110 (plus 7 in the city district itself) mostly wooden-capped springs hourly 36,000 Maß (about 1.5 liters each); the associated pipe network was 90,000 feet long. In addition, there were many soda wells, some of very doubtful quality. There were also pumping stations in the Limmat, in the Schipfe, and at the Schanzengraben (G. Meyer von Knonau, Der Kanton Zürich, 1844). From 1860 onwards, systematic investigations for a rational water supply were carried out and, based on a 1867 report by Bürkli, recognized as a classic, it was fundamentally decided that the existing springs were to be refitted and a new 30-hp pumping station from the Limmat for service water at the upper Mühlesteg was to be built by the city."
doc_translated_mmd_zurich_en,date_1867_1867_1867,MENTIONS_DATE,5. Hygienic Conditions.,,"Water Supply. The first pipe well was built in 1430 at Rennweg. Around the middle of the 19th century, seven wellworks supplied the city with 110 (plus 7 in the city district itself) mostly wooden-capped springs hourly 36,000 Maß (about 1.5 liters each); the associated pipe network was 90,000 feet long. In addition, there were many soda wells, some of very doubtful quality. There were also pumping stations in the Limmat, in the Schipfe, and at the Schanzengraben (G. Meyer von Knonau, Der Kanton Zürich, 1844). From 1860 onwards, systematic investigations for a rational water supply were carried out and, based on a 1867 report by Bürkli, recognized as a classic, it was fundamentally decided that the existing springs were to be refitted and a new 30-hp pumping station from the Limmat for service water at the upper Mühlesteg was to be built by the city."
doc_translated_mmd_zurich_en,date_1868_1868_1868,MENTIONS_DATE,5. Hygienic Conditions.,,Construction began in 1868: two reservoirs at the Polytechnic and Schmelzberg above the observatory; filter in the Limmat bed below the Bauschanze and from there a cement pipe to the pumping station.
doc_translated_mmd_zurich_en,date_1872_1872_1872,MENTIONS_DATE,5. Hygienic Conditions.,,"A daily consumption of 135-190 liters per inhabitant was calculated. Already in 1872, there was too little service water. A new pumping station was provisionally built at Platzspitz, which (completed 1870) together with the old one could pump 15,000 m³ daily. But even this was soon too little. In 1875 the construction of a definitive water plant at the Letten was decided. The Limmat was dammed at Drahtschmidli by a needle weir and through a canal a water power of 900 hp was generated, which allowed a maximum water lift of 51,000 m³ per day."
doc_translated_mmd_zurich_en,date_1870_1870_1870,MENTIONS_DATE,5. Hygienic Conditions.,,"A daily consumption of 135-190 liters per inhabitant was calculated. Already in 1872, there was too little service water. A new pumping station was provisionally built at Platzspitz, which (completed 1870) together with the old one could pump 15,000 m³ daily. But even this was soon too little. In 1875 the construction of a definitive water plant at the Letten was decided. The Limmat was dammed at Drahtschmidli by a needle weir and through a canal a water power of 900 hp was generated, which allowed a maximum water lift of 51,000 m³ per day."
doc_translated_mmd_zurich_en,date_1875_1875_1875,MENTIONS_DATE,5. Hygienic Conditions.,,"A daily consumption of 135-190 liters per inhabitant was calculated. Already in 1872, there was too little service water. A new pumping station was provisionally built at Platzspitz, which (completed 1870) together with the old one could pump 15,000 m³ daily. But even this was soon too little. In 1875 the construction of a definitive water plant at the Letten was decided. The Limmat was dammed at Drahtschmidli by a needle weir and through a canal a water power of 900 hp was generated, which allowed a maximum water lift of 51,000 m³ per day."
doc_translated_mmd_zurich_en,date_1879_1879_1879,MENTIONS_DATE,5. Hygienic Conditions.,,"The plant was completed in 1879, initially with power also delivered directly by wire ropes. For the service water, previously held in a special section of the reservoir at the Polytechnic, a separate reservoir was built at Langensteinen (Oberstrass)—the dam closure still stands today—and above the little castle on the Zurichberg, a third drinking water reservoir for the high-pressure zone was built at 145 m above the lake level."
doc_translated_mmd_zurich_en,date_1884_1884_1884,MENTIONS_DATE,5. Hygienic Conditions.,,"Then in 1884 a severe typhus epidemic broke out in Zurich. It was generally suspected that the cause of its rapid spread lay in an infection of the water supply. Indeed, the cement pipe in the Limmat was badly damaged and almost clogged in one place. This led to the establishment of an “extended water commission,” whose members included Dr. K. Zehnder and Dr. H. v. Wyss as doctors, Prof. Cramer as bacteriologist, Prof. Lunge as chemist, and Prof. Heim as geologist."
doc_translated_mmd_zurich_en,date_1885_1885_1885,MENTIONS_DATE,5. Hygienic Conditions.,,"Construction work began in 1885, the new filter plant was put into operation in 1886, and the satisfaction was experienced that since the introduction of the new great filtration plant (sand and gravel filter in 10 chambers) the typhus case rate per 10,000 inhabitants fell from an average of 62.88 to 8.27, and mortality from 6.67 to 0.8, aligning with the minimum rates for larger cities with favorable sanitary conditions."
doc_translated_mmd_zurich_en,date_1886_1886_1886,MENTIONS_DATE,5. Hygienic Conditions.,,"Construction work began in 1885, the new filter plant was put into operation in 1886, and the satisfaction was experienced that since the introduction of the new great filtration plant (sand and gravel filter in 10 chambers) the typhus case rate per 10,000 inhabitants fell from an average of 62.88 to 8.27, and mortality from 6.67 to 0.8, aligning with the minimum rates for larger cities with favorable sanitary conditions."
doc_translated_mmd_zurich_en,date_1905_1905_1905,MENTIONS_DATE,5. Hygienic Conditions.,,"Although this new large drinking water supply now functioned perfectly in quality, it soon quantitatively no longer met the demand due to rapid population growth. In 1905 the average water consumption per capita per day was given as 220 liters, with a maximum of 315 liters. To increase the number of public fountains in the city and to build fountains in newly emerging quarters, from 1907 onward much of the richly productive Sihl and Lorze springs began to be supplied."
doc_translated_mmd_zurich_en,date_from_1907_onward_1907_none,MENTIONS_DATE,5. Hygienic Conditions.,,"Although this new large drinking water supply now functioned perfectly in quality, it soon quantitatively no longer met the demand due to rapid population growth. In 1905 the average water consumption per capita per day was given as 220 liters, with a maximum of 315 liters. To increase the number of public fountains in the city and to build fountains in newly emerging quarters, from 1907 onward much of the richly productive Sihl and Lorze springs began to be supplied."
doc_translated_mmd_zurich_en,date_1st_ice_age_115000_11000,MENTIONS_DATE,5. Hygienic Conditions.,,"They arise on blue, sticky-tough basic moraine clay of the 1st ice age in a similar manner from the 30-40 m high covering gravel conglomerate of the Sihl and Lorze valleys at Sihlsprung-Menzingen, as in small scale the hotel spring on the Uto peak (see geology in the article Zurich, canton). A large, rainy (1,600 mm), mostly wooded catchment area and the magnificent natural filter apparatus of the porous Nagelfluh plate create a very constant yield, whose maxima and minima fluctuate only in a ratio of 5:3."
doc_translated_mmd_zurich_en,date_normal_rainfall_year_1905_1905_1905,MENTIONS_DATE,5. Hygienic Conditions.,,"The Sihl springs are connected by an 11.5 km long pipe line with up to 40 cm diameter; the Lorze springs by a 5.7 km long, up to 50 cm wide pipe line to Sihlbrugg; from there, a 17.7 km long, 55 cm wide pipe with 2.5‰ gradient runs through the Sihl valley to the new reservoir near Albisgütli (500 m above sea level = 91 m above lake level). Here, the water (in the normal rainfall year 1905, about 20,400 liters per minute) is distributed to the supply lines for the public spring water fountains and to the medium and low-pressure pipeline zones of the lake water system."
doc_translated_mmd_zurich_en,date_1905_1905_1905,MENTIONS_DATE,5. Hygienic Conditions.,,"The facility cost a total of 3,174,104 francs and supplies over half of the entire water requirement of the city. In quality, the water of the Sihl-Lorze springs is very good: in 1905 it showed temperatures of 8.6 (January) to 10.9°C (September) and a bacterial count of 0–37. Nevertheless, it is somewhat hard with 24–25 French degrees compared to lake water (13), so soda addition is necessary for steam boiler feed. The Sihl valley springs have supplied the city since December 4, and those from the Lorze valley since November 25, 1902. Still, with continued population growth in Zurich, a larger water intake facility—either from the lake or from suitable groundwater areas—must be considered in the next few years."
doc_translated_mmd_zurich_en,date_december_4_1902_1902_1902,MENTIONS_DATE,5. Hygienic Conditions.,,"The facility cost a total of 3,174,104 francs and supplies over half of the entire water requirement of the city. In quality, the water of the Sihl-Lorze springs is very good: in 1905 it showed temperatures of 8.6 (January) to 10.9°C (September) and a bacterial count of 0–37. Nevertheless, it is somewhat hard with 24–25 French degrees compared to lake water (13), so soda addition is necessary for steam boiler feed. The Sihl valley springs have supplied the city since December 4, and those from the Lorze valley since November 25, 1902. Still, with continued population growth in Zurich, a larger water intake facility—either from the lake or from suitable groundwater areas—must be considered in the next few years."
doc_translated_mmd_zurich_en,date_november_25_1902_1902_1902,MENTIONS_DATE,5. Hygienic Conditions.,,"The facility cost a total of 3,174,104 francs and supplies over half of the entire water requirement of the city. In quality, the water of the Sihl-Lorze springs is very good: in 1905 it showed temperatures of 8.6 (January) to 10.9°C (September) and a bacterial count of 0–37. Nevertheless, it is somewhat hard with 24–25 French degrees compared to lake water (13), so soda addition is necessary for steam boiler feed. The Sihl valley springs have supplied the city since December 4, and those from the Lorze valley since November 25, 1902. Still, with continued population growth in Zurich, a larger water intake facility—either from the lake or from suitable groundwater areas—must be considered in the next few years."
doc_translated_mmd_zurich_en,date_october_1_1906_to_september_30_1907_1906_1907,MENTIONS_DATE,5. Hygienic Conditions.,,"The total city water consumption from October 1, 1906, to September 30, 1907, amounted to 14,700,098 m³. Of this, 67.6% fell on the low-pressure zone, 27.3% on the medium-pressure zone, 4.1% on the high-pressure zone, and 1% on the upper high-pressure zone. This results in an average consumption of 237 (maximum 330) liters per head per day. A revenue of CHF 1,751,000 was generated from the supplied water (including for public use), which means over half a million in net profit after 3% depreciation. The entire pipeline network for service, operating, and drinking water was 128 km long at the end of 1907 (excluding spring water pipelines). In addition, there was the 2.67 km long 900 mm diameter intake pipe from the lake to the filters and 0.51 km from the filter to the pumping station."
doc_translated_mmd_zurich_en,date_1867_1867_1867,MENTIONS_DATE,5. Hygienic Conditions.,,"Ahead of these generous drinking water supply facilities, a sewer system had to be provided, for which engineer Bürkli had already designed the plan and whose expansion with the bucket system (replacing the old open ditches) started in 1867. Today it runs through the entire city and (including some suction areas) flows below the city (by government decree below the water supply plant at Letten) into the Limmat."
doc_translated_mmd_zurich_en,date_1867_1867_1867,MENTIONS_DATE,5. Hygienic Conditions.,,"Epidemics. Cholera last affected Zurich in 1867. Among the general funds of Zurich city foundations still exists a “Fund for Assistance in Cholera Epidemics.” Typhus is no longer endemic; the last epidemic in 1884 led to thorough sanitation of the drinking water supply. However, scarlet fever and diphtheria are constantly present, although the latter disease appears less dangerous due to modern serum treatment than in earlier times. For restricting these schoolhouse hazards, many parents apparently lack insight and authorities effective legislation to enforce, despite existing free bacterial examinations and compulsory free disinfection of furniture, clothing, and rooms in cases of scarlet fever, diphtheria, as well as typhus, smallpox, and puerperal fever (optionally for tuberculosis). In 1907, 462 scarlet fever cases and 417 diphtheria cases led to 1,265 school exclusions."
doc_translated_mmd_zurich_en,date_1884_1884_1884,MENTIONS_DATE,5. Hygienic Conditions.,,"Epidemics. Cholera last affected Zurich in 1867. Among the general funds of Zurich city foundations still exists a “Fund for Assistance in Cholera Epidemics.” Typhus is no longer endemic; the last epidemic in 1884 led to thorough sanitation of the drinking water supply. However, scarlet fever and diphtheria are constantly present, although the latter disease appears less dangerous due to modern serum treatment than in earlier times. For restricting these schoolhouse hazards, many parents apparently lack insight and authorities effective legislation to enforce, despite existing free bacterial examinations and compulsory free disinfection of furniture, clothing, and rooms in cases of scarlet fever, diphtheria, as well as typhus, smallpox, and puerperal fever (optionally for tuberculosis). In 1907, 462 scarlet fever cases and 417 diphtheria cases led to 1,265 school exclusions."
doc_translated_mmd_zurich_en,date_1907_1907_1907,MENTIONS_DATE,5. Hygienic Conditions.,,"Epidemics. Cholera last affected Zurich in 1867. Among the general funds of Zurich city foundations still exists a “Fund for Assistance in Cholera Epidemics.” Typhus is no longer endemic; the last epidemic in 1884 led to thorough sanitation of the drinking water supply. However, scarlet fever and diphtheria are constantly present, although the latter disease appears less dangerous due to modern serum treatment than in earlier times. For restricting these schoolhouse hazards, many parents apparently lack insight and authorities effective legislation to enforce, despite existing free bacterial examinations and compulsory free disinfection of furniture, clothing, and rooms in cases of scarlet fever, diphtheria, as well as typhus, smallpox, and puerperal fever (optionally for tuberculosis). In 1907, 462 scarlet fever cases and 417 diphtheria cases led to 1,265 school exclusions."
doc_translated_mmd_zurich_en,date_1906_1906_1906,MENTIONS_DATE,5. Hygienic Conditions.,,"The scarlet fever frequency in previous years was as follows: 1906 = 505; 1905 = 1,050; 1904 = 961; 1903 = 1,174;"
doc_translated_mmd_zurich_en,date_1905_1905_1905,MENTIONS_DATE,5. Hygienic Conditions.,,"The scarlet fever frequency in previous years was as follows: 1906 = 505; 1905 = 1,050; 1904 = 961; 1903 = 1,174;"
doc_translated_mmd_zurich_en,date_1904_1904_1904,MENTIONS_DATE,5. Hygienic Conditions.,,"The scarlet fever frequency in previous years was as follows: 1906 = 505; 1905 = 1,050; 1904 = 961; 1903 = 1,174;"
doc_translated_mmd_zurich_en,date_1903_1903_1903,MENTIONS_DATE,5. Hygienic Conditions.,,"The scarlet fever frequency in previous years was as follows: 1906 = 505; 1905 = 1,050; 1904 = 961; 1903 = 1,174;"
doc_translated_mmd_zurich_en,date_1903_1903_1903,MENTIONS_DATE,5. Hygienic Conditions.,,"Diphtheria 1906 = 467; 1905 = 427; 1904 = 344; 1903 = 238. Other infectious diseases reported in 1907: no smallpox; tetanus 16 cases; measles 215 (1906 = 1,217; 1905 = 60; 1904 = 1,234; 1903 = 21); typhus 46 (1906 = 47; 1905 = 59; 1904 = 83; 1903 = 41); puerperal fever 23; other infectious diseases 120; total 1,511 cases."
doc_translated_mmd_zurich_en,date_1904_1904_1904,MENTIONS_DATE,5. Hygienic Conditions.,,"Diphtheria 1906 = 467; 1905 = 427; 1904 = 344; 1903 = 238. Other infectious diseases reported in 1907: no smallpox; tetanus 16 cases; measles 215 (1906 = 1,217; 1905 = 60; 1904 = 1,234; 1903 = 21); typhus 46 (1906 = 47; 1905 = 59; 1904 = 83; 1903 = 41); puerperal fever 23; other infectious diseases 120; total 1,511 cases."
doc_translated_mmd_zurich_en,date_1905_1905_1905,MENTIONS_DATE,5. Hygienic Conditions.,,"Diphtheria 1906 = 467; 1905 = 427; 1904 = 344; 1903 = 238. Other infectious diseases reported in 1907: no smallpox; tetanus 16 cases; measles 215 (1906 = 1,217; 1905 = 60; 1904 = 1,234; 1903 = 21); typhus 46 (1906 = 47; 1905 = 59; 1904 = 83; 1903 = 41); puerperal fever 23; other infectious diseases 120; total 1,511 cases."
doc_translated_mmd_zurich_en,date_1906_1906_1906,MENTIONS_DATE,5. Hygienic Conditions.,,"Diphtheria 1906 = 467; 1905 = 427; 1904 = 344; 1903 = 238. Other infectious diseases reported in 1907: no smallpox; tetanus 16 cases; measles 215 (1906 = 1,217; 1905 = 60; 1904 = 1,234; 1903 = 21); typhus 46 (1906 = 47; 1905 = 59; 1904 = 83; 1903 = 41); puerperal fever 23; other infectious diseases 120; total 1,511 cases."
doc_translated_mmd_zurich_en,date_1907_1907_1907,MENTIONS_DATE,5. Hygienic Conditions.,,"Diphtheria 1906 = 467; 1905 = 427; 1904 = 344; 1903 = 238. Other infectious diseases reported in 1907: no smallpox; tetanus 16 cases; measles 215 (1906 = 1,217; 1905 = 60; 1904 = 1,234; 1903 = 21); typhus 46 (1906 = 47; 1905 = 59; 1904 = 83; 1903 = 41); puerperal fever 23; other infectious diseases 120; total 1,511 cases."
doc_translated_mmd_zurich_en,date_1907_1907_1907,MENTIONS_DATE,5. Hygienic Conditions.,,"Eye and ear examinations of schoolchildren were reported in the section on education (Canton Zurich). A free school dental clinic has recently been established. For combating head parasites among school youth, a special assistant to the city school doctor is in charge, jocularly called “Vögelitante” (bird aunt) by the schoolchildren, who in the reporting year 1907 had to order a total of 503 children (including 499 girls), or 1.99%, of the student body (25,275) to undergo cleaning. In 1905, it was 2.9%, in 1903 still 11.7%."
doc_translated_mmd_zurich_en,date_1905_1905_1905,MENTIONS_DATE,5. Hygienic Conditions.,,"Eye and ear examinations of schoolchildren were reported in the section on education (Canton Zurich). A free school dental clinic has recently been established. For combating head parasites among school youth, a special assistant to the city school doctor is in charge, jocularly called “Vögelitante” (bird aunt) by the schoolchildren, who in the reporting year 1907 had to order a total of 503 children (including 499 girls), or 1.99%, of the student body (25,275) to undergo cleaning. In 1905, it was 2.9%, in 1903 still 11.7%."
doc_translated_mmd_zurich_en,date_1903_1903_1903,MENTIONS_DATE,5. Hygienic Conditions.,,"Eye and ear examinations of schoolchildren were reported in the section on education (Canton Zurich). A free school dental clinic has recently been established. For combating head parasites among school youth, a special assistant to the city school doctor is in charge, jocularly called “Vögelitante” (bird aunt) by the schoolchildren, who in the reporting year 1907 had to order a total of 503 children (including 499 girls), or 1.99%, of the student body (25,275) to undergo cleaning. In 1905, it was 2.9%, in 1903 still 11.7%."
doc_translated_mmd_zurich_en,date_1907_1907_1907,MENTIONS_DATE,5. Hygienic Conditions.,,"Mortality is also treated in the section on health care. Burial is also worth mentioning. It is carried out at the city's expense. In 1907, 1,614 burials were carried out at a daily maximum of 16. Zurich has a total of 18 cemeteries, namely: District I: Cemetery Sihlfeld (central cemetery, with crematorium and outstanding monuments) and cemetery on the High Promenade (no longer in operation; partly body preservation due to clayey moraine soil);"
doc_translated_mmd_zurich_en,date_1907_1907_1907,MENTIONS_DATE,5. Hygienic Conditions.,,A new (second) crematorium is planned on the former Neumünster cemetery. Number of cremations in the central cemetery crematorium in 1907: 232 (plus 131 corpses brought in from outside).
doc_translated_mmd_zurich_en,date_1844_1844_1844,MENTIONS_DATE,5. Hygienic Conditions.,,"Bibliography. Meyer von Knonau. Der Kanton Zürich. Vol. 1, 1844. – Alb. Heim. Mountain views from Stadthausquai and from the hill in the park Anlage Enge. 1900 (with numerous local geographic figures). – Näf-Hatt. Maps of Zurichberg-Adlisberg and Uetliberg at 1:12,500, published by the Beautification Association of Zurich and Surroundings, 2nd edition, 1902 and 1905, with mountain views by Alb. Bosshard and X. Imfeld. – Wagner, E. Excursion map of the Albiskette, 1:30,000. Zurich 1906. – On the water supply, besides reports by Bürkli and the extended water commission mentioned in the text: Escher von der Linth, Arnold, and Arn. Bürkli. The water conditions of the city of Zurich. (New Year’s booklet of the natural science society Zurich for 1871). – The industrial enterprises of the city of Zurich; dedicated to the participants of the 43rd annual meeting of the German Association of Gas and Water Specialists. Zurich 1903, including: Peter, H. Water supply; Weiss, A. Gasworks; Wenner, V. Sewerage. – Peter, H. Water supply (in the polytechnic anniversary writings. II, 1905). – Rothpletz, G. Report of the city gardener (ibid.). – Usteri, E. Hospitals and welfare institutions (ibid.). Peter, H. Report on the construction of the spring water supply from Sihl and Lorze valleys. Zurich 1906. – Annual report of the city council and central school board for 1907. Zurich 1908. – Pflüger, P. The municipal socialism of the city of Zurich. Memorandum. Zurich 1908. – Orelli, Frau S. The alcohol-free taverns of the Women’s Association for Temperance and Public Welfare, 3rd ed. – Zurich yearbook for community service. Annual reports of charitable district societies. – Boos-Jegher. Submission to the Cantonal Council and Government Council Zurich, February 1909 (concerning taverns). Numerous annual reports of charitable institutions and societies. – Erismann, F. The health and welfare care of the city of Zurich, commemorative publication 1909. Contains 83 short essays by various authors, could not yet be used for the editing of section 5."
doc_translated_mmd_zurich_en,date_1900_1900_1900,MENTIONS_DATE,5. Hygienic Conditions.,,"Bibliography. Meyer von Knonau. Der Kanton Zürich. Vol. 1, 1844. – Alb. Heim. Mountain views from Stadthausquai and from the hill in the park Anlage Enge. 1900 (with numerous local geographic figures). – Näf-Hatt. Maps of Zurichberg-Adlisberg and Uetliberg at 1:12,500, published by the Beautification Association of Zurich and Surroundings, 2nd edition, 1902 and 1905, with mountain views by Alb. Bosshard and X. Imfeld. – Wagner, E. Excursion map of the Albiskette, 1:30,000. Zurich 1906. – On the water supply, besides reports by Bürkli and the extended water commission mentioned in the text: Escher von der Linth, Arnold, and Arn. Bürkli. The water conditions of the city of Zurich. (New Year’s booklet of the natural science society Zurich for 1871). – The industrial enterprises of the city of Zurich; dedicated to the participants of the 43rd annual meeting of the German Association of Gas and Water Specialists. Zurich 1903, including: Peter, H. Water supply; Weiss, A. Gasworks; Wenner, V. Sewerage. – Peter, H. Water supply (in the polytechnic anniversary writings. II, 1905). – Rothpletz, G. Report of the city gardener (ibid.). – Usteri, E. Hospitals and welfare institutions (ibid.). Peter, H. Report on the construction of the spring water supply from Sihl and Lorze valleys. Zurich 1906. – Annual report of the city council and central school board for 1907. Zurich 1908. – Pflüger, P. The municipal socialism of the city of Zurich. Memorandum. Zurich 1908. – Orelli, Frau S. The alcohol-free taverns of the Women’s Association for Temperance and Public Welfare, 3rd ed. – Zurich yearbook for community service. Annual reports of charitable district societies. – Boos-Jegher. Submission to the Cantonal Council and Government Council Zurich, February 1909 (concerning taverns). Numerous annual reports of charitable institutions and societies. – Erismann, F. The health and welfare care of the city of Zurich, commemorative publication 1909. Contains 83 short essays by various authors, could not yet be used for the editing of section 5."
doc_translated_mmd_zurich_en,date_1902_1902_1902,MENTIONS_DATE,5. Hygienic Conditions.,,"Bibliography. Meyer von Knonau. Der Kanton Zürich. Vol. 1, 1844. – Alb. Heim. Mountain views from Stadthausquai and from the hill in the park Anlage Enge. 1900 (with numerous local geographic figures). – Näf-Hatt. Maps of Zurichberg-Adlisberg and Uetliberg at 1:12,500, published by the Beautification Association of Zurich and Surroundings, 2nd edition, 1902 and 1905, with mountain views by Alb. Bosshard and X. Imfeld. – Wagner, E. Excursion map of the Albiskette, 1:30,000. Zurich 1906. – On the water supply, besides reports by Bürkli and the extended water commission mentioned in the text: Escher von der Linth, Arnold, and Arn. Bürkli. The water conditions of the city of Zurich. (New Year’s booklet of the natural science society Zurich for 1871). – The industrial enterprises of the city of Zurich; dedicated to the participants of the 43rd annual meeting of the German Association of Gas and Water Specialists. Zurich 1903, including: Peter, H. Water supply; Weiss, A. Gasworks; Wenner, V. Sewerage. – Peter, H. Water supply (in the polytechnic anniversary writings. II, 1905). – Rothpletz, G. Report of the city gardener (ibid.). – Usteri, E. Hospitals and welfare institutions (ibid.). Peter, H. Report on the construction of the spring water supply from Sihl and Lorze valleys. Zurich 1906. – Annual report of the city council and central school board for 1907. Zurich 1908. – Pflüger, P. The municipal socialism of the city of Zurich. Memorandum. Zurich 1908. – Orelli, Frau S. The alcohol-free taverns of the Women’s Association for Temperance and Public Welfare, 3rd ed. – Zurich yearbook for community service. Annual reports of charitable district societies. – Boos-Jegher. Submission to the Cantonal Council and Government Council Zurich, February 1909 (concerning taverns). Numerous annual reports of charitable institutions and societies. – Erismann, F. The health and welfare care of the city of Zurich, commemorative publication 1909. Contains 83 short essays by various authors, could not yet be used for the editing of section 5."
doc_translated_mmd_zurich_en,date_1905_1905_1905,MENTIONS_DATE,5. Hygienic Conditions.,,"Bibliography. Meyer von Knonau. Der Kanton Zürich. Vol. 1, 1844. – Alb. Heim. Mountain views from Stadthausquai and from the hill in the park Anlage Enge. 1900 (with numerous local geographic figures). – Näf-Hatt. Maps of Zurichberg-Adlisberg and Uetliberg at 1:12,500, published by the Beautification Association of Zurich and Surroundings, 2nd edition, 1902 and 1905, with mountain views by Alb. Bosshard and X. Imfeld. – Wagner, E. Excursion map of the Albiskette, 1:30,000. Zurich 1906. – On the water supply, besides reports by Bürkli and the extended water commission mentioned in the text: Escher von der Linth, Arnold, and Arn. Bürkli. The water conditions of the city of Zurich. (New Year’s booklet of the natural science society Zurich for 1871). – The industrial enterprises of the city of Zurich; dedicated to the participants of the 43rd annual meeting of the German Association of Gas and Water Specialists. Zurich 1903, including: Peter, H. Water supply; Weiss, A. Gasworks; Wenner, V. Sewerage. – Peter, H. Water supply (in the polytechnic anniversary writings. II, 1905). – Rothpletz, G. Report of the city gardener (ibid.). – Usteri, E. Hospitals and welfare institutions (ibid.). Peter, H. Report on the construction of the spring water supply from Sihl and Lorze valleys. Zurich 1906. – Annual report of the city council and central school board for 1907. Zurich 1908. – Pflüger, P. The municipal socialism of the city of Zurich. Memorandum. Zurich 1908. – Orelli, Frau S. The alcohol-free taverns of the Women’s Association for Temperance and Public Welfare, 3rd ed. – Zurich yearbook for community service. Annual reports of charitable district societies. – Boos-Jegher. Submission to the Cantonal Council and Government Council Zurich, February 1909 (concerning taverns). Numerous annual reports of charitable institutions and societies. – Erismann, F. The health and welfare care of the city of Zurich, commemorative publication 1909. Contains 83 short essays by various authors, could not yet be used for the editing of section 5."
doc_translated_mmd_zurich_en,date_1906_1906_1906,MENTIONS_DATE,5. Hygienic Conditions.,,"Bibliography. Meyer von Knonau. Der Kanton Zürich. Vol. 1, 1844. – Alb. Heim. Mountain views from Stadthausquai and from the hill in the park Anlage Enge. 1900 (with numerous local geographic figures). – Näf-Hatt. Maps of Zurichberg-Adlisberg and Uetliberg at 1:12,500, published by the Beautification Association of Zurich and Surroundings, 2nd edition, 1902 and 1905, with mountain views by Alb. Bosshard and X. Imfeld. – Wagner, E. Excursion map of the Albiskette, 1:30,000. Zurich 1906. – On the water supply, besides reports by Bürkli and the extended water commission mentioned in the text: Escher von der Linth, Arnold, and Arn. Bürkli. The water conditions of the city of Zurich. (New Year’s booklet of the natural science society Zurich for 1871). – The industrial enterprises of the city of Zurich; dedicated to the participants of the 43rd annual meeting of the German Association of Gas and Water Specialists. Zurich 1903, including: Peter, H. Water supply; Weiss, A. Gasworks; Wenner, V. Sewerage. – Peter, H. Water supply (in the polytechnic anniversary writings. II, 1905). – Rothpletz, G. Report of the city gardener (ibid.). – Usteri, E. Hospitals and welfare institutions (ibid.). Peter, H. Report on the construction of the spring water supply from Sihl and Lorze valleys. Zurich 1906. – Annual report of the city council and central school board for 1907. Zurich 1908. – Pflüger, P. The municipal socialism of the city of Zurich. Memorandum. Zurich 1908. – Orelli, Frau S. The alcohol-free taverns of the Women’s Association for Temperance and Public Welfare, 3rd ed. – Zurich yearbook for community service. Annual reports of charitable district societies. – Boos-Jegher. Submission to the Cantonal Council and Government Council Zurich, February 1909 (concerning taverns). Numerous annual reports of charitable institutions and societies. – Erismann, F. The health and welfare care of the city of Zurich, commemorative publication 1909. Contains 83 short essays by various authors, could not yet be used for the editing of section 5."
doc_translated_mmd_zurich_en,date_1871_1871_1871,MENTIONS_DATE,5. Hygienic Conditions.,,"Bibliography. Meyer von Knonau. Der Kanton Zürich. Vol. 1, 1844. – Alb. Heim. Mountain views from Stadthausquai and from the hill in the park Anlage Enge. 1900 (with numerous local geographic figures). – Näf-Hatt. Maps of Zurichberg-Adlisberg and Uetliberg at 1:12,500, published by the Beautification Association of Zurich and Surroundings, 2nd edition, 1902 and 1905, with mountain views by Alb. Bosshard and X. Imfeld. – Wagner, E. Excursion map of the Albiskette, 1:30,000. Zurich 1906. – On the water supply, besides reports by Bürkli and the extended water commission mentioned in the text: Escher von der Linth, Arnold, and Arn. Bürkli. The water conditions of the city of Zurich. (New Year’s booklet of the natural science society Zurich for 1871). – The industrial enterprises of the city of Zurich; dedicated to the participants of the 43rd annual meeting of the German Association of Gas and Water Specialists. Zurich 1903, including: Peter, H. Water supply; Weiss, A. Gasworks; Wenner, V. Sewerage. – Peter, H. Water supply (in the polytechnic anniversary writings. II, 1905). – Rothpletz, G. Report of the city gardener (ibid.). – Usteri, E. Hospitals and welfare institutions (ibid.). Peter, H. Report on the construction of the spring water supply from Sihl and Lorze valleys. Zurich 1906. – Annual report of the city council and central school board for 1907. Zurich 1908. – Pflüger, P. The municipal socialism of the city of Zurich. Memorandum. Zurich 1908. – Orelli, Frau S. The alcohol-free taverns of the Women’s Association for Temperance and Public Welfare, 3rd ed. – Zurich yearbook for community service. Annual reports of charitable district societies. – Boos-Jegher. Submission to the Cantonal Council and Government Council Zurich, February 1909 (concerning taverns). Numerous annual reports of charitable institutions and societies. – Erismann, F. The health and welfare care of the city of Zurich, commemorative publication 1909. Contains 83 short essays by various authors, could not yet be used for the editing of section 5."
doc_translated_mmd_zurich_en,date_1903_1903_1903,MENTIONS_DATE,5. Hygienic Conditions.,,"Bibliography. Meyer von Knonau. Der Kanton Zürich. Vol. 1, 1844. – Alb. Heim. Mountain views from Stadthausquai and from the hill in the park Anlage Enge. 1900 (with numerous local geographic figures). – Näf-Hatt. Maps of Zurichberg-Adlisberg and Uetliberg at 1:12,500, published by the Beautification Association of Zurich and Surroundings, 2nd edition, 1902 and 1905, with mountain views by Alb. Bosshard and X. Imfeld. – Wagner, E. Excursion map of the Albiskette, 1:30,000. Zurich 1906. – On the water supply, besides reports by Bürkli and the extended water commission mentioned in the text: Escher von der Linth, Arnold, and Arn. Bürkli. The water conditions of the city of Zurich. (New Year’s booklet of the natural science society Zurich for 1871). – The industrial enterprises of the city of Zurich; dedicated to the participants of the 43rd annual meeting of the German Association of Gas and Water Specialists. Zurich 1903, including: Peter, H. Water supply; Weiss, A. Gasworks; Wenner, V. Sewerage. – Peter, H. Water supply (in the polytechnic anniversary writings. II, 1905). – Rothpletz, G. Report of the city gardener (ibid.). – Usteri, E. Hospitals and welfare institutions (ibid.). Peter, H. Report on the construction of the spring water supply from Sihl and Lorze valleys. Zurich 1906. – Annual report of the city council and central school board for 1907. Zurich 1908. – Pflüger, P. The municipal socialism of the city of Zurich. Memorandum. Zurich 1908. – Orelli, Frau S. The alcohol-free taverns of the Women’s Association for Temperance and Public Welfare, 3rd ed. – Zurich yearbook for community service. Annual reports of charitable district societies. – Boos-Jegher. Submission to the Cantonal Council and Government Council Zurich, February 1909 (concerning taverns). Numerous annual reports of charitable institutions and societies. – Erismann, F. The health and welfare care of the city of Zurich, commemorative publication 1909. Contains 83 short essays by various authors, could not yet be used for the editing of section 5."
doc_translated_mmd_zurich_en,date_1907_1907_1907,MENTIONS_DATE,5. Hygienic Conditions.,,"Bibliography. Meyer von Knonau. Der Kanton Zürich. Vol. 1, 1844. – Alb. Heim. Mountain views from Stadthausquai and from the hill in the park Anlage Enge. 1900 (with numerous local geographic figures). – Näf-Hatt. Maps of Zurichberg-Adlisberg and Uetliberg at 1:12,500, published by the Beautification Association of Zurich and Surroundings, 2nd edition, 1902 and 1905, with mountain views by Alb. Bosshard and X. Imfeld. – Wagner, E. Excursion map of the Albiskette, 1:30,000. Zurich 1906. – On the water supply, besides reports by Bürkli and the extended water commission mentioned in the text: Escher von der Linth, Arnold, and Arn. Bürkli. The water conditions of the city of Zurich. (New Year’s booklet of the natural science society Zurich for 1871). – The industrial enterprises of the city of Zurich; dedicated to the participants of the 43rd annual meeting of the German Association of Gas and Water Specialists. Zurich 1903, including: Peter, H. Water supply; Weiss, A. Gasworks; Wenner, V. Sewerage. – Peter, H. Water supply (in the polytechnic anniversary writings. II, 1905). – Rothpletz, G. Report of the city gardener (ibid.). – Usteri, E. Hospitals and welfare institutions (ibid.). Peter, H. Report on the construction of the spring water supply from Sihl and Lorze valleys. Zurich 1906. – Annual report of the city council and central school board for 1907. Zurich 1908. – Pflüger, P. The municipal socialism of the city of Zurich. Memorandum. Zurich 1908. – Orelli, Frau S. The alcohol-free taverns of the Women’s Association for Temperance and Public Welfare, 3rd ed. – Zurich yearbook for community service. Annual reports of charitable district societies. – Boos-Jegher. Submission to the Cantonal Council and Government Council Zurich, February 1909 (concerning taverns). Numerous annual reports of charitable institutions and societies. – Erismann, F. The health and welfare care of the city of Zurich, commemorative publication 1909. Contains 83 short essays by various authors, could not yet be used for the editing of section 5."
doc_translated_mmd_zurich_en,date_1908_1908_1908,MENTIONS_DATE,5. Hygienic Conditions.,,"Bibliography. Meyer von Knonau. Der Kanton Zürich. Vol. 1, 1844. – Alb. Heim. Mountain views from Stadthausquai and from the hill in the park Anlage Enge. 1900 (with numerous local geographic figures). – Näf-Hatt. Maps of Zurichberg-Adlisberg and Uetliberg at 1:12,500, published by the Beautification Association of Zurich and Surroundings, 2nd edition, 1902 and 1905, with mountain views by Alb. Bosshard and X. Imfeld. – Wagner, E. Excursion map of the Albiskette, 1:30,000. Zurich 1906. – On the water supply, besides reports by Bürkli and the extended water commission mentioned in the text: Escher von der Linth, Arnold, and Arn. Bürkli. The water conditions of the city of Zurich. (New Year’s booklet of the natural science society Zurich for 1871). – The industrial enterprises of the city of Zurich; dedicated to the participants of the 43rd annual meeting of the German Association of Gas and Water Specialists. Zurich 1903, including: Peter, H. Water supply; Weiss, A. Gasworks; Wenner, V. Sewerage. – Peter, H. Water supply (in the polytechnic anniversary writings. II, 1905). – Rothpletz, G. Report of the city gardener (ibid.). – Usteri, E. Hospitals and welfare institutions (ibid.). Peter, H. Report on the construction of the spring water supply from Sihl and Lorze valleys. Zurich 1906. – Annual report of the city council and central school board for 1907. Zurich 1908. – Pflüger, P. The municipal socialism of the city of Zurich. Memorandum. Zurich 1908. – Orelli, Frau S. The alcohol-free taverns of the Women’s Association for Temperance and Public Welfare, 3rd ed. – Zurich yearbook for community service. Annual reports of charitable district societies. – Boos-Jegher. Submission to the Cantonal Council and Government Council Zurich, February 1909 (concerning taverns). Numerous annual reports of charitable institutions and societies. – Erismann, F. The health and welfare care of the city of Zurich, commemorative publication 1909. Contains 83 short essays by various authors, could not yet be used for the editing of section 5."
doc_translated_mmd_zurich_en,date_february_1909_1909_1909,MENTIONS_DATE,5. Hygienic Conditions.,,"Bibliography. Meyer von Knonau. Der Kanton Zürich. Vol. 1, 1844. – Alb. Heim. Mountain views from Stadthausquai and from the hill in the park Anlage Enge. 1900 (with numerous local geographic figures). – Näf-Hatt. Maps of Zurichberg-Adlisberg and Uetliberg at 1:12,500, published by the Beautification Association of Zurich and Surroundings, 2nd edition, 1902 and 1905, with mountain views by Alb. Bosshard and X. Imfeld. – Wagner, E. Excursion map of the Albiskette, 1:30,000. Zurich 1906. – On the water supply, besides reports by Bürkli and the extended water commission mentioned in the text: Escher von der Linth, Arnold, and Arn. Bürkli. The water conditions of the city of Zurich. (New Year’s booklet of the natural science society Zurich for 1871). – The industrial enterprises of the city of Zurich; dedicated to the participants of the 43rd annual meeting of the German Association of Gas and Water Specialists. Zurich 1903, including: Peter, H. Water supply; Weiss, A. Gasworks; Wenner, V. Sewerage. – Peter, H. Water supply (in the polytechnic anniversary writings. II, 1905). – Rothpletz, G. Report of the city gardener (ibid.). – Usteri, E. Hospitals and welfare institutions (ibid.). Peter, H. Report on the construction of the spring water supply from Sihl and Lorze valleys. Zurich 1906. – Annual report of the city council and central school board for 1907. Zurich 1908. – Pflüger, P. The municipal socialism of the city of Zurich. Memorandum. Zurich 1908. – Orelli, Frau S. The alcohol-free taverns of the Women’s Association for Temperance and Public Welfare, 3rd ed. – Zurich yearbook for community service. Annual reports of charitable district societies. – Boos-Jegher. Submission to the Cantonal Council and Government Council Zurich, February 1909 (concerning taverns). Numerous annual reports of charitable institutions and societies. – Erismann, F. The health and welfare care of the city of Zurich, commemorative publication 1909. Contains 83 short essays by various authors, could not yet be used for the editing of section 5."
doc_translated_mmd_zurich_en,date_1909_1909_1909,MENTIONS_DATE,5. Hygienic Conditions.,,"Bibliography. Meyer von Knonau. Der Kanton Zürich. Vol. 1, 1844. – Alb. Heim. Mountain views from Stadthausquai and from the hill in the park Anlage Enge. 1900 (with numerous local geographic figures). – Näf-Hatt. Maps of Zurichberg-Adlisberg and Uetliberg at 1:12,500, published by the Beautification Association of Zurich and Surroundings, 2nd edition, 1902 and 1905, with mountain views by Alb. Bosshard and X. Imfeld. – Wagner, E. Excursion map of the Albiskette, 1:30,000. Zurich 1906. – On the water supply, besides reports by Bürkli and the extended water commission mentioned in the text: Escher von der Linth, Arnold, and Arn. Bürkli. The water conditions of the city of Zurich. (New Year’s booklet of the natural science society Zurich for 1871). – The industrial enterprises of the city of Zurich; dedicated to the participants of the 43rd annual meeting of the German Association of Gas and Water Specialists. Zurich 1903, including: Peter, H. Water supply; Weiss, A. Gasworks; Wenner, V. Sewerage. – Peter, H. Water supply (in the polytechnic anniversary writings. II, 1905). – Rothpletz, G. Report of the city gardener (ibid.). – Usteri, E. Hospitals and welfare institutions (ibid.). Peter, H. Report on the construction of the spring water supply from Sihl and Lorze valleys. Zurich 1906. – Annual report of the city council and central school board for 1907. Zurich 1908. – Pflüger, P. The municipal socialism of the city of Zurich. Memorandum. Zurich 1908. – Orelli, Frau S. The alcohol-free taverns of the Women’s Association for Temperance and Public Welfare, 3rd ed. – Zurich yearbook for community service. Annual reports of charitable district societies. – Boos-Jegher. Submission to the Cantonal Council and Government Council Zurich, February 1909 (concerning taverns). Numerous annual reports of charitable institutions and societies. – Erismann, F. The health and welfare care of the city of Zurich, commemorative publication 1909. Contains 83 short essays by various authors, could not yet be used for the editing of section 5."
doc_translated_mmd_zurich_en,date_1875_1875_1875,MENTIONS_DATE,7. Transport routes.,,"The traffic lines converging at Zurich main station have already been mentioned at the beginning. It remains to add here that besides the main station in the Zurich city area, the following railway stations also facilitate traffic: Wiedikon, Enge, and Wollishofen on the left bank lake railway, Letten, Stadelhofen, and Tiefenbrunnen on the right bank. At the Selnau station, Uetliberg and Sihl valley railways converge; the former (opened 1875) climbs steeply by adhesion railway via the stations Binz and Waldegg in a wide curve towards the west after a half-hour ride to the Uetliberg summit, the latter leads through Giesshübel-Brunau-Manegg-Sod-Adliswil into the Sihl valley and connects at Sihlbrugg with the federal railway line Thalwil-Zug."
doc_translated_mmd_zurich_en,date_august_9_1847_1847_1847,MENTIONS_DATE,7. Transport routes.,,"Before railway connections (opening of the first line from Zurich to Baden on August 9, 1847, the second to Winterthur on May 16, 1855, to Uster on August 1, 1856, to Zug on June 1, 1864, etc.) existed, steamship routes operated on Lake Zurich. Already on May 19, 1835, the first steamship ran. In 1891, local traffic on the lake was significantly promoted by the introduction of “Dampfschwalben,” which give the lower part of the lake a splendidly pulsating life today, while the courses of the large steamers were relatively reduced due to double railway service."
doc_translated_mmd_zurich_en,date_may_16_1855_1855_1855,MENTIONS_DATE,7. Transport routes.,,"Before railway connections (opening of the first line from Zurich to Baden on August 9, 1847, the second to Winterthur on May 16, 1855, to Uster on August 1, 1856, to Zug on June 1, 1864, etc.) existed, steamship routes operated on Lake Zurich. Already on May 19, 1835, the first steamship ran. In 1891, local traffic on the lake was significantly promoted by the introduction of “Dampfschwalben,” which give the lower part of the lake a splendidly pulsating life today, while the courses of the large steamers were relatively reduced due to double railway service."
doc_translated_mmd_zurich_en,date_august_1_1856_1856_1856,MENTIONS_DATE,7. Transport routes.,,"Before railway connections (opening of the first line from Zurich to Baden on August 9, 1847, the second to Winterthur on May 16, 1855, to Uster on August 1, 1856, to Zug on June 1, 1864, etc.) existed, steamship routes operated on Lake Zurich. Already on May 19, 1835, the first steamship ran. In 1891, local traffic on the lake was significantly promoted by the introduction of “Dampfschwalben,” which give the lower part of the lake a splendidly pulsating life today, while the courses of the large steamers were relatively reduced due to double railway service."
doc_translated_mmd_zurich_en,date_june_1_1864_1864_1864,MENTIONS_DATE,7. Transport routes.,,"Before railway connections (opening of the first line from Zurich to Baden on August 9, 1847, the second to Winterthur on May 16, 1855, to Uster on August 1, 1856, to Zug on June 1, 1864, etc.) existed, steamship routes operated on Lake Zurich. Already on May 19, 1835, the first steamship ran. In 1891, local traffic on the lake was significantly promoted by the introduction of “Dampfschwalben,” which give the lower part of the lake a splendidly pulsating life today, while the courses of the large steamers were relatively reduced due to double railway service."
doc_translated_mmd_zurich_en,date_may_19_1835_1835_1835,MENTIONS_DATE,7. Transport routes.,,"Before railway connections (opening of the first line from Zurich to Baden on August 9, 1847, the second to Winterthur on May 16, 1855, to Uster on August 1, 1856, to Zug on June 1, 1864, etc.) existed, steamship routes operated on Lake Zurich. Already on May 19, 1835, the first steamship ran. In 1891, local traffic on the lake was significantly promoted by the introduction of “Dampfschwalben,” which give the lower part of the lake a splendidly pulsating life today, while the courses of the large steamers were relatively reduced due to double railway service."
doc_translated_mmd_zurich_en,date_1891_1891_1891,MENTIONS_DATE,7. Transport routes.,,"Before railway connections (opening of the first line from Zurich to Baden on August 9, 1847, the second to Winterthur on May 16, 1855, to Uster on August 1, 1856, to Zug on June 1, 1864, etc.) existed, steamship routes operated on Lake Zurich. Already on May 19, 1835, the first steamship ran. In 1891, local traffic on the lake was significantly promoted by the introduction of “Dampfschwalben,” which give the lower part of the lake a splendidly pulsating life today, while the courses of the large steamers were relatively reduced due to double railway service."
doc_translated_mmd_zurich_en,date_september_24_1882_1882_1882,MENTIONS_DATE,7. Transport routes.,,"Within the city itself, a far-reaching and rapidly expanding network of streetcars facilitates traffic. The first line was opened as a private horse tramway on September 24, 1882. Hardly a decade later, the first electrically operated line arose to Burgwies, and in 1898, the power plant connected with the pumping station in Letten became operational so that the entire tramway network could be placed in municipal electric operation. Soon the central Zurichberg railway and the streetcar of the industrial district were also annexed by purchase. Today, private tramways still exist: the line from Giesshübel to Albisgütli, the Limmat Valley streetcar from Marienstrasse to Altstetten-Schlieren-Dietikon (from here tram over Mutschellen to Bremgarten)-Unterengstringen-Kloster Fahr-Weiningen, as well as lines from the main station or Wipkingen to Hoengg and from Leonhardsplatz to Oerlikon-Seebach-Glattbrugg with a branch to Schwamendingen. In addition, three cable railways to the heights of the Zurichberg: from Rigiplatz to Rigiviertel, from Leonhardsplatz to the Polytechnic, and from Römerhof to Waldhaus Dolder, with subsequent streetcar to the Grand Hotel Dolder."
doc_translated_mmd_zurich_en,date_1898_1898_1898,MENTIONS_DATE,7. Transport routes.,,"Within the city itself, a far-reaching and rapidly expanding network of streetcars facilitates traffic. The first line was opened as a private horse tramway on September 24, 1882. Hardly a decade later, the first electrically operated line arose to Burgwies, and in 1898, the power plant connected with the pumping station in Letten became operational so that the entire tramway network could be placed in municipal electric operation. Soon the central Zurichberg railway and the streetcar of the industrial district were also annexed by purchase. Today, private tramways still exist: the line from Giesshübel to Albisgütli, the Limmat Valley streetcar from Marienstrasse to Altstetten-Schlieren-Dietikon (from here tram over Mutschellen to Bremgarten)-Unterengstringen-Kloster Fahr-Weiningen, as well as lines from the main station or Wipkingen to Hoengg and from Leonhardsplatz to Oerlikon-Seebach-Glattbrugg with a branch to Schwamendingen. In addition, three cable railways to the heights of the Zurichberg: from Rigiplatz to Rigiviertel, from Leonhardsplatz to the Polytechnic, and from Römerhof to Waldhaus Dolder, with subsequent streetcar to the Grand Hotel Dolder."
doc_translated_mmd_zurich_en,date_end_of_1907_1907_1907,MENTIONS_DATE,7. Transport routes.,,"The total length of the municipal streetcar network was 29.8 km at the end of 1907, with 59.4 km of track length altogether (partially double track), with 133 motor and 32 trailer cars. The entire network is divided into six operation lines, whose cars are identified by colored number plates. Daily frequency in 1907: 62,136 persons. Other means of transport include some taxi-meter motor carriages and the ordinary cab service; the latter has been significantly improved by prizes awarded by the traffic association. Numerous motor, rowing, and sailing boats can be rented on the lake, and large barges pass on goods traffic (notably building material transport from sandstone quarries and gravel pits of the upper Lake Zurich)."
doc_translated_mmd_zurich_en,date_1907_1907_1907,MENTIONS_DATE,7. Transport routes.,,"Zurich counted 941 streets and squares in 1907. Due to rapid city expansion on the periphery, numerous new ones are added annually. Entire street sections arise on the slopes of the Zurichberg, where the old wild brook valleys are artificially filled or dammed over. Thus, the Wolfbach, which flowed from Hottingen into the Limmat at the upper Mühlesteg, has disappeared entirely from sight, as has the Klosbach and the Hornbach is dammed; the niche of the former Lindenbach in District 4 almost disappeared."
doc_translated_mmd_zurich_en,date_1856_1856_1856,MENTIONS_DATE,7. Transport routes.,,"At night, the city is brightly illuminated by gas lights and on larger squares and main traffic arteries by electric arc lamps. Gas lighting was introduced by a private company in 1856. In 1886, the city took over this task. Today's gas pipeline network reaches to the outermost boundaries of the city, even up to the Uetliberg ridge. Everything is fed from the municipal gasworks in Schlieren, a model plant first-rate in its construction and operation. In December 1908, it delivered 105,000 to 106,000 m³ of gas daily with a daily coal consumption of 35 wagons."
doc_translated_mmd_zurich_en,date_1886_1886_1886,MENTIONS_DATE,7. Transport routes.,,"At night, the city is brightly illuminated by gas lights and on larger squares and main traffic arteries by electric arc lamps. Gas lighting was introduced by a private company in 1856. In 1886, the city took over this task. Today's gas pipeline network reaches to the outermost boundaries of the city, even up to the Uetliberg ridge. Everything is fed from the municipal gasworks in Schlieren, a model plant first-rate in its construction and operation. In December 1908, it delivered 105,000 to 106,000 m³ of gas daily with a daily coal consumption of 35 wagons."
doc_translated_mmd_zurich_en,date_december_1908_1908_1908,MENTIONS_DATE,7. Transport routes.,,"At night, the city is brightly illuminated by gas lights and on larger squares and main traffic arteries by electric arc lamps. Gas lighting was introduced by a private company in 1856. In 1886, the city took over this task. Today's gas pipeline network reaches to the outermost boundaries of the city, even up to the Uetliberg ridge. Everything is fed from the municipal gasworks in Schlieren, a model plant first-rate in its construction and operation. In December 1908, it delivered 105,000 to 106,000 m³ of gas daily with a daily coal consumption of 35 wagons."
doc_translated_mmd_zurich_en,date_1898_1898_1898,MENTIONS_DATE,7. Transport routes.,,"Thanks to its recently completed expansion with a parallel plant (already foreseen in the first construction opened in 1898) with vertical retorts and wagon dumper, it has become significantly more powerful. Annual output in 1907 = 26,640,200 m³, of which private consumption and gas delivery to adjacent municipalities (Adliswil, Oerlikon, Zollikon, Kilchberg, Schlieren, Albisrieden-Altstetten) accounted for 22,162,889 m³. These numbers are rapidly increasing; increase from 1906 to 1907 = over 12%. Gas consumption per capita per year for City of Zurich and above municipalities: 114.02 m³. Number of flames on 30 November 1907: public lanterns 7,649, private flames 321,993, flames at the gas factory 488, total 330,130."
doc_translated_mmd_zurich_en,date_1907_1907_1907,MENTIONS_DATE,7. Transport routes.,,"Thanks to its recently completed expansion with a parallel plant (already foreseen in the first construction opened in 1898) with vertical retorts and wagon dumper, it has become significantly more powerful. Annual output in 1907 = 26,640,200 m³, of which private consumption and gas delivery to adjacent municipalities (Adliswil, Oerlikon, Zollikon, Kilchberg, Schlieren, Albisrieden-Altstetten) accounted for 22,162,889 m³. These numbers are rapidly increasing; increase from 1906 to 1907 = over 12%. Gas consumption per capita per year for City of Zurich and above municipalities: 114.02 m³. Number of flames on 30 November 1907: public lanterns 7,649, private flames 321,993, flames at the gas factory 488, total 330,130."
doc_translated_mmd_zurich_en,date_1906_to_1907_1906_1907,MENTIONS_DATE,7. Transport routes.,,"Thanks to its recently completed expansion with a parallel plant (already foreseen in the first construction opened in 1898) with vertical retorts and wagon dumper, it has become significantly more powerful. Annual output in 1907 = 26,640,200 m³, of which private consumption and gas delivery to adjacent municipalities (Adliswil, Oerlikon, Zollikon, Kilchberg, Schlieren, Albisrieden-Altstetten) accounted for 22,162,889 m³. These numbers are rapidly increasing; increase from 1906 to 1907 = over 12%. Gas consumption per capita per year for City of Zurich and above municipalities: 114.02 m³. Number of flames on 30 November 1907: public lanterns 7,649, private flames 321,993, flames at the gas factory 488, total 330,130."
doc_translated_mmd_zurich_en,date_1909_1909_1909,MENTIONS_DATE,8. Intellectual Life — Associations.,,"Newspapers and periodicals currently (1909) appear in Zurich numbering about 160, of which 9 daily, 1 weekly thrice, 3 weekly twice, 53 weekly once, 41 fortnightly, and 33 monthly once. Already in 1666 a weekly paper appeared; the Friday weekly, today Zürcher Freitagszeitung (Bürklizitig, circulation 3,500), dates back to 1673 and is probably the oldest Swiss newspaper. The Zürcher Zeitung was first published on January 12, 1780; since 1821 it has been called Neue Zürcher Zeitung; it appeared daily since 1843, for several years thrice daily, with a circulation of 15,000. As early as 1801, the paper must have been very loyal to the government because its publisher then asked the government governor to partially exempt it from censorship, as he had entrusted the Helvetic articles to a man ""of whom there is absolutely no concern that he would take up anything contrary to the spirit or sense of the government"" (Max Uebelhör: Zur Geschichte der Neuen Zürcher Zeitung 1803–1821, in N.Z.Z. of March 31, 1908)."
doc_translated_mmd_zurich_en,date_1666_1666_1666,MENTIONS_DATE,8. Intellectual Life — Associations.,,"Newspapers and periodicals currently (1909) appear in Zurich numbering about 160, of which 9 daily, 1 weekly thrice, 3 weekly twice, 53 weekly once, 41 fortnightly, and 33 monthly once. Already in 1666 a weekly paper appeared; the Friday weekly, today Zürcher Freitagszeitung (Bürklizitig, circulation 3,500), dates back to 1673 and is probably the oldest Swiss newspaper. The Zürcher Zeitung was first published on January 12, 1780; since 1821 it has been called Neue Zürcher Zeitung; it appeared daily since 1843, for several years thrice daily, with a circulation of 15,000. As early as 1801, the paper must have been very loyal to the government because its publisher then asked the government governor to partially exempt it from censorship, as he had entrusted the Helvetic articles to a man ""of whom there is absolutely no concern that he would take up anything contrary to the spirit or sense of the government"" (Max Uebelhör: Zur Geschichte der Neuen Zürcher Zeitung 1803–1821, in N.Z.Z. of March 31, 1908)."
doc_translated_mmd_zurich_en,date_1673_1673_1673,MENTIONS_DATE,8. Intellectual Life — Associations.,,"Newspapers and periodicals currently (1909) appear in Zurich numbering about 160, of which 9 daily, 1 weekly thrice, 3 weekly twice, 53 weekly once, 41 fortnightly, and 33 monthly once. Already in 1666 a weekly paper appeared; the Friday weekly, today Zürcher Freitagszeitung (Bürklizitig, circulation 3,500), dates back to 1673 and is probably the oldest Swiss newspaper. The Zürcher Zeitung was first published on January 12, 1780; since 1821 it has been called Neue Zürcher Zeitung; it appeared daily since 1843, for several years thrice daily, with a circulation of 15,000. As early as 1801, the paper must have been very loyal to the government because its publisher then asked the government governor to partially exempt it from censorship, as he had entrusted the Helvetic articles to a man ""of whom there is absolutely no concern that he would take up anything contrary to the spirit or sense of the government"" (Max Uebelhör: Zur Geschichte der Neuen Zürcher Zeitung 1803–1821, in N.Z.Z. of March 31, 1908)."
doc_translated_mmd_zurich_en,date_january_12_1780_1780_1780,MENTIONS_DATE,8. Intellectual Life — Associations.,,"Newspapers and periodicals currently (1909) appear in Zurich numbering about 160, of which 9 daily, 1 weekly thrice, 3 weekly twice, 53 weekly once, 41 fortnightly, and 33 monthly once. Already in 1666 a weekly paper appeared; the Friday weekly, today Zürcher Freitagszeitung (Bürklizitig, circulation 3,500), dates back to 1673 and is probably the oldest Swiss newspaper. The Zürcher Zeitung was first published on January 12, 1780; since 1821 it has been called Neue Zürcher Zeitung; it appeared daily since 1843, for several years thrice daily, with a circulation of 15,000. As early as 1801, the paper must have been very loyal to the government because its publisher then asked the government governor to partially exempt it from censorship, as he had entrusted the Helvetic articles to a man ""of whom there is absolutely no concern that he would take up anything contrary to the spirit or sense of the government"" (Max Uebelhör: Zur Geschichte der Neuen Zürcher Zeitung 1803–1821, in N.Z.Z. of March 31, 1908)."
doc_translated_mmd_zurich_en,date_1821_1821_1821,MENTIONS_DATE,8. Intellectual Life — Associations.,,"Newspapers and periodicals currently (1909) appear in Zurich numbering about 160, of which 9 daily, 1 weekly thrice, 3 weekly twice, 53 weekly once, 41 fortnightly, and 33 monthly once. Already in 1666 a weekly paper appeared; the Friday weekly, today Zürcher Freitagszeitung (Bürklizitig, circulation 3,500), dates back to 1673 and is probably the oldest Swiss newspaper. The Zürcher Zeitung was first published on January 12, 1780; since 1821 it has been called Neue Zürcher Zeitung; it appeared daily since 1843, for several years thrice daily, with a circulation of 15,000. As early as 1801, the paper must have been very loyal to the government because its publisher then asked the government governor to partially exempt it from censorship, as he had entrusted the Helvetic articles to a man ""of whom there is absolutely no concern that he would take up anything contrary to the spirit or sense of the government"" (Max Uebelhör: Zur Geschichte der Neuen Zürcher Zeitung 1803–1821, in N.Z.Z. of March 31, 1908)."
doc_translated_mmd_zurich_en,date_1843_1843_1843,MENTIONS_DATE,8. Intellectual Life — Associations.,,"Newspapers and periodicals currently (1909) appear in Zurich numbering about 160, of which 9 daily, 1 weekly thrice, 3 weekly twice, 53 weekly once, 41 fortnightly, and 33 monthly once. Already in 1666 a weekly paper appeared; the Friday weekly, today Zürcher Freitagszeitung (Bürklizitig, circulation 3,500), dates back to 1673 and is probably the oldest Swiss newspaper. The Zürcher Zeitung was first published on January 12, 1780; since 1821 it has been called Neue Zürcher Zeitung; it appeared daily since 1843, for several years thrice daily, with a circulation of 15,000. As early as 1801, the paper must have been very loyal to the government because its publisher then asked the government governor to partially exempt it from censorship, as he had entrusted the Helvetic articles to a man ""of whom there is absolutely no concern that he would take up anything contrary to the spirit or sense of the government"" (Max Uebelhör: Zur Geschichte der Neuen Zürcher Zeitung 1803–1821, in N.Z.Z. of March 31, 1908)."
doc_translated_mmd_zurich_en,date_1801_1801_1801,MENTIONS_DATE,8. Intellectual Life — Associations.,,"Newspapers and periodicals currently (1909) appear in Zurich numbering about 160, of which 9 daily, 1 weekly thrice, 3 weekly twice, 53 weekly once, 41 fortnightly, and 33 monthly once. Already in 1666 a weekly paper appeared; the Friday weekly, today Zürcher Freitagszeitung (Bürklizitig, circulation 3,500), dates back to 1673 and is probably the oldest Swiss newspaper. The Zürcher Zeitung was first published on January 12, 1780; since 1821 it has been called Neue Zürcher Zeitung; it appeared daily since 1843, for several years thrice daily, with a circulation of 15,000. As early as 1801, the paper must have been very loyal to the government because its publisher then asked the government governor to partially exempt it from censorship, as he had entrusted the Helvetic articles to a man ""of whom there is absolutely no concern that he would take up anything contrary to the spirit or sense of the government"" (Max Uebelhör: Zur Geschichte der Neuen Zürcher Zeitung 1803–1821, in N.Z.Z. of March 31, 1908)."
doc_translated_mmd_zurich_en,date_1837_1837_1837,MENTIONS_DATE,8. Intellectual Life — Associations.,,"The city Zurich daily (official gazette, circulation 27,000) has existed since 1837. Among the most widely circulated daily papers are also: Zürcher Post, Tagesanzeiger (circulation 62,000), Grütlianer, Volksrecht, and Neue Zürcher Nachrichten (as organ of the Catholics). Original ephemeral features in the newspaper literature are the Sechseläuten sheets, in which local events of the year are usually presented in word and image with more or less wit and humor. As a permanent weekly political satirical paper appearing in Zurich since 1874, the Nebelspalter deserves mention. More details can be found in the commemorative publication for the Zurich press jubilee 1908 (Contributions to the history of the Zurich press)."
doc_translated_mmd_zurich_en,date_1874_1874_1874,MENTIONS_DATE,8. Intellectual Life — Associations.,,"The city Zurich daily (official gazette, circulation 27,000) has existed since 1837. Among the most widely circulated daily papers are also: Zürcher Post, Tagesanzeiger (circulation 62,000), Grütlianer, Volksrecht, and Neue Zürcher Nachrichten (as organ of the Catholics). Original ephemeral features in the newspaper literature are the Sechseläuten sheets, in which local events of the year are usually presented in word and image with more or less wit and humor. As a permanent weekly political satirical paper appearing in Zurich since 1874, the Nebelspalter deserves mention. More details can be found in the commemorative publication for the Zurich press jubilee 1908 (Contributions to the history of the Zurich press)."
doc_translated_mmd_zurich_en,date_1747_1747_1747,MENTIONS_DATE,8. Intellectual Life — Associations.,,"Considerable libraries are maintained by some of these societies and associations, as well as by state and community. A central library is eagerly sought; in the meanwhile, a central card catalog exists in the Helmhaus, and the individual libraries combine the announcement of their new acquisitions in a common, periodically published growth directory. The following institutions participate: Cantonal and university library (in the choir of the Predigerkirche, 95,000 volumes, 150,000 dissertations and brochures, 1,000 manuscripts), city library (in the Wasserkirche at Helmhaus, over 175,000 catalog titles, 4,300 volumes of manuscripts and numerous incunabula, 80,000 view sheets, 11,000 maps, 17,000 coins), library of the Museum of Applied Arts (at National Museum), the Swiss National Museum, the federal polytechnic school (45,000 titles), cantonal military library (police barracks), state archives, libraries of the law, medical-surgical (both in the choir of the Predigerkirche), and natural science society (last at Helmhaus, about 25,000 volumes, society founded by Johann Gessner 1747), Pestalozzianum, art society, museum society (latter in the ""Museum"" opposite the meat hall, large reading room with 120 newspapers and 650 magazines, founded 1834). Many scientific, artistic, and social societies also have their own libraries (academic reading association of both universities, reading circle Hottingen, Alpine Club, numerous singing societies, reading circles, etc.). Recently, a library of the central office for social literature of Switzerland with reading room at Seilergraben also exists."
doc_translated_mmd_zurich_en,date_1834_1834_1834,MENTIONS_DATE,8. Intellectual Life — Associations.,,"Considerable libraries are maintained by some of these societies and associations, as well as by state and community. A central library is eagerly sought; in the meanwhile, a central card catalog exists in the Helmhaus, and the individual libraries combine the announcement of their new acquisitions in a common, periodically published growth directory. The following institutions participate: Cantonal and university library (in the choir of the Predigerkirche, 95,000 volumes, 150,000 dissertations and brochures, 1,000 manuscripts), city library (in the Wasserkirche at Helmhaus, over 175,000 catalog titles, 4,300 volumes of manuscripts and numerous incunabula, 80,000 view sheets, 11,000 maps, 17,000 coins), library of the Museum of Applied Arts (at National Museum), the Swiss National Museum, the federal polytechnic school (45,000 titles), cantonal military library (police barracks), state archives, libraries of the law, medical-surgical (both in the choir of the Predigerkirche), and natural science society (last at Helmhaus, about 25,000 volumes, society founded by Johann Gessner 1747), Pestalozzianum, art society, museum society (latter in the ""Museum"" opposite the meat hall, large reading room with 120 newspapers and 650 magazines, founded 1834). Many scientific, artistic, and social societies also have their own libraries (academic reading association of both universities, reading circle Hottingen, Alpine Club, numerous singing societies, reading circles, etc.). Recently, a library of the central office for social literature of Switzerland with reading room at Seilergraben also exists."
doc_translated_mmd_zurich_en,date_1907_1907_1907,MENTIONS_DATE,8. Intellectual Life — Associations.,,"Of great benefit also are the public libraries and reading rooms of the Pestalozzi society for popular education and popular instruction, which reported 210,000 visitors in 1907 in 10 branches across the whole city. The society also organizes several popular lectures and concerts annually in winter; expenses in 1907 nearly 45,000 francs, of which the city contributed 21,000 francs. In general, the number of public lectures is extraordinarily large in winter, almost too numerous."
doc_translated_mmd_zurich_en,date_1908_09_1908_1909,MENTIONS_DATE,8. Intellectual Life — Associations.,,"Often scientific, theatrical, musical, or similar events serve charitable purposes—recall for example in 1908/09 the concerts of the singers' association “Harmonie” for the fire victims of Bonaduz, the “Men’s Choir Zurich” for farmers affected by the snow damage in May, and for the earthquake victims in Messina, for which the Natural Science Society held a town hall lecture. Thus, in intellectual life, noble striving for education and selfless sharing in implementing charitable tasks often effectively interlace."
doc_translated_mmd_zurich_en,date_1893_1893_1893,MENTIONS_DATE,9. Church System.,,"The unification of Zurich with its suburbs in 1893 left the church parishes unaffected. Therefore, there are still the following 13 Protestant parishes today: Grossmünster, Fraumünster, St. Peter, Predigern, Aussersihl, Enge, Fluntern, Neumünster, Oberstrass, Unterstrass, Wiedikon, Wipkingen, Wollishofen. In addition, there is the French parish affiliated with the evangelical state church and the state-recognized Old Catholic parish. Among private religious communities are the Evangelical-Lutheran Kreuzgemeinde, the Roman Catholic parishes St. Peter and Paul and Unterstrass-Zurich, the episcopal Methodist church, the Israelite religious community, etc."
doc_translated_mmd_zurich_en,date_1893_1893_1893,MENTIONS_DATE,10. Organization of Administration.,,"The administrative organization of the city of Zurich has differed from that of other Zurich municipalities since 1893, in which the unification of the old town with the suburbs gave legal sanction to the development into a metropolis, not inconsiderably. The communal assembly in the form of a traditional landsgemeinde ceased to exist in Zurich from this time; however, the totality of voting Swiss citizens domiciled in the city (the “community”) still exercises considerable influence on the conduct of municipal administration via the ballot. Such rights initially include the most important elections: city president, small city council, large city council, central school board, district school boards, primary and secondary schoolteachers, debt collection officers, and justices of the peace. Furthermore, the “community” must vote by mandatory referendum on the community ordinance, on resolutions of the large city council involving recurrent annual expenditure of more than 20,000 Fr. or one-time expenditures of more than 200,000 Fr. The optional referendum applies to all other resolutions of the large city council except elections, acceptance of accounts and management report, budget, setting of tax rates, and resolutions adopted with urgency clause. A referendum is deemed valid if requested within 20 days by 2,000 voters. Besides the referendum, there is the right of initiative: any qualified voter can submit a motion to the large city council, which must be submitted to a public vote if it falls within the community’s competence and if supported by 30 members of the large city council or 2,000 voters."
doc_translated_mmd_zurich_en,date_three_years_none_none,MENTIONS_DATE,10. Organization of Administration.,,"The large city council is elected in the five city districts for a term of three years. It currently consists of 125 members. Its most important functions are: election of cantonal jurors, tax commission, orphanage board, and several other committees; setting of the budget and tax rates; supervision of the entire city administration; approval of the annual accounts; enactment of ordinances; review of submissions to the community, etc."
doc_translated_mmd_zurich_en,date_1907_1907_1907,MENTIONS_DATE,11. Financial Budget.,,"The city of Zurich’s ordinary expenses amounted to about 16 million Fr. in 1907. In addition, extraordinary expenses of 4.8 million Fr. were incurred. The most important items in the city budget are: interest on liabilities (3.2 million Fr.), debt repayment (2.1 million Fr.), police force (0.7 million Fr.), road maintenance (1.6 million Fr.), school system (3.4 million Fr.), civil engineering (3 million Fr.), building construction (1.6 million Fr.). The sources of income include: income from capital (1.9 million Fr.), income from real estate (0.49 million Fr.), income from wealth tax (0.54 million Fr.), income tax (1.3 million Fr.), poll tax (0.4 million Fr.), fire department replacement tax (0.14 million Fr.), and property tax (0.38 million Fr.), net profit of the gasworks (1 million Fr.), water supply (0.5 million Fr.), electricity plant (0.29 million Fr.), and tramway (0.1 million Fr.), state contributions to the school system (about 1.4 million Fr.), fees for transfer of real estate (0.4 million Fr.), private contributions to road construction (about 1.4 million Fr.). The community’s assets include 80.2 million Fr. of disposable assets (of which about 5.4 million Fr. securities, 31 million Fr. real estate, 29 million Fr. capital invested in municipal industrial works), 20.6 million Fr. of indispensable assets (administration buildings, furniture, etc.), a total of 100.8 million Fr. Liabilities amounted to about 97.9 million Fr., net assets to 2.9 million Fr. The net assets of separate funds and foundations amount to 18.9 million Fr."
doc_translated_mmd_zurich_en,date_end_of_1907_1907_1907,MENTIONS_DATE,11. Financial Budget.,,"The value of the real estate owned by the city amounted to about 50 million Fr., of which 31 million Fr. related to realizable and 19 million Fr. to non-realizable, i.e. needed for administrative purposes, land and buildings. Other important parts of community wealth are: mortgages (about 3.4 million Fr.), bonds (about 1.4 million Fr.), and invested capital in municipal enterprises (gasworks 11.7 million Fr., water supply 5.6 million Fr., electricity plant 6.4 million Fr., tramway 8.9 million Fr., materials management 0.9 million Fr., removal service 0.5 million Fr., garbage incineration plant 0.2 million Fr., etc.). At the end of 1907, about 4½ million Fr. were held in city administration in general funds and foundations."
doc_translated_mmd_zurich_en,date_end_of_1907_1907_1907,MENTIONS_DATE,11. Financial Budget.,,"The most important of these is the fund for a pension fund for municipal officials, employees, and workers, amounting to 2½ million Fr. Of the funds held or administered by the citizen municipality are: the poor fund (1.7 million Fr.), the general citizen's fund (1.4 million Fr.), the foundation of the Zurich municipal usufruct fund (2.3 million Fr.), the orphanage fund (2.2 million Fr.), the foundation for care homes (1.7 million Fr.), the city library fund (0.25 million Fr.), etc. In total, at the end of 1907, the assets of the civic funds and foundations amounted to 14.3 million Fr. Special mention deserves the “Foundation of the municipal usufruct fund,” consisting largely of the so-called Sihlwald forest and whose revenues at the time of the unification of the old town with the outer municipalities in 1893 were intended in perpetuity for science, art, charity, and youth welfare purposes."
doc_translated_mmd_zurich_en,date_1893_1893_1893,MENTIONS_DATE,11. Financial Budget.,,"The most important of these is the fund for a pension fund for municipal officials, employees, and workers, amounting to 2½ million Fr. Of the funds held or administered by the citizen municipality are: the poor fund (1.7 million Fr.), the general citizen's fund (1.4 million Fr.), the foundation of the Zurich municipal usufruct fund (2.3 million Fr.), the orphanage fund (2.2 million Fr.), the foundation for care homes (1.7 million Fr.), the city library fund (0.25 million Fr.), etc. In total, at the end of 1907, the assets of the civic funds and foundations amounted to 14.3 million Fr. Special mention deserves the “Foundation of the municipal usufruct fund,” consisting largely of the so-called Sihlwald forest and whose revenues at the time of the unification of the old town with the outer municipalities in 1893 were intended in perpetuity for science, art, charity, and youth welfare purposes."
doc_translated_mmd_zurich_en,date_april_1907_1907_1907,MENTIONS_DATE,12. Health Care.,,"For public health care, the municipality has a number of partly preventive, partly repressive institutions. Among the first primarily counts food control, managed by 9 veterinarians, a permanent sanitary corps, and a municipal laboratory, covering all foodstuffs and the most important luxury items. The city also operates a number of lake and river bathing establishments. To improve housing in hygienic and economic respects, the municipality approved 2.5 million Fr. in April 1907 for the construction of housing by the city. Human excrements are discharged by the municipal bucket system; household refuse is burned in the municipal refuse incineration plant. However, effective combat of the health hazards of prostitution is lacking. Among repressive measures are compulsory disinfection in cases of scarlet fever, diphtheria, typhus, smallpox, epidemic tetanus, and puerperal fever."
doc_translated_mmd_zurich_en,date_1907_1907_1907,MENTIONS_DATE,12. Health Care.,,"For outpatient treatment of poor residents, around 24,000 Fr. were spent in 1907, and 164 persons were cared for in the municipal emergency hospital. The construction of a special city hospital is planned. Private health care operates a number of hospitals. Notable are the Zurich Children's Hospital, the Red Cross Sisters’ House, the Nursing Asylum and Diaconesses’ Institute Neumünster, the Theodosianum, the Swiss institute for epileptics, the Swiss nurses' school with women's hospital, all based on charitable foundations. In addition, there are several private clinics run by doctors. See the article on the canton Zurich for the cantonal hospital. Mortality conditions in Zurich have continued to improve, as the following table shows, since the year 1893 (unification with outer municipalities). Per 1,000 inhabitants died:"
doc_translated_mmd_zurich_en,date_1893_1893_1893,MENTIONS_DATE,12. Health Care.,,"For outpatient treatment of poor residents, around 24,000 Fr. were spent in 1907, and 164 persons were cared for in the municipal emergency hospital. The construction of a special city hospital is planned. Private health care operates a number of hospitals. Notable are the Zurich Children's Hospital, the Red Cross Sisters’ House, the Nursing Asylum and Diaconesses’ Institute Neumünster, the Theodosianum, the Swiss institute for epileptics, the Swiss nurses' school with women's hospital, all based on charitable foundations. In addition, there are several private clinics run by doctors. See the article on the canton Zurich for the cantonal hospital. Mortality conditions in Zurich have continued to improve, as the following table shows, since the year 1893 (unification with outer municipalities). Per 1,000 inhabitants died:"
doc_translated_mmd_zurich_en,date_1906_1907_1906_1907,MENTIONS_DATE,14. Social-Political Institutions.,,"For the peaceful settlement of collective labor disputes, a conciliation office consisting of three members exists; for job placement, a municipal employment office. In winter, an unemployment commission operates, which, for example, supported 298 unemployed persons with a total of 28,388 Fr. in 1906/1907. For housing registration, there is a special office that publishes a bulletin twice weekly. By municipal resolution of April 21, 1907, construction of housing by the city was also started, with a credit of 2.4 million Fr. approved for this purpose."
doc_translated_mmd_zurich_en,date_april_21_1907_1907_1907,MENTIONS_DATE,14. Social-Political Institutions.,,"For the peaceful settlement of collective labor disputes, a conciliation office consisting of three members exists; for job placement, a municipal employment office. In winter, an unemployment commission operates, which, for example, supported 298 unemployed persons with a total of 28,388 Fr. in 1906/1907. For housing registration, there is a special office that publishes a bulletin twice weekly. By municipal resolution of April 21, 1907, construction of housing by the city was also started, with a credit of 2.4 million Fr. approved for this purpose."
doc_translated_mmd_zurich_en,date_1907_1907_1907,MENTIONS_DATE,14. Social-Political Institutions.,,"The city also strives to set a good example in its treatment of workers. It introduced the nine-hour day as the maximum working time, as well as a minimum wage of 5 Fr. 50 Rp. for skilled and 5 Fr. for unskilled workers. Every employee and worker is also entitled to an annual recreation leave of at least four days. Also worth mentioning are school meals, on which about 47,000 Fr. was spent in 1907. Additionally, clothing costs for poor pupils were 5,407 Fr. There are about 50 municipal kindergartens and 26 youth nurseries. The former are attended by over 1,800, the latter by about 800 children. Baths exist in 25 schools. School health care is led by a permanent school doctor. A special school dental clinic exists."
doc_translated_mmd_zurich_en,date_neolithic_period_4500_2000,MENTIONS_DATE,15. Prehistory.,,"The area of the city of Zurich was continuously inhabited since the Neolithic period. Besides numerous individual finds from the younger Stone Age, four pile dwellings were discovered in the city area: in the large and small Hafner, in the Bauschanze, and in the Haumesser. All these settlements persisted until the end of the Bronze Age, in which period especially the Haumesser pile dwelling near Wollishofen developed. Even then, people already lived on solid land, and a refuge arose on the Uetliberg. In the Iron Age, the pile dwellings near Zurich were abandoned; however, the fortified Lindenhof was densely populated, and the Uetliberg refuge was richly equipped with ramparts and ditches."
doc_translated_mmd_zurich_en,date_younger_stone_age_3300_2200,MENTIONS_DATE,15. Prehistory.,,"The area of the city of Zurich was continuously inhabited since the Neolithic period. Besides numerous individual finds from the younger Stone Age, four pile dwellings were discovered in the city area: in the large and small Hafner, in the Bauschanze, and in the Haumesser. All these settlements persisted until the end of the Bronze Age, in which period especially the Haumesser pile dwelling near Wollishofen developed. Even then, people already lived on solid land, and a refuge arose on the Uetliberg. In the Iron Age, the pile dwellings near Zurich were abandoned; however, the fortified Lindenhof was densely populated, and the Uetliberg refuge was richly equipped with ramparts and ditches."
doc_translated_mmd_zurich_en,date_end_of_the_bronze_age_1200_800,MENTIONS_DATE,15. Prehistory.,,"The area of the city of Zurich was continuously inhabited since the Neolithic period. Besides numerous individual finds from the younger Stone Age, four pile dwellings were discovered in the city area: in the large and small Hafner, in the Bauschanze, and in the Haumesser. All these settlements persisted until the end of the Bronze Age, in which period especially the Haumesser pile dwelling near Wollishofen developed. Even then, people already lived on solid land, and a refuge arose on the Uetliberg. In the Iron Age, the pile dwellings near Zurich were abandoned; however, the fortified Lindenhof was densely populated, and the Uetliberg refuge was richly equipped with ramparts and ditches."
doc_translated_mmd_zurich_en,date_bronze_age_2200_800,MENTIONS_DATE,15. Prehistory.,,"The area of the city of Zurich was continuously inhabited since the Neolithic period. Besides numerous individual finds from the younger Stone Age, four pile dwellings were discovered in the city area: in the large and small Hafner, in the Bauschanze, and in the Haumesser. All these settlements persisted until the end of the Bronze Age, in which period especially the Haumesser pile dwelling near Wollishofen developed. Even then, people already lived on solid land, and a refuge arose on the Uetliberg. In the Iron Age, the pile dwellings near Zurich were abandoned; however, the fortified Lindenhof was densely populated, and the Uetliberg refuge was richly equipped with ramparts and ditches."
doc_translated_mmd_zurich_en,date_iron_age_800_15,MENTIONS_DATE,15. Prehistory.,,"The area of the city of Zurich was continuously inhabited since the Neolithic period. Besides numerous individual finds from the younger Stone Age, four pile dwellings were discovered in the city area: in the large and small Hafner, in the Bauschanze, and in the Haumesser. All these settlements persisted until the end of the Bronze Age, in which period especially the Haumesser pile dwelling near Wollishofen developed. Even then, people already lived on solid land, and a refuge arose on the Uetliberg. In the Iron Age, the pile dwellings near Zurich were abandoned; however, the fortified Lindenhof was densely populated, and the Uetliberg refuge was richly equipped with ramparts and ditches."
doc_translated_mmd_zurich_en,date_2nd_iron_age_la_tène_period_450_1,MENTIONS_DATE,15. Prehistory.,,"The dead were first buried in burial mounds, as could be investigated in Burghölzli. Later, uncremated bodies were buried in free earth. Such graves, assigned to the 2nd Iron Age (La Tène period), were found in Enge's Entibühl, on Rebhügel, and near the new church Wiedikon, at Bäckerstrasse in Zurich III, and on the Uetliberg. An important find recently unearthed during railway construction at the border to Altstetten was a golden bowl of chased work and a technique making the piece unique. It probably comes from a princely grave of the 7th century BC."
doc_translated_mmd_zurich_en,date_7th_century_bc_700_601,MENTIONS_DATE,15. Prehistory.,,"The dead were first buried in burial mounds, as could be investigated in Burghölzli. Later, uncremated bodies were buried in free earth. Such graves, assigned to the 2nd Iron Age (La Tène period), were found in Enge's Entibühl, on Rebhügel, and near the new church Wiedikon, at Bäckerstrasse in Zurich III, and on the Uetliberg. An important find recently unearthed during railway construction at the border to Altstetten was a golden bowl of chased work and a technique making the piece unique. It probably comes from a princely grave of the 7th century BC."
doc_translated_mmd_zurich_en,date_roman_times_1_400,MENTIONS_DATE,15. Prehistory.,,"In Roman times, Zurich was a customs station. This was located under the protection of the castrum, which was found on the Lindenhof and was in optical connection with the watchtower on the Uetliberg. On or near the Lindenhof, the brickworks stand, which marked its ware with D.S.P. and was interpreted by Mommsen as Doliare Stationis Publicae (Bricks of the public customs office). On the Lindenhof a Roman inscription stone was found in 1747 bearing the old name of Zurich (Turicum). It is a gravestone set by the customs chief for his son."
doc_translated_mmd_zurich_en,date_1747_1747_1747,MENTIONS_DATE,15. Prehistory.,,"In Roman times, Zurich was a customs station. This was located under the protection of the castrum, which was found on the Lindenhof and was in optical connection with the watchtower on the Uetliberg. On or near the Lindenhof, the brickworks stand, which marked its ware with D.S.P. and was interpreted by Mommsen as Doliare Stationis Publicae (Bricks of the public customs office). On the Lindenhof a Roman inscription stone was found in 1747 bearing the old name of Zurich (Turicum). It is a gravestone set by the customs chief for his son."
doc_translated_mmd_zurich_en,date_8th_and_9th_centuries_701_900,MENTIONS_DATE,15. Prehistory.,,"In early Germanic times, the Lindenhof was the seat of the imperial palace, and around it, the city extended, near which a number of farms cited in documents in the 8th and 9th centuries lay, which gradually grew into separate municipalities or were merged with the city, such as Wipkingen, Wiedikon, Stadelhofen, Riesbach, Hirslanden, Hottingen, Fluntern."
doc_translated_mmd_zurich_en,date_early_christian_times_300_700,MENTIONS_DATE,15. Prehistory.,,"Apart from the ancient population center on the Lindenhof, new centers had formed in early Christian times around the Gross- and Fraumünster, until about the 10th century all three were enclosed by a wall into a “city.” The graves from Alemannic-Frankish times are interesting. Already in the barrows at Burghölzli, Alemanni were buried. An Alemannic cemetery was almost simultaneously discovered at Entibühl above Balgrist, yielding finds from Alemannic times, including jewelry and weapons. In the last decade, two new Alemannic cemeteries could be investigated: the one at Rebhügel Wiedikon and the large cemetery at Bäckerstrasse in Zurich III. The finds from these graves are in the Swiss National Museum and are of great interest. A Frankish grave was characterized by the deceased being given the favorite weapon of the Franks, the throwing axe or francisca. Several times, mother and child lay together. In one such grave, remains of a wooden coffin were found, within which a richly decorated woman with a small child in her left arm lay. Apparently, mother and child were buried simultaneously."
doc_translated_mmd_zurich_en,date_until_about_the_10th_century_900_999,MENTIONS_DATE,15. Prehistory.,,"Apart from the ancient population center on the Lindenhof, new centers had formed in early Christian times around the Gross- and Fraumünster, until about the 10th century all three were enclosed by a wall into a “city.” The graves from Alemannic-Frankish times are interesting. Already in the barrows at Burghölzli, Alemanni were buried. An Alemannic cemetery was almost simultaneously discovered at Entibühl above Balgrist, yielding finds from Alemannic times, including jewelry and weapons. In the last decade, two new Alemannic cemeteries could be investigated: the one at Rebhügel Wiedikon and the large cemetery at Bäckerstrasse in Zurich III. The finds from these graves are in the Swiss National Museum and are of great interest. A Frankish grave was characterized by the deceased being given the favorite weapon of the Franks, the throwing axe or francisca. Several times, mother and child lay together. In one such grave, remains of a wooden coffin were found, within which a richly decorated woman with a small child in her left arm lay. Apparently, mother and child were buried simultaneously."
doc_translated_mmd_zurich_en,date_alemannic_frankish_times_500_800,MENTIONS_DATE,15. Prehistory.,,"Apart from the ancient population center on the Lindenhof, new centers had formed in early Christian times around the Gross- and Fraumünster, until about the 10th century all three were enclosed by a wall into a “city.” The graves from Alemannic-Frankish times are interesting. Already in the barrows at Burghölzli, Alemanni were buried. An Alemannic cemetery was almost simultaneously discovered at Entibühl above Balgrist, yielding finds from Alemannic times, including jewelry and weapons. In the last decade, two new Alemannic cemeteries could be investigated: the one at Rebhügel Wiedikon and the large cemetery at Bäckerstrasse in Zurich III. The finds from these graves are in the Swiss National Museum and are of great interest. A Frankish grave was characterized by the deceased being given the favorite weapon of the Franks, the throwing axe or francisca. Several times, mother and child lay together. In one such grave, remains of a wooden coffin were found, within which a richly decorated woman with a small child in her left arm lay. Apparently, mother and child were buried simultaneously."
doc_translated_mmd_zurich_en,date_alemannic_times_500_700,MENTIONS_DATE,15. Prehistory.,,"Apart from the ancient population center on the Lindenhof, new centers had formed in early Christian times around the Gross- and Fraumünster, until about the 10th century all three were enclosed by a wall into a “city.” The graves from Alemannic-Frankish times are interesting. Already in the barrows at Burghölzli, Alemanni were buried. An Alemannic cemetery was almost simultaneously discovered at Entibühl above Balgrist, yielding finds from Alemannic times, including jewelry and weapons. In the last decade, two new Alemannic cemeteries could be investigated: the one at Rebhügel Wiedikon and the large cemetery at Bäckerstrasse in Zurich III. The finds from these graves are in the Swiss National Museum and are of great interest. A Frankish grave was characterized by the deceased being given the favorite weapon of the Franks, the throwing axe or francisca. Several times, mother and child lay together. In one such grave, remains of a wooden coffin were found, within which a richly decorated woman with a small child in her left arm lay. Apparently, mother and child were buried simultaneously."
doc_translated_mmd_zurich_en,date_last_decade_2014_2024,MENTIONS_DATE,15. Prehistory.,,"Apart from the ancient population center on the Lindenhof, new centers had formed in early Christian times around the Gross- and Fraumünster, until about the 10th century all three were enclosed by a wall into a “city.” The graves from Alemannic-Frankish times are interesting. Already in the barrows at Burghölzli, Alemanni were buried. An Alemannic cemetery was almost simultaneously discovered at Entibühl above Balgrist, yielding finds from Alemannic times, including jewelry and weapons. In the last decade, two new Alemannic cemeteries could be investigated: the one at Rebhügel Wiedikon and the large cemetery at Bäckerstrasse in Zurich III. The finds from these graves are in the Swiss National Museum and are of great interest. A Frankish grave was characterized by the deceased being given the favorite weapon of the Franks, the throwing axe or francisca. Several times, mother and child lay together. In one such grave, remains of a wooden coffin were found, within which a richly decorated woman with a small child in her left arm lay. Apparently, mother and child were buried simultaneously."
doc_translated_mmd_zurich_en,date_march_12_1909_1909_1909,MENTIONS_DATE,Lake Zurich,,"Lake Zurich: ephemeral island east of the Stäfner stone at lowest water level (March 12, 1909)."
doc_translated_mmd_zurich_en,date_8th_century_701_800,MENTIONS_DATE,Lake Zurich,,"1. Name. The earliest mention of Lake Zurich can be found in the Vita St. Galli of the 8th century, where it is called lacus de Turegum. Later (1250), it is called lacus Turicinus; but as early as 1286, the name Zürichse appears for the first time, which has remained as “Zürichsee” (Lake Zurich) to the present. The designation “Zürichersee” on newer maps is evidently only a creation by analogy, similar to Zugersee, Genfersee, etc., but is nowhere spoken or otherwise written."
doc_translated_mmd_zurich_en,date_1250_1250_1250,MENTIONS_DATE,Lake Zurich,,"1. Name. The earliest mention of Lake Zurich can be found in the Vita St. Galli of the 8th century, where it is called lacus de Turegum. Later (1250), it is called lacus Turicinus; but as early as 1286, the name Zürichse appears for the first time, which has remained as “Zürichsee” (Lake Zurich) to the present. The designation “Zürichersee” on newer maps is evidently only a creation by analogy, similar to Zugersee, Genfersee, etc., but is nowhere spoken or otherwise written."
doc_translated_mmd_zurich_en,date_1286_1286_1286,MENTIONS_DATE,Lake Zurich,,"1. Name. The earliest mention of Lake Zurich can be found in the Vita St. Galli of the 8th century, where it is called lacus de Turegum. Later (1250), it is called lacus Turicinus; but as early as 1286, the name Zürichse appears for the first time, which has remained as “Zürichsee” (Lake Zurich) to the present. The designation “Zürichersee” on newer maps is evidently only a creation by analogy, similar to Zugersee, Genfersee, etc., but is nowhere spoken or otherwise written."
doc_translated_mmd_zurich_en,date_1538_1538_1538,MENTIONS_DATE,Lake Zurich,,"2. Maps. The oldest depiction of Lake Zurich is found on the Swiss map of Tschudi (1538), albeit with many inaccuracies. Already better is the delineation on the map of the Zurich region by Joost Murer (1566). Much more precise is our lake on the excellent Gyger map (1667) at the scale of 1:32,000. An even model representation is the Dufour map (1834–1864) at the scale 1:100,000. The surveys for it were done in the lake area from 1843–1851 by engineer J. Wild and later published in 1:25,000 in the Siegfried Atlas. The depth soundings (first exact sounding of a major Swiss lake) were conducted for 1,210 points in the main Lake Zurich and 460 points in the upper lake, i.e., 19.2 points per km². (Lake Geneva 20.8; Lake Constance 20.7; Neuchâtel Lake 9.7 points per km²). The most precise lake shore map was compiled by the Zurich government in 1850–52 at 1:1,000. This unpublished so-called lake map (in 59 sheets) is still used today to record all changes in lake shores. A handy relief-tone map was published in recent years by Kümmerly and Frey in Bern at 1:50,000."
doc_translated_mmd_zurich_en,date_1566_1566_1566,MENTIONS_DATE,Lake Zurich,,"2. Maps. The oldest depiction of Lake Zurich is found on the Swiss map of Tschudi (1538), albeit with many inaccuracies. Already better is the delineation on the map of the Zurich region by Joost Murer (1566). Much more precise is our lake on the excellent Gyger map (1667) at the scale of 1:32,000. An even model representation is the Dufour map (1834–1864) at the scale 1:100,000. The surveys for it were done in the lake area from 1843–1851 by engineer J. Wild and later published in 1:25,000 in the Siegfried Atlas. The depth soundings (first exact sounding of a major Swiss lake) were conducted for 1,210 points in the main Lake Zurich and 460 points in the upper lake, i.e., 19.2 points per km². (Lake Geneva 20.8; Lake Constance 20.7; Neuchâtel Lake 9.7 points per km²). The most precise lake shore map was compiled by the Zurich government in 1850–52 at 1:1,000. This unpublished so-called lake map (in 59 sheets) is still used today to record all changes in lake shores. A handy relief-tone map was published in recent years by Kümmerly and Frey in Bern at 1:50,000."
doc_translated_mmd_zurich_en,date_1667_1667_1667,MENTIONS_DATE,Lake Zurich,,"2. Maps. The oldest depiction of Lake Zurich is found on the Swiss map of Tschudi (1538), albeit with many inaccuracies. Already better is the delineation on the map of the Zurich region by Joost Murer (1566). Much more precise is our lake on the excellent Gyger map (1667) at the scale of 1:32,000. An even model representation is the Dufour map (1834–1864) at the scale 1:100,000. The surveys for it were done in the lake area from 1843–1851 by engineer J. Wild and later published in 1:25,000 in the Siegfried Atlas. The depth soundings (first exact sounding of a major Swiss lake) were conducted for 1,210 points in the main Lake Zurich and 460 points in the upper lake, i.e., 19.2 points per km². (Lake Geneva 20.8; Lake Constance 20.7; Neuchâtel Lake 9.7 points per km²). The most precise lake shore map was compiled by the Zurich government in 1850–52 at 1:1,000. This unpublished so-called lake map (in 59 sheets) is still used today to record all changes in lake shores. A handy relief-tone map was published in recent years by Kümmerly and Frey in Bern at 1:50,000."
doc_translated_mmd_zurich_en,date_1834_1864_1834_1864,MENTIONS_DATE,Lake Zurich,,"2. Maps. The oldest depiction of Lake Zurich is found on the Swiss map of Tschudi (1538), albeit with many inaccuracies. Already better is the delineation on the map of the Zurich region by Joost Murer (1566). Much more precise is our lake on the excellent Gyger map (1667) at the scale of 1:32,000. An even model representation is the Dufour map (1834–1864) at the scale 1:100,000. The surveys for it were done in the lake area from 1843–1851 by engineer J. Wild and later published in 1:25,000 in the Siegfried Atlas. The depth soundings (first exact sounding of a major Swiss lake) were conducted for 1,210 points in the main Lake Zurich and 460 points in the upper lake, i.e., 19.2 points per km². (Lake Geneva 20.8; Lake Constance 20.7; Neuchâtel Lake 9.7 points per km²). The most precise lake shore map was compiled by the Zurich government in 1850–52 at 1:1,000. This unpublished so-called lake map (in 59 sheets) is still used today to record all changes in lake shores. A handy relief-tone map was published in recent years by Kümmerly and Frey in Bern at 1:50,000."
doc_translated_mmd_zurich_en,date_1843_1851_1843_1851,MENTIONS_DATE,Lake Zurich,,"2. Maps. The oldest depiction of Lake Zurich is found on the Swiss map of Tschudi (1538), albeit with many inaccuracies. Already better is the delineation on the map of the Zurich region by Joost Murer (1566). Much more precise is our lake on the excellent Gyger map (1667) at the scale of 1:32,000. An even model representation is the Dufour map (1834–1864) at the scale 1:100,000. The surveys for it were done in the lake area from 1843–1851 by engineer J. Wild and later published in 1:25,000 in the Siegfried Atlas. The depth soundings (first exact sounding of a major Swiss lake) were conducted for 1,210 points in the main Lake Zurich and 460 points in the upper lake, i.e., 19.2 points per km². (Lake Geneva 20.8; Lake Constance 20.7; Neuchâtel Lake 9.7 points per km²). The most precise lake shore map was compiled by the Zurich government in 1850–52 at 1:1,000. This unpublished so-called lake map (in 59 sheets) is still used today to record all changes in lake shores. A handy relief-tone map was published in recent years by Kümmerly and Frey in Bern at 1:50,000."
doc_translated_mmd_zurich_en,date_1850_52_1850_1852,MENTIONS_DATE,Lake Zurich,,"2. Maps. The oldest depiction of Lake Zurich is found on the Swiss map of Tschudi (1538), albeit with many inaccuracies. Already better is the delineation on the map of the Zurich region by Joost Murer (1566). Much more precise is our lake on the excellent Gyger map (1667) at the scale of 1:32,000. An even model representation is the Dufour map (1834–1864) at the scale 1:100,000. The surveys for it were done in the lake area from 1843–1851 by engineer J. Wild and later published in 1:25,000 in the Siegfried Atlas. The depth soundings (first exact sounding of a major Swiss lake) were conducted for 1,210 points in the main Lake Zurich and 460 points in the upper lake, i.e., 19.2 points per km². (Lake Geneva 20.8; Lake Constance 20.7; Neuchâtel Lake 9.7 points per km²). The most precise lake shore map was compiled by the Zurich government in 1850–52 at 1:1,000. This unpublished so-called lake map (in 59 sheets) is still used today to record all changes in lake shores. A handy relief-tone map was published in recent years by Kümmerly and Frey in Bern at 1:50,000."
doc_translated_mmd_zurich_en,date_1896_1896_1896,MENTIONS_DATE,,,1896: Cattle. 1901: 7059. 1906: 6798. Column 4: 7941
doc_translated_mmd_zurich_en,date_1901_1901_1901,MENTIONS_DATE,,,1896: Cattle. 1901: 7059. 1906: 6798. Column 4: 7941
doc_translated_mmd_zurich_en,date_1906_1906_1906,MENTIONS_DATE,,,1896: Cattle. 1901: 7059. 1906: 6798. Column 4: 7941
doc_translated_mmd_zurich_en,date_1896_1896_1896,MENTIONS_DATE,,,1896: Horses. 1901: 3316. 1906: 3269. Column 4: 3192
doc_translated_mmd_zurich_en,date_1901_1901_1901,MENTIONS_DATE,,,1896: Horses. 1901: 3316. 1906: 3269. Column 4: 3192
doc_translated_mmd_zurich_en,date_1906_1906_1906,MENTIONS_DATE,,,1896: Horses. 1901: 3316. 1906: 3269. Column 4: 3192
doc_translated_mmd_zurich_en,date_column_4_none_none,MENTIONS_DATE,,,1896: Horses. 1901: 3316. 1906: 3269. Column 4: 3192
doc_translated_mmd_zurich_en,date_1896_1896_1896,MENTIONS_DATE,,,1896: Pigs. 1901: 1824. 1906: 1669. Column 4: 2214
doc_translated_mmd_zurich_en,date_1901_1901_1901,MENTIONS_DATE,,,1896: Pigs. 1901: 1824. 1906: 1669. Column 4: 2214
doc_translated_mmd_zurich_en,date_1906_1906_1906,MENTIONS_DATE,,,1896: Pigs. 1901: 1824. 1906: 1669. Column 4: 2214
doc_translated_mmd_zurich_en,date_1896_1896_1896,MENTIONS_DATE,,,1896: Sheep. 1901: 201. 1906: 684. Column 4: 1097
doc_translated_mmd_zurich_en,date_1901_1901_1901,MENTIONS_DATE,,,1896: Sheep. 1901: 201. 1906: 684. Column 4: 1097
doc_translated_mmd_zurich_en,date_1906_1906_1906,MENTIONS_DATE,,,1896: Sheep. 1901: 201. 1906: 684. Column 4: 1097
doc_translated_mmd_zurich_en,date_1896_1896_1896,MENTIONS_DATE,,,1896: Goats. 1901: 1182. 1906: 1177. Column 4: 1315
doc_translated_mmd_zurich_en,date_1901_1901_1901,MENTIONS_DATE,,,1896: Goats. 1901: 1182. 1906: 1177. Column 4: 1315
doc_translated_mmd_zurich_en,date_1906_1906_1906,MENTIONS_DATE,,,1896: Goats. 1901: 1182. 1906: 1177. Column 4: 1315
doc_translated_mmd_zurich_en,date_column_4_1315_1315_1315,MENTIONS_DATE,,,1896: Goats. 1901: 1182. 1906: 1177. Column 4: 1315
doc_translated_mmd_zurich_en,date_1896_1896_1896,MENTIONS_DATE,,,1896: Beehives. 1901: 1979. 1906: 2038. Column 4: -
doc_translated_mmd_zurich_en,date_1901_1901_1901,MENTIONS_DATE,,,1896: Beehives. 1901: 1979. 1906: 2038. Column 4: -
doc_translated_mmd_zurich_en,date_1906_1906_1906,MENTIONS_DATE,,,1896: Beehives. 1901: 1979. 1906: 2038. Column 4: -
doc_translated_mmd_zurich_en,date_1357_1357_1357,MENTIONS_DATE,,,"Year: 1357. Population: 12,375"
doc_translated_mmd_zurich_en,date_1374_1374_1374,MENTIONS_DATE,,,"Year: 1374. Population: 11,680"
doc_translated_mmd_zurich_en,date_1410_1410_1410,MENTIONS_DATE,,,"Year: 1410. Population: 10,570"
doc_translated_mmd_zurich_en,date_1467_1467_1467,MENTIONS_DATE,,,"Year: 1467. Population: 4,713"
doc_translated_mmd_zurich_en,date_1634_1634_1634,MENTIONS_DATE,,,"Year: 1634. Population: 8,222"
doc_translated_mmd_zurich_en,date_1671_1671_1671,MENTIONS_DATE,,,"Year: 1671. Population: 9,122"
doc_translated_mmd_zurich_en,date_1769_1769_1769,MENTIONS_DATE,,,"Year: 1769. Population: 10,579"
doc_translated_mmd_zurich_en,date_1836_1836_1836,MENTIONS_DATE,,,"Year: 1836. Population: 14,243. Column 3: (incl. outer municipalities 27,376)"
doc_translated_mmd_zurich_en,date_1860_1860_1860,MENTIONS_DATE,,,"Year: 1860. Population: 19,758"
doc_translated_mmd_zurich_en,date_1870_1870_1870,MENTIONS_DATE,,,"Year: 1870. Population: 20,780"
doc_translated_mmd_zurich_en,date_1880_1880_1880,MENTIONS_DATE,,,"Year: 1880. Population: 21,453"
doc_translated_mmd_zurich_en,date_1888_1888_1888,MENTIONS_DATE,,,"Year: 1888. Population: 28,225. Column 3: (incl. outer municipalities 91,227)"
doc_translated_mmd_zurich_en,date_1894_1894_1894,MENTIONS_DATE,,,"Year: 1894. Population: 121,057. Column 3: (July 1) (including the 9 outer municipalities Enge, Wiedikon, Aussersihl, Unterstrass, Oberstrass, Fluntern, Hottingen, Hirslanden, and Riesbach); as well as the municipalities Wollishofen and Wipkingen also united with the city."
doc_translated_mmd_zurich_en,date_1862_1862_1862,MENTIONS_DATE,,,Year: 1862. Residential houses: 3514. Insurance value million Fr.: 140
doc_translated_mmd_zurich_en,date_1892_1892_1892,MENTIONS_DATE,,,Year: 1892. Residential houses: 7338. Insurance value million Fr.: 359
doc_translated_mmd_zurich_en,date_1900_1900_1900,MENTIONS_DATE,,,Year: 1900. Residential houses: 9867. Insurance value million Fr.: 552
doc_translated_mmd_zurich_en,date_1906_1906_1906,MENTIONS_DATE,,,"Year: 1906. Residential houses: 10,122. Insurance value million Fr.: 597"
doc_translated_mmd_zurich_en,date_before_1863_none_1862,MENTIONS_DATE,,,per year: before 1863. apartments per house: 9300. Column 3: 2.72
doc_translated_mmd_zurich_en,date_1863_1892_1863_1892,MENTIONS_DATE,,,"per year: built 1863–1892. apartments per house: 11,600. Column 3: 387. Column 4: 3.12"
doc_translated_mmd_zurich_en,date_1893_1900_1893_1900,MENTIONS_DATE,,,"per year: built 1893–1900. apartments per house: 12,200. Column 3: 1526. Column 4: 4.64"
doc_translated_mmd_zurich_en,date_1901_1906_1901_1906,MENTIONS_DATE,,,per year: built 1901–1906. apartments per house: 2800. Column 3: 465. Column 4: 4.30
doc_translated_mmd_zurich_en,date_end_of_1862_1862_1862,MENTIONS_DATE,,,"Residential houses: end of 1862. Population: 3514. Housing number for the entire city: 46,200. Housing number for the old town: 13.2. Column 5: 15.9"
doc_translated_mmd_zurich_en,date_end_of_1892_1892_1892,MENTIONS_DATE,,,"Residential houses: end of 1892. Population: 7338. Housing number for the entire city: 106,000. Housing number for the old town: 14.4. Column 5: 15.2"
doc_translated_mmd_zurich_en,date_end_of_1900_1900_1900,MENTIONS_DATE,,,"Residential houses: end of 1900. Population: 9867. Housing number for the entire city: 150,700. Housing number for the old town: 15.3. Column 5: 13.9"
doc_translated_mmd_zurich_en,date_end_of_1906_1906_1906,MENTIONS_DATE,,,"Residential houses: end of 1906. Population: 10,427. Housing number for the entire city: 171,000. Housing number for the old town: 16.4. Column 5: 13.2"
doc_translated_mmd_zurich_en,date_1893_1893_1893,MENTIONS_DATE,,,Year: 1893. Total deaths: 18.37. Deaths from pulmonary tuberculosis: 2.23
doc_translated_mmd_zurich_en,date_1894_1894_1894,MENTIONS_DATE,,,Year: 1894. Total deaths: 17.46. Deaths from pulmonary tuberculosis: 2.22
doc_translated_mmd_zurich_en,date_1895_1895_1895,MENTIONS_DATE,,,Year: 1895. Total deaths: 17.38. Deaths from pulmonary tuberculosis: 2.04
doc_translated_mmd_zurich_en,date_1896_1896_1896,MENTIONS_DATE,,,Year: 1896. Total deaths: 16.71. Deaths from pulmonary tuberculosis: 1.94
doc_translated_mmd_zurich_en,date_1897_1897_1897,MENTIONS_DATE,,,Year: 1897. Total deaths: 16.50. Deaths from pulmonary tuberculosis: 2.04
doc_translated_mmd_zurich_en,date_1898_1898_1898,MENTIONS_DATE,,,Year: 1898. Total deaths: 17.33. Deaths from pulmonary tuberculosis: 2.14
doc_translated_mmd_zurich_en,date_1899_1899_1899,MENTIONS_DATE,,,Year: 1899. Total deaths: 15.42. Deaths from pulmonary tuberculosis: 2.09
doc_translated_mmd_zurich_en,date_1900_1900_1900,MENTIONS_DATE,,,Year: 1900. Total deaths: 18.65. Deaths from pulmonary tuberculosis: 2.49
doc_translated_mmd_zurich_en,date_1901_1901_1901,MENTIONS_DATE,,,Year: 1901. Total deaths: 15.32. Deaths from pulmonary tuberculosis: 2.11
doc_translated_mmd_zurich_en,date_1902_1902_1902,MENTIONS_DATE,,,Year: 1902. Total deaths: 15.92. Deaths from pulmonary tuberculosis: 1.87
doc_translated_mmd_zurich_en,date_1903_1903_1903,MENTIONS_DATE,,,Year: 1903. Total deaths: 14.74. Deaths from pulmonary tuberculosis: 2.16
doc_translated_mmd_zurich_en,date_1904_1904_1904,MENTIONS_DATE,,,Year: 1904. Total deaths: 14.55. Deaths from pulmonary tuberculosis: 1.96
doc_translated_mmd_zurich_en,date_1905_1905_1905,MENTIONS_DATE,,,Year: 1905. Total deaths: 14.41. Deaths from pulmonary tuberculosis: 1.91
doc_translated_mmd_zurich_en,date_1906_1906_1906,MENTIONS_DATE,,,Year: 1906. Total deaths: 13.58. Deaths from pulmonary tuberculosis: 1.74
doc_translated_mmd_zurich_en,date_1907_1907_1907,MENTIONS_DATE,,,Year: 1907. Total deaths: 12.74. Deaths from pulmonary tuberculosis: 1.63
doc_translated_mmd_zurich_historic_en,date_around_1540_1535_1545,MENTIONS_DATE,Zurich (Municipality),,"Zurich from the west. Woodcut by an unknown artist, around 1540 (Central Library Zurich, Graphic Collection and Photo Archive)."
doc_translated_mmd_zurich_historic_en,date_12th_century_1101_1200,MENTIONS_DATE,Zurich (Municipality),,"After late Celtic and Roman beginnings, the city, located at the intersection of navigable routes and land paths, developed from the early medieval, partly fortified settlement cores of Lindenhof hill and Fraumünster-Münsterhof on the left as well as Niederdorf and Grossmünster on the right bank of the Limmat. These were enclosed in the 12th century by an extensive city wall, newly built in the 13th century; Stadelhof remained outside the wall. The construction of the baroque star-shaped fortifications in the 17th century led to an expansion of the fortified settlement area. With the municipal merger of 1893, the municipalities of Aussersihl, Enge, Fluntern, Hirslanden, Hottingen, Leimbach, Oberstrass, Riesbach, Unterstrass, Wiedikon, Wipkingen, and Wollishofen became part of the city. In 1934, Affoltern bei Zürich, Albisrieden, Altstetten, Höngg, Oerlikon, Schwamendingen, Seebach, and Witikon followed."
doc_translated_mmd_zurich_historic_en,date_13th_century_1201_1300,MENTIONS_DATE,Zurich (Municipality),,"After late Celtic and Roman beginnings, the city, located at the intersection of navigable routes and land paths, developed from the early medieval, partly fortified settlement cores of Lindenhof hill and Fraumünster-Münsterhof on the left as well as Niederdorf and Grossmünster on the right bank of the Limmat. These were enclosed in the 12th century by an extensive city wall, newly built in the 13th century; Stadelhof remained outside the wall. The construction of the baroque star-shaped fortifications in the 17th century led to an expansion of the fortified settlement area. With the municipal merger of 1893, the municipalities of Aussersihl, Enge, Fluntern, Hirslanden, Hottingen, Leimbach, Oberstrass, Riesbach, Unterstrass, Wiedikon, Wipkingen, and Wollishofen became part of the city. In 1934, Affoltern bei Zürich, Albisrieden, Altstetten, Höngg, Oerlikon, Schwamendingen, Seebach, and Witikon followed."
doc_translated_mmd_zurich_historic_en,date_17th_century_1601_1700,MENTIONS_DATE,Zurich (Municipality),,"After late Celtic and Roman beginnings, the city, located at the intersection of navigable routes and land paths, developed from the early medieval, partly fortified settlement cores of Lindenhof hill and Fraumünster-Münsterhof on the left as well as Niederdorf and Grossmünster on the right bank of the Limmat. These were enclosed in the 12th century by an extensive city wall, newly built in the 13th century; Stadelhof remained outside the wall. The construction of the baroque star-shaped fortifications in the 17th century led to an expansion of the fortified settlement area. With the municipal merger of 1893, the municipalities of Aussersihl, Enge, Fluntern, Hirslanden, Hottingen, Leimbach, Oberstrass, Riesbach, Unterstrass, Wiedikon, Wipkingen, and Wollishofen became part of the city. In 1934, Affoltern bei Zürich, Albisrieden, Altstetten, Höngg, Oerlikon, Schwamendingen, Seebach, and Witikon followed."
doc_translated_mmd_zurich_historic_en,date_1893_1893_1893,MENTIONS_DATE,Zurich (Municipality),,"After late Celtic and Roman beginnings, the city, located at the intersection of navigable routes and land paths, developed from the early medieval, partly fortified settlement cores of Lindenhof hill and Fraumünster-Münsterhof on the left as well as Niederdorf and Grossmünster on the right bank of the Limmat. These were enclosed in the 12th century by an extensive city wall, newly built in the 13th century; Stadelhof remained outside the wall. The construction of the baroque star-shaped fortifications in the 17th century led to an expansion of the fortified settlement area. With the municipal merger of 1893, the municipalities of Aussersihl, Enge, Fluntern, Hirslanden, Hottingen, Leimbach, Oberstrass, Riesbach, Unterstrass, Wiedikon, Wipkingen, and Wollishofen became part of the city. In 1934, Affoltern bei Zürich, Albisrieden, Altstetten, Höngg, Oerlikon, Schwamendingen, Seebach, and Witikon followed."
doc_translated_mmd_zurich_historic_en,date_1934_1934_1934,MENTIONS_DATE,Zurich (Municipality),,"After late Celtic and Roman beginnings, the city, located at the intersection of navigable routes and land paths, developed from the early medieval, partly fortified settlement cores of Lindenhof hill and Fraumünster-Münsterhof on the left as well as Niederdorf and Grossmünster on the right bank of the Limmat. These were enclosed in the 12th century by an extensive city wall, newly built in the 13th century; Stadelhof remained outside the wall. The construction of the baroque star-shaped fortifications in the 17th century led to an expansion of the fortified settlement area. With the municipal merger of 1893, the municipalities of Aussersihl, Enge, Fluntern, Hirslanden, Hottingen, Leimbach, Oberstrass, Riesbach, Unterstrass, Wiedikon, Wipkingen, and Wollishofen became part of the city. In 1934, Affoltern bei Zürich, Albisrieden, Altstetten, Höngg, Oerlikon, Schwamendingen, Seebach, and Witikon followed."
doc_translated_mmd_zurich_historic_en,date_1850_2000_1850_2000,MENTIONS_DATE,Population structure of the municipality of Zurich a,,"a Data 1850-2000 according to the territorial status 2000 b Inhabitants: residential population; Religion, nationality: resident population c 1888-1930 including Old Catholics; from 1950 Roman Catholic d belonging to no denomination or religious group Population structure of the municipality of Zurich - Sources: Statistics City of Zurich; federal censuses"
doc_translated_mmd_zurich_historic_en,date_1888_1930_1888_1930,MENTIONS_DATE,Population structure of the municipality of Zurich a,,"a Data 1850-2000 according to the territorial status 2000 b Inhabitants: residential population; Religion, nationality: resident population c 1888-1930 including Old Catholics; from 1950 Roman Catholic d belonging to no denomination or religious group Population structure of the municipality of Zurich - Sources: Statistics City of Zurich; federal censuses"
doc_translated_mmd_zurich_historic_en,date_from_1950_1950_2000,MENTIONS_DATE,Population structure of the municipality of Zurich a,,"a Data 1850-2000 according to the territorial status 2000 b Inhabitants: residential population; Religion, nationality: resident population c 1888-1930 including Old Catholics; from 1950 Roman Catholic d belonging to no denomination or religious group Population structure of the municipality of Zurich - Sources: Statistics City of Zurich; federal censuses"
doc_translated_mmd_zurich_historic_en,date_mesolithic_10000_4500,MENTIONS_DATE,From Prehistory to the High Middle Ages,Prehistory,"The oldest settlement indications on city territory are flint tools from the Mesolithic found at Katzensee. Numerous finds on and in the lower lake basin testify to significant settlement during the Neolithic and Bronze Age in the period from about 4300 to 800 BC. The oldest pile dwelling finds originate from the former island Kleiner Hafner in front of Bellevue. Remains of prehistoric land settlements are only sporadically recorded. At Letten and near Rathausbrücke, metal objects from the Bronze Age were found in the Limmat, possibly deposited there as votive offerings. In the Hallstatt and early La Tène periods, a significant central settlement was located on the Uetliberg. Burial mounds from this period examined in Höngg, Balgrist and Burghölzli contained burials with partly rich grave goods. From the early and middle La Tène period, sporadic grave finds are known within the city area."
doc_translated_mmd_zurich_historic_en,date_about_4300_to_800_bc_4300_800,MENTIONS_DATE,From Prehistory to the High Middle Ages,Prehistory,"The oldest settlement indications on city territory are flint tools from the Mesolithic found at Katzensee. Numerous finds on and in the lower lake basin testify to significant settlement during the Neolithic and Bronze Age in the period from about 4300 to 800 BC. The oldest pile dwelling finds originate from the former island Kleiner Hafner in front of Bellevue. Remains of prehistoric land settlements are only sporadically recorded. At Letten and near Rathausbrücke, metal objects from the Bronze Age were found in the Limmat, possibly deposited there as votive offerings. In the Hallstatt and early La Tène periods, a significant central settlement was located on the Uetliberg. Burial mounds from this period examined in Höngg, Balgrist and Burghölzli contained burials with partly rich grave goods. From the early and middle La Tène period, sporadic grave finds are known within the city area."
doc_translated_mmd_zurich_historic_en,date_bronze_age_2200_800,MENTIONS_DATE,From Prehistory to the High Middle Ages,Prehistory,"The oldest settlement indications on city territory are flint tools from the Mesolithic found at Katzensee. Numerous finds on and in the lower lake basin testify to significant settlement during the Neolithic and Bronze Age in the period from about 4300 to 800 BC. The oldest pile dwelling finds originate from the former island Kleiner Hafner in front of Bellevue. Remains of prehistoric land settlements are only sporadically recorded. At Letten and near Rathausbrücke, metal objects from the Bronze Age were found in the Limmat, possibly deposited there as votive offerings. In the Hallstatt and early La Tène periods, a significant central settlement was located on the Uetliberg. Burial mounds from this period examined in Höngg, Balgrist and Burghölzli contained burials with partly rich grave goods. From the early and middle La Tène period, sporadic grave finds are known within the city area."
doc_translated_mmd_zurich_historic_en,date_hallstatt_period_800_450,MENTIONS_DATE,From Prehistory to the High Middle Ages,Prehistory,"The oldest settlement indications on city territory are flint tools from the Mesolithic found at Katzensee. Numerous finds on and in the lower lake basin testify to significant settlement during the Neolithic and Bronze Age in the period from about 4300 to 800 BC. The oldest pile dwelling finds originate from the former island Kleiner Hafner in front of Bellevue. Remains of prehistoric land settlements are only sporadically recorded. At Letten and near Rathausbrücke, metal objects from the Bronze Age were found in the Limmat, possibly deposited there as votive offerings. In the Hallstatt and early La Tène periods, a significant central settlement was located on the Uetliberg. Burial mounds from this period examined in Höngg, Balgrist and Burghölzli contained burials with partly rich grave goods. From the early and middle La Tène period, sporadic grave finds are known within the city area."
doc_translated_mmd_zurich_historic_en,date_early_la_tène_period_450_250,MENTIONS_DATE,From Prehistory to the High Middle Ages,Prehistory,"The oldest settlement indications on city territory are flint tools from the Mesolithic found at Katzensee. Numerous finds on and in the lower lake basin testify to significant settlement during the Neolithic and Bronze Age in the period from about 4300 to 800 BC. The oldest pile dwelling finds originate from the former island Kleiner Hafner in front of Bellevue. Remains of prehistoric land settlements are only sporadically recorded. At Letten and near Rathausbrücke, metal objects from the Bronze Age were found in the Limmat, possibly deposited there as votive offerings. In the Hallstatt and early La Tène periods, a significant central settlement was located on the Uetliberg. Burial mounds from this period examined in Höngg, Balgrist and Burghölzli contained burials with partly rich grave goods. From the early and middle La Tène period, sporadic grave finds are known within the city area."
doc_translated_mmd_zurich_historic_en,date_early_and_middle_la_tène_period_450_150,MENTIONS_DATE,From Prehistory to the High Middle Ages,Prehistory,"The oldest settlement indications on city territory are flint tools from the Mesolithic found at Katzensee. Numerous finds on and in the lower lake basin testify to significant settlement during the Neolithic and Bronze Age in the period from about 4300 to 800 BC. The oldest pile dwelling finds originate from the former island Kleiner Hafner in front of Bellevue. Remains of prehistoric land settlements are only sporadically recorded. At Letten and near Rathausbrücke, metal objects from the Bronze Age were found in the Limmat, possibly deposited there as votive offerings. In the Hallstatt and early La Tène periods, a significant central settlement was located on the Uetliberg. Burial mounds from this period examined in Höngg, Balgrist and Burghölzli contained burials with partly rich grave goods. From the early and middle La Tène period, sporadic grave finds are known within the city area."
doc_translated_mmd_zurich_historic_en,date_80_bc_onwards_80_none,MENTIONS_DATE,From Prehistory to the High Middle Ages,"Late La Tène period, Roman era, Merovingian period","On the left side of the Limmat, on the moraine hill with the elevations Lindenhof, St. Petershügel and the today dismantled Sihlbühl in the north, a Celtic oppidum is verifiable from 80 BC onwards, in which a wealthy leadership class among other things operated a mint. The puzzling find of a lump consisting of over 17,000 fused Celtic coins from around 100 BC, which was uncovered on the southern Bahnhofstrasse, suggests a votive deposit in water."
doc_translated_mmd_zurich_historic_en,date_around_100_bc_100_100,MENTIONS_DATE,From Prehistory to the High Middle Ages,"Late La Tène period, Roman era, Merovingian period","On the left side of the Limmat, on the moraine hill with the elevations Lindenhof, St. Petershügel and the today dismantled Sihlbühl in the north, a Celtic oppidum is verifiable from 80 BC onwards, in which a wealthy leadership class among other things operated a mint. The puzzling find of a lump consisting of over 17,000 fused Celtic coins from around 100 BC, which was uncovered on the southern Bahnhofstrasse, suggests a votive deposit in water."
doc_translated_mmd_zurich_historic_en,date_6th_century_501_600,MENTIONS_DATE,From Prehistory to the High Middle Ages,"Late La Tène period, Roman era, Merovingian period","Pair of bird-shaped fibulae from the richly furnished woman's grave on Bäckerstrasse, 6th century (Swiss National Museum, Zurich)."
doc_translated_mmd_zurich_historic_en,date_16_15_bc_16_15,MENTIONS_DATE,From Prehistory to the High Middle Ages,"Late La Tène period, Roman era, Merovingian period","Settlement continued continuously in Roman times. Contrary to earlier views, the stationing of Roman military did not occur only during the Alpine campaign 16-15 BC, but already from 40 or 30 BC in the existing Celtic settlement. This is indicated by finds of military equipment and imported goods from the Mediterranean region such as thin-walled ceramics, sigillata tableware and oil lamps with pictorial motifs. On both sides of the Limmat, a civilian small-town center (vicus?) developed. A gravestone dated around 200 names the Statio Turicensis, a customs station of the Gallic customs for trade in the border area to Rhaetia. A public bath stood at the bay under Weinplatz. A harbor and river crossing are suspected near Rathausbrücke. On the Grosse Hafner, a former island in front of Seefeld, there was an island sanctuary used from the 1st to 4th centuries, which according to dendrochronology was newly built in 122 on a round plan with wooden posts. Another temple possibly existed in the round building uncovered at Storchengasse. The dedicatory stone donated by bear hunters (ursari) to the deities Diana and Silvanus and a hoard of gold jewelry possibly indicate another sanctuary in the Oetenbach area. A fragment of a four-god stone comes from the base of a Jupiter giant statue. On the archaeologically investigated residential buildings, the transition to stone construction can be observed around 70."
doc_translated_mmd_zurich_historic_en,date_40_or_30_bc_40_30,MENTIONS_DATE,From Prehistory to the High Middle Ages,"Late La Tène period, Roman era, Merovingian period","Settlement continued continuously in Roman times. Contrary to earlier views, the stationing of Roman military did not occur only during the Alpine campaign 16-15 BC, but already from 40 or 30 BC in the existing Celtic settlement. This is indicated by finds of military equipment and imported goods from the Mediterranean region such as thin-walled ceramics, sigillata tableware and oil lamps with pictorial motifs. On both sides of the Limmat, a civilian small-town center (vicus?) developed. A gravestone dated around 200 names the Statio Turicensis, a customs station of the Gallic customs for trade in the border area to Rhaetia. A public bath stood at the bay under Weinplatz. A harbor and river crossing are suspected near Rathausbrücke. On the Grosse Hafner, a former island in front of Seefeld, there was an island sanctuary used from the 1st to 4th centuries, which according to dendrochronology was newly built in 122 on a round plan with wooden posts. Another temple possibly existed in the round building uncovered at Storchengasse. The dedicatory stone donated by bear hunters (ursari) to the deities Diana and Silvanus and a hoard of gold jewelry possibly indicate another sanctuary in the Oetenbach area. A fragment of a four-god stone comes from the base of a Jupiter giant statue. On the archaeologically investigated residential buildings, the transition to stone construction can be observed around 70."
doc_translated_mmd_zurich_historic_en,date_around_200_190_210,MENTIONS_DATE,From Prehistory to the High Middle Ages,"Late La Tène period, Roman era, Merovingian period","Settlement continued continuously in Roman times. Contrary to earlier views, the stationing of Roman military did not occur only during the Alpine campaign 16-15 BC, but already from 40 or 30 BC in the existing Celtic settlement. This is indicated by finds of military equipment and imported goods from the Mediterranean region such as thin-walled ceramics, sigillata tableware and oil lamps with pictorial motifs. On both sides of the Limmat, a civilian small-town center (vicus?) developed. A gravestone dated around 200 names the Statio Turicensis, a customs station of the Gallic customs for trade in the border area to Rhaetia. A public bath stood at the bay under Weinplatz. A harbor and river crossing are suspected near Rathausbrücke. On the Grosse Hafner, a former island in front of Seefeld, there was an island sanctuary used from the 1st to 4th centuries, which according to dendrochronology was newly built in 122 on a round plan with wooden posts. Another temple possibly existed in the round building uncovered at Storchengasse. The dedicatory stone donated by bear hunters (ursari) to the deities Diana and Silvanus and a hoard of gold jewelry possibly indicate another sanctuary in the Oetenbach area. A fragment of a four-god stone comes from the base of a Jupiter giant statue. On the archaeologically investigated residential buildings, the transition to stone construction can be observed around 70."
doc_translated_mmd_zurich_historic_en,date_1st_to_4th_centuries_1_400,MENTIONS_DATE,From Prehistory to the High Middle Ages,"Late La Tène period, Roman era, Merovingian period","Settlement continued continuously in Roman times. Contrary to earlier views, the stationing of Roman military did not occur only during the Alpine campaign 16-15 BC, but already from 40 or 30 BC in the existing Celtic settlement. This is indicated by finds of military equipment and imported goods from the Mediterranean region such as thin-walled ceramics, sigillata tableware and oil lamps with pictorial motifs. On both sides of the Limmat, a civilian small-town center (vicus?) developed. A gravestone dated around 200 names the Statio Turicensis, a customs station of the Gallic customs for trade in the border area to Rhaetia. A public bath stood at the bay under Weinplatz. A harbor and river crossing are suspected near Rathausbrücke. On the Grosse Hafner, a former island in front of Seefeld, there was an island sanctuary used from the 1st to 4th centuries, which according to dendrochronology was newly built in 122 on a round plan with wooden posts. Another temple possibly existed in the round building uncovered at Storchengasse. The dedicatory stone donated by bear hunters (ursari) to the deities Diana and Silvanus and a hoard of gold jewelry possibly indicate another sanctuary in the Oetenbach area. A fragment of a four-god stone comes from the base of a Jupiter giant statue. On the archaeologically investigated residential buildings, the transition to stone construction can be observed around 70."
doc_translated_mmd_zurich_historic_en,date_122_122_122,MENTIONS_DATE,From Prehistory to the High Middle Ages,"Late La Tène period, Roman era, Merovingian period","Settlement continued continuously in Roman times. Contrary to earlier views, the stationing of Roman military did not occur only during the Alpine campaign 16-15 BC, but already from 40 or 30 BC in the existing Celtic settlement. This is indicated by finds of military equipment and imported goods from the Mediterranean region such as thin-walled ceramics, sigillata tableware and oil lamps with pictorial motifs. On both sides of the Limmat, a civilian small-town center (vicus?) developed. A gravestone dated around 200 names the Statio Turicensis, a customs station of the Gallic customs for trade in the border area to Rhaetia. A public bath stood at the bay under Weinplatz. A harbor and river crossing are suspected near Rathausbrücke. On the Grosse Hafner, a former island in front of Seefeld, there was an island sanctuary used from the 1st to 4th centuries, which according to dendrochronology was newly built in 122 on a round plan with wooden posts. Another temple possibly existed in the round building uncovered at Storchengasse. The dedicatory stone donated by bear hunters (ursari) to the deities Diana and Silvanus and a hoard of gold jewelry possibly indicate another sanctuary in the Oetenbach area. A fragment of a four-god stone comes from the base of a Jupiter giant statue. On the archaeologically investigated residential buildings, the transition to stone construction can be observed around 70."
doc_translated_mmd_zurich_historic_en,date_around_70_65_75,MENTIONS_DATE,From Prehistory to the High Middle Ages,"Late La Tène period, Roman era, Merovingian period","Settlement continued continuously in Roman times. Contrary to earlier views, the stationing of Roman military did not occur only during the Alpine campaign 16-15 BC, but already from 40 or 30 BC in the existing Celtic settlement. This is indicated by finds of military equipment and imported goods from the Mediterranean region such as thin-walled ceramics, sigillata tableware and oil lamps with pictorial motifs. On both sides of the Limmat, a civilian small-town center (vicus?) developed. A gravestone dated around 200 names the Statio Turicensis, a customs station of the Gallic customs for trade in the border area to Rhaetia. A public bath stood at the bay under Weinplatz. A harbor and river crossing are suspected near Rathausbrücke. On the Grosse Hafner, a former island in front of Seefeld, there was an island sanctuary used from the 1st to 4th centuries, which according to dendrochronology was newly built in 122 on a round plan with wooden posts. Another temple possibly existed in the round building uncovered at Storchengasse. The dedicatory stone donated by bear hunters (ursari) to the deities Diana and Silvanus and a hoard of gold jewelry possibly indicate another sanctuary in the Oetenbach area. A fragment of a four-god stone comes from the base of a Jupiter giant statue. On the archaeologically investigated residential buildings, the transition to stone construction can be observed around 70."
doc_translated_mmd_zurich_historic_en,date_early_4th_century_301_330,MENTIONS_DATE,From Prehistory to the High Middle Ages,"Late La Tène period, Roman era, Merovingian period","In late Roman times, probably in the early 4th century, the summit of the Lindenhof hill was fortified with a castellum, which offered residence and refuge to the civilian population even after the withdrawal of the troops and the end of Western Roman administration. The burials examined in the Bäckerstrasse cemetery from the 6th century suggest a majority Roman-speaking population. Among them is a woman's grave with a Germanic fibula costume pointing towards the Frankish area. The plate and wall graves investigated on St. Petershügel were built using mortar, plaster and lime whitewash. They prove that building techniques introduced in Roman times were used in a 7th-century cemetery. The grave goods of two swords (spatha, sax) in a male grave follow Germanic burial customs. Within the castellum, several stone buildings were erected in the 7th and 8th centuries after terrain works. Remains of wooden houses from the same time were found in Niederdorf."
doc_translated_mmd_zurich_historic_en,date_6th_century_501_600,MENTIONS_DATE,From Prehistory to the High Middle Ages,"Late La Tène period, Roman era, Merovingian period","In late Roman times, probably in the early 4th century, the summit of the Lindenhof hill was fortified with a castellum, which offered residence and refuge to the civilian population even after the withdrawal of the troops and the end of Western Roman administration. The burials examined in the Bäckerstrasse cemetery from the 6th century suggest a majority Roman-speaking population. Among them is a woman's grave with a Germanic fibula costume pointing towards the Frankish area. The plate and wall graves investigated on St. Petershügel were built using mortar, plaster and lime whitewash. They prove that building techniques introduced in Roman times were used in a 7th-century cemetery. The grave goods of two swords (spatha, sax) in a male grave follow Germanic burial customs. Within the castellum, several stone buildings were erected in the 7th and 8th centuries after terrain works. Remains of wooden houses from the same time were found in Niederdorf."
doc_translated_mmd_zurich_historic_en,date_7th_century_601_700,MENTIONS_DATE,From Prehistory to the High Middle Ages,"Late La Tène period, Roman era, Merovingian period","In late Roman times, probably in the early 4th century, the summit of the Lindenhof hill was fortified with a castellum, which offered residence and refuge to the civilian population even after the withdrawal of the troops and the end of Western Roman administration. The burials examined in the Bäckerstrasse cemetery from the 6th century suggest a majority Roman-speaking population. Among them is a woman's grave with a Germanic fibula costume pointing towards the Frankish area. The plate and wall graves investigated on St. Petershügel were built using mortar, plaster and lime whitewash. They prove that building techniques introduced in Roman times were used in a 7th-century cemetery. The grave goods of two swords (spatha, sax) in a male grave follow Germanic burial customs. Within the castellum, several stone buildings were erected in the 7th and 8th centuries after terrain works. Remains of wooden houses from the same time were found in Niederdorf."
doc_translated_mmd_zurich_historic_en,date_7th_and_8th_centuries_601_800,MENTIONS_DATE,From Prehistory to the High Middle Ages,"Late La Tène period, Roman era, Merovingian period","In late Roman times, probably in the early 4th century, the summit of the Lindenhof hill was fortified with a castellum, which offered residence and refuge to the civilian population even after the withdrawal of the troops and the end of Western Roman administration. The burials examined in the Bäckerstrasse cemetery from the 6th century suggest a majority Roman-speaking population. Among them is a woman's grave with a Germanic fibula costume pointing towards the Frankish area. The plate and wall graves investigated on St. Petershügel were built using mortar, plaster and lime whitewash. They prove that building techniques introduced in Roman times were used in a 7th-century cemetery. The grave goods of two swords (spatha, sax) in a male grave follow Germanic burial customs. Within the castellum, several stone buildings were erected in the 7th and 8th centuries after terrain works. Remains of wooden houses from the same time were found in Niederdorf."
doc_translated_mmd_zurich_historic_en,date_8th_and_9th_centuries_701_900,MENTIONS_DATE,From Prehistory to the High Middle Ages,City of kings and dukes (8th to 12th century),"In the 8th and 9th centuries, Zurich was the center of an extensive Carolingian imperial estate complex of political and economic importance. With the fiscus Zurich created around 760, an administrative organization emerged that referred to functions of the old castellum site. This included the royal court, which among other things included the Albis forest and properties in Uri and whose economic center was the Stadelhof. Ludwig the German equipped the Fraumünster monastery with this in a deed of donation in 853. Abbesses were his daughters Hildegard and Berta, demonstrating the close connection of the convent to the royal house. Foundations of a monumental building uncovered on Lindenhof are interpreted as remains of a Carolingian palace building. For the dukes of Swabia appointed in the 10th century as bailiffs for the secular and ecclesiastical royal property, Zurich was a center of their rule. Coin minting, market and toll rights illustrate the importance of economy and trade. In the 11th and 12th centuries, economic relations up to the Baltic Sea area are documented."
doc_translated_mmd_zurich_historic_en,date_around_760_760_760,MENTIONS_DATE,From Prehistory to the High Middle Ages,City of kings and dukes (8th to 12th century),"In the 8th and 9th centuries, Zurich was the center of an extensive Carolingian imperial estate complex of political and economic importance. With the fiscus Zurich created around 760, an administrative organization emerged that referred to functions of the old castellum site. This included the royal court, which among other things included the Albis forest and properties in Uri and whose economic center was the Stadelhof. Ludwig the German equipped the Fraumünster monastery with this in a deed of donation in 853. Abbesses were his daughters Hildegard and Berta, demonstrating the close connection of the convent to the royal house. Foundations of a monumental building uncovered on Lindenhof are interpreted as remains of a Carolingian palace building. For the dukes of Swabia appointed in the 10th century as bailiffs for the secular and ecclesiastical royal property, Zurich was a center of their rule. Coin minting, market and toll rights illustrate the importance of economy and trade. In the 11th and 12th centuries, economic relations up to the Baltic Sea area are documented."
doc_translated_mmd_zurich_historic_en,date_853_853_853,MENTIONS_DATE,From Prehistory to the High Middle Ages,City of kings and dukes (8th to 12th century),"In the 8th and 9th centuries, Zurich was the center of an extensive Carolingian imperial estate complex of political and economic importance. With the fiscus Zurich created around 760, an administrative organization emerged that referred to functions of the old castellum site. This included the royal court, which among other things included the Albis forest and properties in Uri and whose economic center was the Stadelhof. Ludwig the German equipped the Fraumünster monastery with this in a deed of donation in 853. Abbesses were his daughters Hildegard and Berta, demonstrating the close connection of the convent to the royal house. Foundations of a monumental building uncovered on Lindenhof are interpreted as remains of a Carolingian palace building. For the dukes of Swabia appointed in the 10th century as bailiffs for the secular and ecclesiastical royal property, Zurich was a center of their rule. Coin minting, market and toll rights illustrate the importance of economy and trade. In the 11th and 12th centuries, economic relations up to the Baltic Sea area are documented."
doc_translated_mmd_zurich_historic_en,date_10th_century_901_1000,MENTIONS_DATE,From Prehistory to the High Middle Ages,City of kings and dukes (8th to 12th century),"In the 8th and 9th centuries, Zurich was the center of an extensive Carolingian imperial estate complex of political and economic importance. With the fiscus Zurich created around 760, an administrative organization emerged that referred to functions of the old castellum site. This included the royal court, which among other things included the Albis forest and properties in Uri and whose economic center was the Stadelhof. Ludwig the German equipped the Fraumünster monastery with this in a deed of donation in 853. Abbesses were his daughters Hildegard and Berta, demonstrating the close connection of the convent to the royal house. Foundations of a monumental building uncovered on Lindenhof are interpreted as remains of a Carolingian palace building. For the dukes of Swabia appointed in the 10th century as bailiffs for the secular and ecclesiastical royal property, Zurich was a center of their rule. Coin minting, market and toll rights illustrate the importance of economy and trade. In the 11th and 12th centuries, economic relations up to the Baltic Sea area are documented."
doc_translated_mmd_zurich_historic_en,date_11th_and_12th_centuries_1001_1200,MENTIONS_DATE,From Prehistory to the High Middle Ages,City of kings and dukes (8th to 12th century),"In the 8th and 9th centuries, Zurich was the center of an extensive Carolingian imperial estate complex of political and economic importance. With the fiscus Zurich created around 760, an administrative organization emerged that referred to functions of the old castellum site. This included the royal court, which among other things included the Albis forest and properties in Uri and whose economic center was the Stadelhof. Ludwig the German equipped the Fraumünster monastery with this in a deed of donation in 853. Abbesses were his daughters Hildegard and Berta, demonstrating the close connection of the convent to the royal house. Foundations of a monumental building uncovered on Lindenhof are interpreted as remains of a Carolingian palace building. For the dukes of Swabia appointed in the 10th century as bailiffs for the secular and ecclesiastical royal property, Zurich was a center of their rule. Coin minting, market and toll rights illustrate the importance of economy and trade. In the 11th and 12th centuries, economic relations up to the Baltic Sea area are documented."
doc_translated_mmd_zurich_historic_en,date_after_1000_1001_1500,MENTIONS_DATE,From Prehistory to the High Middle Ages,City of kings and dukes (8th to 12th century),"After 1000, royal visits to Zurich resumed: Henry III stayed six times in the palace on Lindenhof between 1045-1055 and had it expanded into a residence with a two-story hall and chapel. After losing the function as a palace, Otto of Freising in the mid-12th century still described Zurich as the most distinguished city of Swabia. In the Staufer-Zähringer compromise of 1098, Zurich left the domain of the Staufer dukes. The counts of Lenzburg, who were already appointed as provosts and monastery bailiffs in 976, were confirmed, and the dukes of Zähringen were appointed holders of imperial rights. After the extinction of the Lenzburg line, the Zähringers were the sole city lords from 1173 to 1218. The conversion of the royal palace into a castle with towers and ditches is probably attributed to them."
doc_translated_mmd_zurich_historic_en,date_1045_1055_1045_1055,MENTIONS_DATE,From Prehistory to the High Middle Ages,City of kings and dukes (8th to 12th century),"After 1000, royal visits to Zurich resumed: Henry III stayed six times in the palace on Lindenhof between 1045-1055 and had it expanded into a residence with a two-story hall and chapel. After losing the function as a palace, Otto of Freising in the mid-12th century still described Zurich as the most distinguished city of Swabia. In the Staufer-Zähringer compromise of 1098, Zurich left the domain of the Staufer dukes. The counts of Lenzburg, who were already appointed as provosts and monastery bailiffs in 976, were confirmed, and the dukes of Zähringen were appointed holders of imperial rights. After the extinction of the Lenzburg line, the Zähringers were the sole city lords from 1173 to 1218. The conversion of the royal palace into a castle with towers and ditches is probably attributed to them."
doc_translated_mmd_zurich_historic_en,date_mid_12th_century_1140_1160,MENTIONS_DATE,From Prehistory to the High Middle Ages,City of kings and dukes (8th to 12th century),"After 1000, royal visits to Zurich resumed: Henry III stayed six times in the palace on Lindenhof between 1045-1055 and had it expanded into a residence with a two-story hall and chapel. After losing the function as a palace, Otto of Freising in the mid-12th century still described Zurich as the most distinguished city of Swabia. In the Staufer-Zähringer compromise of 1098, Zurich left the domain of the Staufer dukes. The counts of Lenzburg, who were already appointed as provosts and monastery bailiffs in 976, were confirmed, and the dukes of Zähringen were appointed holders of imperial rights. After the extinction of the Lenzburg line, the Zähringers were the sole city lords from 1173 to 1218. The conversion of the royal palace into a castle with towers and ditches is probably attributed to them."
doc_translated_mmd_zurich_historic_en,date_1098_1098_1098,MENTIONS_DATE,From Prehistory to the High Middle Ages,City of kings and dukes (8th to 12th century),"After 1000, royal visits to Zurich resumed: Henry III stayed six times in the palace on Lindenhof between 1045-1055 and had it expanded into a residence with a two-story hall and chapel. After losing the function as a palace, Otto of Freising in the mid-12th century still described Zurich as the most distinguished city of Swabia. In the Staufer-Zähringer compromise of 1098, Zurich left the domain of the Staufer dukes. The counts of Lenzburg, who were already appointed as provosts and monastery bailiffs in 976, were confirmed, and the dukes of Zähringen were appointed holders of imperial rights. After the extinction of the Lenzburg line, the Zähringers were the sole city lords from 1173 to 1218. The conversion of the royal palace into a castle with towers and ditches is probably attributed to them."
doc_translated_mmd_zurich_historic_en,date_976_976_976,MENTIONS_DATE,From Prehistory to the High Middle Ages,City of kings and dukes (8th to 12th century),"After 1000, royal visits to Zurich resumed: Henry III stayed six times in the palace on Lindenhof between 1045-1055 and had it expanded into a residence with a two-story hall and chapel. After losing the function as a palace, Otto of Freising in the mid-12th century still described Zurich as the most distinguished city of Swabia. In the Staufer-Zähringer compromise of 1098, Zurich left the domain of the Staufer dukes. The counts of Lenzburg, who were already appointed as provosts and monastery bailiffs in 976, were confirmed, and the dukes of Zähringen were appointed holders of imperial rights. After the extinction of the Lenzburg line, the Zähringers were the sole city lords from 1173 to 1218. The conversion of the royal palace into a castle with towers and ditches is probably attributed to them."
doc_translated_mmd_zurich_historic_en,date_1173_to_1218_1173_1218,MENTIONS_DATE,From Prehistory to the High Middle Ages,City of kings and dukes (8th to 12th century),"After 1000, royal visits to Zurich resumed: Henry III stayed six times in the palace on Lindenhof between 1045-1055 and had it expanded into a residence with a two-story hall and chapel. After losing the function as a palace, Otto of Freising in the mid-12th century still described Zurich as the most distinguished city of Swabia. In the Staufer-Zähringer compromise of 1098, Zurich left the domain of the Staufer dukes. The counts of Lenzburg, who were already appointed as provosts and monastery bailiffs in 976, were confirmed, and the dukes of Zähringen were appointed holders of imperial rights. After the extinction of the Lenzburg line, the Zähringers were the sole city lords from 1173 to 1218. The conversion of the royal palace into a castle with towers and ditches is probably attributed to them."
doc_translated_mmd_zurich_historic_en,date_10th_century_901_1000,MENTIONS_DATE,From Prehistory to the High Middle Ages,City of kings and dukes (8th to 12th century),"The Fraumünster and Grossmünster convents formed in the 10th century, together with the Wasserkirche and the parish churches of St. Peter and St. Stephan, an exceptional sacred landscape shaped by the local martyr cult of Felix and Regula. The oldest archaeologically proven church of the Benedictine nunnery Fraumünster is a large hall church of the 9th century with a transept and three apses. Before it stood an early medieval post building of unknown function. In its early period, the monastery had an enclosure with a ditch. The collegiate church Grossmünster was regarded as the place of burial of the city saints. The passion story written down at the end of the 8th century reports miracles at their graves, suggesting that a cult building already existed at that time. It is unknown whether Charlemagne, revered as the founder, had sought after the burial site. The Grossmünster church was rebuilt in late Romanesque style between 1100 and 1230, replacing a predecessor building. The Wasserkirche, whose oldest predecessor can be dated to 1000, houses the martyr's stone. This indicated the spot on a Limmat island that was venerated as the place of the beheading of the city saints. The church of St. Peter, first mentioned in 857, is attested as a parish church from the 12th century; it possibly followed on the vanished church of St. Stephan west of Lindenhof. Due to a donation, the Augustinian canons' monastery of St. Martin was founded on Zurichberg in 1127."
doc_translated_mmd_zurich_historic_en,date_9th_century_801_900,MENTIONS_DATE,From Prehistory to the High Middle Ages,City of kings and dukes (8th to 12th century),"The Fraumünster and Grossmünster convents formed in the 10th century, together with the Wasserkirche and the parish churches of St. Peter and St. Stephan, an exceptional sacred landscape shaped by the local martyr cult of Felix and Regula. The oldest archaeologically proven church of the Benedictine nunnery Fraumünster is a large hall church of the 9th century with a transept and three apses. Before it stood an early medieval post building of unknown function. In its early period, the monastery had an enclosure with a ditch. The collegiate church Grossmünster was regarded as the place of burial of the city saints. The passion story written down at the end of the 8th century reports miracles at their graves, suggesting that a cult building already existed at that time. It is unknown whether Charlemagne, revered as the founder, had sought after the burial site. The Grossmünster church was rebuilt in late Romanesque style between 1100 and 1230, replacing a predecessor building. The Wasserkirche, whose oldest predecessor can be dated to 1000, houses the martyr's stone. This indicated the spot on a Limmat island that was venerated as the place of the beheading of the city saints. The church of St. Peter, first mentioned in 857, is attested as a parish church from the 12th century; it possibly followed on the vanished church of St. Stephan west of Lindenhof. Due to a donation, the Augustinian canons' monastery of St. Martin was founded on Zurichberg in 1127."
doc_translated_mmd_zurich_historic_en,date_end_of_the_8th_century_780_799,MENTIONS_DATE,From Prehistory to the High Middle Ages,City of kings and dukes (8th to 12th century),"The Fraumünster and Grossmünster convents formed in the 10th century, together with the Wasserkirche and the parish churches of St. Peter and St. Stephan, an exceptional sacred landscape shaped by the local martyr cult of Felix and Regula. The oldest archaeologically proven church of the Benedictine nunnery Fraumünster is a large hall church of the 9th century with a transept and three apses. Before it stood an early medieval post building of unknown function. In its early period, the monastery had an enclosure with a ditch. The collegiate church Grossmünster was regarded as the place of burial of the city saints. The passion story written down at the end of the 8th century reports miracles at their graves, suggesting that a cult building already existed at that time. It is unknown whether Charlemagne, revered as the founder, had sought after the burial site. The Grossmünster church was rebuilt in late Romanesque style between 1100 and 1230, replacing a predecessor building. The Wasserkirche, whose oldest predecessor can be dated to 1000, houses the martyr's stone. This indicated the spot on a Limmat island that was venerated as the place of the beheading of the city saints. The church of St. Peter, first mentioned in 857, is attested as a parish church from the 12th century; it possibly followed on the vanished church of St. Stephan west of Lindenhof. Due to a donation, the Augustinian canons' monastery of St. Martin was founded on Zurichberg in 1127."
doc_translated_mmd_zurich_historic_en,date_between_1100_and_1230_1100_1230,MENTIONS_DATE,From Prehistory to the High Middle Ages,City of kings and dukes (8th to 12th century),"The Fraumünster and Grossmünster convents formed in the 10th century, together with the Wasserkirche and the parish churches of St. Peter and St. Stephan, an exceptional sacred landscape shaped by the local martyr cult of Felix and Regula. The oldest archaeologically proven church of the Benedictine nunnery Fraumünster is a large hall church of the 9th century with a transept and three apses. Before it stood an early medieval post building of unknown function. In its early period, the monastery had an enclosure with a ditch. The collegiate church Grossmünster was regarded as the place of burial of the city saints. The passion story written down at the end of the 8th century reports miracles at their graves, suggesting that a cult building already existed at that time. It is unknown whether Charlemagne, revered as the founder, had sought after the burial site. The Grossmünster church was rebuilt in late Romanesque style between 1100 and 1230, replacing a predecessor building. The Wasserkirche, whose oldest predecessor can be dated to 1000, houses the martyr's stone. This indicated the spot on a Limmat island that was venerated as the place of the beheading of the city saints. The church of St. Peter, first mentioned in 857, is attested as a parish church from the 12th century; it possibly followed on the vanished church of St. Stephan west of Lindenhof. Due to a donation, the Augustinian canons' monastery of St. Martin was founded on Zurichberg in 1127."
doc_translated_mmd_zurich_historic_en,date_1000_1000_1000,MENTIONS_DATE,From Prehistory to the High Middle Ages,City of kings and dukes (8th to 12th century),"The Fraumünster and Grossmünster convents formed in the 10th century, together with the Wasserkirche and the parish churches of St. Peter and St. Stephan, an exceptional sacred landscape shaped by the local martyr cult of Felix and Regula. The oldest archaeologically proven church of the Benedictine nunnery Fraumünster is a large hall church of the 9th century with a transept and three apses. Before it stood an early medieval post building of unknown function. In its early period, the monastery had an enclosure with a ditch. The collegiate church Grossmünster was regarded as the place of burial of the city saints. The passion story written down at the end of the 8th century reports miracles at their graves, suggesting that a cult building already existed at that time. It is unknown whether Charlemagne, revered as the founder, had sought after the burial site. The Grossmünster church was rebuilt in late Romanesque style between 1100 and 1230, replacing a predecessor building. The Wasserkirche, whose oldest predecessor can be dated to 1000, houses the martyr's stone. This indicated the spot on a Limmat island that was venerated as the place of the beheading of the city saints. The church of St. Peter, first mentioned in 857, is attested as a parish church from the 12th century; it possibly followed on the vanished church of St. Stephan west of Lindenhof. Due to a donation, the Augustinian canons' monastery of St. Martin was founded on Zurichberg in 1127."
doc_translated_mmd_zurich_historic_en,date_857_857_857,MENTIONS_DATE,From Prehistory to the High Middle Ages,City of kings and dukes (8th to 12th century),"The Fraumünster and Grossmünster convents formed in the 10th century, together with the Wasserkirche and the parish churches of St. Peter and St. Stephan, an exceptional sacred landscape shaped by the local martyr cult of Felix and Regula. The oldest archaeologically proven church of the Benedictine nunnery Fraumünster is a large hall church of the 9th century with a transept and three apses. Before it stood an early medieval post building of unknown function. In its early period, the monastery had an enclosure with a ditch. The collegiate church Grossmünster was regarded as the place of burial of the city saints. The passion story written down at the end of the 8th century reports miracles at their graves, suggesting that a cult building already existed at that time. It is unknown whether Charlemagne, revered as the founder, had sought after the burial site. The Grossmünster church was rebuilt in late Romanesque style between 1100 and 1230, replacing a predecessor building. The Wasserkirche, whose oldest predecessor can be dated to 1000, houses the martyr's stone. This indicated the spot on a Limmat island that was venerated as the place of the beheading of the city saints. The church of St. Peter, first mentioned in 857, is attested as a parish church from the 12th century; it possibly followed on the vanished church of St. Stephan west of Lindenhof. Due to a donation, the Augustinian canons' monastery of St. Martin was founded on Zurichberg in 1127."
doc_translated_mmd_zurich_historic_en,date_12th_century_1101_1200,MENTIONS_DATE,From Prehistory to the High Middle Ages,City of kings and dukes (8th to 12th century),"The Fraumünster and Grossmünster convents formed in the 10th century, together with the Wasserkirche and the parish churches of St. Peter and St. Stephan, an exceptional sacred landscape shaped by the local martyr cult of Felix and Regula. The oldest archaeologically proven church of the Benedictine nunnery Fraumünster is a large hall church of the 9th century with a transept and three apses. Before it stood an early medieval post building of unknown function. In its early period, the monastery had an enclosure with a ditch. The collegiate church Grossmünster was regarded as the place of burial of the city saints. The passion story written down at the end of the 8th century reports miracles at their graves, suggesting that a cult building already existed at that time. It is unknown whether Charlemagne, revered as the founder, had sought after the burial site. The Grossmünster church was rebuilt in late Romanesque style between 1100 and 1230, replacing a predecessor building. The Wasserkirche, whose oldest predecessor can be dated to 1000, houses the martyr's stone. This indicated the spot on a Limmat island that was venerated as the place of the beheading of the city saints. The church of St. Peter, first mentioned in 857, is attested as a parish church from the 12th century; it possibly followed on the vanished church of St. Stephan west of Lindenhof. Due to a donation, the Augustinian canons' monastery of St. Martin was founded on Zurichberg in 1127."
doc_translated_mmd_zurich_historic_en,date_1127_1127_1127,MENTIONS_DATE,From Prehistory to the High Middle Ages,City of kings and dukes (8th to 12th century),"The Fraumünster and Grossmünster convents formed in the 10th century, together with the Wasserkirche and the parish churches of St. Peter and St. Stephan, an exceptional sacred landscape shaped by the local martyr cult of Felix and Regula. The oldest archaeologically proven church of the Benedictine nunnery Fraumünster is a large hall church of the 9th century with a transept and three apses. Before it stood an early medieval post building of unknown function. In its early period, the monastery had an enclosure with a ditch. The collegiate church Grossmünster was regarded as the place of burial of the city saints. The passion story written down at the end of the 8th century reports miracles at their graves, suggesting that a cult building already existed at that time. It is unknown whether Charlemagne, revered as the founder, had sought after the burial site. The Grossmünster church was rebuilt in late Romanesque style between 1100 and 1230, replacing a predecessor building. The Wasserkirche, whose oldest predecessor can be dated to 1000, houses the martyr's stone. This indicated the spot on a Limmat island that was venerated as the place of the beheading of the city saints. The church of St. Peter, first mentioned in 857, is attested as a parish church from the 12th century; it possibly followed on the vanished church of St. Stephan west of Lindenhof. Due to a donation, the Augustinian canons' monastery of St. Martin was founded on Zurichberg in 1127."
doc_translated_mmd_zurich_historic_en,date_8th_century_701_800,MENTIONS_DATE,From Prehistory to the High Middle Ages,City of kings and dukes (8th to 12th century),"Written sources from the 8th century provide clues about the settlement's topography: castrum, castellum and civitas refer to the castellum or castle site; vicus to the unfortified settlement parts; villa and curtis to the farmsteads. From Carolingian times come wooden buildings near Fraumünster and embankments for a probable embankment at the eastern Limmat bank. The expanded defensive ditch of Lindenhof at upper Rennweg is dated to the 10th-11th century. The intensive building activity of the 12th century was also recorded in written sources. Archaeologically, the first extensive city wall and a bossed square stone wall on the Limmat shore are evidenced. In the eastern city district, regular sequences of building complexes, alleys and moats give the impression of planned plots. The four-story core building of the Guild House of the Carpenters is dendro-dated to 1156."
doc_translated_mmd_zurich_historic_en,date_carolingian_times_750_900,MENTIONS_DATE,From Prehistory to the High Middle Ages,City of kings and dukes (8th to 12th century),"Written sources from the 8th century provide clues about the settlement's topography: castrum, castellum and civitas refer to the castellum or castle site; vicus to the unfortified settlement parts; villa and curtis to the farmsteads. From Carolingian times come wooden buildings near Fraumünster and embankments for a probable embankment at the eastern Limmat bank. The expanded defensive ditch of Lindenhof at upper Rennweg is dated to the 10th-11th century. The intensive building activity of the 12th century was also recorded in written sources. Archaeologically, the first extensive city wall and a bossed square stone wall on the Limmat shore are evidenced. In the eastern city district, regular sequences of building complexes, alleys and moats give the impression of planned plots. The four-story core building of the Guild House of the Carpenters is dendro-dated to 1156."
doc_translated_mmd_zurich_historic_en,date_10th_11th_century_901_1100,MENTIONS_DATE,From Prehistory to the High Middle Ages,City of kings and dukes (8th to 12th century),"Written sources from the 8th century provide clues about the settlement's topography: castrum, castellum and civitas refer to the castellum or castle site; vicus to the unfortified settlement parts; villa and curtis to the farmsteads. From Carolingian times come wooden buildings near Fraumünster and embankments for a probable embankment at the eastern Limmat bank. The expanded defensive ditch of Lindenhof at upper Rennweg is dated to the 10th-11th century. The intensive building activity of the 12th century was also recorded in written sources. Archaeologically, the first extensive city wall and a bossed square stone wall on the Limmat shore are evidenced. In the eastern city district, regular sequences of building complexes, alleys and moats give the impression of planned plots. The four-story core building of the Guild House of the Carpenters is dendro-dated to 1156."
doc_translated_mmd_zurich_historic_en,date_12th_century_1101_1200,MENTIONS_DATE,From Prehistory to the High Middle Ages,City of kings and dukes (8th to 12th century),"Written sources from the 8th century provide clues about the settlement's topography: castrum, castellum and civitas refer to the castellum or castle site; vicus to the unfortified settlement parts; villa and curtis to the farmsteads. From Carolingian times come wooden buildings near Fraumünster and embankments for a probable embankment at the eastern Limmat bank. The expanded defensive ditch of Lindenhof at upper Rennweg is dated to the 10th-11th century. The intensive building activity of the 12th century was also recorded in written sources. Archaeologically, the first extensive city wall and a bossed square stone wall on the Limmat shore are evidenced. In the eastern city district, regular sequences of building complexes, alleys and moats give the impression of planned plots. The four-story core building of the Guild House of the Carpenters is dendro-dated to 1156."
doc_translated_mmd_zurich_historic_en,date_1156_1156_1156,MENTIONS_DATE,From Prehistory to the High Middle Ages,City of kings and dukes (8th to 12th century),"Written sources from the 8th century provide clues about the settlement's topography: castrum, castellum and civitas refer to the castellum or castle site; vicus to the unfortified settlement parts; villa and curtis to the farmsteads. From Carolingian times come wooden buildings near Fraumünster and embankments for a probable embankment at the eastern Limmat bank. The expanded defensive ditch of Lindenhof at upper Rennweg is dated to the 10th-11th century. The intensive building activity of the 12th century was also recorded in written sources. Archaeologically, the first extensive city wall and a bossed square stone wall on the Limmat shore are evidenced. In the eastern city district, regular sequences of building complexes, alleys and moats give the impression of planned plots. The four-story core building of the Guild House of the Carpenters is dendro-dated to 1156."
doc_translated_mmd_zurich_historic_en,date_1098_1098_1098,MENTIONS_DATE,Rule and politics from the High Middle Ages to the end of the 18th century,The city becomes independent,"The imperial bailiwick Zurich, assigned in 1098 to the Dukes of Zähringen, continued after their extinction in 1218 but was no longer granted by the king as a hereditary office to a prince, rather limited in time to an imperial official, usually coming from the citizenry. The imperial immediacy of the city, certified several times until 1512 by emperor and empire, formed the basis for the gradual development of municipal self-government. The old center of power on Lindenhof must have been destroyed by citizens in the early 13th century, long before 1271 according to written records."
doc_translated_mmd_zurich_historic_en,date_1218_1218_1218,MENTIONS_DATE,Rule and politics from the High Middle Ages to the end of the 18th century,The city becomes independent,"The imperial bailiwick Zurich, assigned in 1098 to the Dukes of Zähringen, continued after their extinction in 1218 but was no longer granted by the king as a hereditary office to a prince, rather limited in time to an imperial official, usually coming from the citizenry. The imperial immediacy of the city, certified several times until 1512 by emperor and empire, formed the basis for the gradual development of municipal self-government. The old center of power on Lindenhof must have been destroyed by citizens in the early 13th century, long before 1271 according to written records."
doc_translated_mmd_zurich_historic_en,date_early_13th_century_1201_1233,MENTIONS_DATE,Rule and politics from the High Middle Ages to the end of the 18th century,The city becomes independent,"The imperial bailiwick Zurich, assigned in 1098 to the Dukes of Zähringen, continued after their extinction in 1218 but was no longer granted by the king as a hereditary office to a prince, rather limited in time to an imperial official, usually coming from the citizenry. The imperial immediacy of the city, certified several times until 1512 by emperor and empire, formed the basis for the gradual development of municipal self-government. The old center of power on Lindenhof must have been destroyed by citizens in the early 13th century, long before 1271 according to written records."
doc_translated_mmd_zurich_historic_en,date_1271_1271_1271,MENTIONS_DATE,Rule and politics from the High Middle Ages to the end of the 18th century,The city becomes independent,"The imperial bailiwick Zurich, assigned in 1098 to the Dukes of Zähringen, continued after their extinction in 1218 but was no longer granted by the king as a hereditary office to a prince, rather limited in time to an imperial official, usually coming from the citizenry. The imperial immediacy of the city, certified several times until 1512 by emperor and empire, formed the basis for the gradual development of municipal self-government. The old center of power on Lindenhof must have been destroyed by citizens in the early 13th century, long before 1271 according to written records."
doc_translated_mmd_zurich_historic_en,date_until_1512_none_1512,MENTIONS_DATE,Rule and politics from the High Middle Ages to the end of the 18th century,The city becomes independent,"The imperial bailiwick Zurich, assigned in 1098 to the Dukes of Zähringen, continued after their extinction in 1218 but was no longer granted by the king as a hereditary office to a prince, rather limited in time to an imperial official, usually coming from the citizenry. The imperial immediacy of the city, certified several times until 1512 by emperor and empire, formed the basis for the gradual development of municipal self-government. The old center of power on Lindenhof must have been destroyed by citizens in the early 13th century, long before 1271 according to written records."
doc_translated_mmd_zurich_historic_en,date_1234_1234_1234,MENTIONS_DATE,Rule and politics from the High Middle Ages to the end of the 18th century,The city becomes independent,"Like the Grossmünster chapter, the Fraumünster chapter was freed from bailiff interference. Its abbess attained the rank of imperial princess (attested from 1234), appointed the mayor early on, and influenced the election of other officials. She granted the coin and toll rights, determined minting standards and measures, and long also certified municipal legal transactions with her seal. From the late 13th century, the manorial rights and prerogatives of the abbey increasingly came under the influence of the economically empowered bourgeoisie, for example in the form of fixed-term grants of coinage rights (similar to market or toll rights). However, lower jurisdiction remained with the convent. The abbess also certified the ""Sworn Letters"" and law books until Emperor Sigismund allowed the citizenry in 1433 to change legal texts independently. Due to the economic decline of Fraumünster, the city increasingly intervened in monastery affairs in the late Middle Ages. Although economic conditions improved, the monastery was dissolved in the Reformation in 1524 and its property confiscated. The city combined the Fraumünster estate into the Fraumünster office. The former monastery's assets were administered separately from the other monastic holdings, and the office of Obmann established in 1533 to manage it."
doc_translated_mmd_zurich_historic_en,date_late_13th_century_1275_1299,MENTIONS_DATE,Rule and politics from the High Middle Ages to the end of the 18th century,The city becomes independent,"Like the Grossmünster chapter, the Fraumünster chapter was freed from bailiff interference. Its abbess attained the rank of imperial princess (attested from 1234), appointed the mayor early on, and influenced the election of other officials. She granted the coin and toll rights, determined minting standards and measures, and long also certified municipal legal transactions with her seal. From the late 13th century, the manorial rights and prerogatives of the abbey increasingly came under the influence of the economically empowered bourgeoisie, for example in the form of fixed-term grants of coinage rights (similar to market or toll rights). However, lower jurisdiction remained with the convent. The abbess also certified the ""Sworn Letters"" and law books until Emperor Sigismund allowed the citizenry in 1433 to change legal texts independently. Due to the economic decline of Fraumünster, the city increasingly intervened in monastery affairs in the late Middle Ages. Although economic conditions improved, the monastery was dissolved in the Reformation in 1524 and its property confiscated. The city combined the Fraumünster estate into the Fraumünster office. The former monastery's assets were administered separately from the other monastic holdings, and the office of Obmann established in 1533 to manage it."
doc_translated_mmd_zurich_historic_en,date_1433_1433_1433,MENTIONS_DATE,Rule and politics from the High Middle Ages to the end of the 18th century,The city becomes independent,"Like the Grossmünster chapter, the Fraumünster chapter was freed from bailiff interference. Its abbess attained the rank of imperial princess (attested from 1234), appointed the mayor early on, and influenced the election of other officials. She granted the coin and toll rights, determined minting standards and measures, and long also certified municipal legal transactions with her seal. From the late 13th century, the manorial rights and prerogatives of the abbey increasingly came under the influence of the economically empowered bourgeoisie, for example in the form of fixed-term grants of coinage rights (similar to market or toll rights). However, lower jurisdiction remained with the convent. The abbess also certified the ""Sworn Letters"" and law books until Emperor Sigismund allowed the citizenry in 1433 to change legal texts independently. Due to the economic decline of Fraumünster, the city increasingly intervened in monastery affairs in the late Middle Ages. Although economic conditions improved, the monastery was dissolved in the Reformation in 1524 and its property confiscated. The city combined the Fraumünster estate into the Fraumünster office. The former monastery's assets were administered separately from the other monastic holdings, and the office of Obmann established in 1533 to manage it."
doc_translated_mmd_zurich_historic_en,date_late_middle_ages_1300_1500,MENTIONS_DATE,Rule and politics from the High Middle Ages to the end of the 18th century,The city becomes independent,"Like the Grossmünster chapter, the Fraumünster chapter was freed from bailiff interference. Its abbess attained the rank of imperial princess (attested from 1234), appointed the mayor early on, and influenced the election of other officials. She granted the coin and toll rights, determined minting standards and measures, and long also certified municipal legal transactions with her seal. From the late 13th century, the manorial rights and prerogatives of the abbey increasingly came under the influence of the economically empowered bourgeoisie, for example in the form of fixed-term grants of coinage rights (similar to market or toll rights). However, lower jurisdiction remained with the convent. The abbess also certified the ""Sworn Letters"" and law books until Emperor Sigismund allowed the citizenry in 1433 to change legal texts independently. Due to the economic decline of Fraumünster, the city increasingly intervened in monastery affairs in the late Middle Ages. Although economic conditions improved, the monastery was dissolved in the Reformation in 1524 and its property confiscated. The city combined the Fraumünster estate into the Fraumünster office. The former monastery's assets were administered separately from the other monastic holdings, and the office of Obmann established in 1533 to manage it."
doc_translated_mmd_zurich_historic_en,date_1524_1524_1524,MENTIONS_DATE,Rule and politics from the High Middle Ages to the end of the 18th century,The city becomes independent,"Like the Grossmünster chapter, the Fraumünster chapter was freed from bailiff interference. Its abbess attained the rank of imperial princess (attested from 1234), appointed the mayor early on, and influenced the election of other officials. She granted the coin and toll rights, determined minting standards and measures, and long also certified municipal legal transactions with her seal. From the late 13th century, the manorial rights and prerogatives of the abbey increasingly came under the influence of the economically empowered bourgeoisie, for example in the form of fixed-term grants of coinage rights (similar to market or toll rights). However, lower jurisdiction remained with the convent. The abbess also certified the ""Sworn Letters"" and law books until Emperor Sigismund allowed the citizenry in 1433 to change legal texts independently. Due to the economic decline of Fraumünster, the city increasingly intervened in monastery affairs in the late Middle Ages. Although economic conditions improved, the monastery was dissolved in the Reformation in 1524 and its property confiscated. The city combined the Fraumünster estate into the Fraumünster office. The former monastery's assets were administered separately from the other monastic holdings, and the office of Obmann established in 1533 to manage it."
doc_translated_mmd_zurich_historic_en,date_1533_1533_1533,MENTIONS_DATE,Rule and politics from the High Middle Ages to the end of the 18th century,The city becomes independent,"Like the Grossmünster chapter, the Fraumünster chapter was freed from bailiff interference. Its abbess attained the rank of imperial princess (attested from 1234), appointed the mayor early on, and influenced the election of other officials. She granted the coin and toll rights, determined minting standards and measures, and long also certified municipal legal transactions with her seal. From the late 13th century, the manorial rights and prerogatives of the abbey increasingly came under the influence of the economically empowered bourgeoisie, for example in the form of fixed-term grants of coinage rights (similar to market or toll rights). However, lower jurisdiction remained with the convent. The abbess also certified the ""Sworn Letters"" and law books until Emperor Sigismund allowed the citizenry in 1433 to change legal texts independently. Due to the economic decline of Fraumünster, the city increasingly intervened in monastery affairs in the late Middle Ages. Although economic conditions improved, the monastery was dissolved in the Reformation in 1524 and its property confiscated. The city combined the Fraumünster estate into the Fraumünster office. The former monastery's assets were administered separately from the other monastic holdings, and the office of Obmann established in 1533 to manage it."
doc_translated_mmd_zurich_historic_en,date_1347_1347_1347,MENTIONS_DATE,Rule and politics from the High Middle Ages to the end of the 18th century,Municipal constitution and city institutions,"Oldest seal stamp of the city of Zurich, 1347 (State Archives Zurich, OBJ 19)."
doc_translated_mmd_zurich_historic_en,date_1220_1220_1220,MENTIONS_DATE,Rule and politics from the High Middle Ages to the end of the 18th century,Municipal constitution and city institutions,"A council is attested in Zurich from 1220. Since the imperial bailiff presided over the council, it is assumed that it evolved from the imperial bailiff's court. Until the mid-13th century, the exact competences of the council are not known, but its members initially mainly appeared as witnesses in property transfers. From 1250, it is better traceable through council lists (fully mentioned in 1252). The council of twelve members, consisting of knights and citizens, divided itself into fasten (Lent), summer, and autumn councils, each with a term of four months. This document was issued in the town hall mentioned first in 1252 (in domo nostrae universitatis). The judge's letter first drafted around 1250 is the oldest codification of the city's laws. In the renewed version of 1304, the formation of guilds as political groups was forbidden, but they remained as trade guilds."
doc_translated_mmd_zurich_historic_en,date_mid_13th_century_1240_1260,MENTIONS_DATE,Rule and politics from the High Middle Ages to the end of the 18th century,Municipal constitution and city institutions,"A council is attested in Zurich from 1220. Since the imperial bailiff presided over the council, it is assumed that it evolved from the imperial bailiff's court. Until the mid-13th century, the exact competences of the council are not known, but its members initially mainly appeared as witnesses in property transfers. From 1250, it is better traceable through council lists (fully mentioned in 1252). The council of twelve members, consisting of knights and citizens, divided itself into fasten (Lent), summer, and autumn councils, each with a term of four months. This document was issued in the town hall mentioned first in 1252 (in domo nostrae universitatis). The judge's letter first drafted around 1250 is the oldest codification of the city's laws. In the renewed version of 1304, the formation of guilds as political groups was forbidden, but they remained as trade guilds."
doc_translated_mmd_zurich_historic_en,date_1250_1250_1250,MENTIONS_DATE,Rule and politics from the High Middle Ages to the end of the 18th century,Municipal constitution and city institutions,"A council is attested in Zurich from 1220. Since the imperial bailiff presided over the council, it is assumed that it evolved from the imperial bailiff's court. Until the mid-13th century, the exact competences of the council are not known, but its members initially mainly appeared as witnesses in property transfers. From 1250, it is better traceable through council lists (fully mentioned in 1252). The council of twelve members, consisting of knights and citizens, divided itself into fasten (Lent), summer, and autumn councils, each with a term of four months. This document was issued in the town hall mentioned first in 1252 (in domo nostrae universitatis). The judge's letter first drafted around 1250 is the oldest codification of the city's laws. In the renewed version of 1304, the formation of guilds as political groups was forbidden, but they remained as trade guilds."
doc_translated_mmd_zurich_historic_en,date_1252_1252_1252,MENTIONS_DATE,Rule and politics from the High Middle Ages to the end of the 18th century,Municipal constitution and city institutions,"A council is attested in Zurich from 1220. Since the imperial bailiff presided over the council, it is assumed that it evolved from the imperial bailiff's court. Until the mid-13th century, the exact competences of the council are not known, but its members initially mainly appeared as witnesses in property transfers. From 1250, it is better traceable through council lists (fully mentioned in 1252). The council of twelve members, consisting of knights and citizens, divided itself into fasten (Lent), summer, and autumn councils, each with a term of four months. This document was issued in the town hall mentioned first in 1252 (in domo nostrae universitatis). The judge's letter first drafted around 1250 is the oldest codification of the city's laws. In the renewed version of 1304, the formation of guilds as political groups was forbidden, but they remained as trade guilds."
doc_translated_mmd_zurich_historic_en,date_1304_1304_1304,MENTIONS_DATE,Rule and politics from the High Middle Ages to the end of the 18th century,Municipal constitution and city institutions,"A council is attested in Zurich from 1220. Since the imperial bailiff presided over the council, it is assumed that it evolved from the imperial bailiff's court. Until the mid-13th century, the exact competences of the council are not known, but its members initially mainly appeared as witnesses in property transfers. From 1250, it is better traceable through council lists (fully mentioned in 1252). The council of twelve members, consisting of knights and citizens, divided itself into fasten (Lent), summer, and autumn councils, each with a term of four months. This document was issued in the town hall mentioned first in 1252 (in domo nostrae universitatis). The judge's letter first drafted around 1250 is the oldest codification of the city's laws. In the renewed version of 1304, the formation of guilds as political groups was forbidden, but they remained as trade guilds."
doc_translated_mmd_zurich_historic_en,date_1292_1292_1292,MENTIONS_DATE,Rule and politics from the High Middle Ages to the end of the 18th century,Municipal constitution and city institutions,"After the failed attack on Winterthur in 1292, the bourgeois-commercial patriciate increasingly displaced the knights from the council. The rise of the patricians was halted in 1336 by the Brun guild revolution. In the ""First Sworn Letter,"" the council is divided into a Baptistal and Natal council with six-month terms each. It consisted of 26 members: 13 members were from the Konstaffel, which comprised seven knights and six major merchants (consules), and the other 13 were guild masters (scabini) of the 13 newly formed guilds. Mayor Rudolf Brun was elected for life with dictatorial powers. The councilors banished to Rapperswil unsuccessfully tried to regain power, including in the Zurich murder night of 1350. The guild constitution remained in a modified form until 1798."
doc_translated_mmd_zurich_historic_en,date_1336_1336_1336,MENTIONS_DATE,Rule and politics from the High Middle Ages to the end of the 18th century,Municipal constitution and city institutions,"After the failed attack on Winterthur in 1292, the bourgeois-commercial patriciate increasingly displaced the knights from the council. The rise of the patricians was halted in 1336 by the Brun guild revolution. In the ""First Sworn Letter,"" the council is divided into a Baptistal and Natal council with six-month terms each. It consisted of 26 members: 13 members were from the Konstaffel, which comprised seven knights and six major merchants (consules), and the other 13 were guild masters (scabini) of the 13 newly formed guilds. Mayor Rudolf Brun was elected for life with dictatorial powers. The councilors banished to Rapperswil unsuccessfully tried to regain power, including in the Zurich murder night of 1350. The guild constitution remained in a modified form until 1798."
doc_translated_mmd_zurich_historic_en,date_1350_1350_1350,MENTIONS_DATE,Rule and politics from the High Middle Ages to the end of the 18th century,Municipal constitution and city institutions,"After the failed attack on Winterthur in 1292, the bourgeois-commercial patriciate increasingly displaced the knights from the council. The rise of the patricians was halted in 1336 by the Brun guild revolution. In the ""First Sworn Letter,"" the council is divided into a Baptistal and Natal council with six-month terms each. It consisted of 26 members: 13 members were from the Konstaffel, which comprised seven knights and six major merchants (consules), and the other 13 were guild masters (scabini) of the 13 newly formed guilds. Mayor Rudolf Brun was elected for life with dictatorial powers. The councilors banished to Rapperswil unsuccessfully tried to regain power, including in the Zurich murder night of 1350. The guild constitution remained in a modified form until 1798."
doc_translated_mmd_zurich_historic_en,date_1798_1798_1798,MENTIONS_DATE,Rule and politics from the High Middle Ages to the end of the 18th century,Municipal constitution and city institutions,"After the failed attack on Winterthur in 1292, the bourgeois-commercial patriciate increasingly displaced the knights from the council. The rise of the patricians was halted in 1336 by the Brun guild revolution. In the ""First Sworn Letter,"" the council is divided into a Baptistal and Natal council with six-month terms each. It consisted of 26 members: 13 members were from the Konstaffel, which comprised seven knights and six major merchants (consules), and the other 13 were guild masters (scabini) of the 13 newly formed guilds. Mayor Rudolf Brun was elected for life with dictatorial powers. The councilors banished to Rapperswil unsuccessfully tried to regain power, including in the Zurich murder night of 1350. The guild constitution remained in a modified form until 1798."
doc_translated_mmd_zurich_historic_en,date_1373_1373_1373,MENTIONS_DATE,Rule and politics from the High Middle Ages to the end of the 18th century,Municipal constitution and city institutions,"Initial of the ""Second Sworn Letter,"" 1373 (State Archives Zurich, C I, Nr. 536)."
doc_translated_mmd_zurich_historic_en,date_1373_1373_1373,MENTIONS_DATE,Rule and politics from the High Middle Ages to the end of the 18th century,Municipal constitution and city institutions,"In the ""Second Sworn Letter"" of 1373, the mayor’s powers were curtailed in favor of the council and his term restricted to the six-month council cycle. The councilors of the Konstaffel should now be elected by the outgoing council, the consules and scabini, leading to an increase of merchants and landowners in the council at the expense of knights. The craftsmen became eligible for the council, whereas previously they were only represented via the guild masters. The ""Third Sworn Letter"" agreed in 1393 after the so-called Schöno treaty sanctioned the election of guild members among the consules and made the Great Council together with the Small Council the supreme state authority. After the pogroms against Jews in 1401, the Great Council not only defended its right to self-appointment but also effectively elected the guild superiors. From the 15th century, the guild masters' college took control over council and guilds based on guaranteed rights. After Hans Waldmann's overthrow in 1489 (Waldmannhandel), guild powers were again limited to trade rights. According to the ""Fourth"" or ""Fifth Sworn Letter"" of 1498, professional groups such as merchants, goldsmiths, landowners, and free trades had free guild choice, breaking through the guild constitution, concentrating power in the hands of an upper class at the expense of craftsmen, and further weakening the Konstaffel. From 1490, Hintersassen (dependent residents) and thus part of the poorer population were also included in the Konstaffel."
doc_translated_mmd_zurich_historic_en,date_1393_1393_1393,MENTIONS_DATE,Rule and politics from the High Middle Ages to the end of the 18th century,Municipal constitution and city institutions,"In the ""Second Sworn Letter"" of 1373, the mayor’s powers were curtailed in favor of the council and his term restricted to the six-month council cycle. The councilors of the Konstaffel should now be elected by the outgoing council, the consules and scabini, leading to an increase of merchants and landowners in the council at the expense of knights. The craftsmen became eligible for the council, whereas previously they were only represented via the guild masters. The ""Third Sworn Letter"" agreed in 1393 after the so-called Schöno treaty sanctioned the election of guild members among the consules and made the Great Council together with the Small Council the supreme state authority. After the pogroms against Jews in 1401, the Great Council not only defended its right to self-appointment but also effectively elected the guild superiors. From the 15th century, the guild masters' college took control over council and guilds based on guaranteed rights. After Hans Waldmann's overthrow in 1489 (Waldmannhandel), guild powers were again limited to trade rights. According to the ""Fourth"" or ""Fifth Sworn Letter"" of 1498, professional groups such as merchants, goldsmiths, landowners, and free trades had free guild choice, breaking through the guild constitution, concentrating power in the hands of an upper class at the expense of craftsmen, and further weakening the Konstaffel. From 1490, Hintersassen (dependent residents) and thus part of the poorer population were also included in the Konstaffel."
doc_translated_mmd_zurich_historic_en,date_1401_1401_1401,MENTIONS_DATE,Rule and politics from the High Middle Ages to the end of the 18th century,Municipal constitution and city institutions,"In the ""Second Sworn Letter"" of 1373, the mayor’s powers were curtailed in favor of the council and his term restricted to the six-month council cycle. The councilors of the Konstaffel should now be elected by the outgoing council, the consules and scabini, leading to an increase of merchants and landowners in the council at the expense of knights. The craftsmen became eligible for the council, whereas previously they were only represented via the guild masters. The ""Third Sworn Letter"" agreed in 1393 after the so-called Schöno treaty sanctioned the election of guild members among the consules and made the Great Council together with the Small Council the supreme state authority. After the pogroms against Jews in 1401, the Great Council not only defended its right to self-appointment but also effectively elected the guild superiors. From the 15th century, the guild masters' college took control over council and guilds based on guaranteed rights. After Hans Waldmann's overthrow in 1489 (Waldmannhandel), guild powers were again limited to trade rights. According to the ""Fourth"" or ""Fifth Sworn Letter"" of 1498, professional groups such as merchants, goldsmiths, landowners, and free trades had free guild choice, breaking through the guild constitution, concentrating power in the hands of an upper class at the expense of craftsmen, and further weakening the Konstaffel. From 1490, Hintersassen (dependent residents) and thus part of the poorer population were also included in the Konstaffel."
doc_translated_mmd_zurich_historic_en,date_15th_century_1401_1500,MENTIONS_DATE,Rule and politics from the High Middle Ages to the end of the 18th century,Municipal constitution and city institutions,"In the ""Second Sworn Letter"" of 1373, the mayor’s powers were curtailed in favor of the council and his term restricted to the six-month council cycle. The councilors of the Konstaffel should now be elected by the outgoing council, the consules and scabini, leading to an increase of merchants and landowners in the council at the expense of knights. The craftsmen became eligible for the council, whereas previously they were only represented via the guild masters. The ""Third Sworn Letter"" agreed in 1393 after the so-called Schöno treaty sanctioned the election of guild members among the consules and made the Great Council together with the Small Council the supreme state authority. After the pogroms against Jews in 1401, the Great Council not only defended its right to self-appointment but also effectively elected the guild superiors. From the 15th century, the guild masters' college took control over council and guilds based on guaranteed rights. After Hans Waldmann's overthrow in 1489 (Waldmannhandel), guild powers were again limited to trade rights. According to the ""Fourth"" or ""Fifth Sworn Letter"" of 1498, professional groups such as merchants, goldsmiths, landowners, and free trades had free guild choice, breaking through the guild constitution, concentrating power in the hands of an upper class at the expense of craftsmen, and further weakening the Konstaffel. From 1490, Hintersassen (dependent residents) and thus part of the poorer population were also included in the Konstaffel."
doc_translated_mmd_zurich_historic_en,date_1489_1489_1489,MENTIONS_DATE,Rule and politics from the High Middle Ages to the end of the 18th century,Municipal constitution and city institutions,"In the ""Second Sworn Letter"" of 1373, the mayor’s powers were curtailed in favor of the council and his term restricted to the six-month council cycle. The councilors of the Konstaffel should now be elected by the outgoing council, the consules and scabini, leading to an increase of merchants and landowners in the council at the expense of knights. The craftsmen became eligible for the council, whereas previously they were only represented via the guild masters. The ""Third Sworn Letter"" agreed in 1393 after the so-called Schöno treaty sanctioned the election of guild members among the consules and made the Great Council together with the Small Council the supreme state authority. After the pogroms against Jews in 1401, the Great Council not only defended its right to self-appointment but also effectively elected the guild superiors. From the 15th century, the guild masters' college took control over council and guilds based on guaranteed rights. After Hans Waldmann's overthrow in 1489 (Waldmannhandel), guild powers were again limited to trade rights. According to the ""Fourth"" or ""Fifth Sworn Letter"" of 1498, professional groups such as merchants, goldsmiths, landowners, and free trades had free guild choice, breaking through the guild constitution, concentrating power in the hands of an upper class at the expense of craftsmen, and further weakening the Konstaffel. From 1490, Hintersassen (dependent residents) and thus part of the poorer population were also included in the Konstaffel."
doc_translated_mmd_zurich_historic_en,date_1498_1498_1498,MENTIONS_DATE,Rule and politics from the High Middle Ages to the end of the 18th century,Municipal constitution and city institutions,"In the ""Second Sworn Letter"" of 1373, the mayor’s powers were curtailed in favor of the council and his term restricted to the six-month council cycle. The councilors of the Konstaffel should now be elected by the outgoing council, the consules and scabini, leading to an increase of merchants and landowners in the council at the expense of knights. The craftsmen became eligible for the council, whereas previously they were only represented via the guild masters. The ""Third Sworn Letter"" agreed in 1393 after the so-called Schöno treaty sanctioned the election of guild members among the consules and made the Great Council together with the Small Council the supreme state authority. After the pogroms against Jews in 1401, the Great Council not only defended its right to self-appointment but also effectively elected the guild superiors. From the 15th century, the guild masters' college took control over council and guilds based on guaranteed rights. After Hans Waldmann's overthrow in 1489 (Waldmannhandel), guild powers were again limited to trade rights. According to the ""Fourth"" or ""Fifth Sworn Letter"" of 1498, professional groups such as merchants, goldsmiths, landowners, and free trades had free guild choice, breaking through the guild constitution, concentrating power in the hands of an upper class at the expense of craftsmen, and further weakening the Konstaffel. From 1490, Hintersassen (dependent residents) and thus part of the poorer population were also included in the Konstaffel."
doc_translated_mmd_zurich_historic_en,date_1490_1490_1490,MENTIONS_DATE,Rule and politics from the High Middle Ages to the end of the 18th century,Municipal constitution and city institutions,"In the ""Second Sworn Letter"" of 1373, the mayor’s powers were curtailed in favor of the council and his term restricted to the six-month council cycle. The councilors of the Konstaffel should now be elected by the outgoing council, the consules and scabini, leading to an increase of merchants and landowners in the council at the expense of knights. The craftsmen became eligible for the council, whereas previously they were only represented via the guild masters. The ""Third Sworn Letter"" agreed in 1393 after the so-called Schöno treaty sanctioned the election of guild members among the consules and made the Great Council together with the Small Council the supreme state authority. After the pogroms against Jews in 1401, the Great Council not only defended its right to self-appointment but also effectively elected the guild superiors. From the 15th century, the guild masters' college took control over council and guilds based on guaranteed rights. After Hans Waldmann's overthrow in 1489 (Waldmannhandel), guild powers were again limited to trade rights. According to the ""Fourth"" or ""Fifth Sworn Letter"" of 1498, professional groups such as merchants, goldsmiths, landowners, and free trades had free guild choice, breaking through the guild constitution, concentrating power in the hands of an upper class at the expense of craftsmen, and further weakening the Konstaffel. From 1490, Hintersassen (dependent residents) and thus part of the poorer population were also included in the Konstaffel."
doc_translated_mmd_zurich_historic_en,date_late_15th_century_1471_1500,MENTIONS_DATE,Rule and politics from the High Middle Ages to the end of the 18th century,Municipal constitution and city institutions,"The Great Council or Council of Two Hundred consisted from the late 15th century of both mayors, 48 members of the old and new Small Councils, 144 Zwölfer (12 councilors from each of the twelve guilds), and the Achtzehner (18 Konstaffel members), totaling 212 members. The small councils were elected by the sitting small and great councilors. The Great Council's competences included decisions on war and peace, conclusion of new alliances, election of mayor, council, bailiffs, and officials, as well as tax matters. Important transactions were submitted to the Secret Council, initially differently composed and eventually formed by the nine bodily heads, for prior consultation; this college was permanently established from 1633. Other important bodies were the accounting council responsible for the state budget and the war council."
doc_translated_mmd_zurich_historic_en,date_1633_1633_1633,MENTIONS_DATE,Rule and politics from the High Middle Ages to the end of the 18th century,Municipal constitution and city institutions,"The Great Council or Council of Two Hundred consisted from the late 15th century of both mayors, 48 members of the old and new Small Councils, 144 Zwölfer (12 councilors from each of the twelve guilds), and the Achtzehner (18 Konstaffel members), totaling 212 members. The small councils were elected by the sitting small and great councilors. The Great Council's competences included decisions on war and peace, conclusion of new alliances, election of mayor, council, bailiffs, and officials, as well as tax matters. Important transactions were submitted to the Secret Council, initially differently composed and eventually formed by the nine bodily heads, for prior consultation; this college was permanently established from 1633. Other important bodies were the accounting council responsible for the state budget and the war council."
doc_translated_mmd_zurich_historic_en,date_1654_1654_1654,MENTIONS_DATE,Rule and politics from the High Middle Ages to the end of the 18th century,Municipal constitution and city institutions,"Until the end of the Ancien Régime, the ""Sworn Letters"" were amended twice more. The ""Sixth Sworn Letter"" of 1654 confirmed the free guild choice of merchants, consolidating their supremacy. The ""Seventh Sworn Letter,"" enacted in response to the civil unrest of 1712-1713, did not change this situation. Thus, the share of merchants in the citizenry rose from 3% in 1599 to 12% in 1790, their presence in the council rising from 8% to 40%. To impede office buying (praktizieren), secret elections of guild masters were introduced, though they did not prevent re-election. As authority prevailed over craftsmen, this last constitutional reform stalled in its approach, but internal conflicts within the ruling elite diminished."
doc_translated_mmd_zurich_historic_en,date_1712_1713_1712_1713,MENTIONS_DATE,Rule and politics from the High Middle Ages to the end of the 18th century,Municipal constitution and city institutions,"Until the end of the Ancien Régime, the ""Sworn Letters"" were amended twice more. The ""Sixth Sworn Letter"" of 1654 confirmed the free guild choice of merchants, consolidating their supremacy. The ""Seventh Sworn Letter,"" enacted in response to the civil unrest of 1712-1713, did not change this situation. Thus, the share of merchants in the citizenry rose from 3% in 1599 to 12% in 1790, their presence in the council rising from 8% to 40%. To impede office buying (praktizieren), secret elections of guild masters were introduced, though they did not prevent re-election. As authority prevailed over craftsmen, this last constitutional reform stalled in its approach, but internal conflicts within the ruling elite diminished."
doc_translated_mmd_zurich_historic_en,date_1599_1599_1599,MENTIONS_DATE,Rule and politics from the High Middle Ages to the end of the 18th century,Municipal constitution and city institutions,"Until the end of the Ancien Régime, the ""Sworn Letters"" were amended twice more. The ""Sixth Sworn Letter"" of 1654 confirmed the free guild choice of merchants, consolidating their supremacy. The ""Seventh Sworn Letter,"" enacted in response to the civil unrest of 1712-1713, did not change this situation. Thus, the share of merchants in the citizenry rose from 3% in 1599 to 12% in 1790, their presence in the council rising from 8% to 40%. To impede office buying (praktizieren), secret elections of guild masters were introduced, though they did not prevent re-election. As authority prevailed over craftsmen, this last constitutional reform stalled in its approach, but internal conflicts within the ruling elite diminished."
doc_translated_mmd_zurich_historic_en,date_1790_1790_1790,MENTIONS_DATE,Rule and politics from the High Middle Ages to the end of the 18th century,Municipal constitution and city institutions,"Until the end of the Ancien Régime, the ""Sworn Letters"" were amended twice more. The ""Sixth Sworn Letter"" of 1654 confirmed the free guild choice of merchants, consolidating their supremacy. The ""Seventh Sworn Letter,"" enacted in response to the civil unrest of 1712-1713, did not change this situation. Thus, the share of merchants in the citizenry rose from 3% in 1599 to 12% in 1790, their presence in the council rising from 8% to 40%. To impede office buying (praktizieren), secret elections of guild masters were introduced, though they did not prevent re-election. As authority prevailed over craftsmen, this last constitutional reform stalled in its approach, but internal conflicts within the ruling elite diminished."
doc_translated_mmd_zurich_historic_en,date_late_15th_century_1475_1500,MENTIONS_DATE,Rule and politics from the High Middle Ages to the end of the 18th century,Municipal constitution and city institutions,"Already from the late 15th century, in Zurich—similar to other guild cities—aristocratization and intensification of absolutist state developed, favored by the strengthened closure of citizenship rights from mid-16th century and the prospect of gaining bailiff and monastery offices due to Reformation and secularization. Political careers became attractive, with wealth and personal networks decisive for elections. The city's acquisition of church tasks led to expansion of the administrative apparatus, mainly in social, educational, and health services, while police-military functions like general service duties and guard service partly remained with the Konstaffel and guilds. By the late 18th century, the guilds as corporations mainly had organizational roles; political authority was led by the elite of merchants and city nobility. The citizenry's competences during the Ancien Régime were limited to the convening citizen assembly as needed and taking the citizen oath on the pledge days."
doc_translated_mmd_zurich_historic_en,date_mid_16th_century_1540_1560,MENTIONS_DATE,Rule and politics from the High Middle Ages to the end of the 18th century,Municipal constitution and city institutions,"Already from the late 15th century, in Zurich—similar to other guild cities—aristocratization and intensification of absolutist state developed, favored by the strengthened closure of citizenship rights from mid-16th century and the prospect of gaining bailiff and monastery offices due to Reformation and secularization. Political careers became attractive, with wealth and personal networks decisive for elections. The city's acquisition of church tasks led to expansion of the administrative apparatus, mainly in social, educational, and health services, while police-military functions like general service duties and guard service partly remained with the Konstaffel and guilds. By the late 18th century, the guilds as corporations mainly had organizational roles; political authority was led by the elite of merchants and city nobility. The citizenry's competences during the Ancien Régime were limited to the convening citizen assembly as needed and taking the citizen oath on the pledge days."
doc_translated_mmd_zurich_historic_en,date_late_18th_century_1775_1800,MENTIONS_DATE,Rule and politics from the High Middle Ages to the end of the 18th century,Municipal constitution and city institutions,"Already from the late 15th century, in Zurich—similar to other guild cities—aristocratization and intensification of absolutist state developed, favored by the strengthened closure of citizenship rights from mid-16th century and the prospect of gaining bailiff and monastery offices due to Reformation and secularization. Political careers became attractive, with wealth and personal networks decisive for elections. The city's acquisition of church tasks led to expansion of the administrative apparatus, mainly in social, educational, and health services, while police-military functions like general service duties and guard service partly remained with the Konstaffel and guilds. By the late 18th century, the guilds as corporations mainly had organizational roles; political authority was led by the elite of merchants and city nobility. The citizenry's competences during the Ancien Régime were limited to the convening citizen assembly as needed and taking the citizen oath on the pledge days."
doc_translated_mmd_zurich_historic_en,date_13th_century_1201_1300,MENTIONS_DATE,Rule and politics from the High Middle Ages to the end of the 18th century,"City layout, public and private buildings","On the right bank of the Limmat, the so-called ""More City"" developed with the watch posts Auf Dorf, Linden, Neumarkt, and Niederdorf; on the left bank, the ""Lesser City"" with the watch posts Münsterhof and Rennweg. Outside the city center, the three suburb quarters Hirschengraben, Stadelhofen, and Talacker arose. The walled city covered 38 hectares and was separated from the surroundings by outlying defensive walls. With the building of fortifications in the 13th century, which followed an older city wall, the political center shifted from Lindenhof to the Limmat. In this related city expansion, the Oetenbach monastery and Rennweg on the left of the Limmat were established. The two parts of the city were connected by two bridges, which arose in the first half of the 13th century: the lower or Rathausbrücke and the upper or Münsterbrücke. Two bridges also crossed the Sihl. Mills stood on the Mühlestege, on the right Limmat bank and further downstream. For defensive, urban planning, and economic reasons, a star-shaped fortification was built from 1642 to the 18th century, doubling the walled area."
doc_translated_mmd_zurich_historic_en,date_first_half_of_the_13th_century_1201_1250,MENTIONS_DATE,Rule and politics from the High Middle Ages to the end of the 18th century,"City layout, public and private buildings","On the right bank of the Limmat, the so-called ""More City"" developed with the watch posts Auf Dorf, Linden, Neumarkt, and Niederdorf; on the left bank, the ""Lesser City"" with the watch posts Münsterhof and Rennweg. Outside the city center, the three suburb quarters Hirschengraben, Stadelhofen, and Talacker arose. The walled city covered 38 hectares and was separated from the surroundings by outlying defensive walls. With the building of fortifications in the 13th century, which followed an older city wall, the political center shifted from Lindenhof to the Limmat. In this related city expansion, the Oetenbach monastery and Rennweg on the left of the Limmat were established. The two parts of the city were connected by two bridges, which arose in the first half of the 13th century: the lower or Rathausbrücke and the upper or Münsterbrücke. Two bridges also crossed the Sihl. Mills stood on the Mühlestege, on the right Limmat bank and further downstream. For defensive, urban planning, and economic reasons, a star-shaped fortification was built from 1642 to the 18th century, doubling the walled area."
doc_translated_mmd_zurich_historic_en,date_1642_to_the_18th_century_1642_1799,MENTIONS_DATE,Rule and politics from the High Middle Ages to the end of the 18th century,"City layout, public and private buildings","On the right bank of the Limmat, the so-called ""More City"" developed with the watch posts Auf Dorf, Linden, Neumarkt, and Niederdorf; on the left bank, the ""Lesser City"" with the watch posts Münsterhof and Rennweg. Outside the city center, the three suburb quarters Hirschengraben, Stadelhofen, and Talacker arose. The walled city covered 38 hectares and was separated from the surroundings by outlying defensive walls. With the building of fortifications in the 13th century, which followed an older city wall, the political center shifted from Lindenhof to the Limmat. In this related city expansion, the Oetenbach monastery and Rennweg on the left of the Limmat were established. The two parts of the city were connected by two bridges, which arose in the first half of the 13th century: the lower or Rathausbrücke and the upper or Münsterbrücke. Two bridges also crossed the Sihl. Mills stood on the Mühlestege, on the right Limmat bank and further downstream. For defensive, urban planning, and economic reasons, a star-shaped fortification was built from 1642 to the 18th century, doubling the walled area."
doc_translated_mmd_zurich_historic_en,date_1770_1770_1770,MENTIONS_DATE,Rule and politics from the High Middle Ages to the end of the 18th century,"City layout, public and private buildings","City view from the north, 1770. Copper engraving from the series Hundert Schweizer-Prospecte by Johann Balthasar Bullinger (Central Library Zurich, Department Maps and Panoramas)."
doc_translated_mmd_zurich_historic_en,date_14th_and_15th_centuries_1301_1500,MENTIONS_DATE,Rule and politics from the High Middle Ages to the end of the 18th century,"City layout, public and private buildings","Sacred buildings, stone houses such as knight towers and guild houses, and wooden buildings shaped the late medieval cityscape. Closed alleys emerged from the 14th and 15th centuries. Early stone buildings grouped around the church centers Fraumünster, Grossmünster, St. Peter, and the two Limmat bridges. For grain trade, the Kornhaus at Weinplatz was set up in the late 13th century, but relocated to the upper bridge in the 17th century. After a first town hall, a second was built from 1397 at the same place, and from 1694-1698 the still existing building on the right Limmat bank. Also on the Limmat, the courthouse (later main guard) was built around 1468, the Helmhaus mentioned in 1253 on the gable side of the Wasserkirche, serving textile trade, quality and measure control, and goods toll collection, and opposite it, the Hottinger tower with Kaufhaus from 1412 and later salt house. The building office was responsible for public construction projects. Besides the shooting house on the square northwest of the medieval city walls, the Bauhaus in the Kratz quarter was the most important representative building of the 16th century."
doc_translated_mmd_zurich_historic_en,date_late_13th_century_1275_1300,MENTIONS_DATE,Rule and politics from the High Middle Ages to the end of the 18th century,"City layout, public and private buildings","Sacred buildings, stone houses such as knight towers and guild houses, and wooden buildings shaped the late medieval cityscape. Closed alleys emerged from the 14th and 15th centuries. Early stone buildings grouped around the church centers Fraumünster, Grossmünster, St. Peter, and the two Limmat bridges. For grain trade, the Kornhaus at Weinplatz was set up in the late 13th century, but relocated to the upper bridge in the 17th century. After a first town hall, a second was built from 1397 at the same place, and from 1694-1698 the still existing building on the right Limmat bank. Also on the Limmat, the courthouse (later main guard) was built around 1468, the Helmhaus mentioned in 1253 on the gable side of the Wasserkirche, serving textile trade, quality and measure control, and goods toll collection, and opposite it, the Hottinger tower with Kaufhaus from 1412 and later salt house. The building office was responsible for public construction projects. Besides the shooting house on the square northwest of the medieval city walls, the Bauhaus in the Kratz quarter was the most important representative building of the 16th century."
doc_translated_mmd_zurich_historic_en,date_17th_century_1601_1700,MENTIONS_DATE,Rule and politics from the High Middle Ages to the end of the 18th century,"City layout, public and private buildings","Sacred buildings, stone houses such as knight towers and guild houses, and wooden buildings shaped the late medieval cityscape. Closed alleys emerged from the 14th and 15th centuries. Early stone buildings grouped around the church centers Fraumünster, Grossmünster, St. Peter, and the two Limmat bridges. For grain trade, the Kornhaus at Weinplatz was set up in the late 13th century, but relocated to the upper bridge in the 17th century. After a first town hall, a second was built from 1397 at the same place, and from 1694-1698 the still existing building on the right Limmat bank. Also on the Limmat, the courthouse (later main guard) was built around 1468, the Helmhaus mentioned in 1253 on the gable side of the Wasserkirche, serving textile trade, quality and measure control, and goods toll collection, and opposite it, the Hottinger tower with Kaufhaus from 1412 and later salt house. The building office was responsible for public construction projects. Besides the shooting house on the square northwest of the medieval city walls, the Bauhaus in the Kratz quarter was the most important representative building of the 16th century."
doc_translated_mmd_zurich_historic_en,date_1397_1397_1397,MENTIONS_DATE,Rule and politics from the High Middle Ages to the end of the 18th century,"City layout, public and private buildings","Sacred buildings, stone houses such as knight towers and guild houses, and wooden buildings shaped the late medieval cityscape. Closed alleys emerged from the 14th and 15th centuries. Early stone buildings grouped around the church centers Fraumünster, Grossmünster, St. Peter, and the two Limmat bridges. For grain trade, the Kornhaus at Weinplatz was set up in the late 13th century, but relocated to the upper bridge in the 17th century. After a first town hall, a second was built from 1397 at the same place, and from 1694-1698 the still existing building on the right Limmat bank. Also on the Limmat, the courthouse (later main guard) was built around 1468, the Helmhaus mentioned in 1253 on the gable side of the Wasserkirche, serving textile trade, quality and measure control, and goods toll collection, and opposite it, the Hottinger tower with Kaufhaus from 1412 and later salt house. The building office was responsible for public construction projects. Besides the shooting house on the square northwest of the medieval city walls, the Bauhaus in the Kratz quarter was the most important representative building of the 16th century."
doc_translated_mmd_zurich_historic_en,date_1694_1698_1694_1698,MENTIONS_DATE,Rule and politics from the High Middle Ages to the end of the 18th century,"City layout, public and private buildings","Sacred buildings, stone houses such as knight towers and guild houses, and wooden buildings shaped the late medieval cityscape. Closed alleys emerged from the 14th and 15th centuries. Early stone buildings grouped around the church centers Fraumünster, Grossmünster, St. Peter, and the two Limmat bridges. For grain trade, the Kornhaus at Weinplatz was set up in the late 13th century, but relocated to the upper bridge in the 17th century. After a first town hall, a second was built from 1397 at the same place, and from 1694-1698 the still existing building on the right Limmat bank. Also on the Limmat, the courthouse (later main guard) was built around 1468, the Helmhaus mentioned in 1253 on the gable side of the Wasserkirche, serving textile trade, quality and measure control, and goods toll collection, and opposite it, the Hottinger tower with Kaufhaus from 1412 and later salt house. The building office was responsible for public construction projects. Besides the shooting house on the square northwest of the medieval city walls, the Bauhaus in the Kratz quarter was the most important representative building of the 16th century."
doc_translated_mmd_zurich_historic_en,date_around_1468_1465_1470,MENTIONS_DATE,Rule and politics from the High Middle Ages to the end of the 18th century,"City layout, public and private buildings","Sacred buildings, stone houses such as knight towers and guild houses, and wooden buildings shaped the late medieval cityscape. Closed alleys emerged from the 14th and 15th centuries. Early stone buildings grouped around the church centers Fraumünster, Grossmünster, St. Peter, and the two Limmat bridges. For grain trade, the Kornhaus at Weinplatz was set up in the late 13th century, but relocated to the upper bridge in the 17th century. After a first town hall, a second was built from 1397 at the same place, and from 1694-1698 the still existing building on the right Limmat bank. Also on the Limmat, the courthouse (later main guard) was built around 1468, the Helmhaus mentioned in 1253 on the gable side of the Wasserkirche, serving textile trade, quality and measure control, and goods toll collection, and opposite it, the Hottinger tower with Kaufhaus from 1412 and later salt house. The building office was responsible for public construction projects. Besides the shooting house on the square northwest of the medieval city walls, the Bauhaus in the Kratz quarter was the most important representative building of the 16th century."
doc_translated_mmd_zurich_historic_en,date_1253_1253_1253,MENTIONS_DATE,Rule and politics from the High Middle Ages to the end of the 18th century,"City layout, public and private buildings","Sacred buildings, stone houses such as knight towers and guild houses, and wooden buildings shaped the late medieval cityscape. Closed alleys emerged from the 14th and 15th centuries. Early stone buildings grouped around the church centers Fraumünster, Grossmünster, St. Peter, and the two Limmat bridges. For grain trade, the Kornhaus at Weinplatz was set up in the late 13th century, but relocated to the upper bridge in the 17th century. After a first town hall, a second was built from 1397 at the same place, and from 1694-1698 the still existing building on the right Limmat bank. Also on the Limmat, the courthouse (later main guard) was built around 1468, the Helmhaus mentioned in 1253 on the gable side of the Wasserkirche, serving textile trade, quality and measure control, and goods toll collection, and opposite it, the Hottinger tower with Kaufhaus from 1412 and later salt house. The building office was responsible for public construction projects. Besides the shooting house on the square northwest of the medieval city walls, the Bauhaus in the Kratz quarter was the most important representative building of the 16th century."
doc_translated_mmd_zurich_historic_en,date_1412_1412_1412,MENTIONS_DATE,Rule and politics from the High Middle Ages to the end of the 18th century,"City layout, public and private buildings","Sacred buildings, stone houses such as knight towers and guild houses, and wooden buildings shaped the late medieval cityscape. Closed alleys emerged from the 14th and 15th centuries. Early stone buildings grouped around the church centers Fraumünster, Grossmünster, St. Peter, and the two Limmat bridges. For grain trade, the Kornhaus at Weinplatz was set up in the late 13th century, but relocated to the upper bridge in the 17th century. After a first town hall, a second was built from 1397 at the same place, and from 1694-1698 the still existing building on the right Limmat bank. Also on the Limmat, the courthouse (later main guard) was built around 1468, the Helmhaus mentioned in 1253 on the gable side of the Wasserkirche, serving textile trade, quality and measure control, and goods toll collection, and opposite it, the Hottinger tower with Kaufhaus from 1412 and later salt house. The building office was responsible for public construction projects. Besides the shooting house on the square northwest of the medieval city walls, the Bauhaus in the Kratz quarter was the most important representative building of the 16th century."
doc_translated_mmd_zurich_historic_en,date_16th_century_1501_1600,MENTIONS_DATE,Rule and politics from the High Middle Ages to the end of the 18th century,"City layout, public and private buildings","Sacred buildings, stone houses such as knight towers and guild houses, and wooden buildings shaped the late medieval cityscape. Closed alleys emerged from the 14th and 15th centuries. Early stone buildings grouped around the church centers Fraumünster, Grossmünster, St. Peter, and the two Limmat bridges. For grain trade, the Kornhaus at Weinplatz was set up in the late 13th century, but relocated to the upper bridge in the 17th century. After a first town hall, a second was built from 1397 at the same place, and from 1694-1698 the still existing building on the right Limmat bank. Also on the Limmat, the courthouse (later main guard) was built around 1468, the Helmhaus mentioned in 1253 on the gable side of the Wasserkirche, serving textile trade, quality and measure control, and goods toll collection, and opposite it, the Hottinger tower with Kaufhaus from 1412 and later salt house. The building office was responsible for public construction projects. Besides the shooting house on the square northwest of the medieval city walls, the Bauhaus in the Kratz quarter was the most important representative building of the 16th century."
doc_translated_mmd_zurich_historic_en,date_1436_1436_1436,MENTIONS_DATE,Rule and politics from the High Middle Ages to the end of the 18th century,"City layout, public and private buildings","After the expulsion of the Jewish community in 1436, the synagogue at Froschaugasse was integrated into a residential building. Monasteries and city churches dissolved in the Reformation were repurposed. For example, the Holy Spirit hospital in Niederdorf took over the buildings of the Prediger monastery, and the secularized Wasserkirche was converted into a citizen library with art chamber from 1633 to 1639. Important secular buildings from the 17th and 18th centuries include extended or newly built guild houses and houses Zur Krone (later Rechberg), Zum Florhof, and Zum Kiel, as well as outside the fortifications the Freigut, the Muralt estate in Enge, and the Beckenhof in Unterstrass."
doc_translated_mmd_zurich_historic_en,date_1633_to_1639_1633_1639,MENTIONS_DATE,Rule and politics from the High Middle Ages to the end of the 18th century,"City layout, public and private buildings","After the expulsion of the Jewish community in 1436, the synagogue at Froschaugasse was integrated into a residential building. Monasteries and city churches dissolved in the Reformation were repurposed. For example, the Holy Spirit hospital in Niederdorf took over the buildings of the Prediger monastery, and the secularized Wasserkirche was converted into a citizen library with art chamber from 1633 to 1639. Important secular buildings from the 17th and 18th centuries include extended or newly built guild houses and houses Zur Krone (later Rechberg), Zum Florhof, and Zum Kiel, as well as outside the fortifications the Freigut, the Muralt estate in Enge, and the Beckenhof in Unterstrass."
doc_translated_mmd_zurich_historic_en,date_17th_and_18th_centuries_1601_1800,MENTIONS_DATE,Rule and politics from the High Middle Ages to the end of the 18th century,"City layout, public and private buildings","After the expulsion of the Jewish community in 1436, the synagogue at Froschaugasse was integrated into a residential building. Monasteries and city churches dissolved in the Reformation were repurposed. For example, the Holy Spirit hospital in Niederdorf took over the buildings of the Prediger monastery, and the secularized Wasserkirche was converted into a citizen library with art chamber from 1633 to 1639. Important secular buildings from the 17th and 18th centuries include extended or newly built guild houses and houses Zur Krone (later Rechberg), Zum Florhof, and Zum Kiel, as well as outside the fortifications the Freigut, the Muralt estate in Enge, and the Beckenhof in Unterstrass."
doc_translated_mmd_zurich_historic_en,date_13th_century_1201_1300,MENTIONS_DATE,"Society, economy, and culture from the High Middle Ages to the end of the 18th century",Economy,"In the late Middle Ages, the silk trade, documented from the 13th century, flourished in Zurich and was at the center of extensive trading relations. This also benefited wool and linen weavers as well as the leather industry. Long-distance trade required the presence of Jewish, Lombard, and southern French moneylenders, who left traces in frescoes in the house at Brunnenhof or the ""Lamparterturm"" at the upper fences. After the Brun's revolt in 1336 and the plague year of 1350, textile trades and long-distance trade declined. After the Old Zurich War, the silk trade collapsed. Zurich retained a regional market for daily goods as well as grain, wine, salt, and iron trade. Long-distance trade was conducted via Gotthard and Graubünden passes."
doc_translated_mmd_zurich_historic_en,date_1336_1336_1336,MENTIONS_DATE,"Society, economy, and culture from the High Middle Ages to the end of the 18th century",Economy,"In the late Middle Ages, the silk trade, documented from the 13th century, flourished in Zurich and was at the center of extensive trading relations. This also benefited wool and linen weavers as well as the leather industry. Long-distance trade required the presence of Jewish, Lombard, and southern French moneylenders, who left traces in frescoes in the house at Brunnenhof or the ""Lamparterturm"" at the upper fences. After the Brun's revolt in 1336 and the plague year of 1350, textile trades and long-distance trade declined. After the Old Zurich War, the silk trade collapsed. Zurich retained a regional market for daily goods as well as grain, wine, salt, and iron trade. Long-distance trade was conducted via Gotthard and Graubünden passes."
doc_translated_mmd_zurich_historic_en,date_1350_1350_1350,MENTIONS_DATE,"Society, economy, and culture from the High Middle Ages to the end of the 18th century",Economy,"In the late Middle Ages, the silk trade, documented from the 13th century, flourished in Zurich and was at the center of extensive trading relations. This also benefited wool and linen weavers as well as the leather industry. Long-distance trade required the presence of Jewish, Lombard, and southern French moneylenders, who left traces in frescoes in the house at Brunnenhof or the ""Lamparterturm"" at the upper fences. After the Brun's revolt in 1336 and the plague year of 1350, textile trades and long-distance trade declined. After the Old Zurich War, the silk trade collapsed. Zurich retained a regional market for daily goods as well as grain, wine, salt, and iron trade. Long-distance trade was conducted via Gotthard and Graubünden passes."
doc_translated_mmd_zurich_historic_en,date_around_1330_1325_1335,MENTIONS_DATE,"Society, economy, and culture from the High Middle Ages to the end of the 18th century",Economy,"Coat of arms of the South German Counts of Helfenstein. Detail from the coat of arms frieze in the painted festival hall of Jewish banker Mordechai ben Menachem in the house at Brunnenhof, around 1330 (Photography City Archaeology Zurich)."
doc_translated_mmd_zurich_historic_en,date_first_half_of_the_16th_century_1501_1550,MENTIONS_DATE,"Society, economy, and culture from the High Middle Ages to the end of the 18th century",Economy,"Until the end of the Ancien Régime, Zurich was a guild city shaped by the guild constitution. The city held the market monopoly and protected the activities of the city's craftsmen against external competition. Innovations were only possible outside the guild-regulated areas. Attempts at export-oriented economic activities were immediately monopolized in favor of the corporative interests of the guild oligarchy-dominated city merchants. Of the once significant textile trade, in the first half of the 16th century only cloth production had supra-regional importance. From the mid-century, Protestant refugees gave new impetus to the textile industry. Thanks to their trade relations with Italy, the silk industry returned to Zurich, but many newly founded weaving companies succumbed to guild pressure. From 1620, the number of textile publishers clearly increased with some fluctuations. Merchant-publishers, emerging from the citizenry and Huguenots who arrived in Zurich and developed their activities outside guild constraints, prevailed over the guild-organized textile industry. To defend their interests, they formed the Commercial Directorate in 1662 (dissolved in 1834). Textile manufacturers specialized as Marchand-Banquiers and opened private banks. The state-owned Interest Commission founded in 1755, which later became Bank Leu, also functioned as a bank. However, as a financial and trading center, Zurich lagged behind Basel, Geneva, and St. Gallen until the mid-19th century."
doc_translated_mmd_zurich_historic_en,date_mid_century_1550_1550,MENTIONS_DATE,"Society, economy, and culture from the High Middle Ages to the end of the 18th century",Economy,"Until the end of the Ancien Régime, Zurich was a guild city shaped by the guild constitution. The city held the market monopoly and protected the activities of the city's craftsmen against external competition. Innovations were only possible outside the guild-regulated areas. Attempts at export-oriented economic activities were immediately monopolized in favor of the corporative interests of the guild oligarchy-dominated city merchants. Of the once significant textile trade, in the first half of the 16th century only cloth production had supra-regional importance. From the mid-century, Protestant refugees gave new impetus to the textile industry. Thanks to their trade relations with Italy, the silk industry returned to Zurich, but many newly founded weaving companies succumbed to guild pressure. From 1620, the number of textile publishers clearly increased with some fluctuations. Merchant-publishers, emerging from the citizenry and Huguenots who arrived in Zurich and developed their activities outside guild constraints, prevailed over the guild-organized textile industry. To defend their interests, they formed the Commercial Directorate in 1662 (dissolved in 1834). Textile manufacturers specialized as Marchand-Banquiers and opened private banks. The state-owned Interest Commission founded in 1755, which later became Bank Leu, also functioned as a bank. However, as a financial and trading center, Zurich lagged behind Basel, Geneva, and St. Gallen until the mid-19th century."
doc_translated_mmd_zurich_historic_en,date_from_1620_1620_1620,MENTIONS_DATE,"Society, economy, and culture from the High Middle Ages to the end of the 18th century",Economy,"Until the end of the Ancien Régime, Zurich was a guild city shaped by the guild constitution. The city held the market monopoly and protected the activities of the city's craftsmen against external competition. Innovations were only possible outside the guild-regulated areas. Attempts at export-oriented economic activities were immediately monopolized in favor of the corporative interests of the guild oligarchy-dominated city merchants. Of the once significant textile trade, in the first half of the 16th century only cloth production had supra-regional importance. From the mid-century, Protestant refugees gave new impetus to the textile industry. Thanks to their trade relations with Italy, the silk industry returned to Zurich, but many newly founded weaving companies succumbed to guild pressure. From 1620, the number of textile publishers clearly increased with some fluctuations. Merchant-publishers, emerging from the citizenry and Huguenots who arrived in Zurich and developed their activities outside guild constraints, prevailed over the guild-organized textile industry. To defend their interests, they formed the Commercial Directorate in 1662 (dissolved in 1834). Textile manufacturers specialized as Marchand-Banquiers and opened private banks. The state-owned Interest Commission founded in 1755, which later became Bank Leu, also functioned as a bank. However, as a financial and trading center, Zurich lagged behind Basel, Geneva, and St. Gallen until the mid-19th century."
doc_translated_mmd_zurich_historic_en,date_1662_1662_1662,MENTIONS_DATE,"Society, economy, and culture from the High Middle Ages to the end of the 18th century",Economy,"Until the end of the Ancien Régime, Zurich was a guild city shaped by the guild constitution. The city held the market monopoly and protected the activities of the city's craftsmen against external competition. Innovations were only possible outside the guild-regulated areas. Attempts at export-oriented economic activities were immediately monopolized in favor of the corporative interests of the guild oligarchy-dominated city merchants. Of the once significant textile trade, in the first half of the 16th century only cloth production had supra-regional importance. From the mid-century, Protestant refugees gave new impetus to the textile industry. Thanks to their trade relations with Italy, the silk industry returned to Zurich, but many newly founded weaving companies succumbed to guild pressure. From 1620, the number of textile publishers clearly increased with some fluctuations. Merchant-publishers, emerging from the citizenry and Huguenots who arrived in Zurich and developed their activities outside guild constraints, prevailed over the guild-organized textile industry. To defend their interests, they formed the Commercial Directorate in 1662 (dissolved in 1834). Textile manufacturers specialized as Marchand-Banquiers and opened private banks. The state-owned Interest Commission founded in 1755, which later became Bank Leu, also functioned as a bank. However, as a financial and trading center, Zurich lagged behind Basel, Geneva, and St. Gallen until the mid-19th century."
doc_translated_mmd_zurich_historic_en,date_1755_1755_1755,MENTIONS_DATE,"Society, economy, and culture from the High Middle Ages to the end of the 18th century",Economy,"Until the end of the Ancien Régime, Zurich was a guild city shaped by the guild constitution. The city held the market monopoly and protected the activities of the city's craftsmen against external competition. Innovations were only possible outside the guild-regulated areas. Attempts at export-oriented economic activities were immediately monopolized in favor of the corporative interests of the guild oligarchy-dominated city merchants. Of the once significant textile trade, in the first half of the 16th century only cloth production had supra-regional importance. From the mid-century, Protestant refugees gave new impetus to the textile industry. Thanks to their trade relations with Italy, the silk industry returned to Zurich, but many newly founded weaving companies succumbed to guild pressure. From 1620, the number of textile publishers clearly increased with some fluctuations. Merchant-publishers, emerging from the citizenry and Huguenots who arrived in Zurich and developed their activities outside guild constraints, prevailed over the guild-organized textile industry. To defend their interests, they formed the Commercial Directorate in 1662 (dissolved in 1834). Textile manufacturers specialized as Marchand-Banquiers and opened private banks. The state-owned Interest Commission founded in 1755, which later became Bank Leu, also functioned as a bank. However, as a financial and trading center, Zurich lagged behind Basel, Geneva, and St. Gallen until the mid-19th century."
doc_translated_mmd_zurich_historic_en,date_mid_19th_century_1851_1875,MENTIONS_DATE,"Society, economy, and culture from the High Middle Ages to the end of the 18th century",Economy,"Until the end of the Ancien Régime, Zurich was a guild city shaped by the guild constitution. The city held the market monopoly and protected the activities of the city's craftsmen against external competition. Innovations were only possible outside the guild-regulated areas. Attempts at export-oriented economic activities were immediately monopolized in favor of the corporative interests of the guild oligarchy-dominated city merchants. Of the once significant textile trade, in the first half of the 16th century only cloth production had supra-regional importance. From the mid-century, Protestant refugees gave new impetus to the textile industry. Thanks to their trade relations with Italy, the silk industry returned to Zurich, but many newly founded weaving companies succumbed to guild pressure. From 1620, the number of textile publishers clearly increased with some fluctuations. Merchant-publishers, emerging from the citizenry and Huguenots who arrived in Zurich and developed their activities outside guild constraints, prevailed over the guild-organized textile industry. To defend their interests, they formed the Commercial Directorate in 1662 (dissolved in 1834). Textile manufacturers specialized as Marchand-Banquiers and opened private banks. The state-owned Interest Commission founded in 1755, which later became Bank Leu, also functioned as a bank. However, as a financial and trading center, Zurich lagged behind Basel, Geneva, and St. Gallen until the mid-19th century."
doc_translated_mmd_zurich_historic_en,date_between_the_9th_and_12th_centuries_801_1200,MENTIONS_DATE,"Society, economy, and culture from the High Middle Ages to the end of the 18th century",Society,"Between the 9th and 12th centuries, three social groups are recognizable among Zurich's lay population: unfree persons of the monastery and chapter, so-called church dependents; unfree persons of the palace and royal property, called fiscalians; and the people of Zurichberg (homines de monte), probably free. In the first half of the 12th century, this differentiation disappeared in favor of uniform designations for city inhabitants: laici de loco, cives, concives, burgenses, urbani. These consisted of citizens, residents and dependent residents. In the late Middle Ages, knights and bourgeois patriciate formed the upper class, most craftsmen the middle class, and penniless craftsmen, journeymen, and many single women the lower class. Social mobility between classes was possible. A certain social gradient from center to periphery near the city walls, such as in Kratz quarter, can be observed."
doc_translated_mmd_zurich_historic_en,date_first_half_of_the_12th_century_1101_1150,MENTIONS_DATE,"Society, economy, and culture from the High Middle Ages to the end of the 18th century",Society,"Between the 9th and 12th centuries, three social groups are recognizable among Zurich's lay population: unfree persons of the monastery and chapter, so-called church dependents; unfree persons of the palace and royal property, called fiscalians; and the people of Zurichberg (homines de monte), probably free. In the first half of the 12th century, this differentiation disappeared in favor of uniform designations for city inhabitants: laici de loco, cives, concives, burgenses, urbani. These consisted of citizens, residents and dependent residents. In the late Middle Ages, knights and bourgeois patriciate formed the upper class, most craftsmen the middle class, and penniless craftsmen, journeymen, and many single women the lower class. Social mobility between classes was possible. A certain social gradient from center to periphery near the city walls, such as in Kratz quarter, can be observed."
doc_translated_mmd_zurich_historic_en,date_late_middle_ages_1300_1500,MENTIONS_DATE,"Society, economy, and culture from the High Middle Ages to the end of the 18th century",Society,"Between the 9th and 12th centuries, three social groups are recognizable among Zurich's lay population: unfree persons of the monastery and chapter, so-called church dependents; unfree persons of the palace and royal property, called fiscalians; and the people of Zurichberg (homines de monte), probably free. In the first half of the 12th century, this differentiation disappeared in favor of uniform designations for city inhabitants: laici de loco, cives, concives, burgenses, urbani. These consisted of citizens, residents and dependent residents. In the late Middle Ages, knights and bourgeois patriciate formed the upper class, most craftsmen the middle class, and penniless craftsmen, journeymen, and many single women the lower class. Social mobility between classes was possible. A certain social gradient from center to periphery near the city walls, such as in Kratz quarter, can be observed."
doc_translated_mmd_zurich_historic_en,date_18th_century_1701_1800,MENTIONS_DATE,"Society, economy, and culture from the High Middle Ages to the end of the 18th century",Society,"The guilds exercised social and cultural functions alongside political and economic roles. Public life was regulated by ethics mandates. From the late medieval guild kitchen meal developed in the 18th century the Sechseläuten festival, marking the start of spring. First parades took place from 1818. The Boy Shooting, dating back to the Thirty Years' War, was institutionalized only in 1809."
doc_translated_mmd_zurich_historic_en,date_1818_1818_1818,MENTIONS_DATE,"Society, economy, and culture from the High Middle Ages to the end of the 18th century",Society,"The guilds exercised social and cultural functions alongside political and economic roles. Public life was regulated by ethics mandates. From the late medieval guild kitchen meal developed in the 18th century the Sechseläuten festival, marking the start of spring. First parades took place from 1818. The Boy Shooting, dating back to the Thirty Years' War, was institutionalized only in 1809."
doc_translated_mmd_zurich_historic_en,date_thirty_years_war_1618_1648,MENTIONS_DATE,"Society, economy, and culture from the High Middle Ages to the end of the 18th century",Society,"The guilds exercised social and cultural functions alongside political and economic roles. Public life was regulated by ethics mandates. From the late medieval guild kitchen meal developed in the 18th century the Sechseläuten festival, marking the start of spring. First parades took place from 1818. The Boy Shooting, dating back to the Thirty Years' War, was institutionalized only in 1809."
doc_translated_mmd_zurich_historic_en,date_1809_1809_1809,MENTIONS_DATE,"Society, economy, and culture from the High Middle Ages to the end of the 18th century",Society,"The guilds exercised social and cultural functions alongside political and economic roles. Public life was regulated by ethics mandates. From the late medieval guild kitchen meal developed in the 18th century the Sechseläuten festival, marking the start of spring. First parades took place from 1818. The Boy Shooting, dating back to the Thirty Years' War, was institutionalized only in 1809."
doc_translated_mmd_zurich_historic_en,date_late_middle_ages_1300_1500,MENTIONS_DATE,"Society, economy, and culture from the High Middle Ages to the end of the 18th century",Church and religious life,"In the late Middle Ages, diverse religious life prevailed, with the cult of Felix and Regula playing a central identity-shaping role. Churches and monasteries were of great importance for city development and generously endowed like the hospital and leper houses St. Jakob and Spanweid. In the 13th century, the women's monasteries Oetenbach, St. Verena, and Selnau were founded, as well as mendicant order monasteries of Augustinian hermits, Franciscans, and preachers. Beguines and Beghards were settled near the mendicant orders."
doc_translated_mmd_zurich_historic_en,date_13th_century_1201_1300,MENTIONS_DATE,"Society, economy, and culture from the High Middle Ages to the end of the 18th century",Church and religious life,"In the late Middle Ages, diverse religious life prevailed, with the cult of Felix and Regula playing a central identity-shaping role. Churches and monasteries were of great importance for city development and generously endowed like the hospital and leper houses St. Jakob and Spanweid. In the 13th century, the women's monasteries Oetenbach, St. Verena, and Selnau were founded, as well as mendicant order monasteries of Augustinian hermits, Franciscans, and preachers. Beguines and Beghards were settled near the mendicant orders."
doc_translated_mmd_zurich_historic_en,date_1525_1525_1525,MENTIONS_DATE,"Society, economy, and culture from the High Middle Ages to the end of the 18th century",Church and religious life,"During the Reformation, monasteries were dissolved, and monastic properties transferred to city ownership. The post-Reformation Grossmünster chapter took on new tasks, especially in theology education. In 1525, a civil-ecclesiastical marriage court was introduced. The Antistes, also first pastor at Grossmünster, was elected for life by the council. As head of the Zurich church, he presided over the church-political examiners' convention and the church synod. In the 17th century, a dogmatic church dominated city public life. The shift from Protestant orthodoxy to Enlightenment rationalism and Pietism was not without resistance. In 1685, a French church was established for Protestant refugees. Catholic mass was celebrated again for the first time only in 1799."
doc_translated_mmd_zurich_historic_en,date_17th_century_1601_1700,MENTIONS_DATE,"Society, economy, and culture from the High Middle Ages to the end of the 18th century",Church and religious life,"During the Reformation, monasteries were dissolved, and monastic properties transferred to city ownership. The post-Reformation Grossmünster chapter took on new tasks, especially in theology education. In 1525, a civil-ecclesiastical marriage court was introduced. The Antistes, also first pastor at Grossmünster, was elected for life by the council. As head of the Zurich church, he presided over the church-political examiners' convention and the church synod. In the 17th century, a dogmatic church dominated city public life. The shift from Protestant orthodoxy to Enlightenment rationalism and Pietism was not without resistance. In 1685, a French church was established for Protestant refugees. Catholic mass was celebrated again for the first time only in 1799."
doc_translated_mmd_zurich_historic_en,date_1685_1685_1685,MENTIONS_DATE,"Society, economy, and culture from the High Middle Ages to the end of the 18th century",Church and religious life,"During the Reformation, monasteries were dissolved, and monastic properties transferred to city ownership. The post-Reformation Grossmünster chapter took on new tasks, especially in theology education. In 1525, a civil-ecclesiastical marriage court was introduced. The Antistes, also first pastor at Grossmünster, was elected for life by the council. As head of the Zurich church, he presided over the church-political examiners' convention and the church synod. In the 17th century, a dogmatic church dominated city public life. The shift from Protestant orthodoxy to Enlightenment rationalism and Pietism was not without resistance. In 1685, a French church was established for Protestant refugees. Catholic mass was celebrated again for the first time only in 1799."
doc_translated_mmd_zurich_historic_en,date_1799_1799_1799,MENTIONS_DATE,"Society, economy, and culture from the High Middle Ages to the end of the 18th century",Church and religious life,"During the Reformation, monasteries were dissolved, and monastic properties transferred to city ownership. The post-Reformation Grossmünster chapter took on new tasks, especially in theology education. In 1525, a civil-ecclesiastical marriage court was introduced. The Antistes, also first pastor at Grossmünster, was elected for life by the council. As head of the Zurich church, he presided over the church-political examiners' convention and the church synod. In the 17th century, a dogmatic church dominated city public life. The shift from Protestant orthodoxy to Enlightenment rationalism and Pietism was not without resistance. In 1685, a French church was established for Protestant refugees. Catholic mass was celebrated again for the first time only in 1799."
doc_translated_mmd_zurich_historic_en,date_from_the_17th_century_1601_1700,MENTIONS_DATE,"Society, economy, and culture from the High Middle Ages to the end of the 18th century",Education and culture,"The first city schools were Latin schools at Fraumünster and Grossmünster. German schools taught basic knowledge in reading, writing, and arithmetic, initially for boys only. After the Reformation, the church reorganized the school system together with city government. The highest level was the Prophezei (from the 17th century Carolinum), founded by Huldrych Zwingli, which trained theologians and later also offered natural science and history subjects. An intermediate level was the Collegium humanitatis. For university education, young Zurichers mainly went to Protestant universities of the empire. Based on Enlightenment ideas, new school types emerged: in 1774 the art school and in 1782 the medical-surgical institute were opened. From 1645, the citizens' library published New Year's leaflets for educating Zurich youth; the first newspapers appeared from the first half of the 17th century. In the same century, first societies emerged, among them the Collegium Insulanum founded in 1679 and the Collegium anatomicum of 1685; in the 18th century, among others the physical society founded in 1746 and the mathematical-military society founded in 1765."
doc_translated_mmd_zurich_historic_en,date_1679_1679_1679,MENTIONS_DATE,"Society, economy, and culture from the High Middle Ages to the end of the 18th century",Education and culture,"The first city schools were Latin schools at Fraumünster and Grossmünster. German schools taught basic knowledge in reading, writing, and arithmetic, initially for boys only. After the Reformation, the church reorganized the school system together with city government. The highest level was the Prophezei (from the 17th century Carolinum), founded by Huldrych Zwingli, which trained theologians and later also offered natural science and history subjects. An intermediate level was the Collegium humanitatis. For university education, young Zurichers mainly went to Protestant universities of the empire. Based on Enlightenment ideas, new school types emerged: in 1774 the art school and in 1782 the medical-surgical institute were opened. From 1645, the citizens' library published New Year's leaflets for educating Zurich youth; the first newspapers appeared from the first half of the 17th century. In the same century, first societies emerged, among them the Collegium Insulanum founded in 1679 and the Collegium anatomicum of 1685; in the 18th century, among others the physical society founded in 1746 and the mathematical-military society founded in 1765."
doc_translated_mmd_zurich_historic_en,date_1685_1685_1685,MENTIONS_DATE,"Society, economy, and culture from the High Middle Ages to the end of the 18th century",Education and culture,"The first city schools were Latin schools at Fraumünster and Grossmünster. German schools taught basic knowledge in reading, writing, and arithmetic, initially for boys only. After the Reformation, the church reorganized the school system together with city government. The highest level was the Prophezei (from the 17th century Carolinum), founded by Huldrych Zwingli, which trained theologians and later also offered natural science and history subjects. An intermediate level was the Collegium humanitatis. For university education, young Zurichers mainly went to Protestant universities of the empire. Based on Enlightenment ideas, new school types emerged: in 1774 the art school and in 1782 the medical-surgical institute were opened. From 1645, the citizens' library published New Year's leaflets for educating Zurich youth; the first newspapers appeared from the first half of the 17th century. In the same century, first societies emerged, among them the Collegium Insulanum founded in 1679 and the Collegium anatomicum of 1685; in the 18th century, among others the physical society founded in 1746 and the mathematical-military society founded in 1765."
doc_translated_mmd_zurich_historic_en,date_18th_century_1701_1800,MENTIONS_DATE,"Society, economy, and culture from the High Middle Ages to the end of the 18th century",Education and culture,"The first city schools were Latin schools at Fraumünster and Grossmünster. German schools taught basic knowledge in reading, writing, and arithmetic, initially for boys only. After the Reformation, the church reorganized the school system together with city government. The highest level was the Prophezei (from the 17th century Carolinum), founded by Huldrych Zwingli, which trained theologians and later also offered natural science and history subjects. An intermediate level was the Collegium humanitatis. For university education, young Zurichers mainly went to Protestant universities of the empire. Based on Enlightenment ideas, new school types emerged: in 1774 the art school and in 1782 the medical-surgical institute were opened. From 1645, the citizens' library published New Year's leaflets for educating Zurich youth; the first newspapers appeared from the first half of the 17th century. In the same century, first societies emerged, among them the Collegium Insulanum founded in 1679 and the Collegium anatomicum of 1685; in the 18th century, among others the physical society founded in 1746 and the mathematical-military society founded in 1765."
doc_translated_mmd_zurich_historic_en,date_1746_1746_1746,MENTIONS_DATE,"Society, economy, and culture from the High Middle Ages to the end of the 18th century",Education and culture,"The first city schools were Latin schools at Fraumünster and Grossmünster. German schools taught basic knowledge in reading, writing, and arithmetic, initially for boys only. After the Reformation, the church reorganized the school system together with city government. The highest level was the Prophezei (from the 17th century Carolinum), founded by Huldrych Zwingli, which trained theologians and later also offered natural science and history subjects. An intermediate level was the Collegium humanitatis. For university education, young Zurichers mainly went to Protestant universities of the empire. Based on Enlightenment ideas, new school types emerged: in 1774 the art school and in 1782 the medical-surgical institute were opened. From 1645, the citizens' library published New Year's leaflets for educating Zurich youth; the first newspapers appeared from the first half of the 17th century. In the same century, first societies emerged, among them the Collegium Insulanum founded in 1679 and the Collegium anatomicum of 1685; in the 18th century, among others the physical society founded in 1746 and the mathematical-military society founded in 1765."
doc_translated_mmd_zurich_historic_en,date_1765_1765_1765,MENTIONS_DATE,"Society, economy, and culture from the High Middle Ages to the end of the 18th century",Education and culture,"The first city schools were Latin schools at Fraumünster and Grossmünster. German schools taught basic knowledge in reading, writing, and arithmetic, initially for boys only. After the Reformation, the church reorganized the school system together with city government. The highest level was the Prophezei (from the 17th century Carolinum), founded by Huldrych Zwingli, which trained theologians and later also offered natural science and history subjects. An intermediate level was the Collegium humanitatis. For university education, young Zurichers mainly went to Protestant universities of the empire. Based on Enlightenment ideas, new school types emerged: in 1774 the art school and in 1782 the medical-surgical institute were opened. From 1645, the citizens' library published New Year's leaflets for educating Zurich youth; the first newspapers appeared from the first half of the 17th century. In the same century, first societies emerged, among them the Collegium Insulanum founded in 1679 and the Collegium anatomicum of 1685; in the 18th century, among others the physical society founded in 1746 and the mathematical-military society founded in 1765."
doc_translated_mmd_zurich_historic_en,date_1774_1774_1774,MENTIONS_DATE,"Society, economy, and culture from the High Middle Ages to the end of the 18th century",Education and culture,"The first city schools were Latin schools at Fraumünster and Grossmünster. German schools taught basic knowledge in reading, writing, and arithmetic, initially for boys only. After the Reformation, the church reorganized the school system together with city government. The highest level was the Prophezei (from the 17th century Carolinum), founded by Huldrych Zwingli, which trained theologians and later also offered natural science and history subjects. An intermediate level was the Collegium humanitatis. For university education, young Zurichers mainly went to Protestant universities of the empire. Based on Enlightenment ideas, new school types emerged: in 1774 the art school and in 1782 the medical-surgical institute were opened. From 1645, the citizens' library published New Year's leaflets for educating Zurich youth; the first newspapers appeared from the first half of the 17th century. In the same century, first societies emerged, among them the Collegium Insulanum founded in 1679 and the Collegium anatomicum of 1685; in the 18th century, among others the physical society founded in 1746 and the mathematical-military society founded in 1765."
doc_translated_mmd_zurich_historic_en,date_1782_1782_1782,MENTIONS_DATE,"Society, economy, and culture from the High Middle Ages to the end of the 18th century",Education and culture,"The first city schools were Latin schools at Fraumünster and Grossmünster. German schools taught basic knowledge in reading, writing, and arithmetic, initially for boys only. After the Reformation, the church reorganized the school system together with city government. The highest level was the Prophezei (from the 17th century Carolinum), founded by Huldrych Zwingli, which trained theologians and later also offered natural science and history subjects. An intermediate level was the Collegium humanitatis. For university education, young Zurichers mainly went to Protestant universities of the empire. Based on Enlightenment ideas, new school types emerged: in 1774 the art school and in 1782 the medical-surgical institute were opened. From 1645, the citizens' library published New Year's leaflets for educating Zurich youth; the first newspapers appeared from the first half of the 17th century. In the same century, first societies emerged, among them the Collegium Insulanum founded in 1679 and the Collegium anatomicum of 1685; in the 18th century, among others the physical society founded in 1746 and the mathematical-military society founded in 1765."
doc_translated_mmd_zurich_historic_en,date_from_1645_1645_1645,MENTIONS_DATE,"Society, economy, and culture from the High Middle Ages to the end of the 18th century",Education and culture,"The first city schools were Latin schools at Fraumünster and Grossmünster. German schools taught basic knowledge in reading, writing, and arithmetic, initially for boys only. After the Reformation, the church reorganized the school system together with city government. The highest level was the Prophezei (from the 17th century Carolinum), founded by Huldrych Zwingli, which trained theologians and later also offered natural science and history subjects. An intermediate level was the Collegium humanitatis. For university education, young Zurichers mainly went to Protestant universities of the empire. Based on Enlightenment ideas, new school types emerged: in 1774 the art school and in 1782 the medical-surgical institute were opened. From 1645, the citizens' library published New Year's leaflets for educating Zurich youth; the first newspapers appeared from the first half of the 17th century. In the same century, first societies emerged, among them the Collegium Insulanum founded in 1679 and the Collegium anatomicum of 1685; in the 18th century, among others the physical society founded in 1746 and the mathematical-military society founded in 1765."
doc_translated_mmd_zurich_historic_en,date_1613_1613_1613,MENTIONS_DATE,"Society, economy, and culture from the High Middle Ages to the end of the 18th century",Education and culture,"Music life in Zurich mainly took place in the domestic sphere, church, and various music societies like the 1613-founded Society at the Music Hall. In the 16th century, plays were performed on Münsterhof, involving the whole city. Theater life ceased completely in 1624 under Antistes Johann Jakob Breitinger (1575-1645) due to puritan rigorism. Thanks to Johann Jakob Bodmer and Johann Jakob Breitinger (1701-1776), Zurich became a center of German-language literature in the 18th century. Prominent artists and academics included Johann Heinrich Füssli, Salomon Gessner, Johann Kaspar Lavater, and Johann Heinrich Rahn."
doc_translated_mmd_zurich_historic_en,date_16th_century_1501_1600,MENTIONS_DATE,"Society, economy, and culture from the High Middle Ages to the end of the 18th century",Education and culture,"Music life in Zurich mainly took place in the domestic sphere, church, and various music societies like the 1613-founded Society at the Music Hall. In the 16th century, plays were performed on Münsterhof, involving the whole city. Theater life ceased completely in 1624 under Antistes Johann Jakob Breitinger (1575-1645) due to puritan rigorism. Thanks to Johann Jakob Bodmer and Johann Jakob Breitinger (1701-1776), Zurich became a center of German-language literature in the 18th century. Prominent artists and academics included Johann Heinrich Füssli, Salomon Gessner, Johann Kaspar Lavater, and Johann Heinrich Rahn."
doc_translated_mmd_zurich_historic_en,date_1624_1624_1624,MENTIONS_DATE,"Society, economy, and culture from the High Middle Ages to the end of the 18th century",Education and culture,"Music life in Zurich mainly took place in the domestic sphere, church, and various music societies like the 1613-founded Society at the Music Hall. In the 16th century, plays were performed on Münsterhof, involving the whole city. Theater life ceased completely in 1624 under Antistes Johann Jakob Breitinger (1575-1645) due to puritan rigorism. Thanks to Johann Jakob Bodmer and Johann Jakob Breitinger (1701-1776), Zurich became a center of German-language literature in the 18th century. Prominent artists and academics included Johann Heinrich Füssli, Salomon Gessner, Johann Kaspar Lavater, and Johann Heinrich Rahn."
doc_translated_mmd_zurich_historic_en,date_1575_1645_1575_1645,MENTIONS_DATE,"Society, economy, and culture from the High Middle Ages to the end of the 18th century",Education and culture,"Music life in Zurich mainly took place in the domestic sphere, church, and various music societies like the 1613-founded Society at the Music Hall. In the 16th century, plays were performed on Münsterhof, involving the whole city. Theater life ceased completely in 1624 under Antistes Johann Jakob Breitinger (1575-1645) due to puritan rigorism. Thanks to Johann Jakob Bodmer and Johann Jakob Breitinger (1701-1776), Zurich became a center of German-language literature in the 18th century. Prominent artists and academics included Johann Heinrich Füssli, Salomon Gessner, Johann Kaspar Lavater, and Johann Heinrich Rahn."
doc_translated_mmd_zurich_historic_en,date_18th_century_1701_1800,MENTIONS_DATE,"Society, economy, and culture from the High Middle Ages to the end of the 18th century",Education and culture,"Music life in Zurich mainly took place in the domestic sphere, church, and various music societies like the 1613-founded Society at the Music Hall. In the 16th century, plays were performed on Münsterhof, involving the whole city. Theater life ceased completely in 1624 under Antistes Johann Jakob Breitinger (1575-1645) due to puritan rigorism. Thanks to Johann Jakob Bodmer and Johann Jakob Breitinger (1701-1776), Zurich became a center of German-language literature in the 18th century. Prominent artists and academics included Johann Heinrich Füssli, Salomon Gessner, Johann Kaspar Lavater, and Johann Heinrich Rahn."
doc_translated_mmd_zurich_historic_en,date_1701_1776_1701_1776,MENTIONS_DATE,"Society, economy, and culture from the High Middle Ages to the end of the 18th century",Education and culture,"Music life in Zurich mainly took place in the domestic sphere, church, and various music societies like the 1613-founded Society at the Music Hall. In the 16th century, plays were performed on Münsterhof, involving the whole city. Theater life ceased completely in 1624 under Antistes Johann Jakob Breitinger (1575-1645) due to puritan rigorism. Thanks to Johann Jakob Bodmer and Johann Jakob Breitinger (1701-1776), Zurich became a center of German-language literature in the 18th century. Prominent artists and academics included Johann Heinrich Füssli, Salomon Gessner, Johann Kaspar Lavater, and Johann Heinrich Rahn."
doc_translated_mmd_zurich_historic_en,date_1798_1798_1798,MENTIONS_DATE,Political-administrative development in the 19th and 20th centuries,Municipal constitution and authorities,"After the Helvetic Revolution of 1798, the Helvetic unitary state and its cantonal administrative units succeeded the old city-state legal system. The political municipality of active resident citizens, led by the municipality, was joined by the citizen community in 1799. This was directed by the community chamber and took on poor relief and management of municipal properties. In the Mediation period, the community assembly of citizens and residents with a two-year residence or city real estate ownership elected a 15-member city council according to the cantonal municipality law of 1803. In 1816, the cantonal Great Council enacted an organizational law for the city council based on the Restoration Constitution. The latter was assigned the Larger City Council, which consisted of five representatives from each of the 13 cantonal-city election guilds. This committee elected the municipal council, city president, and peaceful judges. It also decided on citizenship rights and city land transactions. The Regeneration Constitution of 1831 granted municipalities the right to enact own municipal regulations. According to the first Zurich municipality ordinance of 1831, there was a Small City Council of seven members alongside the community assembly as highest organ, and a 60-member Large City Council. The latter was elected until 1866 by the election guilds, although these had already been abolished at cantonal level in 1838. In 1875, based on superior laws, the poor and citizen community existing since 1803 as a territorial corporation was abolished and converted into a personal association of city citizens living in Zurich. In 1881, Small and Large City Councils were separated personnel-wise. They have since been elected at ballot box. The cantonal allocation law abolished the community assembly in 1891 and introduced the municipal initiative and referendum. The municipality ordinance of 1892 increased the number of city councilors from seven to nine. Since 1913, the Large City Council has been elected proportionally. The 1933 municipality ordinance renamed the parliament to municipal council. Municipal women's suffrage was introduced in 1969. From the last total revision of the municipality ordinance from 1970 until 2010, 44 partial revisions took place."
doc_translated_mmd_zurich_historic_en,date_1799_1799_1799,MENTIONS_DATE,Political-administrative development in the 19th and 20th centuries,Municipal constitution and authorities,"After the Helvetic Revolution of 1798, the Helvetic unitary state and its cantonal administrative units succeeded the old city-state legal system. The political municipality of active resident citizens, led by the municipality, was joined by the citizen community in 1799. This was directed by the community chamber and took on poor relief and management of municipal properties. In the Mediation period, the community assembly of citizens and residents with a two-year residence or city real estate ownership elected a 15-member city council according to the cantonal municipality law of 1803. In 1816, the cantonal Great Council enacted an organizational law for the city council based on the Restoration Constitution. The latter was assigned the Larger City Council, which consisted of five representatives from each of the 13 cantonal-city election guilds. This committee elected the municipal council, city president, and peaceful judges. It also decided on citizenship rights and city land transactions. The Regeneration Constitution of 1831 granted municipalities the right to enact own municipal regulations. According to the first Zurich municipality ordinance of 1831, there was a Small City Council of seven members alongside the community assembly as highest organ, and a 60-member Large City Council. The latter was elected until 1866 by the election guilds, although these had already been abolished at cantonal level in 1838. In 1875, based on superior laws, the poor and citizen community existing since 1803 as a territorial corporation was abolished and converted into a personal association of city citizens living in Zurich. In 1881, Small and Large City Councils were separated personnel-wise. They have since been elected at ballot box. The cantonal allocation law abolished the community assembly in 1891 and introduced the municipal initiative and referendum. The municipality ordinance of 1892 increased the number of city councilors from seven to nine. Since 1913, the Large City Council has been elected proportionally. The 1933 municipality ordinance renamed the parliament to municipal council. Municipal women's suffrage was introduced in 1969. From the last total revision of the municipality ordinance from 1970 until 2010, 44 partial revisions took place."
doc_translated_mmd_zurich_historic_en,date_1803_1803_1803,MENTIONS_DATE,Political-administrative development in the 19th and 20th centuries,Municipal constitution and authorities,"After the Helvetic Revolution of 1798, the Helvetic unitary state and its cantonal administrative units succeeded the old city-state legal system. The political municipality of active resident citizens, led by the municipality, was joined by the citizen community in 1799. This was directed by the community chamber and took on poor relief and management of municipal properties. In the Mediation period, the community assembly of citizens and residents with a two-year residence or city real estate ownership elected a 15-member city council according to the cantonal municipality law of 1803. In 1816, the cantonal Great Council enacted an organizational law for the city council based on the Restoration Constitution. The latter was assigned the Larger City Council, which consisted of five representatives from each of the 13 cantonal-city election guilds. This committee elected the municipal council, city president, and peaceful judges. It also decided on citizenship rights and city land transactions. The Regeneration Constitution of 1831 granted municipalities the right to enact own municipal regulations. According to the first Zurich municipality ordinance of 1831, there was a Small City Council of seven members alongside the community assembly as highest organ, and a 60-member Large City Council. The latter was elected until 1866 by the election guilds, although these had already been abolished at cantonal level in 1838. In 1875, based on superior laws, the poor and citizen community existing since 1803 as a territorial corporation was abolished and converted into a personal association of city citizens living in Zurich. In 1881, Small and Large City Councils were separated personnel-wise. They have since been elected at ballot box. The cantonal allocation law abolished the community assembly in 1891 and introduced the municipal initiative and referendum. The municipality ordinance of 1892 increased the number of city councilors from seven to nine. Since 1913, the Large City Council has been elected proportionally. The 1933 municipality ordinance renamed the parliament to municipal council. Municipal women's suffrage was introduced in 1969. From the last total revision of the municipality ordinance from 1970 until 2010, 44 partial revisions took place."
doc_translated_mmd_zurich_historic_en,date_mediation_period_1803_1814,MENTIONS_DATE,Political-administrative development in the 19th and 20th centuries,Municipal constitution and authorities,"After the Helvetic Revolution of 1798, the Helvetic unitary state and its cantonal administrative units succeeded the old city-state legal system. The political municipality of active resident citizens, led by the municipality, was joined by the citizen community in 1799. This was directed by the community chamber and took on poor relief and management of municipal properties. In the Mediation period, the community assembly of citizens and residents with a two-year residence or city real estate ownership elected a 15-member city council according to the cantonal municipality law of 1803. In 1816, the cantonal Great Council enacted an organizational law for the city council based on the Restoration Constitution. The latter was assigned the Larger City Council, which consisted of five representatives from each of the 13 cantonal-city election guilds. This committee elected the municipal council, city president, and peaceful judges. It also decided on citizenship rights and city land transactions. The Regeneration Constitution of 1831 granted municipalities the right to enact own municipal regulations. According to the first Zurich municipality ordinance of 1831, there was a Small City Council of seven members alongside the community assembly as highest organ, and a 60-member Large City Council. The latter was elected until 1866 by the election guilds, although these had already been abolished at cantonal level in 1838. In 1875, based on superior laws, the poor and citizen community existing since 1803 as a territorial corporation was abolished and converted into a personal association of city citizens living in Zurich. In 1881, Small and Large City Councils were separated personnel-wise. They have since been elected at ballot box. The cantonal allocation law abolished the community assembly in 1891 and introduced the municipal initiative and referendum. The municipality ordinance of 1892 increased the number of city councilors from seven to nine. Since 1913, the Large City Council has been elected proportionally. The 1933 municipality ordinance renamed the parliament to municipal council. Municipal women's suffrage was introduced in 1969. From the last total revision of the municipality ordinance from 1970 until 2010, 44 partial revisions took place."
doc_translated_mmd_zurich_historic_en,date_1816_1816_1816,MENTIONS_DATE,Political-administrative development in the 19th and 20th centuries,Municipal constitution and authorities,"After the Helvetic Revolution of 1798, the Helvetic unitary state and its cantonal administrative units succeeded the old city-state legal system. The political municipality of active resident citizens, led by the municipality, was joined by the citizen community in 1799. This was directed by the community chamber and took on poor relief and management of municipal properties. In the Mediation period, the community assembly of citizens and residents with a two-year residence or city real estate ownership elected a 15-member city council according to the cantonal municipality law of 1803. In 1816, the cantonal Great Council enacted an organizational law for the city council based on the Restoration Constitution. The latter was assigned the Larger City Council, which consisted of five representatives from each of the 13 cantonal-city election guilds. This committee elected the municipal council, city president, and peaceful judges. It also decided on citizenship rights and city land transactions. The Regeneration Constitution of 1831 granted municipalities the right to enact own municipal regulations. According to the first Zurich municipality ordinance of 1831, there was a Small City Council of seven members alongside the community assembly as highest organ, and a 60-member Large City Council. The latter was elected until 1866 by the election guilds, although these had already been abolished at cantonal level in 1838. In 1875, based on superior laws, the poor and citizen community existing since 1803 as a territorial corporation was abolished and converted into a personal association of city citizens living in Zurich. In 1881, Small and Large City Councils were separated personnel-wise. They have since been elected at ballot box. The cantonal allocation law abolished the community assembly in 1891 and introduced the municipal initiative and referendum. The municipality ordinance of 1892 increased the number of city councilors from seven to nine. Since 1913, the Large City Council has been elected proportionally. The 1933 municipality ordinance renamed the parliament to municipal council. Municipal women's suffrage was introduced in 1969. From the last total revision of the municipality ordinance from 1970 until 2010, 44 partial revisions took place."
doc_translated_mmd_zurich_historic_en,date_restoration_constitution_1814_1830,MENTIONS_DATE,Political-administrative development in the 19th and 20th centuries,Municipal constitution and authorities,"After the Helvetic Revolution of 1798, the Helvetic unitary state and its cantonal administrative units succeeded the old city-state legal system. The political municipality of active resident citizens, led by the municipality, was joined by the citizen community in 1799. This was directed by the community chamber and took on poor relief and management of municipal properties. In the Mediation period, the community assembly of citizens and residents with a two-year residence or city real estate ownership elected a 15-member city council according to the cantonal municipality law of 1803. In 1816, the cantonal Great Council enacted an organizational law for the city council based on the Restoration Constitution. The latter was assigned the Larger City Council, which consisted of five representatives from each of the 13 cantonal-city election guilds. This committee elected the municipal council, city president, and peaceful judges. It also decided on citizenship rights and city land transactions. The Regeneration Constitution of 1831 granted municipalities the right to enact own municipal regulations. According to the first Zurich municipality ordinance of 1831, there was a Small City Council of seven members alongside the community assembly as highest organ, and a 60-member Large City Council. The latter was elected until 1866 by the election guilds, although these had already been abolished at cantonal level in 1838. In 1875, based on superior laws, the poor and citizen community existing since 1803 as a territorial corporation was abolished and converted into a personal association of city citizens living in Zurich. In 1881, Small and Large City Councils were separated personnel-wise. They have since been elected at ballot box. The cantonal allocation law abolished the community assembly in 1891 and introduced the municipal initiative and referendum. The municipality ordinance of 1892 increased the number of city councilors from seven to nine. Since 1913, the Large City Council has been elected proportionally. The 1933 municipality ordinance renamed the parliament to municipal council. Municipal women's suffrage was introduced in 1969. From the last total revision of the municipality ordinance from 1970 until 2010, 44 partial revisions took place."
doc_translated_mmd_zurich_historic_en,date_1831_1831_1831,MENTIONS_DATE,Political-administrative development in the 19th and 20th centuries,Municipal constitution and authorities,"After the Helvetic Revolution of 1798, the Helvetic unitary state and its cantonal administrative units succeeded the old city-state legal system. The political municipality of active resident citizens, led by the municipality, was joined by the citizen community in 1799. This was directed by the community chamber and took on poor relief and management of municipal properties. In the Mediation period, the community assembly of citizens and residents with a two-year residence or city real estate ownership elected a 15-member city council according to the cantonal municipality law of 1803. In 1816, the cantonal Great Council enacted an organizational law for the city council based on the Restoration Constitution. The latter was assigned the Larger City Council, which consisted of five representatives from each of the 13 cantonal-city election guilds. This committee elected the municipal council, city president, and peaceful judges. It also decided on citizenship rights and city land transactions. The Regeneration Constitution of 1831 granted municipalities the right to enact own municipal regulations. According to the first Zurich municipality ordinance of 1831, there was a Small City Council of seven members alongside the community assembly as highest organ, and a 60-member Large City Council. The latter was elected until 1866 by the election guilds, although these had already been abolished at cantonal level in 1838. In 1875, based on superior laws, the poor and citizen community existing since 1803 as a territorial corporation was abolished and converted into a personal association of city citizens living in Zurich. In 1881, Small and Large City Councils were separated personnel-wise. They have since been elected at ballot box. The cantonal allocation law abolished the community assembly in 1891 and introduced the municipal initiative and referendum. The municipality ordinance of 1892 increased the number of city councilors from seven to nine. Since 1913, the Large City Council has been elected proportionally. The 1933 municipality ordinance renamed the parliament to municipal council. Municipal women's suffrage was introduced in 1969. From the last total revision of the municipality ordinance from 1970 until 2010, 44 partial revisions took place."
doc_translated_mmd_zurich_historic_en,date_1838_1838_1838,MENTIONS_DATE,Political-administrative development in the 19th and 20th centuries,Municipal constitution and authorities,"After the Helvetic Revolution of 1798, the Helvetic unitary state and its cantonal administrative units succeeded the old city-state legal system. The political municipality of active resident citizens, led by the municipality, was joined by the citizen community in 1799. This was directed by the community chamber and took on poor relief and management of municipal properties. In the Mediation period, the community assembly of citizens and residents with a two-year residence or city real estate ownership elected a 15-member city council according to the cantonal municipality law of 1803. In 1816, the cantonal Great Council enacted an organizational law for the city council based on the Restoration Constitution. The latter was assigned the Larger City Council, which consisted of five representatives from each of the 13 cantonal-city election guilds. This committee elected the municipal council, city president, and peaceful judges. It also decided on citizenship rights and city land transactions. The Regeneration Constitution of 1831 granted municipalities the right to enact own municipal regulations. According to the first Zurich municipality ordinance of 1831, there was a Small City Council of seven members alongside the community assembly as highest organ, and a 60-member Large City Council. The latter was elected until 1866 by the election guilds, although these had already been abolished at cantonal level in 1838. In 1875, based on superior laws, the poor and citizen community existing since 1803 as a territorial corporation was abolished and converted into a personal association of city citizens living in Zurich. In 1881, Small and Large City Councils were separated personnel-wise. They have since been elected at ballot box. The cantonal allocation law abolished the community assembly in 1891 and introduced the municipal initiative and referendum. The municipality ordinance of 1892 increased the number of city councilors from seven to nine. Since 1913, the Large City Council has been elected proportionally. The 1933 municipality ordinance renamed the parliament to municipal council. Municipal women's suffrage was introduced in 1969. From the last total revision of the municipality ordinance from 1970 until 2010, 44 partial revisions took place."
doc_translated_mmd_zurich_historic_en,date_1866_1866_1866,MENTIONS_DATE,Political-administrative development in the 19th and 20th centuries,Municipal constitution and authorities,"After the Helvetic Revolution of 1798, the Helvetic unitary state and its cantonal administrative units succeeded the old city-state legal system. The political municipality of active resident citizens, led by the municipality, was joined by the citizen community in 1799. This was directed by the community chamber and took on poor relief and management of municipal properties. In the Mediation period, the community assembly of citizens and residents with a two-year residence or city real estate ownership elected a 15-member city council according to the cantonal municipality law of 1803. In 1816, the cantonal Great Council enacted an organizational law for the city council based on the Restoration Constitution. The latter was assigned the Larger City Council, which consisted of five representatives from each of the 13 cantonal-city election guilds. This committee elected the municipal council, city president, and peaceful judges. It also decided on citizenship rights and city land transactions. The Regeneration Constitution of 1831 granted municipalities the right to enact own municipal regulations. According to the first Zurich municipality ordinance of 1831, there was a Small City Council of seven members alongside the community assembly as highest organ, and a 60-member Large City Council. The latter was elected until 1866 by the election guilds, although these had already been abolished at cantonal level in 1838. In 1875, based on superior laws, the poor and citizen community existing since 1803 as a territorial corporation was abolished and converted into a personal association of city citizens living in Zurich. In 1881, Small and Large City Councils were separated personnel-wise. They have since been elected at ballot box. The cantonal allocation law abolished the community assembly in 1891 and introduced the municipal initiative and referendum. The municipality ordinance of 1892 increased the number of city councilors from seven to nine. Since 1913, the Large City Council has been elected proportionally. The 1933 municipality ordinance renamed the parliament to municipal council. Municipal women's suffrage was introduced in 1969. From the last total revision of the municipality ordinance from 1970 until 2010, 44 partial revisions took place."
doc_translated_mmd_zurich_historic_en,date_1875_1875_1875,MENTIONS_DATE,Political-administrative development in the 19th and 20th centuries,Municipal constitution and authorities,"After the Helvetic Revolution of 1798, the Helvetic unitary state and its cantonal administrative units succeeded the old city-state legal system. The political municipality of active resident citizens, led by the municipality, was joined by the citizen community in 1799. This was directed by the community chamber and took on poor relief and management of municipal properties. In the Mediation period, the community assembly of citizens and residents with a two-year residence or city real estate ownership elected a 15-member city council according to the cantonal municipality law of 1803. In 1816, the cantonal Great Council enacted an organizational law for the city council based on the Restoration Constitution. The latter was assigned the Larger City Council, which consisted of five representatives from each of the 13 cantonal-city election guilds. This committee elected the municipal council, city president, and peaceful judges. It also decided on citizenship rights and city land transactions. The Regeneration Constitution of 1831 granted municipalities the right to enact own municipal regulations. According to the first Zurich municipality ordinance of 1831, there was a Small City Council of seven members alongside the community assembly as highest organ, and a 60-member Large City Council. The latter was elected until 1866 by the election guilds, although these had already been abolished at cantonal level in 1838. In 1875, based on superior laws, the poor and citizen community existing since 1803 as a territorial corporation was abolished and converted into a personal association of city citizens living in Zurich. In 1881, Small and Large City Councils were separated personnel-wise. They have since been elected at ballot box. The cantonal allocation law abolished the community assembly in 1891 and introduced the municipal initiative and referendum. The municipality ordinance of 1892 increased the number of city councilors from seven to nine. Since 1913, the Large City Council has been elected proportionally. The 1933 municipality ordinance renamed the parliament to municipal council. Municipal women's suffrage was introduced in 1969. From the last total revision of the municipality ordinance from 1970 until 2010, 44 partial revisions took place."
doc_translated_mmd_zurich_historic_en,date_1881_1881_1881,MENTIONS_DATE,Political-administrative development in the 19th and 20th centuries,Municipal constitution and authorities,"After the Helvetic Revolution of 1798, the Helvetic unitary state and its cantonal administrative units succeeded the old city-state legal system. The political municipality of active resident citizens, led by the municipality, was joined by the citizen community in 1799. This was directed by the community chamber and took on poor relief and management of municipal properties. In the Mediation period, the community assembly of citizens and residents with a two-year residence or city real estate ownership elected a 15-member city council according to the cantonal municipality law of 1803. In 1816, the cantonal Great Council enacted an organizational law for the city council based on the Restoration Constitution. The latter was assigned the Larger City Council, which consisted of five representatives from each of the 13 cantonal-city election guilds. This committee elected the municipal council, city president, and peaceful judges. It also decided on citizenship rights and city land transactions. The Regeneration Constitution of 1831 granted municipalities the right to enact own municipal regulations. According to the first Zurich municipality ordinance of 1831, there was a Small City Council of seven members alongside the community assembly as highest organ, and a 60-member Large City Council. The latter was elected until 1866 by the election guilds, although these had already been abolished at cantonal level in 1838. In 1875, based on superior laws, the poor and citizen community existing since 1803 as a territorial corporation was abolished and converted into a personal association of city citizens living in Zurich. In 1881, Small and Large City Councils were separated personnel-wise. They have since been elected at ballot box. The cantonal allocation law abolished the community assembly in 1891 and introduced the municipal initiative and referendum. The municipality ordinance of 1892 increased the number of city councilors from seven to nine. Since 1913, the Large City Council has been elected proportionally. The 1933 municipality ordinance renamed the parliament to municipal council. Municipal women's suffrage was introduced in 1969. From the last total revision of the municipality ordinance from 1970 until 2010, 44 partial revisions took place."
doc_translated_mmd_zurich_historic_en,date_1891_1891_1891,MENTIONS_DATE,Political-administrative development in the 19th and 20th centuries,Municipal constitution and authorities,"After the Helvetic Revolution of 1798, the Helvetic unitary state and its cantonal administrative units succeeded the old city-state legal system. The political municipality of active resident citizens, led by the municipality, was joined by the citizen community in 1799. This was directed by the community chamber and took on poor relief and management of municipal properties. In the Mediation period, the community assembly of citizens and residents with a two-year residence or city real estate ownership elected a 15-member city council according to the cantonal municipality law of 1803. In 1816, the cantonal Great Council enacted an organizational law for the city council based on the Restoration Constitution. The latter was assigned the Larger City Council, which consisted of five representatives from each of the 13 cantonal-city election guilds. This committee elected the municipal council, city president, and peaceful judges. It also decided on citizenship rights and city land transactions. The Regeneration Constitution of 1831 granted municipalities the right to enact own municipal regulations. According to the first Zurich municipality ordinance of 1831, there was a Small City Council of seven members alongside the community assembly as highest organ, and a 60-member Large City Council. The latter was elected until 1866 by the election guilds, although these had already been abolished at cantonal level in 1838. In 1875, based on superior laws, the poor and citizen community existing since 1803 as a territorial corporation was abolished and converted into a personal association of city citizens living in Zurich. In 1881, Small and Large City Councils were separated personnel-wise. They have since been elected at ballot box. The cantonal allocation law abolished the community assembly in 1891 and introduced the municipal initiative and referendum. The municipality ordinance of 1892 increased the number of city councilors from seven to nine. Since 1913, the Large City Council has been elected proportionally. The 1933 municipality ordinance renamed the parliament to municipal council. Municipal women's suffrage was introduced in 1969. From the last total revision of the municipality ordinance from 1970 until 2010, 44 partial revisions took place."
doc_translated_mmd_zurich_historic_en,date_1892_1892_1892,MENTIONS_DATE,Political-administrative development in the 19th and 20th centuries,Municipal constitution and authorities,"After the Helvetic Revolution of 1798, the Helvetic unitary state and its cantonal administrative units succeeded the old city-state legal system. The political municipality of active resident citizens, led by the municipality, was joined by the citizen community in 1799. This was directed by the community chamber and took on poor relief and management of municipal properties. In the Mediation period, the community assembly of citizens and residents with a two-year residence or city real estate ownership elected a 15-member city council according to the cantonal municipality law of 1803. In 1816, the cantonal Great Council enacted an organizational law for the city council based on the Restoration Constitution. The latter was assigned the Larger City Council, which consisted of five representatives from each of the 13 cantonal-city election guilds. This committee elected the municipal council, city president, and peaceful judges. It also decided on citizenship rights and city land transactions. The Regeneration Constitution of 1831 granted municipalities the right to enact own municipal regulations. According to the first Zurich municipality ordinance of 1831, there was a Small City Council of seven members alongside the community assembly as highest organ, and a 60-member Large City Council. The latter was elected until 1866 by the election guilds, although these had already been abolished at cantonal level in 1838. In 1875, based on superior laws, the poor and citizen community existing since 1803 as a territorial corporation was abolished and converted into a personal association of city citizens living in Zurich. In 1881, Small and Large City Councils were separated personnel-wise. They have since been elected at ballot box. The cantonal allocation law abolished the community assembly in 1891 and introduced the municipal initiative and referendum. The municipality ordinance of 1892 increased the number of city councilors from seven to nine. Since 1913, the Large City Council has been elected proportionally. The 1933 municipality ordinance renamed the parliament to municipal council. Municipal women's suffrage was introduced in 1969. From the last total revision of the municipality ordinance from 1970 until 2010, 44 partial revisions took place."
doc_translated_mmd_zurich_historic_en,date_1913_1913_1913,MENTIONS_DATE,Political-administrative development in the 19th and 20th centuries,Municipal constitution and authorities,"After the Helvetic Revolution of 1798, the Helvetic unitary state and its cantonal administrative units succeeded the old city-state legal system. The political municipality of active resident citizens, led by the municipality, was joined by the citizen community in 1799. This was directed by the community chamber and took on poor relief and management of municipal properties. In the Mediation period, the community assembly of citizens and residents with a two-year residence or city real estate ownership elected a 15-member city council according to the cantonal municipality law of 1803. In 1816, the cantonal Great Council enacted an organizational law for the city council based on the Restoration Constitution. The latter was assigned the Larger City Council, which consisted of five representatives from each of the 13 cantonal-city election guilds. This committee elected the municipal council, city president, and peaceful judges. It also decided on citizenship rights and city land transactions. The Regeneration Constitution of 1831 granted municipalities the right to enact own municipal regulations. According to the first Zurich municipality ordinance of 1831, there was a Small City Council of seven members alongside the community assembly as highest organ, and a 60-member Large City Council. The latter was elected until 1866 by the election guilds, although these had already been abolished at cantonal level in 1838. In 1875, based on superior laws, the poor and citizen community existing since 1803 as a territorial corporation was abolished and converted into a personal association of city citizens living in Zurich. In 1881, Small and Large City Councils were separated personnel-wise. They have since been elected at ballot box. The cantonal allocation law abolished the community assembly in 1891 and introduced the municipal initiative and referendum. The municipality ordinance of 1892 increased the number of city councilors from seven to nine. Since 1913, the Large City Council has been elected proportionally. The 1933 municipality ordinance renamed the parliament to municipal council. Municipal women's suffrage was introduced in 1969. From the last total revision of the municipality ordinance from 1970 until 2010, 44 partial revisions took place."
doc_translated_mmd_zurich_historic_en,date_1933_1933_1933,MENTIONS_DATE,Political-administrative development in the 19th and 20th centuries,Municipal constitution and authorities,"After the Helvetic Revolution of 1798, the Helvetic unitary state and its cantonal administrative units succeeded the old city-state legal system. The political municipality of active resident citizens, led by the municipality, was joined by the citizen community in 1799. This was directed by the community chamber and took on poor relief and management of municipal properties. In the Mediation period, the community assembly of citizens and residents with a two-year residence or city real estate ownership elected a 15-member city council according to the cantonal municipality law of 1803. In 1816, the cantonal Great Council enacted an organizational law for the city council based on the Restoration Constitution. The latter was assigned the Larger City Council, which consisted of five representatives from each of the 13 cantonal-city election guilds. This committee elected the municipal council, city president, and peaceful judges. It also decided on citizenship rights and city land transactions. The Regeneration Constitution of 1831 granted municipalities the right to enact own municipal regulations. According to the first Zurich municipality ordinance of 1831, there was a Small City Council of seven members alongside the community assembly as highest organ, and a 60-member Large City Council. The latter was elected until 1866 by the election guilds, although these had already been abolished at cantonal level in 1838. In 1875, based on superior laws, the poor and citizen community existing since 1803 as a territorial corporation was abolished and converted into a personal association of city citizens living in Zurich. In 1881, Small and Large City Councils were separated personnel-wise. They have since been elected at ballot box. The cantonal allocation law abolished the community assembly in 1891 and introduced the municipal initiative and referendum. The municipality ordinance of 1892 increased the number of city councilors from seven to nine. Since 1913, the Large City Council has been elected proportionally. The 1933 municipality ordinance renamed the parliament to municipal council. Municipal women's suffrage was introduced in 1969. From the last total revision of the municipality ordinance from 1970 until 2010, 44 partial revisions took place."
doc_translated_mmd_zurich_historic_en,date_1969_1969_1969,MENTIONS_DATE,Political-administrative development in the 19th and 20th centuries,Municipal constitution and authorities,"After the Helvetic Revolution of 1798, the Helvetic unitary state and its cantonal administrative units succeeded the old city-state legal system. The political municipality of active resident citizens, led by the municipality, was joined by the citizen community in 1799. This was directed by the community chamber and took on poor relief and management of municipal properties. In the Mediation period, the community assembly of citizens and residents with a two-year residence or city real estate ownership elected a 15-member city council according to the cantonal municipality law of 1803. In 1816, the cantonal Great Council enacted an organizational law for the city council based on the Restoration Constitution. The latter was assigned the Larger City Council, which consisted of five representatives from each of the 13 cantonal-city election guilds. This committee elected the municipal council, city president, and peaceful judges. It also decided on citizenship rights and city land transactions. The Regeneration Constitution of 1831 granted municipalities the right to enact own municipal regulations. According to the first Zurich municipality ordinance of 1831, there was a Small City Council of seven members alongside the community assembly as highest organ, and a 60-member Large City Council. The latter was elected until 1866 by the election guilds, although these had already been abolished at cantonal level in 1838. In 1875, based on superior laws, the poor and citizen community existing since 1803 as a territorial corporation was abolished and converted into a personal association of city citizens living in Zurich. In 1881, Small and Large City Councils were separated personnel-wise. They have since been elected at ballot box. The cantonal allocation law abolished the community assembly in 1891 and introduced the municipal initiative and referendum. The municipality ordinance of 1892 increased the number of city councilors from seven to nine. Since 1913, the Large City Council has been elected proportionally. The 1933 municipality ordinance renamed the parliament to municipal council. Municipal women's suffrage was introduced in 1969. From the last total revision of the municipality ordinance from 1970 until 2010, 44 partial revisions took place."
doc_translated_mmd_zurich_historic_en,date_1970_until_2010_1970_2010,MENTIONS_DATE,Political-administrative development in the 19th and 20th centuries,Municipal constitution and authorities,"After the Helvetic Revolution of 1798, the Helvetic unitary state and its cantonal administrative units succeeded the old city-state legal system. The political municipality of active resident citizens, led by the municipality, was joined by the citizen community in 1799. This was directed by the community chamber and took on poor relief and management of municipal properties. In the Mediation period, the community assembly of citizens and residents with a two-year residence or city real estate ownership elected a 15-member city council according to the cantonal municipality law of 1803. In 1816, the cantonal Great Council enacted an organizational law for the city council based on the Restoration Constitution. The latter was assigned the Larger City Council, which consisted of five representatives from each of the 13 cantonal-city election guilds. This committee elected the municipal council, city president, and peaceful judges. It also decided on citizenship rights and city land transactions. The Regeneration Constitution of 1831 granted municipalities the right to enact own municipal regulations. According to the first Zurich municipality ordinance of 1831, there was a Small City Council of seven members alongside the community assembly as highest organ, and a 60-member Large City Council. The latter was elected until 1866 by the election guilds, although these had already been abolished at cantonal level in 1838. In 1875, based on superior laws, the poor and citizen community existing since 1803 as a territorial corporation was abolished and converted into a personal association of city citizens living in Zurich. In 1881, Small and Large City Councils were separated personnel-wise. They have since been elected at ballot box. The cantonal allocation law abolished the community assembly in 1891 and introduced the municipal initiative and referendum. The municipality ordinance of 1892 increased the number of city councilors from seven to nine. Since 1913, the Large City Council has been elected proportionally. The 1933 municipality ordinance renamed the parliament to municipal council. Municipal women's suffrage was introduced in 1969. From the last total revision of the municipality ordinance from 1970 until 2010, 44 partial revisions took place."
doc_translated_mmd_zurich_historic_en,date_1798_1798_1798,MENTIONS_DATE,Political-administrative development in the 19th and 20th centuries,The municipal area,"In 1798, the city was divided into three sections: Oberdorf, Niederdorf, and Kleine Stadt. The strong immigration in the 19th century, which mainly affected suburbs and financially overwhelmed them, ultimately led to the first incorporation of 1893, prompted by the Aussersihl petition of 1885. It made Zurich the largest Swiss city. The 1891 cantonal allocation law fixed the division into five Zurich districts then still numbered with Roman numerals: Altstadt (I), Enge, Leimbach and Wollishofen (II), Aussersihl and Wiedikon (III), Oberstrass, Unterstrass and Wipkingen (IV), and Fluntern, Hirslanden, Hottingen and Riesbach (V). In 1913, these were increased to eight. The 1933 municipality ordinance before the second incorporation of 1934 divided Zurich into eleven precincts: Altstadt (1), Enge, Leimbach and Wollishofen (2), Wiedikon (3), Aussersihl (4), Industriequartier (5), Oberstrass and Unterstrass (6), Fluntern, Hirslanden, Hottingen and Witikon (7), Riesbach (8), Albisrieden and Altstetten (9), Höngg and Wipkingen (10), and Affoltern, Oerlikon, Schwamendingen and Seebach (11). Since 1970, Schwamendingen forms district 12."
doc_translated_mmd_zurich_historic_en,date_19th_century_1801_1900,MENTIONS_DATE,Political-administrative development in the 19th and 20th centuries,The municipal area,"In 1798, the city was divided into three sections: Oberdorf, Niederdorf, and Kleine Stadt. The strong immigration in the 19th century, which mainly affected suburbs and financially overwhelmed them, ultimately led to the first incorporation of 1893, prompted by the Aussersihl petition of 1885. It made Zurich the largest Swiss city. The 1891 cantonal allocation law fixed the division into five Zurich districts then still numbered with Roman numerals: Altstadt (I), Enge, Leimbach and Wollishofen (II), Aussersihl and Wiedikon (III), Oberstrass, Unterstrass and Wipkingen (IV), and Fluntern, Hirslanden, Hottingen and Riesbach (V). In 1913, these were increased to eight. The 1933 municipality ordinance before the second incorporation of 1934 divided Zurich into eleven precincts: Altstadt (1), Enge, Leimbach and Wollishofen (2), Wiedikon (3), Aussersihl (4), Industriequartier (5), Oberstrass and Unterstrass (6), Fluntern, Hirslanden, Hottingen and Witikon (7), Riesbach (8), Albisrieden and Altstetten (9), Höngg and Wipkingen (10), and Affoltern, Oerlikon, Schwamendingen and Seebach (11). Since 1970, Schwamendingen forms district 12."
doc_translated_mmd_zurich_historic_en,date_1885_1885_1885,MENTIONS_DATE,Political-administrative development in the 19th and 20th centuries,The municipal area,"In 1798, the city was divided into three sections: Oberdorf, Niederdorf, and Kleine Stadt. The strong immigration in the 19th century, which mainly affected suburbs and financially overwhelmed them, ultimately led to the first incorporation of 1893, prompted by the Aussersihl petition of 1885. It made Zurich the largest Swiss city. The 1891 cantonal allocation law fixed the division into five Zurich districts then still numbered with Roman numerals: Altstadt (I), Enge, Leimbach and Wollishofen (II), Aussersihl and Wiedikon (III), Oberstrass, Unterstrass and Wipkingen (IV), and Fluntern, Hirslanden, Hottingen and Riesbach (V). In 1913, these were increased to eight. The 1933 municipality ordinance before the second incorporation of 1934 divided Zurich into eleven precincts: Altstadt (1), Enge, Leimbach and Wollishofen (2), Wiedikon (3), Aussersihl (4), Industriequartier (5), Oberstrass and Unterstrass (6), Fluntern, Hirslanden, Hottingen and Witikon (7), Riesbach (8), Albisrieden and Altstetten (9), Höngg and Wipkingen (10), and Affoltern, Oerlikon, Schwamendingen and Seebach (11). Since 1970, Schwamendingen forms district 12."
doc_translated_mmd_zurich_historic_en,date_1891_1891_1891,MENTIONS_DATE,Political-administrative development in the 19th and 20th centuries,The municipal area,"In 1798, the city was divided into three sections: Oberdorf, Niederdorf, and Kleine Stadt. The strong immigration in the 19th century, which mainly affected suburbs and financially overwhelmed them, ultimately led to the first incorporation of 1893, prompted by the Aussersihl petition of 1885. It made Zurich the largest Swiss city. The 1891 cantonal allocation law fixed the division into five Zurich districts then still numbered with Roman numerals: Altstadt (I), Enge, Leimbach and Wollishofen (II), Aussersihl and Wiedikon (III), Oberstrass, Unterstrass and Wipkingen (IV), and Fluntern, Hirslanden, Hottingen and Riesbach (V). In 1913, these were increased to eight. The 1933 municipality ordinance before the second incorporation of 1934 divided Zurich into eleven precincts: Altstadt (1), Enge, Leimbach and Wollishofen (2), Wiedikon (3), Aussersihl (4), Industriequartier (5), Oberstrass and Unterstrass (6), Fluntern, Hirslanden, Hottingen and Witikon (7), Riesbach (8), Albisrieden and Altstetten (9), Höngg and Wipkingen (10), and Affoltern, Oerlikon, Schwamendingen and Seebach (11). Since 1970, Schwamendingen forms district 12."
doc_translated_mmd_zurich_historic_en,date_1893_1893_1893,MENTIONS_DATE,Political-administrative development in the 19th and 20th centuries,The municipal area,"In 1798, the city was divided into three sections: Oberdorf, Niederdorf, and Kleine Stadt. The strong immigration in the 19th century, which mainly affected suburbs and financially overwhelmed them, ultimately led to the first incorporation of 1893, prompted by the Aussersihl petition of 1885. It made Zurich the largest Swiss city. The 1891 cantonal allocation law fixed the division into five Zurich districts then still numbered with Roman numerals: Altstadt (I), Enge, Leimbach and Wollishofen (II), Aussersihl and Wiedikon (III), Oberstrass, Unterstrass and Wipkingen (IV), and Fluntern, Hirslanden, Hottingen and Riesbach (V). In 1913, these were increased to eight. The 1933 municipality ordinance before the second incorporation of 1934 divided Zurich into eleven precincts: Altstadt (1), Enge, Leimbach and Wollishofen (2), Wiedikon (3), Aussersihl (4), Industriequartier (5), Oberstrass and Unterstrass (6), Fluntern, Hirslanden, Hottingen and Witikon (7), Riesbach (8), Albisrieden and Altstetten (9), Höngg and Wipkingen (10), and Affoltern, Oerlikon, Schwamendingen and Seebach (11). Since 1970, Schwamendingen forms district 12."
doc_translated_mmd_zurich_historic_en,date_1913_1913_1913,MENTIONS_DATE,Political-administrative development in the 19th and 20th centuries,The municipal area,"In 1798, the city was divided into three sections: Oberdorf, Niederdorf, and Kleine Stadt. The strong immigration in the 19th century, which mainly affected suburbs and financially overwhelmed them, ultimately led to the first incorporation of 1893, prompted by the Aussersihl petition of 1885. It made Zurich the largest Swiss city. The 1891 cantonal allocation law fixed the division into five Zurich districts then still numbered with Roman numerals: Altstadt (I), Enge, Leimbach and Wollishofen (II), Aussersihl and Wiedikon (III), Oberstrass, Unterstrass and Wipkingen (IV), and Fluntern, Hirslanden, Hottingen and Riesbach (V). In 1913, these were increased to eight. The 1933 municipality ordinance before the second incorporation of 1934 divided Zurich into eleven precincts: Altstadt (1), Enge, Leimbach and Wollishofen (2), Wiedikon (3), Aussersihl (4), Industriequartier (5), Oberstrass and Unterstrass (6), Fluntern, Hirslanden, Hottingen and Witikon (7), Riesbach (8), Albisrieden and Altstetten (9), Höngg and Wipkingen (10), and Affoltern, Oerlikon, Schwamendingen and Seebach (11). Since 1970, Schwamendingen forms district 12."
doc_translated_mmd_zurich_historic_en,date_1933_1933_1933,MENTIONS_DATE,Political-administrative development in the 19th and 20th centuries,The municipal area,"In 1798, the city was divided into three sections: Oberdorf, Niederdorf, and Kleine Stadt. The strong immigration in the 19th century, which mainly affected suburbs and financially overwhelmed them, ultimately led to the first incorporation of 1893, prompted by the Aussersihl petition of 1885. It made Zurich the largest Swiss city. The 1891 cantonal allocation law fixed the division into five Zurich districts then still numbered with Roman numerals: Altstadt (I), Enge, Leimbach and Wollishofen (II), Aussersihl and Wiedikon (III), Oberstrass, Unterstrass and Wipkingen (IV), and Fluntern, Hirslanden, Hottingen and Riesbach (V). In 1913, these were increased to eight. The 1933 municipality ordinance before the second incorporation of 1934 divided Zurich into eleven precincts: Altstadt (1), Enge, Leimbach and Wollishofen (2), Wiedikon (3), Aussersihl (4), Industriequartier (5), Oberstrass and Unterstrass (6), Fluntern, Hirslanden, Hottingen and Witikon (7), Riesbach (8), Albisrieden and Altstetten (9), Höngg and Wipkingen (10), and Affoltern, Oerlikon, Schwamendingen and Seebach (11). Since 1970, Schwamendingen forms district 12."
doc_translated_mmd_zurich_historic_en,date_1934_1934_1934,MENTIONS_DATE,Political-administrative development in the 19th and 20th centuries,The municipal area,"In 1798, the city was divided into three sections: Oberdorf, Niederdorf, and Kleine Stadt. The strong immigration in the 19th century, which mainly affected suburbs and financially overwhelmed them, ultimately led to the first incorporation of 1893, prompted by the Aussersihl petition of 1885. It made Zurich the largest Swiss city. The 1891 cantonal allocation law fixed the division into five Zurich districts then still numbered with Roman numerals: Altstadt (I), Enge, Leimbach and Wollishofen (II), Aussersihl and Wiedikon (III), Oberstrass, Unterstrass and Wipkingen (IV), and Fluntern, Hirslanden, Hottingen and Riesbach (V). In 1913, these were increased to eight. The 1933 municipality ordinance before the second incorporation of 1934 divided Zurich into eleven precincts: Altstadt (1), Enge, Leimbach and Wollishofen (2), Wiedikon (3), Aussersihl (4), Industriequartier (5), Oberstrass and Unterstrass (6), Fluntern, Hirslanden, Hottingen and Witikon (7), Riesbach (8), Albisrieden and Altstetten (9), Höngg and Wipkingen (10), and Affoltern, Oerlikon, Schwamendingen and Seebach (11). Since 1970, Schwamendingen forms district 12."
doc_translated_mmd_zurich_historic_en,date_1970_1970_1970,MENTIONS_DATE,Political-administrative development in the 19th and 20th centuries,The municipal area,"In 1798, the city was divided into three sections: Oberdorf, Niederdorf, and Kleine Stadt. The strong immigration in the 19th century, which mainly affected suburbs and financially overwhelmed them, ultimately led to the first incorporation of 1893, prompted by the Aussersihl petition of 1885. It made Zurich the largest Swiss city. The 1891 cantonal allocation law fixed the division into five Zurich districts then still numbered with Roman numerals: Altstadt (I), Enge, Leimbach and Wollishofen (II), Aussersihl and Wiedikon (III), Oberstrass, Unterstrass and Wipkingen (IV), and Fluntern, Hirslanden, Hottingen and Riesbach (V). In 1913, these were increased to eight. The 1933 municipality ordinance before the second incorporation of 1934 divided Zurich into eleven precincts: Altstadt (1), Enge, Leimbach and Wollishofen (2), Wiedikon (3), Aussersihl (4), Industriequartier (5), Oberstrass and Unterstrass (6), Fluntern, Hirslanden, Hottingen and Witikon (7), Riesbach (8), Albisrieden and Altstetten (9), Höngg and Wipkingen (10), and Affoltern, Oerlikon, Schwamendingen and Seebach (11). Since 1970, Schwamendingen forms district 12."
doc_translated_mmd_zurich_historic_en,date_1883_1883_1883,MENTIONS_DATE,Political-administrative development in the 19th and 20th centuries,The municipal area,"Commemorative sheet for the national exhibition 1883. Printed in the lithographers' cooperative’s working gallery Aussersihl, drawn by Ernst Conrad (Central Library Zurich, Graphic Collection and Photo Archive)."
doc_translated_mmd_zurich_historic_en,date_1799_to_mid_19th_century_1799_1850,MENTIONS_DATE,Political-administrative development in the 19th and 20th centuries,Political forces,"From 1799 to mid-19th century, conservatives dominated city politics. Urban liberals played a mainly cantonal role from 1830. After their return to power in the canton, they began to dominate city politics after 1845. In the 1860s, conservatives arranged with liberals and joined them politically. Strong immigration from mid-19th century favored the rise of the democratic movement anchored mainly in Winterthur and rural areas, also advocating social reform. In 1866, the first non-citizen, tinsmith Jakob Schnurrenberger, was elected to the Small City Council. Until the first incorporation, Zurich was a liberal stronghold. The last bastion of conservative-minded urban citizens, the citizen community, fell with the municipality law of 1875, which made naturalization of Swiss citizens easier. Democrats became the strongest force in the suburbs."
doc_translated_mmd_zurich_historic_en,date_1830_1830_1830,MENTIONS_DATE,Political-administrative development in the 19th and 20th centuries,Political forces,"From 1799 to mid-19th century, conservatives dominated city politics. Urban liberals played a mainly cantonal role from 1830. After their return to power in the canton, they began to dominate city politics after 1845. In the 1860s, conservatives arranged with liberals and joined them politically. Strong immigration from mid-19th century favored the rise of the democratic movement anchored mainly in Winterthur and rural areas, also advocating social reform. In 1866, the first non-citizen, tinsmith Jakob Schnurrenberger, was elected to the Small City Council. Until the first incorporation, Zurich was a liberal stronghold. The last bastion of conservative-minded urban citizens, the citizen community, fell with the municipality law of 1875, which made naturalization of Swiss citizens easier. Democrats became the strongest force in the suburbs."
doc_translated_mmd_zurich_historic_en,date_after_1845_1846_1900,MENTIONS_DATE,Political-administrative development in the 19th and 20th centuries,Political forces,"From 1799 to mid-19th century, conservatives dominated city politics. Urban liberals played a mainly cantonal role from 1830. After their return to power in the canton, they began to dominate city politics after 1845. In the 1860s, conservatives arranged with liberals and joined them politically. Strong immigration from mid-19th century favored the rise of the democratic movement anchored mainly in Winterthur and rural areas, also advocating social reform. In 1866, the first non-citizen, tinsmith Jakob Schnurrenberger, was elected to the Small City Council. Until the first incorporation, Zurich was a liberal stronghold. The last bastion of conservative-minded urban citizens, the citizen community, fell with the municipality law of 1875, which made naturalization of Swiss citizens easier. Democrats became the strongest force in the suburbs."
doc_translated_mmd_zurich_historic_en,date_1860s_1860_1869,MENTIONS_DATE,Political-administrative development in the 19th and 20th centuries,Political forces,"From 1799 to mid-19th century, conservatives dominated city politics. Urban liberals played a mainly cantonal role from 1830. After their return to power in the canton, they began to dominate city politics after 1845. In the 1860s, conservatives arranged with liberals and joined them politically. Strong immigration from mid-19th century favored the rise of the democratic movement anchored mainly in Winterthur and rural areas, also advocating social reform. In 1866, the first non-citizen, tinsmith Jakob Schnurrenberger, was elected to the Small City Council. Until the first incorporation, Zurich was a liberal stronghold. The last bastion of conservative-minded urban citizens, the citizen community, fell with the municipality law of 1875, which made naturalization of Swiss citizens easier. Democrats became the strongest force in the suburbs."
doc_translated_mmd_zurich_historic_en,date_mid_19th_century_1840_1860,MENTIONS_DATE,Political-administrative development in the 19th and 20th centuries,Political forces,"From 1799 to mid-19th century, conservatives dominated city politics. Urban liberals played a mainly cantonal role from 1830. After their return to power in the canton, they began to dominate city politics after 1845. In the 1860s, conservatives arranged with liberals and joined them politically. Strong immigration from mid-19th century favored the rise of the democratic movement anchored mainly in Winterthur and rural areas, also advocating social reform. In 1866, the first non-citizen, tinsmith Jakob Schnurrenberger, was elected to the Small City Council. Until the first incorporation, Zurich was a liberal stronghold. The last bastion of conservative-minded urban citizens, the citizen community, fell with the municipality law of 1875, which made naturalization of Swiss citizens easier. Democrats became the strongest force in the suburbs."
doc_translated_mmd_zurich_historic_en,date_1866_1866_1866,MENTIONS_DATE,Political-administrative development in the 19th and 20th centuries,Political forces,"From 1799 to mid-19th century, conservatives dominated city politics. Urban liberals played a mainly cantonal role from 1830. After their return to power in the canton, they began to dominate city politics after 1845. In the 1860s, conservatives arranged with liberals and joined them politically. Strong immigration from mid-19th century favored the rise of the democratic movement anchored mainly in Winterthur and rural areas, also advocating social reform. In 1866, the first non-citizen, tinsmith Jakob Schnurrenberger, was elected to the Small City Council. Until the first incorporation, Zurich was a liberal stronghold. The last bastion of conservative-minded urban citizens, the citizen community, fell with the municipality law of 1875, which made naturalization of Swiss citizens easier. Democrats became the strongest force in the suburbs."
doc_translated_mmd_zurich_historic_en,date_1875_1875_1875,MENTIONS_DATE,Political-administrative development in the 19th and 20th centuries,Political forces,"From 1799 to mid-19th century, conservatives dominated city politics. Urban liberals played a mainly cantonal role from 1830. After their return to power in the canton, they began to dominate city politics after 1845. In the 1860s, conservatives arranged with liberals and joined them politically. Strong immigration from mid-19th century favored the rise of the democratic movement anchored mainly in Winterthur and rural areas, also advocating social reform. In 1866, the first non-citizen, tinsmith Jakob Schnurrenberger, was elected to the Small City Council. Until the first incorporation, Zurich was a liberal stronghold. The last bastion of conservative-minded urban citizens, the citizen community, fell with the municipality law of 1875, which made naturalization of Swiss citizens easier. Democrats became the strongest force in the suburbs."
doc_translated_mmd_zurich_historic_en,date_1928_1928_1928,MENTIONS_DATE,Political-administrative development in the 19th and 20th centuries,Political forces,"Poster of the Free Democratic Party for city and municipal council elections in 1928, designed by ad agency Max Dalang (Swiss Social Archive, Zurich, F Ob-0003-022)."
doc_translated_mmd_zurich_historic_en,date_1931_1931_1931,MENTIONS_DATE,Political-administrative development in the 19th and 20th centuries,Political forces,"Election poster of the Social Democratic Party of the city of Zurich, designed by Otto Baumberger, 1931 (Museum of Design Zurich, Poster Collection, Zurich University of the Arts)."
doc_translated_mmd_zurich_historic_en,date_1917_1917_1917,MENTIONS_DATE,Political-administrative development in the 19th and 20th centuries,Political forces,"In the Large City Council or Municipal Council, the liberal party (from 1917 FDP) dominated until 1907, then the SP took over. From 1928-1938, ""red Zurich"" had an absolute parliamentary majority. In 1938, the National Ring of Independents (LdU) entered the municipal council. Together with the CVP, which founded a city party section as Christian Social Party in 1907, and the Evangelical People's Party, the political center was formed until the late 1970s. In 2002, the SVP, emerging from the Farmers, Trades, and Citizens Party, replaced the FDP as the strongest bourgeois force."
doc_translated_mmd_zurich_historic_en,date_1907_1907_1907,MENTIONS_DATE,Political-administrative development in the 19th and 20th centuries,Political forces,"In the Large City Council or Municipal Council, the liberal party (from 1917 FDP) dominated until 1907, then the SP took over. From 1928-1938, ""red Zurich"" had an absolute parliamentary majority. In 1938, the National Ring of Independents (LdU) entered the municipal council. Together with the CVP, which founded a city party section as Christian Social Party in 1907, and the Evangelical People's Party, the political center was formed until the late 1970s. In 2002, the SVP, emerging from the Farmers, Trades, and Citizens Party, replaced the FDP as the strongest bourgeois force."
doc_translated_mmd_zurich_historic_en,date_1928_1938_1928_1938,MENTIONS_DATE,Political-administrative development in the 19th and 20th centuries,Political forces,"In the Large City Council or Municipal Council, the liberal party (from 1917 FDP) dominated until 1907, then the SP took over. From 1928-1938, ""red Zurich"" had an absolute parliamentary majority. In 1938, the National Ring of Independents (LdU) entered the municipal council. Together with the CVP, which founded a city party section as Christian Social Party in 1907, and the Evangelical People's Party, the political center was formed until the late 1970s. In 2002, the SVP, emerging from the Farmers, Trades, and Citizens Party, replaced the FDP as the strongest bourgeois force."
doc_translated_mmd_zurich_historic_en,date_1938_1938_1938,MENTIONS_DATE,Political-administrative development in the 19th and 20th centuries,Political forces,"In the Large City Council or Municipal Council, the liberal party (from 1917 FDP) dominated until 1907, then the SP took over. From 1928-1938, ""red Zurich"" had an absolute parliamentary majority. In 1938, the National Ring of Independents (LdU) entered the municipal council. Together with the CVP, which founded a city party section as Christian Social Party in 1907, and the Evangelical People's Party, the political center was formed until the late 1970s. In 2002, the SVP, emerging from the Farmers, Trades, and Citizens Party, replaced the FDP as the strongest bourgeois force."
doc_translated_mmd_zurich_historic_en,date_late_1970s_1977_1979,MENTIONS_DATE,Political-administrative development in the 19th and 20th centuries,Political forces,"In the Large City Council or Municipal Council, the liberal party (from 1917 FDP) dominated until 1907, then the SP took over. From 1928-1938, ""red Zurich"" had an absolute parliamentary majority. In 1938, the National Ring of Independents (LdU) entered the municipal council. Together with the CVP, which founded a city party section as Christian Social Party in 1907, and the Evangelical People's Party, the political center was formed until the late 1970s. In 2002, the SVP, emerging from the Farmers, Trades, and Citizens Party, replaced the FDP as the strongest bourgeois force."
doc_translated_mmd_zurich_historic_en,date_2002_2002_2002,MENTIONS_DATE,Political-administrative development in the 19th and 20th centuries,Political forces,"In the Large City Council or Municipal Council, the liberal party (from 1917 FDP) dominated until 1907, then the SP took over. From 1928-1938, ""red Zurich"" had an absolute parliamentary majority. In 1938, the National Ring of Independents (LdU) entered the municipal council. Together with the CVP, which founded a city party section as Christian Social Party in 1907, and the Evangelical People's Party, the political center was formed until the late 1970s. In 2002, the SVP, emerging from the Farmers, Trades, and Citizens Party, replaced the FDP as the strongest bourgeois force."
doc_translated_mmd_zurich_historic_en,date_1892_1901_1892_1901,MENTIONS_DATE,Political-administrative development in the 19th and 20th centuries,Political forces,"In the executive city council, the democratic party dominated from 1892-1901 with five of nine seats, from 1907 the SP with four, and from 1928 with five seats. ""Red Zurich"" ended in 1949 with the death of city president Adolf Lüchinger. From 1950, the SP generally held four seats, the FDP and the dissolved LdU each one to two. In 1970, Emilie Lieberherr (SP) became the first woman elected to the city council. In 1990, the SP became strongest party again, while the SVP exited. Since 1994, a red-green majority has governed."
doc_translated_mmd_zurich_historic_en,date_1907_1907_1907,MENTIONS_DATE,Political-administrative development in the 19th and 20th centuries,Political forces,"In the executive city council, the democratic party dominated from 1892-1901 with five of nine seats, from 1907 the SP with four, and from 1928 with five seats. ""Red Zurich"" ended in 1949 with the death of city president Adolf Lüchinger. From 1950, the SP generally held four seats, the FDP and the dissolved LdU each one to two. In 1970, Emilie Lieberherr (SP) became the first woman elected to the city council. In 1990, the SP became strongest party again, while the SVP exited. Since 1994, a red-green majority has governed."
doc_translated_mmd_zurich_historic_en,date_1928_1928_1928,MENTIONS_DATE,Political-administrative development in the 19th and 20th centuries,Political forces,"In the executive city council, the democratic party dominated from 1892-1901 with five of nine seats, from 1907 the SP with four, and from 1928 with five seats. ""Red Zurich"" ended in 1949 with the death of city president Adolf Lüchinger. From 1950, the SP generally held four seats, the FDP and the dissolved LdU each one to two. In 1970, Emilie Lieberherr (SP) became the first woman elected to the city council. In 1990, the SP became strongest party again, while the SVP exited. Since 1994, a red-green majority has governed."
doc_translated_mmd_zurich_historic_en,date_1949_1949_1949,MENTIONS_DATE,Political-administrative development in the 19th and 20th centuries,Political forces,"In the executive city council, the democratic party dominated from 1892-1901 with five of nine seats, from 1907 the SP with four, and from 1928 with five seats. ""Red Zurich"" ended in 1949 with the death of city president Adolf Lüchinger. From 1950, the SP generally held four seats, the FDP and the dissolved LdU each one to two. In 1970, Emilie Lieberherr (SP) became the first woman elected to the city council. In 1990, the SP became strongest party again, while the SVP exited. Since 1994, a red-green majority has governed."
doc_translated_mmd_zurich_historic_en,date_1950_1950_1950,MENTIONS_DATE,Political-administrative development in the 19th and 20th centuries,Political forces,"In the executive city council, the democratic party dominated from 1892-1901 with five of nine seats, from 1907 the SP with four, and from 1928 with five seats. ""Red Zurich"" ended in 1949 with the death of city president Adolf Lüchinger. From 1950, the SP generally held four seats, the FDP and the dissolved LdU each one to two. In 1970, Emilie Lieberherr (SP) became the first woman elected to the city council. In 1990, the SP became strongest party again, while the SVP exited. Since 1994, a red-green majority has governed."
doc_translated_mmd_zurich_historic_en,date_1970_1970_1970,MENTIONS_DATE,Political-administrative development in the 19th and 20th centuries,Political forces,"In the executive city council, the democratic party dominated from 1892-1901 with five of nine seats, from 1907 the SP with four, and from 1928 with five seats. ""Red Zurich"" ended in 1949 with the death of city president Adolf Lüchinger. From 1950, the SP generally held four seats, the FDP and the dissolved LdU each one to two. In 1970, Emilie Lieberherr (SP) became the first woman elected to the city council. In 1990, the SP became strongest party again, while the SVP exited. Since 1994, a red-green majority has governed."
doc_translated_mmd_zurich_historic_en,date_1990_1990_1990,MENTIONS_DATE,Political-administrative development in the 19th and 20th centuries,Political forces,"In the executive city council, the democratic party dominated from 1892-1901 with five of nine seats, from 1907 the SP with four, and from 1928 with five seats. ""Red Zurich"" ended in 1949 with the death of city president Adolf Lüchinger. From 1950, the SP generally held four seats, the FDP and the dissolved LdU each one to two. In 1970, Emilie Lieberherr (SP) became the first woman elected to the city council. In 1990, the SP became strongest party again, while the SVP exited. Since 1994, a red-green majority has governed."
doc_translated_mmd_zurich_historic_en,date_1994_1994_1994,MENTIONS_DATE,Political-administrative development in the 19th and 20th centuries,Political forces,"In the executive city council, the democratic party dominated from 1892-1901 with five of nine seats, from 1907 the SP with four, and from 1928 with five seats. ""Red Zurich"" ended in 1949 with the death of city president Adolf Lüchinger. From 1950, the SP generally held four seats, the FDP and the dissolved LdU each one to two. In 1970, Emilie Lieberherr (SP) became the first woman elected to the city council. In 1990, the SP became strongest party again, while the SVP exited. Since 1994, a red-green majority has governed."
doc_translated_mmd_zurich_historic_en,date_1798_1798_1798,MENTIONS_DATE,Political-administrative development in the 19th and 20th centuries,City assets and finances,"The assets of the former city-state passed to the Helvetic Republic, which provisionally left properties to the city in 1798. The 1803 mediation act secured assets covering costs for school, poor relief, church, and construction. Police were financed by fees and consumption taxes. From 1802, the city charged billeting fees per household. From 1833, residents were taxed for police, school, church, and road construction. Those owning property paid contributions for public buildings and fire brigade. The 1855 municipality law equated residents and citizens tax-wise; direct municipal taxes were introduced but did not yet affect poor relief. The 1891 allocation law introduced a modern municipal tax system."
doc_translated_mmd_zurich_historic_en,date_1803_1803_1803,MENTIONS_DATE,Political-administrative development in the 19th and 20th centuries,City assets and finances,"The assets of the former city-state passed to the Helvetic Republic, which provisionally left properties to the city in 1798. The 1803 mediation act secured assets covering costs for school, poor relief, church, and construction. Police were financed by fees and consumption taxes. From 1802, the city charged billeting fees per household. From 1833, residents were taxed for police, school, church, and road construction. Those owning property paid contributions for public buildings and fire brigade. The 1855 municipality law equated residents and citizens tax-wise; direct municipal taxes were introduced but did not yet affect poor relief. The 1891 allocation law introduced a modern municipal tax system."
doc_translated_mmd_zurich_historic_en,date_1802_1802_1802,MENTIONS_DATE,Political-administrative development in the 19th and 20th centuries,City assets and finances,"The assets of the former city-state passed to the Helvetic Republic, which provisionally left properties to the city in 1798. The 1803 mediation act secured assets covering costs for school, poor relief, church, and construction. Police were financed by fees and consumption taxes. From 1802, the city charged billeting fees per household. From 1833, residents were taxed for police, school, church, and road construction. Those owning property paid contributions for public buildings and fire brigade. The 1855 municipality law equated residents and citizens tax-wise; direct municipal taxes were introduced but did not yet affect poor relief. The 1891 allocation law introduced a modern municipal tax system."
doc_translated_mmd_zurich_historic_en,date_1833_1833_1833,MENTIONS_DATE,Political-administrative development in the 19th and 20th centuries,City assets and finances,"The assets of the former city-state passed to the Helvetic Republic, which provisionally left properties to the city in 1798. The 1803 mediation act secured assets covering costs for school, poor relief, church, and construction. Police were financed by fees and consumption taxes. From 1802, the city charged billeting fees per household. From 1833, residents were taxed for police, school, church, and road construction. Those owning property paid contributions for public buildings and fire brigade. The 1855 municipality law equated residents and citizens tax-wise; direct municipal taxes were introduced but did not yet affect poor relief. The 1891 allocation law introduced a modern municipal tax system."
doc_translated_mmd_zurich_historic_en,date_1855_1855_1855,MENTIONS_DATE,Political-administrative development in the 19th and 20th centuries,City assets and finances,"The assets of the former city-state passed to the Helvetic Republic, which provisionally left properties to the city in 1798. The 1803 mediation act secured assets covering costs for school, poor relief, church, and construction. Police were financed by fees and consumption taxes. From 1802, the city charged billeting fees per household. From 1833, residents were taxed for police, school, church, and road construction. Those owning property paid contributions for public buildings and fire brigade. The 1855 municipality law equated residents and citizens tax-wise; direct municipal taxes were introduced but did not yet affect poor relief. The 1891 allocation law introduced a modern municipal tax system."
doc_translated_mmd_zurich_historic_en,date_1891_1891_1891,MENTIONS_DATE,Political-administrative development in the 19th and 20th centuries,City assets and finances,"The assets of the former city-state passed to the Helvetic Republic, which provisionally left properties to the city in 1798. The 1803 mediation act secured assets covering costs for school, poor relief, church, and construction. Police were financed by fees and consumption taxes. From 1802, the city charged billeting fees per household. From 1833, residents were taxed for police, school, church, and road construction. Those owning property paid contributions for public buildings and fire brigade. The 1855 municipality law equated residents and citizens tax-wise; direct municipal taxes were introduced but did not yet affect poor relief. The 1891 allocation law introduced a modern municipal tax system."
doc_translated_mmd_zurich_historic_en,date_until_1835_none_1835,MENTIONS_DATE,Political-administrative development in the 19th and 20th centuries,Social welfare,"Until 1835, church communities were responsible for poor relief; then city central poor authority and general poor support fund were established. Private charity, e.g., the Relief Society or Community Society, remained necessary complement well into the 20th century. The city gradually expanded social benefits. Before the domicile principle replaced the hometown principle in social assistance, rising mobility in 19th century made the association-organized and municipality-supported ""Voluntary and Resident Poor Relief of the City of Zurich"" (1878-1929) necessary. Since 1907, the city directly or indirectly supports housing construction via cooperative support."
doc_translated_mmd_zurich_historic_en,date_19th_century_1801_1900,MENTIONS_DATE,Political-administrative development in the 19th and 20th centuries,Social welfare,"Until 1835, church communities were responsible for poor relief; then city central poor authority and general poor support fund were established. Private charity, e.g., the Relief Society or Community Society, remained necessary complement well into the 20th century. The city gradually expanded social benefits. Before the domicile principle replaced the hometown principle in social assistance, rising mobility in 19th century made the association-organized and municipality-supported ""Voluntary and Resident Poor Relief of the City of Zurich"" (1878-1929) necessary. Since 1907, the city directly or indirectly supports housing construction via cooperative support."
doc_translated_mmd_zurich_historic_en,date_1878_1929_1878_1929,MENTIONS_DATE,Political-administrative development in the 19th and 20th centuries,Social welfare,"Until 1835, church communities were responsible for poor relief; then city central poor authority and general poor support fund were established. Private charity, e.g., the Relief Society or Community Society, remained necessary complement well into the 20th century. The city gradually expanded social benefits. Before the domicile principle replaced the hometown principle in social assistance, rising mobility in 19th century made the association-organized and municipality-supported ""Voluntary and Resident Poor Relief of the City of Zurich"" (1878-1929) necessary. Since 1907, the city directly or indirectly supports housing construction via cooperative support."
doc_translated_mmd_zurich_historic_en,date_since_1907_1907_none,MENTIONS_DATE,Political-administrative development in the 19th and 20th centuries,Social welfare,"Until 1835, church communities were responsible for poor relief; then city central poor authority and general poor support fund were established. Private charity, e.g., the Relief Society or Community Society, remained necessary complement well into the 20th century. The city gradually expanded social benefits. Before the domicile principle replaced the hometown principle in social assistance, rising mobility in 19th century made the association-organized and municipality-supported ""Voluntary and Resident Poor Relief of the City of Zurich"" (1878-1929) necessary. Since 1907, the city directly or indirectly supports housing construction via cooperative support."
doc_translated_mmd_zurich_historic_en,date_1778_1778_1778,MENTIONS_DATE,Political-administrative development in the 19th and 20th centuries,City utilities and enterprises,"The street lighting introduced privately in 1778 became a public task in 1855. To this end, a gasworks was built, initially as a concession company, and operated by the municipality from 1886. It was located at Platzspitz until 1867, then in Industriequartier and from 1898 in Schlieren. Conversion to natural gas happened in 1974."
doc_translated_mmd_zurich_historic_en,date_1855_1855_1855,MENTIONS_DATE,Political-administrative development in the 19th and 20th centuries,City utilities and enterprises,"The street lighting introduced privately in 1778 became a public task in 1855. To this end, a gasworks was built, initially as a concession company, and operated by the municipality from 1886. It was located at Platzspitz until 1867, then in Industriequartier and from 1898 in Schlieren. Conversion to natural gas happened in 1974."
doc_translated_mmd_zurich_historic_en,date_1886_1886_1886,MENTIONS_DATE,Political-administrative development in the 19th and 20th centuries,City utilities and enterprises,"The street lighting introduced privately in 1778 became a public task in 1855. To this end, a gasworks was built, initially as a concession company, and operated by the municipality from 1886. It was located at Platzspitz until 1867, then in Industriequartier and from 1898 in Schlieren. Conversion to natural gas happened in 1974."
doc_translated_mmd_zurich_historic_en,date_1867_1867_1867,MENTIONS_DATE,Political-administrative development in the 19th and 20th centuries,City utilities and enterprises,"The street lighting introduced privately in 1778 became a public task in 1855. To this end, a gasworks was built, initially as a concession company, and operated by the municipality from 1886. It was located at Platzspitz until 1867, then in Industriequartier and from 1898 in Schlieren. Conversion to natural gas happened in 1974."
doc_translated_mmd_zurich_historic_en,date_1898_1898_1898,MENTIONS_DATE,Political-administrative development in the 19th and 20th centuries,City utilities and enterprises,"The street lighting introduced privately in 1778 became a public task in 1855. To this end, a gasworks was built, initially as a concession company, and operated by the municipality from 1886. It was located at Platzspitz until 1867, then in Industriequartier and from 1898 in Schlieren. Conversion to natural gas happened in 1974."
doc_translated_mmd_zurich_historic_en,date_1974_1974_1974,MENTIONS_DATE,Political-administrative development in the 19th and 20th centuries,City utilities and enterprises,"The street lighting introduced privately in 1778 became a public task in 1855. To this end, a gasworks was built, initially as a concession company, and operated by the municipality from 1886. It was located at Platzspitz until 1867, then in Industriequartier and from 1898 in Schlieren. Conversion to natural gas happened in 1974."
doc_translated_mmd_zurich_historic_en,date_1885_1885_1885,MENTIONS_DATE,Political-administrative development in the 19th and 20th centuries,City utilities and enterprises,"Construction of Zurich water supply pipelines at Schanzengraben near the Botanical Garden of the University. Photograph by Eduard Schucht, 1885 (Building History Archive of the City of Zurich)."
doc_translated_mmd_zurich_historic_en,date_1867_1867_1867,MENTIONS_DATE,Political-administrative development in the 19th and 20th centuries,City utilities and enterprises,"Sewer reform 1867. Sample plan of municipal engineering office for homeowners, 1867 (City Archive Zurich, Planning Archive)."
doc_translated_mmd_zurich_historic_en,date_1855_1855_1855,MENTIONS_DATE,Political-administrative development in the 19th and 20th centuries,City utilities and enterprises,"After the cholera epidemic of 1855, criticism of hygienic conditions in waste disposal arose. From 1860-1873, the sewage system was built; the sewer reform followed in 1867. In 1868, drinking water supply was improved to provide public fountains with spring water and households with process water from the Limmat. After a typhus epidemic in 1884, water was taken from the lake and since 1895 also spring water from the Sihl and Lorze valleys. In 1904, the waste incineration plant opened; in 1923, the construction of the sewage treatment plant and combined sewer system was decided. The municipal Letten power plant began operation in 1892. The city strongly engaged in hydropower plants (Albula, Heidsee, Limmat Wettingen, Julia Tiefencastel, Julia Marmorera, Bergell power plants) or participated in water and nuclear power plants (Maggia, Blenio, Hinterrhein as well as the nuclear plants Gösgen and Leibstadt, Bugey and Cattenom in France). The private ""Rösslitram"" opened in 1888 was municipalized in 1894 and electrified in 1900. By 1931, the Municipal Tramway Zurich (VBZ from 1950) took over all private tram companies. The Zurich Transport Network, the merger of VBZ with seven other transport companies, began operation together with the S-Bahn in 1990."
doc_translated_mmd_zurich_historic_en,date_1860_1873_1860_1873,MENTIONS_DATE,Political-administrative development in the 19th and 20th centuries,City utilities and enterprises,"After the cholera epidemic of 1855, criticism of hygienic conditions in waste disposal arose. From 1860-1873, the sewage system was built; the sewer reform followed in 1867. In 1868, drinking water supply was improved to provide public fountains with spring water and households with process water from the Limmat. After a typhus epidemic in 1884, water was taken from the lake and since 1895 also spring water from the Sihl and Lorze valleys. In 1904, the waste incineration plant opened; in 1923, the construction of the sewage treatment plant and combined sewer system was decided. The municipal Letten power plant began operation in 1892. The city strongly engaged in hydropower plants (Albula, Heidsee, Limmat Wettingen, Julia Tiefencastel, Julia Marmorera, Bergell power plants) or participated in water and nuclear power plants (Maggia, Blenio, Hinterrhein as well as the nuclear plants Gösgen and Leibstadt, Bugey and Cattenom in France). The private ""Rösslitram"" opened in 1888 was municipalized in 1894 and electrified in 1900. By 1931, the Municipal Tramway Zurich (VBZ from 1950) took over all private tram companies. The Zurich Transport Network, the merger of VBZ with seven other transport companies, began operation together with the S-Bahn in 1990."
doc_translated_mmd_zurich_historic_en,date_1867_1867_1867,MENTIONS_DATE,Political-administrative development in the 19th and 20th centuries,City utilities and enterprises,"After the cholera epidemic of 1855, criticism of hygienic conditions in waste disposal arose. From 1860-1873, the sewage system was built; the sewer reform followed in 1867. In 1868, drinking water supply was improved to provide public fountains with spring water and households with process water from the Limmat. After a typhus epidemic in 1884, water was taken from the lake and since 1895 also spring water from the Sihl and Lorze valleys. In 1904, the waste incineration plant opened; in 1923, the construction of the sewage treatment plant and combined sewer system was decided. The municipal Letten power plant began operation in 1892. The city strongly engaged in hydropower plants (Albula, Heidsee, Limmat Wettingen, Julia Tiefencastel, Julia Marmorera, Bergell power plants) or participated in water and nuclear power plants (Maggia, Blenio, Hinterrhein as well as the nuclear plants Gösgen and Leibstadt, Bugey and Cattenom in France). The private ""Rösslitram"" opened in 1888 was municipalized in 1894 and electrified in 1900. By 1931, the Municipal Tramway Zurich (VBZ from 1950) took over all private tram companies. The Zurich Transport Network, the merger of VBZ with seven other transport companies, began operation together with the S-Bahn in 1990."
doc_translated_mmd_zurich_historic_en,date_1868_1868_1868,MENTIONS_DATE,Political-administrative development in the 19th and 20th centuries,City utilities and enterprises,"After the cholera epidemic of 1855, criticism of hygienic conditions in waste disposal arose. From 1860-1873, the sewage system was built; the sewer reform followed in 1867. In 1868, drinking water supply was improved to provide public fountains with spring water and households with process water from the Limmat. After a typhus epidemic in 1884, water was taken from the lake and since 1895 also spring water from the Sihl and Lorze valleys. In 1904, the waste incineration plant opened; in 1923, the construction of the sewage treatment plant and combined sewer system was decided. The municipal Letten power plant began operation in 1892. The city strongly engaged in hydropower plants (Albula, Heidsee, Limmat Wettingen, Julia Tiefencastel, Julia Marmorera, Bergell power plants) or participated in water and nuclear power plants (Maggia, Blenio, Hinterrhein as well as the nuclear plants Gösgen and Leibstadt, Bugey and Cattenom in France). The private ""Rösslitram"" opened in 1888 was municipalized in 1894 and electrified in 1900. By 1931, the Municipal Tramway Zurich (VBZ from 1950) took over all private tram companies. The Zurich Transport Network, the merger of VBZ with seven other transport companies, began operation together with the S-Bahn in 1990."
doc_translated_mmd_zurich_historic_en,date_1884_1884_1884,MENTIONS_DATE,Political-administrative development in the 19th and 20th centuries,City utilities and enterprises,"After the cholera epidemic of 1855, criticism of hygienic conditions in waste disposal arose. From 1860-1873, the sewage system was built; the sewer reform followed in 1867. In 1868, drinking water supply was improved to provide public fountains with spring water and households with process water from the Limmat. After a typhus epidemic in 1884, water was taken from the lake and since 1895 also spring water from the Sihl and Lorze valleys. In 1904, the waste incineration plant opened; in 1923, the construction of the sewage treatment plant and combined sewer system was decided. The municipal Letten power plant began operation in 1892. The city strongly engaged in hydropower plants (Albula, Heidsee, Limmat Wettingen, Julia Tiefencastel, Julia Marmorera, Bergell power plants) or participated in water and nuclear power plants (Maggia, Blenio, Hinterrhein as well as the nuclear plants Gösgen and Leibstadt, Bugey and Cattenom in France). The private ""Rösslitram"" opened in 1888 was municipalized in 1894 and electrified in 1900. By 1931, the Municipal Tramway Zurich (VBZ from 1950) took over all private tram companies. The Zurich Transport Network, the merger of VBZ with seven other transport companies, began operation together with the S-Bahn in 1990."
doc_translated_mmd_zurich_historic_en,date_1895_1895_1895,MENTIONS_DATE,Political-administrative development in the 19th and 20th centuries,City utilities and enterprises,"After the cholera epidemic of 1855, criticism of hygienic conditions in waste disposal arose. From 1860-1873, the sewage system was built; the sewer reform followed in 1867. In 1868, drinking water supply was improved to provide public fountains with spring water and households with process water from the Limmat. After a typhus epidemic in 1884, water was taken from the lake and since 1895 also spring water from the Sihl and Lorze valleys. In 1904, the waste incineration plant opened; in 1923, the construction of the sewage treatment plant and combined sewer system was decided. The municipal Letten power plant began operation in 1892. The city strongly engaged in hydropower plants (Albula, Heidsee, Limmat Wettingen, Julia Tiefencastel, Julia Marmorera, Bergell power plants) or participated in water and nuclear power plants (Maggia, Blenio, Hinterrhein as well as the nuclear plants Gösgen and Leibstadt, Bugey and Cattenom in France). The private ""Rösslitram"" opened in 1888 was municipalized in 1894 and electrified in 1900. By 1931, the Municipal Tramway Zurich (VBZ from 1950) took over all private tram companies. The Zurich Transport Network, the merger of VBZ with seven other transport companies, began operation together with the S-Bahn in 1990."
doc_translated_mmd_zurich_historic_en,date_1904_1904_1904,MENTIONS_DATE,Political-administrative development in the 19th and 20th centuries,City utilities and enterprises,"After the cholera epidemic of 1855, criticism of hygienic conditions in waste disposal arose. From 1860-1873, the sewage system was built; the sewer reform followed in 1867. In 1868, drinking water supply was improved to provide public fountains with spring water and households with process water from the Limmat. After a typhus epidemic in 1884, water was taken from the lake and since 1895 also spring water from the Sihl and Lorze valleys. In 1904, the waste incineration plant opened; in 1923, the construction of the sewage treatment plant and combined sewer system was decided. The municipal Letten power plant began operation in 1892. The city strongly engaged in hydropower plants (Albula, Heidsee, Limmat Wettingen, Julia Tiefencastel, Julia Marmorera, Bergell power plants) or participated in water and nuclear power plants (Maggia, Blenio, Hinterrhein as well as the nuclear plants Gösgen and Leibstadt, Bugey and Cattenom in France). The private ""Rösslitram"" opened in 1888 was municipalized in 1894 and electrified in 1900. By 1931, the Municipal Tramway Zurich (VBZ from 1950) took over all private tram companies. The Zurich Transport Network, the merger of VBZ with seven other transport companies, began operation together with the S-Bahn in 1990."
doc_translated_mmd_zurich_historic_en,date_1923_1923_1923,MENTIONS_DATE,Political-administrative development in the 19th and 20th centuries,City utilities and enterprises,"After the cholera epidemic of 1855, criticism of hygienic conditions in waste disposal arose. From 1860-1873, the sewage system was built; the sewer reform followed in 1867. In 1868, drinking water supply was improved to provide public fountains with spring water and households with process water from the Limmat. After a typhus epidemic in 1884, water was taken from the lake and since 1895 also spring water from the Sihl and Lorze valleys. In 1904, the waste incineration plant opened; in 1923, the construction of the sewage treatment plant and combined sewer system was decided. The municipal Letten power plant began operation in 1892. The city strongly engaged in hydropower plants (Albula, Heidsee, Limmat Wettingen, Julia Tiefencastel, Julia Marmorera, Bergell power plants) or participated in water and nuclear power plants (Maggia, Blenio, Hinterrhein as well as the nuclear plants Gösgen and Leibstadt, Bugey and Cattenom in France). The private ""Rösslitram"" opened in 1888 was municipalized in 1894 and electrified in 1900. By 1931, the Municipal Tramway Zurich (VBZ from 1950) took over all private tram companies. The Zurich Transport Network, the merger of VBZ with seven other transport companies, began operation together with the S-Bahn in 1990."
doc_translated_mmd_zurich_historic_en,date_1892_1892_1892,MENTIONS_DATE,Political-administrative development in the 19th and 20th centuries,City utilities and enterprises,"After the cholera epidemic of 1855, criticism of hygienic conditions in waste disposal arose. From 1860-1873, the sewage system was built; the sewer reform followed in 1867. In 1868, drinking water supply was improved to provide public fountains with spring water and households with process water from the Limmat. After a typhus epidemic in 1884, water was taken from the lake and since 1895 also spring water from the Sihl and Lorze valleys. In 1904, the waste incineration plant opened; in 1923, the construction of the sewage treatment plant and combined sewer system was decided. The municipal Letten power plant began operation in 1892. The city strongly engaged in hydropower plants (Albula, Heidsee, Limmat Wettingen, Julia Tiefencastel, Julia Marmorera, Bergell power plants) or participated in water and nuclear power plants (Maggia, Blenio, Hinterrhein as well as the nuclear plants Gösgen and Leibstadt, Bugey and Cattenom in France). The private ""Rösslitram"" opened in 1888 was municipalized in 1894 and electrified in 1900. By 1931, the Municipal Tramway Zurich (VBZ from 1950) took over all private tram companies. The Zurich Transport Network, the merger of VBZ with seven other transport companies, began operation together with the S-Bahn in 1990."
doc_translated_mmd_zurich_historic_en,date_1888_1888_1888,MENTIONS_DATE,Political-administrative development in the 19th and 20th centuries,City utilities and enterprises,"After the cholera epidemic of 1855, criticism of hygienic conditions in waste disposal arose. From 1860-1873, the sewage system was built; the sewer reform followed in 1867. In 1868, drinking water supply was improved to provide public fountains with spring water and households with process water from the Limmat. After a typhus epidemic in 1884, water was taken from the lake and since 1895 also spring water from the Sihl and Lorze valleys. In 1904, the waste incineration plant opened; in 1923, the construction of the sewage treatment plant and combined sewer system was decided. The municipal Letten power plant began operation in 1892. The city strongly engaged in hydropower plants (Albula, Heidsee, Limmat Wettingen, Julia Tiefencastel, Julia Marmorera, Bergell power plants) or participated in water and nuclear power plants (Maggia, Blenio, Hinterrhein as well as the nuclear plants Gösgen and Leibstadt, Bugey and Cattenom in France). The private ""Rösslitram"" opened in 1888 was municipalized in 1894 and electrified in 1900. By 1931, the Municipal Tramway Zurich (VBZ from 1950) took over all private tram companies. The Zurich Transport Network, the merger of VBZ with seven other transport companies, began operation together with the S-Bahn in 1990."
doc_translated_mmd_zurich_historic_en,date_1894_1894_1894,MENTIONS_DATE,Political-administrative development in the 19th and 20th centuries,City utilities and enterprises,"After the cholera epidemic of 1855, criticism of hygienic conditions in waste disposal arose. From 1860-1873, the sewage system was built; the sewer reform followed in 1867. In 1868, drinking water supply was improved to provide public fountains with spring water and households with process water from the Limmat. After a typhus epidemic in 1884, water was taken from the lake and since 1895 also spring water from the Sihl and Lorze valleys. In 1904, the waste incineration plant opened; in 1923, the construction of the sewage treatment plant and combined sewer system was decided. The municipal Letten power plant began operation in 1892. The city strongly engaged in hydropower plants (Albula, Heidsee, Limmat Wettingen, Julia Tiefencastel, Julia Marmorera, Bergell power plants) or participated in water and nuclear power plants (Maggia, Blenio, Hinterrhein as well as the nuclear plants Gösgen and Leibstadt, Bugey and Cattenom in France). The private ""Rösslitram"" opened in 1888 was municipalized in 1894 and electrified in 1900. By 1931, the Municipal Tramway Zurich (VBZ from 1950) took over all private tram companies. The Zurich Transport Network, the merger of VBZ with seven other transport companies, began operation together with the S-Bahn in 1990."
doc_translated_mmd_zurich_historic_en,date_1900_1900_1900,MENTIONS_DATE,Political-administrative development in the 19th and 20th centuries,City utilities and enterprises,"After the cholera epidemic of 1855, criticism of hygienic conditions in waste disposal arose. From 1860-1873, the sewage system was built; the sewer reform followed in 1867. In 1868, drinking water supply was improved to provide public fountains with spring water and households with process water from the Limmat. After a typhus epidemic in 1884, water was taken from the lake and since 1895 also spring water from the Sihl and Lorze valleys. In 1904, the waste incineration plant opened; in 1923, the construction of the sewage treatment plant and combined sewer system was decided. The municipal Letten power plant began operation in 1892. The city strongly engaged in hydropower plants (Albula, Heidsee, Limmat Wettingen, Julia Tiefencastel, Julia Marmorera, Bergell power plants) or participated in water and nuclear power plants (Maggia, Blenio, Hinterrhein as well as the nuclear plants Gösgen and Leibstadt, Bugey and Cattenom in France). The private ""Rösslitram"" opened in 1888 was municipalized in 1894 and electrified in 1900. By 1931, the Municipal Tramway Zurich (VBZ from 1950) took over all private tram companies. The Zurich Transport Network, the merger of VBZ with seven other transport companies, began operation together with the S-Bahn in 1990."
doc_translated_mmd_zurich_historic_en,date_1931_1931_1931,MENTIONS_DATE,Political-administrative development in the 19th and 20th centuries,City utilities and enterprises,"After the cholera epidemic of 1855, criticism of hygienic conditions in waste disposal arose. From 1860-1873, the sewage system was built; the sewer reform followed in 1867. In 1868, drinking water supply was improved to provide public fountains with spring water and households with process water from the Limmat. After a typhus epidemic in 1884, water was taken from the lake and since 1895 also spring water from the Sihl and Lorze valleys. In 1904, the waste incineration plant opened; in 1923, the construction of the sewage treatment plant and combined sewer system was decided. The municipal Letten power plant began operation in 1892. The city strongly engaged in hydropower plants (Albula, Heidsee, Limmat Wettingen, Julia Tiefencastel, Julia Marmorera, Bergell power plants) or participated in water and nuclear power plants (Maggia, Blenio, Hinterrhein as well as the nuclear plants Gösgen and Leibstadt, Bugey and Cattenom in France). The private ""Rösslitram"" opened in 1888 was municipalized in 1894 and electrified in 1900. By 1931, the Municipal Tramway Zurich (VBZ from 1950) took over all private tram companies. The Zurich Transport Network, the merger of VBZ with seven other transport companies, began operation together with the S-Bahn in 1990."
doc_translated_mmd_zurich_historic_en,date_1990_1990_1990,MENTIONS_DATE,Political-administrative development in the 19th and 20th centuries,City utilities and enterprises,"After the cholera epidemic of 1855, criticism of hygienic conditions in waste disposal arose. From 1860-1873, the sewage system was built; the sewer reform followed in 1867. In 1868, drinking water supply was improved to provide public fountains with spring water and households with process water from the Limmat. After a typhus epidemic in 1884, water was taken from the lake and since 1895 also spring water from the Sihl and Lorze valleys. In 1904, the waste incineration plant opened; in 1923, the construction of the sewage treatment plant and combined sewer system was decided. The municipal Letten power plant began operation in 1892. The city strongly engaged in hydropower plants (Albula, Heidsee, Limmat Wettingen, Julia Tiefencastel, Julia Marmorera, Bergell power plants) or participated in water and nuclear power plants (Maggia, Blenio, Hinterrhein as well as the nuclear plants Gösgen and Leibstadt, Bugey and Cattenom in France). The private ""Rösslitram"" opened in 1888 was municipalized in 1894 and electrified in 1900. By 1931, the Municipal Tramway Zurich (VBZ from 1950) took over all private tram companies. The Zurich Transport Network, the merger of VBZ with seven other transport companies, began operation together with the S-Bahn in 1990."
doc_translated_mmd_zurich_historic_en,date_until_1830_none_1830,MENTIONS_DATE,"Society, economy, and culture in the 19th and 20th centuries",Urban development and transportation,"Until 1830, only the core city was densely built; the rest of the city area consisted of meadows, fields, vineyards, forest, isolated farms and villas of city dwellers. From 1780, deconstruction of the medieval city wall began. From 1833, the canton started demolishing fortifications, creating space for public buildings and roads. With the construction of Münster bridge and Limmatquai from 1835, Zurich oriented itself from the Limmat towards the lake. The station outside the old town opened in 1847, sparking a large construction phase from 1860 to 1890. By 1859, the Limmatquai was built; from 1861-1863, the Bahnhofbrücke; 1864-1869 the Zeughaus; 1873-1875 a barracks in Aussersihl; from 1864, Bahnhofstrasse; from 1867 the Bahnhof district; 1861-1864 the Polytechnical School; 1865-1871 the new main train station; and 1873-1875 the Schweizerische Kreditanstalt at Paradeplatz. Zurich expanded its city boundary into Selnau and at Neumühlequai and laid out the Fraumünster district from 1875, the Prediger district from 1876-1878, and the Industriequartier in Aussersihl from 1877-1880. From 1880-1890, the stock exchange and upper Bahnhofstrasse, lake promenade and Quaibrücke were built, followed by construction of the lakeside and Stadthausquai. The new administrative center planned by Gustav Gull with office buildings on the Oetenbach site and along Schipfe, as well as a street connection from Zähringerplatz to Rämistrasse, was only partially realized. The structure of the main road network goes back to the general development plan of 1899. The international competition for a development plan for Zurich and its suburbs (1915-1918) strongly shaped future development."
doc_translated_mmd_zurich_historic_en,date_from_1780_1780_none,MENTIONS_DATE,"Society, economy, and culture in the 19th and 20th centuries",Urban development and transportation,"Until 1830, only the core city was densely built; the rest of the city area consisted of meadows, fields, vineyards, forest, isolated farms and villas of city dwellers. From 1780, deconstruction of the medieval city wall began. From 1833, the canton started demolishing fortifications, creating space for public buildings and roads. With the construction of Münster bridge and Limmatquai from 1835, Zurich oriented itself from the Limmat towards the lake. The station outside the old town opened in 1847, sparking a large construction phase from 1860 to 1890. By 1859, the Limmatquai was built; from 1861-1863, the Bahnhofbrücke; 1864-1869 the Zeughaus; 1873-1875 a barracks in Aussersihl; from 1864, Bahnhofstrasse; from 1867 the Bahnhof district; 1861-1864 the Polytechnical School; 1865-1871 the new main train station; and 1873-1875 the Schweizerische Kreditanstalt at Paradeplatz. Zurich expanded its city boundary into Selnau and at Neumühlequai and laid out the Fraumünster district from 1875, the Prediger district from 1876-1878, and the Industriequartier in Aussersihl from 1877-1880. From 1880-1890, the stock exchange and upper Bahnhofstrasse, lake promenade and Quaibrücke were built, followed by construction of the lakeside and Stadthausquai. The new administrative center planned by Gustav Gull with office buildings on the Oetenbach site and along Schipfe, as well as a street connection from Zähringerplatz to Rämistrasse, was only partially realized. The structure of the main road network goes back to the general development plan of 1899. The international competition for a development plan for Zurich and its suburbs (1915-1918) strongly shaped future development."
doc_translated_mmd_zurich_historic_en,date_from_1833_1833_none,MENTIONS_DATE,"Society, economy, and culture in the 19th and 20th centuries",Urban development and transportation,"Until 1830, only the core city was densely built; the rest of the city area consisted of meadows, fields, vineyards, forest, isolated farms and villas of city dwellers. From 1780, deconstruction of the medieval city wall began. From 1833, the canton started demolishing fortifications, creating space for public buildings and roads. With the construction of Münster bridge and Limmatquai from 1835, Zurich oriented itself from the Limmat towards the lake. The station outside the old town opened in 1847, sparking a large construction phase from 1860 to 1890. By 1859, the Limmatquai was built; from 1861-1863, the Bahnhofbrücke; 1864-1869 the Zeughaus; 1873-1875 a barracks in Aussersihl; from 1864, Bahnhofstrasse; from 1867 the Bahnhof district; 1861-1864 the Polytechnical School; 1865-1871 the new main train station; and 1873-1875 the Schweizerische Kreditanstalt at Paradeplatz. Zurich expanded its city boundary into Selnau and at Neumühlequai and laid out the Fraumünster district from 1875, the Prediger district from 1876-1878, and the Industriequartier in Aussersihl from 1877-1880. From 1880-1890, the stock exchange and upper Bahnhofstrasse, lake promenade and Quaibrücke were built, followed by construction of the lakeside and Stadthausquai. The new administrative center planned by Gustav Gull with office buildings on the Oetenbach site and along Schipfe, as well as a street connection from Zähringerplatz to Rämistrasse, was only partially realized. The structure of the main road network goes back to the general development plan of 1899. The international competition for a development plan for Zurich and its suburbs (1915-1918) strongly shaped future development."
doc_translated_mmd_zurich_historic_en,date_from_1835_1835_none,MENTIONS_DATE,"Society, economy, and culture in the 19th and 20th centuries",Urban development and transportation,"Until 1830, only the core city was densely built; the rest of the city area consisted of meadows, fields, vineyards, forest, isolated farms and villas of city dwellers. From 1780, deconstruction of the medieval city wall began. From 1833, the canton started demolishing fortifications, creating space for public buildings and roads. With the construction of Münster bridge and Limmatquai from 1835, Zurich oriented itself from the Limmat towards the lake. The station outside the old town opened in 1847, sparking a large construction phase from 1860 to 1890. By 1859, the Limmatquai was built; from 1861-1863, the Bahnhofbrücke; 1864-1869 the Zeughaus; 1873-1875 a barracks in Aussersihl; from 1864, Bahnhofstrasse; from 1867 the Bahnhof district; 1861-1864 the Polytechnical School; 1865-1871 the new main train station; and 1873-1875 the Schweizerische Kreditanstalt at Paradeplatz. Zurich expanded its city boundary into Selnau and at Neumühlequai and laid out the Fraumünster district from 1875, the Prediger district from 1876-1878, and the Industriequartier in Aussersihl from 1877-1880. From 1880-1890, the stock exchange and upper Bahnhofstrasse, lake promenade and Quaibrücke were built, followed by construction of the lakeside and Stadthausquai. The new administrative center planned by Gustav Gull with office buildings on the Oetenbach site and along Schipfe, as well as a street connection from Zähringerplatz to Rämistrasse, was only partially realized. The structure of the main road network goes back to the general development plan of 1899. The international competition for a development plan for Zurich and its suburbs (1915-1918) strongly shaped future development."
doc_translated_mmd_zurich_historic_en,date_1847_1847_1847,MENTIONS_DATE,"Society, economy, and culture in the 19th and 20th centuries",Urban development and transportation,"Until 1830, only the core city was densely built; the rest of the city area consisted of meadows, fields, vineyards, forest, isolated farms and villas of city dwellers. From 1780, deconstruction of the medieval city wall began. From 1833, the canton started demolishing fortifications, creating space for public buildings and roads. With the construction of Münster bridge and Limmatquai from 1835, Zurich oriented itself from the Limmat towards the lake. The station outside the old town opened in 1847, sparking a large construction phase from 1860 to 1890. By 1859, the Limmatquai was built; from 1861-1863, the Bahnhofbrücke; 1864-1869 the Zeughaus; 1873-1875 a barracks in Aussersihl; from 1864, Bahnhofstrasse; from 1867 the Bahnhof district; 1861-1864 the Polytechnical School; 1865-1871 the new main train station; and 1873-1875 the Schweizerische Kreditanstalt at Paradeplatz. Zurich expanded its city boundary into Selnau and at Neumühlequai and laid out the Fraumünster district from 1875, the Prediger district from 1876-1878, and the Industriequartier in Aussersihl from 1877-1880. From 1880-1890, the stock exchange and upper Bahnhofstrasse, lake promenade and Quaibrücke were built, followed by construction of the lakeside and Stadthausquai. The new administrative center planned by Gustav Gull with office buildings on the Oetenbach site and along Schipfe, as well as a street connection from Zähringerplatz to Rämistrasse, was only partially realized. The structure of the main road network goes back to the general development plan of 1899. The international competition for a development plan for Zurich and its suburbs (1915-1918) strongly shaped future development."
doc_translated_mmd_zurich_historic_en,date_from_1860_to_1890_1860_1890,MENTIONS_DATE,"Society, economy, and culture in the 19th and 20th centuries",Urban development and transportation,"Until 1830, only the core city was densely built; the rest of the city area consisted of meadows, fields, vineyards, forest, isolated farms and villas of city dwellers. From 1780, deconstruction of the medieval city wall began. From 1833, the canton started demolishing fortifications, creating space for public buildings and roads. With the construction of Münster bridge and Limmatquai from 1835, Zurich oriented itself from the Limmat towards the lake. The station outside the old town opened in 1847, sparking a large construction phase from 1860 to 1890. By 1859, the Limmatquai was built; from 1861-1863, the Bahnhofbrücke; 1864-1869 the Zeughaus; 1873-1875 a barracks in Aussersihl; from 1864, Bahnhofstrasse; from 1867 the Bahnhof district; 1861-1864 the Polytechnical School; 1865-1871 the new main train station; and 1873-1875 the Schweizerische Kreditanstalt at Paradeplatz. Zurich expanded its city boundary into Selnau and at Neumühlequai and laid out the Fraumünster district from 1875, the Prediger district from 1876-1878, and the Industriequartier in Aussersihl from 1877-1880. From 1880-1890, the stock exchange and upper Bahnhofstrasse, lake promenade and Quaibrücke were built, followed by construction of the lakeside and Stadthausquai. The new administrative center planned by Gustav Gull with office buildings on the Oetenbach site and along Schipfe, as well as a street connection from Zähringerplatz to Rämistrasse, was only partially realized. The structure of the main road network goes back to the general development plan of 1899. The international competition for a development plan for Zurich and its suburbs (1915-1918) strongly shaped future development."
doc_translated_mmd_zurich_historic_en,date_by_1859_none_1859,MENTIONS_DATE,"Society, economy, and culture in the 19th and 20th centuries",Urban development and transportation,"Until 1830, only the core city was densely built; the rest of the city area consisted of meadows, fields, vineyards, forest, isolated farms and villas of city dwellers. From 1780, deconstruction of the medieval city wall began. From 1833, the canton started demolishing fortifications, creating space for public buildings and roads. With the construction of Münster bridge and Limmatquai from 1835, Zurich oriented itself from the Limmat towards the lake. The station outside the old town opened in 1847, sparking a large construction phase from 1860 to 1890. By 1859, the Limmatquai was built; from 1861-1863, the Bahnhofbrücke; 1864-1869 the Zeughaus; 1873-1875 a barracks in Aussersihl; from 1864, Bahnhofstrasse; from 1867 the Bahnhof district; 1861-1864 the Polytechnical School; 1865-1871 the new main train station; and 1873-1875 the Schweizerische Kreditanstalt at Paradeplatz. Zurich expanded its city boundary into Selnau and at Neumühlequai and laid out the Fraumünster district from 1875, the Prediger district from 1876-1878, and the Industriequartier in Aussersihl from 1877-1880. From 1880-1890, the stock exchange and upper Bahnhofstrasse, lake promenade and Quaibrücke were built, followed by construction of the lakeside and Stadthausquai. The new administrative center planned by Gustav Gull with office buildings on the Oetenbach site and along Schipfe, as well as a street connection from Zähringerplatz to Rämistrasse, was only partially realized. The structure of the main road network goes back to the general development plan of 1899. The international competition for a development plan for Zurich and its suburbs (1915-1918) strongly shaped future development."
doc_translated_mmd_zurich_historic_en,date_from_1861_1863_1861_1863,MENTIONS_DATE,"Society, economy, and culture in the 19th and 20th centuries",Urban development and transportation,"Until 1830, only the core city was densely built; the rest of the city area consisted of meadows, fields, vineyards, forest, isolated farms and villas of city dwellers. From 1780, deconstruction of the medieval city wall began. From 1833, the canton started demolishing fortifications, creating space for public buildings and roads. With the construction of Münster bridge and Limmatquai from 1835, Zurich oriented itself from the Limmat towards the lake. The station outside the old town opened in 1847, sparking a large construction phase from 1860 to 1890. By 1859, the Limmatquai was built; from 1861-1863, the Bahnhofbrücke; 1864-1869 the Zeughaus; 1873-1875 a barracks in Aussersihl; from 1864, Bahnhofstrasse; from 1867 the Bahnhof district; 1861-1864 the Polytechnical School; 1865-1871 the new main train station; and 1873-1875 the Schweizerische Kreditanstalt at Paradeplatz. Zurich expanded its city boundary into Selnau and at Neumühlequai and laid out the Fraumünster district from 1875, the Prediger district from 1876-1878, and the Industriequartier in Aussersihl from 1877-1880. From 1880-1890, the stock exchange and upper Bahnhofstrasse, lake promenade and Quaibrücke were built, followed by construction of the lakeside and Stadthausquai. The new administrative center planned by Gustav Gull with office buildings on the Oetenbach site and along Schipfe, as well as a street connection from Zähringerplatz to Rämistrasse, was only partially realized. The structure of the main road network goes back to the general development plan of 1899. The international competition for a development plan for Zurich and its suburbs (1915-1918) strongly shaped future development."
doc_translated_mmd_zurich_historic_en,date_1864_1869_1864_1869,MENTIONS_DATE,"Society, economy, and culture in the 19th and 20th centuries",Urban development and transportation,"Until 1830, only the core city was densely built; the rest of the city area consisted of meadows, fields, vineyards, forest, isolated farms and villas of city dwellers. From 1780, deconstruction of the medieval city wall began. From 1833, the canton started demolishing fortifications, creating space for public buildings and roads. With the construction of Münster bridge and Limmatquai from 1835, Zurich oriented itself from the Limmat towards the lake. The station outside the old town opened in 1847, sparking a large construction phase from 1860 to 1890. By 1859, the Limmatquai was built; from 1861-1863, the Bahnhofbrücke; 1864-1869 the Zeughaus; 1873-1875 a barracks in Aussersihl; from 1864, Bahnhofstrasse; from 1867 the Bahnhof district; 1861-1864 the Polytechnical School; 1865-1871 the new main train station; and 1873-1875 the Schweizerische Kreditanstalt at Paradeplatz. Zurich expanded its city boundary into Selnau and at Neumühlequai and laid out the Fraumünster district from 1875, the Prediger district from 1876-1878, and the Industriequartier in Aussersihl from 1877-1880. From 1880-1890, the stock exchange and upper Bahnhofstrasse, lake promenade and Quaibrücke were built, followed by construction of the lakeside and Stadthausquai. The new administrative center planned by Gustav Gull with office buildings on the Oetenbach site and along Schipfe, as well as a street connection from Zähringerplatz to Rämistrasse, was only partially realized. The structure of the main road network goes back to the general development plan of 1899. The international competition for a development plan for Zurich and its suburbs (1915-1918) strongly shaped future development."
doc_translated_mmd_zurich_historic_en,date_1873_1875_1873_1875,MENTIONS_DATE,"Society, economy, and culture in the 19th and 20th centuries",Urban development and transportation,"Until 1830, only the core city was densely built; the rest of the city area consisted of meadows, fields, vineyards, forest, isolated farms and villas of city dwellers. From 1780, deconstruction of the medieval city wall began. From 1833, the canton started demolishing fortifications, creating space for public buildings and roads. With the construction of Münster bridge and Limmatquai from 1835, Zurich oriented itself from the Limmat towards the lake. The station outside the old town opened in 1847, sparking a large construction phase from 1860 to 1890. By 1859, the Limmatquai was built; from 1861-1863, the Bahnhofbrücke; 1864-1869 the Zeughaus; 1873-1875 a barracks in Aussersihl; from 1864, Bahnhofstrasse; from 1867 the Bahnhof district; 1861-1864 the Polytechnical School; 1865-1871 the new main train station; and 1873-1875 the Schweizerische Kreditanstalt at Paradeplatz. Zurich expanded its city boundary into Selnau and at Neumühlequai and laid out the Fraumünster district from 1875, the Prediger district from 1876-1878, and the Industriequartier in Aussersihl from 1877-1880. From 1880-1890, the stock exchange and upper Bahnhofstrasse, lake promenade and Quaibrücke were built, followed by construction of the lakeside and Stadthausquai. The new administrative center planned by Gustav Gull with office buildings on the Oetenbach site and along Schipfe, as well as a street connection from Zähringerplatz to Rämistrasse, was only partially realized. The structure of the main road network goes back to the general development plan of 1899. The international competition for a development plan for Zurich and its suburbs (1915-1918) strongly shaped future development."
doc_translated_mmd_zurich_historic_en,date_from_1864_1864_none,MENTIONS_DATE,"Society, economy, and culture in the 19th and 20th centuries",Urban development and transportation,"Until 1830, only the core city was densely built; the rest of the city area consisted of meadows, fields, vineyards, forest, isolated farms and villas of city dwellers. From 1780, deconstruction of the medieval city wall began. From 1833, the canton started demolishing fortifications, creating space for public buildings and roads. With the construction of Münster bridge and Limmatquai from 1835, Zurich oriented itself from the Limmat towards the lake. The station outside the old town opened in 1847, sparking a large construction phase from 1860 to 1890. By 1859, the Limmatquai was built; from 1861-1863, the Bahnhofbrücke; 1864-1869 the Zeughaus; 1873-1875 a barracks in Aussersihl; from 1864, Bahnhofstrasse; from 1867 the Bahnhof district; 1861-1864 the Polytechnical School; 1865-1871 the new main train station; and 1873-1875 the Schweizerische Kreditanstalt at Paradeplatz. Zurich expanded its city boundary into Selnau and at Neumühlequai and laid out the Fraumünster district from 1875, the Prediger district from 1876-1878, and the Industriequartier in Aussersihl from 1877-1880. From 1880-1890, the stock exchange and upper Bahnhofstrasse, lake promenade and Quaibrücke were built, followed by construction of the lakeside and Stadthausquai. The new administrative center planned by Gustav Gull with office buildings on the Oetenbach site and along Schipfe, as well as a street connection from Zähringerplatz to Rämistrasse, was only partially realized. The structure of the main road network goes back to the general development plan of 1899. The international competition for a development plan for Zurich and its suburbs (1915-1918) strongly shaped future development."
doc_translated_mmd_zurich_historic_en,date_from_1867_1867_none,MENTIONS_DATE,"Society, economy, and culture in the 19th and 20th centuries",Urban development and transportation,"Until 1830, only the core city was densely built; the rest of the city area consisted of meadows, fields, vineyards, forest, isolated farms and villas of city dwellers. From 1780, deconstruction of the medieval city wall began. From 1833, the canton started demolishing fortifications, creating space for public buildings and roads. With the construction of Münster bridge and Limmatquai from 1835, Zurich oriented itself from the Limmat towards the lake. The station outside the old town opened in 1847, sparking a large construction phase from 1860 to 1890. By 1859, the Limmatquai was built; from 1861-1863, the Bahnhofbrücke; 1864-1869 the Zeughaus; 1873-1875 a barracks in Aussersihl; from 1864, Bahnhofstrasse; from 1867 the Bahnhof district; 1861-1864 the Polytechnical School; 1865-1871 the new main train station; and 1873-1875 the Schweizerische Kreditanstalt at Paradeplatz. Zurich expanded its city boundary into Selnau and at Neumühlequai and laid out the Fraumünster district from 1875, the Prediger district from 1876-1878, and the Industriequartier in Aussersihl from 1877-1880. From 1880-1890, the stock exchange and upper Bahnhofstrasse, lake promenade and Quaibrücke were built, followed by construction of the lakeside and Stadthausquai. The new administrative center planned by Gustav Gull with office buildings on the Oetenbach site and along Schipfe, as well as a street connection from Zähringerplatz to Rämistrasse, was only partially realized. The structure of the main road network goes back to the general development plan of 1899. The international competition for a development plan for Zurich and its suburbs (1915-1918) strongly shaped future development."
doc_translated_mmd_zurich_historic_en,date_1861_1864_1861_1864,MENTIONS_DATE,"Society, economy, and culture in the 19th and 20th centuries",Urban development and transportation,"Until 1830, only the core city was densely built; the rest of the city area consisted of meadows, fields, vineyards, forest, isolated farms and villas of city dwellers. From 1780, deconstruction of the medieval city wall began. From 1833, the canton started demolishing fortifications, creating space for public buildings and roads. With the construction of Münster bridge and Limmatquai from 1835, Zurich oriented itself from the Limmat towards the lake. The station outside the old town opened in 1847, sparking a large construction phase from 1860 to 1890. By 1859, the Limmatquai was built; from 1861-1863, the Bahnhofbrücke; 1864-1869 the Zeughaus; 1873-1875 a barracks in Aussersihl; from 1864, Bahnhofstrasse; from 1867 the Bahnhof district; 1861-1864 the Polytechnical School; 1865-1871 the new main train station; and 1873-1875 the Schweizerische Kreditanstalt at Paradeplatz. Zurich expanded its city boundary into Selnau and at Neumühlequai and laid out the Fraumünster district from 1875, the Prediger district from 1876-1878, and the Industriequartier in Aussersihl from 1877-1880. From 1880-1890, the stock exchange and upper Bahnhofstrasse, lake promenade and Quaibrücke were built, followed by construction of the lakeside and Stadthausquai. The new administrative center planned by Gustav Gull with office buildings on the Oetenbach site and along Schipfe, as well as a street connection from Zähringerplatz to Rämistrasse, was only partially realized. The structure of the main road network goes back to the general development plan of 1899. The international competition for a development plan for Zurich and its suburbs (1915-1918) strongly shaped future development."
doc_translated_mmd_zurich_historic_en,date_1865_1871_1865_1871,MENTIONS_DATE,"Society, economy, and culture in the 19th and 20th centuries",Urban development and transportation,"Until 1830, only the core city was densely built; the rest of the city area consisted of meadows, fields, vineyards, forest, isolated farms and villas of city dwellers. From 1780, deconstruction of the medieval city wall began. From 1833, the canton started demolishing fortifications, creating space for public buildings and roads. With the construction of Münster bridge and Limmatquai from 1835, Zurich oriented itself from the Limmat towards the lake. The station outside the old town opened in 1847, sparking a large construction phase from 1860 to 1890. By 1859, the Limmatquai was built; from 1861-1863, the Bahnhofbrücke; 1864-1869 the Zeughaus; 1873-1875 a barracks in Aussersihl; from 1864, Bahnhofstrasse; from 1867 the Bahnhof district; 1861-1864 the Polytechnical School; 1865-1871 the new main train station; and 1873-1875 the Schweizerische Kreditanstalt at Paradeplatz. Zurich expanded its city boundary into Selnau and at Neumühlequai and laid out the Fraumünster district from 1875, the Prediger district from 1876-1878, and the Industriequartier in Aussersihl from 1877-1880. From 1880-1890, the stock exchange and upper Bahnhofstrasse, lake promenade and Quaibrücke were built, followed by construction of the lakeside and Stadthausquai. The new administrative center planned by Gustav Gull with office buildings on the Oetenbach site and along Schipfe, as well as a street connection from Zähringerplatz to Rämistrasse, was only partially realized. The structure of the main road network goes back to the general development plan of 1899. The international competition for a development plan for Zurich and its suburbs (1915-1918) strongly shaped future development."
doc_translated_mmd_zurich_historic_en,date_from_1875_1875_none,MENTIONS_DATE,"Society, economy, and culture in the 19th and 20th centuries",Urban development and transportation,"Until 1830, only the core city was densely built; the rest of the city area consisted of meadows, fields, vineyards, forest, isolated farms and villas of city dwellers. From 1780, deconstruction of the medieval city wall began. From 1833, the canton started demolishing fortifications, creating space for public buildings and roads. With the construction of Münster bridge and Limmatquai from 1835, Zurich oriented itself from the Limmat towards the lake. The station outside the old town opened in 1847, sparking a large construction phase from 1860 to 1890. By 1859, the Limmatquai was built; from 1861-1863, the Bahnhofbrücke; 1864-1869 the Zeughaus; 1873-1875 a barracks in Aussersihl; from 1864, Bahnhofstrasse; from 1867 the Bahnhof district; 1861-1864 the Polytechnical School; 1865-1871 the new main train station; and 1873-1875 the Schweizerische Kreditanstalt at Paradeplatz. Zurich expanded its city boundary into Selnau and at Neumühlequai and laid out the Fraumünster district from 1875, the Prediger district from 1876-1878, and the Industriequartier in Aussersihl from 1877-1880. From 1880-1890, the stock exchange and upper Bahnhofstrasse, lake promenade and Quaibrücke were built, followed by construction of the lakeside and Stadthausquai. The new administrative center planned by Gustav Gull with office buildings on the Oetenbach site and along Schipfe, as well as a street connection from Zähringerplatz to Rämistrasse, was only partially realized. The structure of the main road network goes back to the general development plan of 1899. The international competition for a development plan for Zurich and its suburbs (1915-1918) strongly shaped future development."
doc_translated_mmd_zurich_historic_en,date_1876_1878_1876_1878,MENTIONS_DATE,"Society, economy, and culture in the 19th and 20th centuries",Urban development and transportation,"Until 1830, only the core city was densely built; the rest of the city area consisted of meadows, fields, vineyards, forest, isolated farms and villas of city dwellers. From 1780, deconstruction of the medieval city wall began. From 1833, the canton started demolishing fortifications, creating space for public buildings and roads. With the construction of Münster bridge and Limmatquai from 1835, Zurich oriented itself from the Limmat towards the lake. The station outside the old town opened in 1847, sparking a large construction phase from 1860 to 1890. By 1859, the Limmatquai was built; from 1861-1863, the Bahnhofbrücke; 1864-1869 the Zeughaus; 1873-1875 a barracks in Aussersihl; from 1864, Bahnhofstrasse; from 1867 the Bahnhof district; 1861-1864 the Polytechnical School; 1865-1871 the new main train station; and 1873-1875 the Schweizerische Kreditanstalt at Paradeplatz. Zurich expanded its city boundary into Selnau and at Neumühlequai and laid out the Fraumünster district from 1875, the Prediger district from 1876-1878, and the Industriequartier in Aussersihl from 1877-1880. From 1880-1890, the stock exchange and upper Bahnhofstrasse, lake promenade and Quaibrücke were built, followed by construction of the lakeside and Stadthausquai. The new administrative center planned by Gustav Gull with office buildings on the Oetenbach site and along Schipfe, as well as a street connection from Zähringerplatz to Rämistrasse, was only partially realized. The structure of the main road network goes back to the general development plan of 1899. The international competition for a development plan for Zurich and its suburbs (1915-1918) strongly shaped future development."
doc_translated_mmd_zurich_historic_en,date_1877_1880_1877_1880,MENTIONS_DATE,"Society, economy, and culture in the 19th and 20th centuries",Urban development and transportation,"Until 1830, only the core city was densely built; the rest of the city area consisted of meadows, fields, vineyards, forest, isolated farms and villas of city dwellers. From 1780, deconstruction of the medieval city wall began. From 1833, the canton started demolishing fortifications, creating space for public buildings and roads. With the construction of Münster bridge and Limmatquai from 1835, Zurich oriented itself from the Limmat towards the lake. The station outside the old town opened in 1847, sparking a large construction phase from 1860 to 1890. By 1859, the Limmatquai was built; from 1861-1863, the Bahnhofbrücke; 1864-1869 the Zeughaus; 1873-1875 a barracks in Aussersihl; from 1864, Bahnhofstrasse; from 1867 the Bahnhof district; 1861-1864 the Polytechnical School; 1865-1871 the new main train station; and 1873-1875 the Schweizerische Kreditanstalt at Paradeplatz. Zurich expanded its city boundary into Selnau and at Neumühlequai and laid out the Fraumünster district from 1875, the Prediger district from 1876-1878, and the Industriequartier in Aussersihl from 1877-1880. From 1880-1890, the stock exchange and upper Bahnhofstrasse, lake promenade and Quaibrücke were built, followed by construction of the lakeside and Stadthausquai. The new administrative center planned by Gustav Gull with office buildings on the Oetenbach site and along Schipfe, as well as a street connection from Zähringerplatz to Rämistrasse, was only partially realized. The structure of the main road network goes back to the general development plan of 1899. The international competition for a development plan for Zurich and its suburbs (1915-1918) strongly shaped future development."
doc_translated_mmd_zurich_historic_en,date_1880_1890_1880_1890,MENTIONS_DATE,"Society, economy, and culture in the 19th and 20th centuries",Urban development and transportation,"Until 1830, only the core city was densely built; the rest of the city area consisted of meadows, fields, vineyards, forest, isolated farms and villas of city dwellers. From 1780, deconstruction of the medieval city wall began. From 1833, the canton started demolishing fortifications, creating space for public buildings and roads. With the construction of Münster bridge and Limmatquai from 1835, Zurich oriented itself from the Limmat towards the lake. The station outside the old town opened in 1847, sparking a large construction phase from 1860 to 1890. By 1859, the Limmatquai was built; from 1861-1863, the Bahnhofbrücke; 1864-1869 the Zeughaus; 1873-1875 a barracks in Aussersihl; from 1864, Bahnhofstrasse; from 1867 the Bahnhof district; 1861-1864 the Polytechnical School; 1865-1871 the new main train station; and 1873-1875 the Schweizerische Kreditanstalt at Paradeplatz. Zurich expanded its city boundary into Selnau and at Neumühlequai and laid out the Fraumünster district from 1875, the Prediger district from 1876-1878, and the Industriequartier in Aussersihl from 1877-1880. From 1880-1890, the stock exchange and upper Bahnhofstrasse, lake promenade and Quaibrücke were built, followed by construction of the lakeside and Stadthausquai. The new administrative center planned by Gustav Gull with office buildings on the Oetenbach site and along Schipfe, as well as a street connection from Zähringerplatz to Rämistrasse, was only partially realized. The structure of the main road network goes back to the general development plan of 1899. The international competition for a development plan for Zurich and its suburbs (1915-1918) strongly shaped future development."
doc_translated_mmd_zurich_historic_en,date_1899_1899_1899,MENTIONS_DATE,"Society, economy, and culture in the 19th and 20th centuries",Urban development and transportation,"Until 1830, only the core city was densely built; the rest of the city area consisted of meadows, fields, vineyards, forest, isolated farms and villas of city dwellers. From 1780, deconstruction of the medieval city wall began. From 1833, the canton started demolishing fortifications, creating space for public buildings and roads. With the construction of Münster bridge and Limmatquai from 1835, Zurich oriented itself from the Limmat towards the lake. The station outside the old town opened in 1847, sparking a large construction phase from 1860 to 1890. By 1859, the Limmatquai was built; from 1861-1863, the Bahnhofbrücke; 1864-1869 the Zeughaus; 1873-1875 a barracks in Aussersihl; from 1864, Bahnhofstrasse; from 1867 the Bahnhof district; 1861-1864 the Polytechnical School; 1865-1871 the new main train station; and 1873-1875 the Schweizerische Kreditanstalt at Paradeplatz. Zurich expanded its city boundary into Selnau and at Neumühlequai and laid out the Fraumünster district from 1875, the Prediger district from 1876-1878, and the Industriequartier in Aussersihl from 1877-1880. From 1880-1890, the stock exchange and upper Bahnhofstrasse, lake promenade and Quaibrücke were built, followed by construction of the lakeside and Stadthausquai. The new administrative center planned by Gustav Gull with office buildings on the Oetenbach site and along Schipfe, as well as a street connection from Zähringerplatz to Rämistrasse, was only partially realized. The structure of the main road network goes back to the general development plan of 1899. The international competition for a development plan for Zurich and its suburbs (1915-1918) strongly shaped future development."
doc_translated_mmd_zurich_historic_en,date_1915_1918_1915_1918,MENTIONS_DATE,"Society, economy, and culture in the 19th and 20th centuries",Urban development and transportation,"Until 1830, only the core city was densely built; the rest of the city area consisted of meadows, fields, vineyards, forest, isolated farms and villas of city dwellers. From 1780, deconstruction of the medieval city wall began. From 1833, the canton started demolishing fortifications, creating space for public buildings and roads. With the construction of Münster bridge and Limmatquai from 1835, Zurich oriented itself from the Limmat towards the lake. The station outside the old town opened in 1847, sparking a large construction phase from 1860 to 1890. By 1859, the Limmatquai was built; from 1861-1863, the Bahnhofbrücke; 1864-1869 the Zeughaus; 1873-1875 a barracks in Aussersihl; from 1864, Bahnhofstrasse; from 1867 the Bahnhof district; 1861-1864 the Polytechnical School; 1865-1871 the new main train station; and 1873-1875 the Schweizerische Kreditanstalt at Paradeplatz. Zurich expanded its city boundary into Selnau and at Neumühlequai and laid out the Fraumünster district from 1875, the Prediger district from 1876-1878, and the Industriequartier in Aussersihl from 1877-1880. From 1880-1890, the stock exchange and upper Bahnhofstrasse, lake promenade and Quaibrücke were built, followed by construction of the lakeside and Stadthausquai. The new administrative center planned by Gustav Gull with office buildings on the Oetenbach site and along Schipfe, as well as a street connection from Zähringerplatz to Rämistrasse, was only partially realized. The structure of the main road network goes back to the general development plan of 1899. The international competition for a development plan for Zurich and its suburbs (1915-1918) strongly shaped future development."
doc_translated_mmd_zurich_historic_en,date_1850_2000_1850_2000,MENTIONS_DATE,"Society, economy, and culture in the 19th and 20th centuries",Urban development and transportation,Urban development of Zurich 1850-2000
doc_translated_mmd_zurich_historic_en,date_since_1930_1930_2024,MENTIONS_DATE,"Society, economy, and culture in the 19th and 20th centuries",Urban development and transportation,Development of the Zurich agglomeration since 1930
doc_translated_mmd_zurich_historic_en,date_1930_1930_1930,MENTIONS_DATE,"Society, economy, and culture in the 19th and 20th centuries",Urban development and transportation,"From 1930, the city acquired houses for old town renovation. In 1962, the old town was placed under city protection, often leading to hollowing out of old town houses. The concept of a car-friendly city was only partially realized, including widening Bahnhof- and Limmatquai, Bahnhof bridge, and Central. However, the high-performance road around the old town, planned in the 1955 general traffic plan, a rejected underground or deep tram in the 1962 referendum, and an underground railway rejected in 1973, were not built. The city tried to solve inner-city traffic problems with federal funds by promoting highway construction, but the opening of the provisional western tangent in 1972 led to a rethink. Environmental concerns regularly found political majorities. The deindustrialization from the 1970s caused a financial crisis in the 1990s but also created free spaces, enabling the boom in Zurich-West and repurposing of industrial areas into service and residential districts in Oerlikon, Giesshübel, Binz, Altstetten, and Affoltern."
doc_translated_mmd_zurich_historic_en,date_1962_1962_1962,MENTIONS_DATE,"Society, economy, and culture in the 19th and 20th centuries",Urban development and transportation,"From 1930, the city acquired houses for old town renovation. In 1962, the old town was placed under city protection, often leading to hollowing out of old town houses. The concept of a car-friendly city was only partially realized, including widening Bahnhof- and Limmatquai, Bahnhof bridge, and Central. However, the high-performance road around the old town, planned in the 1955 general traffic plan, a rejected underground or deep tram in the 1962 referendum, and an underground railway rejected in 1973, were not built. The city tried to solve inner-city traffic problems with federal funds by promoting highway construction, but the opening of the provisional western tangent in 1972 led to a rethink. Environmental concerns regularly found political majorities. The deindustrialization from the 1970s caused a financial crisis in the 1990s but also created free spaces, enabling the boom in Zurich-West and repurposing of industrial areas into service and residential districts in Oerlikon, Giesshübel, Binz, Altstetten, and Affoltern."
doc_translated_mmd_zurich_historic_en,date_1955_1955_1955,MENTIONS_DATE,"Society, economy, and culture in the 19th and 20th centuries",Urban development and transportation,"From 1930, the city acquired houses for old town renovation. In 1962, the old town was placed under city protection, often leading to hollowing out of old town houses. The concept of a car-friendly city was only partially realized, including widening Bahnhof- and Limmatquai, Bahnhof bridge, and Central. However, the high-performance road around the old town, planned in the 1955 general traffic plan, a rejected underground or deep tram in the 1962 referendum, and an underground railway rejected in 1973, were not built. The city tried to solve inner-city traffic problems with federal funds by promoting highway construction, but the opening of the provisional western tangent in 1972 led to a rethink. Environmental concerns regularly found political majorities. The deindustrialization from the 1970s caused a financial crisis in the 1990s but also created free spaces, enabling the boom in Zurich-West and repurposing of industrial areas into service and residential districts in Oerlikon, Giesshübel, Binz, Altstetten, and Affoltern."
doc_translated_mmd_zurich_historic_en,date_1973_1973_1973,MENTIONS_DATE,"Society, economy, and culture in the 19th and 20th centuries",Urban development and transportation,"From 1930, the city acquired houses for old town renovation. In 1962, the old town was placed under city protection, often leading to hollowing out of old town houses. The concept of a car-friendly city was only partially realized, including widening Bahnhof- and Limmatquai, Bahnhof bridge, and Central. However, the high-performance road around the old town, planned in the 1955 general traffic plan, a rejected underground or deep tram in the 1962 referendum, and an underground railway rejected in 1973, were not built. The city tried to solve inner-city traffic problems with federal funds by promoting highway construction, but the opening of the provisional western tangent in 1972 led to a rethink. Environmental concerns regularly found political majorities. The deindustrialization from the 1970s caused a financial crisis in the 1990s but also created free spaces, enabling the boom in Zurich-West and repurposing of industrial areas into service and residential districts in Oerlikon, Giesshübel, Binz, Altstetten, and Affoltern."
doc_translated_mmd_zurich_historic_en,date_1972_1972_1972,MENTIONS_DATE,"Society, economy, and culture in the 19th and 20th centuries",Urban development and transportation,"From 1930, the city acquired houses for old town renovation. In 1962, the old town was placed under city protection, often leading to hollowing out of old town houses. The concept of a car-friendly city was only partially realized, including widening Bahnhof- and Limmatquai, Bahnhof bridge, and Central. However, the high-performance road around the old town, planned in the 1955 general traffic plan, a rejected underground or deep tram in the 1962 referendum, and an underground railway rejected in 1973, were not built. The city tried to solve inner-city traffic problems with federal funds by promoting highway construction, but the opening of the provisional western tangent in 1972 led to a rethink. Environmental concerns regularly found political majorities. The deindustrialization from the 1970s caused a financial crisis in the 1990s but also created free spaces, enabling the boom in Zurich-West and repurposing of industrial areas into service and residential districts in Oerlikon, Giesshübel, Binz, Altstetten, and Affoltern."
doc_translated_mmd_zurich_historic_en,date_1970s_1970_1979,MENTIONS_DATE,"Society, economy, and culture in the 19th and 20th centuries",Urban development and transportation,"From 1930, the city acquired houses for old town renovation. In 1962, the old town was placed under city protection, often leading to hollowing out of old town houses. The concept of a car-friendly city was only partially realized, including widening Bahnhof- and Limmatquai, Bahnhof bridge, and Central. However, the high-performance road around the old town, planned in the 1955 general traffic plan, a rejected underground or deep tram in the 1962 referendum, and an underground railway rejected in 1973, were not built. The city tried to solve inner-city traffic problems with federal funds by promoting highway construction, but the opening of the provisional western tangent in 1972 led to a rethink. Environmental concerns regularly found political majorities. The deindustrialization from the 1970s caused a financial crisis in the 1990s but also created free spaces, enabling the boom in Zurich-West and repurposing of industrial areas into service and residential districts in Oerlikon, Giesshübel, Binz, Altstetten, and Affoltern."
doc_translated_mmd_zurich_historic_en,date_1990s_1990_1999,MENTIONS_DATE,"Society, economy, and culture in the 19th and 20th centuries",Urban development and transportation,"From 1930, the city acquired houses for old town renovation. In 1962, the old town was placed under city protection, often leading to hollowing out of old town houses. The concept of a car-friendly city was only partially realized, including widening Bahnhof- and Limmatquai, Bahnhof bridge, and Central. However, the high-performance road around the old town, planned in the 1955 general traffic plan, a rejected underground or deep tram in the 1962 referendum, and an underground railway rejected in 1973, were not built. The city tried to solve inner-city traffic problems with federal funds by promoting highway construction, but the opening of the provisional western tangent in 1972 led to a rethink. Environmental concerns regularly found political majorities. The deindustrialization from the 1970s caused a financial crisis in the 1990s but also created free spaces, enabling the boom in Zurich-West and repurposing of industrial areas into service and residential districts in Oerlikon, Giesshübel, Binz, Altstetten, and Affoltern."
doc_translated_mmd_zurich_historic_en,date_beginning_of_the_19th_century_1801_1833,MENTIONS_DATE,"Society, economy, and culture in the 19th and 20th centuries",Economy,"At the beginning of the 19th century, cotton and silk industries dominated city economy. In 1805, the mechanical cotton spinning mill, later Escher Wyss & Cie. machine factory, was founded at Neumühlequai. Mills on the Limmat were converted into textile factories by 1895. Silk trade and processing took place in Zurich, weaving was located outside the city. Construction of the railway from 1847 enabled Zurich's development as an industrial center and transport hub. With Schweizerische Kreditanstalt, created in 1856 to finance the textile industry and railway construction, Zurich became a banking center. Schweizerische Rentenanstalt (1857) and Schweizerische Rückversicherungsanstalt (1863) founded the insurance sector in Zurich. Towards the end of the 19th century, heavy industry shifted from the center to outskirts in Aussersihl and Oerlikon. By 1930, the textile industry lost its leading role to metal, machinery and electrical industries. In the same period, Zurich rose to Switzerland's financial center: In 1929, a quarter of all bank employees and a third of all insurance employees in Switzerland worked in Zurich. In the 1980s and 1990s, financial institutions outsourced parts of their jobs to suburbs, and the Zurich region became one of the world's ten largest financial centers. In the second half of the 20th century, the city also became Switzerland's media center. Apart from major Zurich newspapers ""Neue Zürcher Zeitung"" and ""Tages-Anzeiger,"" tabloid and popular press such as Blick were published here. Also, German- and Romansh-speaking Swiss television settled in Zurich."
doc_translated_mmd_zurich_historic_en,date_1805_1805_1805,MENTIONS_DATE,"Society, economy, and culture in the 19th and 20th centuries",Economy,"At the beginning of the 19th century, cotton and silk industries dominated city economy. In 1805, the mechanical cotton spinning mill, later Escher Wyss & Cie. machine factory, was founded at Neumühlequai. Mills on the Limmat were converted into textile factories by 1895. Silk trade and processing took place in Zurich, weaving was located outside the city. Construction of the railway from 1847 enabled Zurich's development as an industrial center and transport hub. With Schweizerische Kreditanstalt, created in 1856 to finance the textile industry and railway construction, Zurich became a banking center. Schweizerische Rentenanstalt (1857) and Schweizerische Rückversicherungsanstalt (1863) founded the insurance sector in Zurich. Towards the end of the 19th century, heavy industry shifted from the center to outskirts in Aussersihl and Oerlikon. By 1930, the textile industry lost its leading role to metal, machinery and electrical industries. In the same period, Zurich rose to Switzerland's financial center: In 1929, a quarter of all bank employees and a third of all insurance employees in Switzerland worked in Zurich. In the 1980s and 1990s, financial institutions outsourced parts of their jobs to suburbs, and the Zurich region became one of the world's ten largest financial centers. In the second half of the 20th century, the city also became Switzerland's media center. Apart from major Zurich newspapers ""Neue Zürcher Zeitung"" and ""Tages-Anzeiger,"" tabloid and popular press such as Blick were published here. Also, German- and Romansh-speaking Swiss television settled in Zurich."
doc_translated_mmd_zurich_historic_en,date_1895_1895_1895,MENTIONS_DATE,"Society, economy, and culture in the 19th and 20th centuries",Economy,"At the beginning of the 19th century, cotton and silk industries dominated city economy. In 1805, the mechanical cotton spinning mill, later Escher Wyss & Cie. machine factory, was founded at Neumühlequai. Mills on the Limmat were converted into textile factories by 1895. Silk trade and processing took place in Zurich, weaving was located outside the city. Construction of the railway from 1847 enabled Zurich's development as an industrial center and transport hub. With Schweizerische Kreditanstalt, created in 1856 to finance the textile industry and railway construction, Zurich became a banking center. Schweizerische Rentenanstalt (1857) and Schweizerische Rückversicherungsanstalt (1863) founded the insurance sector in Zurich. Towards the end of the 19th century, heavy industry shifted from the center to outskirts in Aussersihl and Oerlikon. By 1930, the textile industry lost its leading role to metal, machinery and electrical industries. In the same period, Zurich rose to Switzerland's financial center: In 1929, a quarter of all bank employees and a third of all insurance employees in Switzerland worked in Zurich. In the 1980s and 1990s, financial institutions outsourced parts of their jobs to suburbs, and the Zurich region became one of the world's ten largest financial centers. In the second half of the 20th century, the city also became Switzerland's media center. Apart from major Zurich newspapers ""Neue Zürcher Zeitung"" and ""Tages-Anzeiger,"" tabloid and popular press such as Blick were published here. Also, German- and Romansh-speaking Swiss television settled in Zurich."
doc_translated_mmd_zurich_historic_en,date_1847_1847_1847,MENTIONS_DATE,"Society, economy, and culture in the 19th and 20th centuries",Economy,"At the beginning of the 19th century, cotton and silk industries dominated city economy. In 1805, the mechanical cotton spinning mill, later Escher Wyss & Cie. machine factory, was founded at Neumühlequai. Mills on the Limmat were converted into textile factories by 1895. Silk trade and processing took place in Zurich, weaving was located outside the city. Construction of the railway from 1847 enabled Zurich's development as an industrial center and transport hub. With Schweizerische Kreditanstalt, created in 1856 to finance the textile industry and railway construction, Zurich became a banking center. Schweizerische Rentenanstalt (1857) and Schweizerische Rückversicherungsanstalt (1863) founded the insurance sector in Zurich. Towards the end of the 19th century, heavy industry shifted from the center to outskirts in Aussersihl and Oerlikon. By 1930, the textile industry lost its leading role to metal, machinery and electrical industries. In the same period, Zurich rose to Switzerland's financial center: In 1929, a quarter of all bank employees and a third of all insurance employees in Switzerland worked in Zurich. In the 1980s and 1990s, financial institutions outsourced parts of their jobs to suburbs, and the Zurich region became one of the world's ten largest financial centers. In the second half of the 20th century, the city also became Switzerland's media center. Apart from major Zurich newspapers ""Neue Zürcher Zeitung"" and ""Tages-Anzeiger,"" tabloid and popular press such as Blick were published here. Also, German- and Romansh-speaking Swiss television settled in Zurich."
doc_translated_mmd_zurich_historic_en,date_1856_1856_1856,MENTIONS_DATE,"Society, economy, and culture in the 19th and 20th centuries",Economy,"At the beginning of the 19th century, cotton and silk industries dominated city economy. In 1805, the mechanical cotton spinning mill, later Escher Wyss & Cie. machine factory, was founded at Neumühlequai. Mills on the Limmat were converted into textile factories by 1895. Silk trade and processing took place in Zurich, weaving was located outside the city. Construction of the railway from 1847 enabled Zurich's development as an industrial center and transport hub. With Schweizerische Kreditanstalt, created in 1856 to finance the textile industry and railway construction, Zurich became a banking center. Schweizerische Rentenanstalt (1857) and Schweizerische Rückversicherungsanstalt (1863) founded the insurance sector in Zurich. Towards the end of the 19th century, heavy industry shifted from the center to outskirts in Aussersihl and Oerlikon. By 1930, the textile industry lost its leading role to metal, machinery and electrical industries. In the same period, Zurich rose to Switzerland's financial center: In 1929, a quarter of all bank employees and a third of all insurance employees in Switzerland worked in Zurich. In the 1980s and 1990s, financial institutions outsourced parts of their jobs to suburbs, and the Zurich region became one of the world's ten largest financial centers. In the second half of the 20th century, the city also became Switzerland's media center. Apart from major Zurich newspapers ""Neue Zürcher Zeitung"" and ""Tages-Anzeiger,"" tabloid and popular press such as Blick were published here. Also, German- and Romansh-speaking Swiss television settled in Zurich."
doc_translated_mmd_zurich_historic_en,date_1857_1857_1857,MENTIONS_DATE,"Society, economy, and culture in the 19th and 20th centuries",Economy,"At the beginning of the 19th century, cotton and silk industries dominated city economy. In 1805, the mechanical cotton spinning mill, later Escher Wyss & Cie. machine factory, was founded at Neumühlequai. Mills on the Limmat were converted into textile factories by 1895. Silk trade and processing took place in Zurich, weaving was located outside the city. Construction of the railway from 1847 enabled Zurich's development as an industrial center and transport hub. With Schweizerische Kreditanstalt, created in 1856 to finance the textile industry and railway construction, Zurich became a banking center. Schweizerische Rentenanstalt (1857) and Schweizerische Rückversicherungsanstalt (1863) founded the insurance sector in Zurich. Towards the end of the 19th century, heavy industry shifted from the center to outskirts in Aussersihl and Oerlikon. By 1930, the textile industry lost its leading role to metal, machinery and electrical industries. In the same period, Zurich rose to Switzerland's financial center: In 1929, a quarter of all bank employees and a third of all insurance employees in Switzerland worked in Zurich. In the 1980s and 1990s, financial institutions outsourced parts of their jobs to suburbs, and the Zurich region became one of the world's ten largest financial centers. In the second half of the 20th century, the city also became Switzerland's media center. Apart from major Zurich newspapers ""Neue Zürcher Zeitung"" and ""Tages-Anzeiger,"" tabloid and popular press such as Blick were published here. Also, German- and Romansh-speaking Swiss television settled in Zurich."
doc_translated_mmd_zurich_historic_en,date_1863_1863_1863,MENTIONS_DATE,"Society, economy, and culture in the 19th and 20th centuries",Economy,"At the beginning of the 19th century, cotton and silk industries dominated city economy. In 1805, the mechanical cotton spinning mill, later Escher Wyss & Cie. machine factory, was founded at Neumühlequai. Mills on the Limmat were converted into textile factories by 1895. Silk trade and processing took place in Zurich, weaving was located outside the city. Construction of the railway from 1847 enabled Zurich's development as an industrial center and transport hub. With Schweizerische Kreditanstalt, created in 1856 to finance the textile industry and railway construction, Zurich became a banking center. Schweizerische Rentenanstalt (1857) and Schweizerische Rückversicherungsanstalt (1863) founded the insurance sector in Zurich. Towards the end of the 19th century, heavy industry shifted from the center to outskirts in Aussersihl and Oerlikon. By 1930, the textile industry lost its leading role to metal, machinery and electrical industries. In the same period, Zurich rose to Switzerland's financial center: In 1929, a quarter of all bank employees and a third of all insurance employees in Switzerland worked in Zurich. In the 1980s and 1990s, financial institutions outsourced parts of their jobs to suburbs, and the Zurich region became one of the world's ten largest financial centers. In the second half of the 20th century, the city also became Switzerland's media center. Apart from major Zurich newspapers ""Neue Zürcher Zeitung"" and ""Tages-Anzeiger,"" tabloid and popular press such as Blick were published here. Also, German- and Romansh-speaking Swiss television settled in Zurich."
doc_translated_mmd_zurich_historic_en,date_end_of_the_19th_century_1884_1900,MENTIONS_DATE,"Society, economy, and culture in the 19th and 20th centuries",Economy,"At the beginning of the 19th century, cotton and silk industries dominated city economy. In 1805, the mechanical cotton spinning mill, later Escher Wyss & Cie. machine factory, was founded at Neumühlequai. Mills on the Limmat were converted into textile factories by 1895. Silk trade and processing took place in Zurich, weaving was located outside the city. Construction of the railway from 1847 enabled Zurich's development as an industrial center and transport hub. With Schweizerische Kreditanstalt, created in 1856 to finance the textile industry and railway construction, Zurich became a banking center. Schweizerische Rentenanstalt (1857) and Schweizerische Rückversicherungsanstalt (1863) founded the insurance sector in Zurich. Towards the end of the 19th century, heavy industry shifted from the center to outskirts in Aussersihl and Oerlikon. By 1930, the textile industry lost its leading role to metal, machinery and electrical industries. In the same period, Zurich rose to Switzerland's financial center: In 1929, a quarter of all bank employees and a third of all insurance employees in Switzerland worked in Zurich. In the 1980s and 1990s, financial institutions outsourced parts of their jobs to suburbs, and the Zurich region became one of the world's ten largest financial centers. In the second half of the 20th century, the city also became Switzerland's media center. Apart from major Zurich newspapers ""Neue Zürcher Zeitung"" and ""Tages-Anzeiger,"" tabloid and popular press such as Blick were published here. Also, German- and Romansh-speaking Swiss television settled in Zurich."
doc_translated_mmd_zurich_historic_en,date_1930_1930_1930,MENTIONS_DATE,"Society, economy, and culture in the 19th and 20th centuries",Economy,"At the beginning of the 19th century, cotton and silk industries dominated city economy. In 1805, the mechanical cotton spinning mill, later Escher Wyss & Cie. machine factory, was founded at Neumühlequai. Mills on the Limmat were converted into textile factories by 1895. Silk trade and processing took place in Zurich, weaving was located outside the city. Construction of the railway from 1847 enabled Zurich's development as an industrial center and transport hub. With Schweizerische Kreditanstalt, created in 1856 to finance the textile industry and railway construction, Zurich became a banking center. Schweizerische Rentenanstalt (1857) and Schweizerische Rückversicherungsanstalt (1863) founded the insurance sector in Zurich. Towards the end of the 19th century, heavy industry shifted from the center to outskirts in Aussersihl and Oerlikon. By 1930, the textile industry lost its leading role to metal, machinery and electrical industries. In the same period, Zurich rose to Switzerland's financial center: In 1929, a quarter of all bank employees and a third of all insurance employees in Switzerland worked in Zurich. In the 1980s and 1990s, financial institutions outsourced parts of their jobs to suburbs, and the Zurich region became one of the world's ten largest financial centers. In the second half of the 20th century, the city also became Switzerland's media center. Apart from major Zurich newspapers ""Neue Zürcher Zeitung"" and ""Tages-Anzeiger,"" tabloid and popular press such as Blick were published here. Also, German- and Romansh-speaking Swiss television settled in Zurich."
doc_translated_mmd_zurich_historic_en,date_1929_1929_1929,MENTIONS_DATE,"Society, economy, and culture in the 19th and 20th centuries",Economy,"At the beginning of the 19th century, cotton and silk industries dominated city economy. In 1805, the mechanical cotton spinning mill, later Escher Wyss & Cie. machine factory, was founded at Neumühlequai. Mills on the Limmat were converted into textile factories by 1895. Silk trade and processing took place in Zurich, weaving was located outside the city. Construction of the railway from 1847 enabled Zurich's development as an industrial center and transport hub. With Schweizerische Kreditanstalt, created in 1856 to finance the textile industry and railway construction, Zurich became a banking center. Schweizerische Rentenanstalt (1857) and Schweizerische Rückversicherungsanstalt (1863) founded the insurance sector in Zurich. Towards the end of the 19th century, heavy industry shifted from the center to outskirts in Aussersihl and Oerlikon. By 1930, the textile industry lost its leading role to metal, machinery and electrical industries. In the same period, Zurich rose to Switzerland's financial center: In 1929, a quarter of all bank employees and a third of all insurance employees in Switzerland worked in Zurich. In the 1980s and 1990s, financial institutions outsourced parts of their jobs to suburbs, and the Zurich region became one of the world's ten largest financial centers. In the second half of the 20th century, the city also became Switzerland's media center. Apart from major Zurich newspapers ""Neue Zürcher Zeitung"" and ""Tages-Anzeiger,"" tabloid and popular press such as Blick were published here. Also, German- and Romansh-speaking Swiss television settled in Zurich."
doc_translated_mmd_zurich_historic_en,date_1980s_and_1990s_1980_1999,MENTIONS_DATE,"Society, economy, and culture in the 19th and 20th centuries",Economy,"At the beginning of the 19th century, cotton and silk industries dominated city economy. In 1805, the mechanical cotton spinning mill, later Escher Wyss & Cie. machine factory, was founded at Neumühlequai. Mills on the Limmat were converted into textile factories by 1895. Silk trade and processing took place in Zurich, weaving was located outside the city. Construction of the railway from 1847 enabled Zurich's development as an industrial center and transport hub. With Schweizerische Kreditanstalt, created in 1856 to finance the textile industry and railway construction, Zurich became a banking center. Schweizerische Rentenanstalt (1857) and Schweizerische Rückversicherungsanstalt (1863) founded the insurance sector in Zurich. Towards the end of the 19th century, heavy industry shifted from the center to outskirts in Aussersihl and Oerlikon. By 1930, the textile industry lost its leading role to metal, machinery and electrical industries. In the same period, Zurich rose to Switzerland's financial center: In 1929, a quarter of all bank employees and a third of all insurance employees in Switzerland worked in Zurich. In the 1980s and 1990s, financial institutions outsourced parts of their jobs to suburbs, and the Zurich region became one of the world's ten largest financial centers. In the second half of the 20th century, the city also became Switzerland's media center. Apart from major Zurich newspapers ""Neue Zürcher Zeitung"" and ""Tages-Anzeiger,"" tabloid and popular press such as Blick were published here. Also, German- and Romansh-speaking Swiss television settled in Zurich."
doc_translated_mmd_zurich_historic_en,date_second_half_of_the_20th_century_1951_2000,MENTIONS_DATE,"Society, economy, and culture in the 19th and 20th centuries",Economy,"At the beginning of the 19th century, cotton and silk industries dominated city economy. In 1805, the mechanical cotton spinning mill, later Escher Wyss & Cie. machine factory, was founded at Neumühlequai. Mills on the Limmat were converted into textile factories by 1895. Silk trade and processing took place in Zurich, weaving was located outside the city. Construction of the railway from 1847 enabled Zurich's development as an industrial center and transport hub. With Schweizerische Kreditanstalt, created in 1856 to finance the textile industry and railway construction, Zurich became a banking center. Schweizerische Rentenanstalt (1857) and Schweizerische Rückversicherungsanstalt (1863) founded the insurance sector in Zurich. Towards the end of the 19th century, heavy industry shifted from the center to outskirts in Aussersihl and Oerlikon. By 1930, the textile industry lost its leading role to metal, machinery and electrical industries. In the same period, Zurich rose to Switzerland's financial center: In 1929, a quarter of all bank employees and a third of all insurance employees in Switzerland worked in Zurich. In the 1980s and 1990s, financial institutions outsourced parts of their jobs to suburbs, and the Zurich region became one of the world's ten largest financial centers. In the second half of the 20th century, the city also became Switzerland's media center. Apart from major Zurich newspapers ""Neue Zürcher Zeitung"" and ""Tages-Anzeiger,"" tabloid and popular press such as Blick were published here. Also, German- and Romansh-speaking Swiss television settled in Zurich."
doc_translated_mmd_zurich_historic_en,date_early_19th_century_1801_1833,MENTIONS_DATE,"Society, economy, and culture in the 19th and 20th centuries",Social structure and social change,"In the early 19th century, politically and economically, the minority of old Zurich families who had belonged to the regime before 1798 dominated. They long distinguished themselves from the advancing bourgeoisie until distinctions began to blur in the late 19th century. This upper class met in partly exclusive clubs such as Schildner zum Schneggen, Bogenschützen (archers), the old Zurich club ""zur weißen Rose"", or Reitclub Zurich. More middle-class oriented were the guilds and some cultural and sports associations such as the Hottingen reading circle or the Grasshopper Club. Craftsmen made up the majority of city population until equality of city and countryside, abolition of privileges by ending the guild system in 1837, and industrialization undermined their economic basis."
doc_translated_mmd_zurich_historic_en,date_before_1798_none_1797,MENTIONS_DATE,"Society, economy, and culture in the 19th and 20th centuries",Social structure and social change,"In the early 19th century, politically and economically, the minority of old Zurich families who had belonged to the regime before 1798 dominated. They long distinguished themselves from the advancing bourgeoisie until distinctions began to blur in the late 19th century. This upper class met in partly exclusive clubs such as Schildner zum Schneggen, Bogenschützen (archers), the old Zurich club ""zur weißen Rose"", or Reitclub Zurich. More middle-class oriented were the guilds and some cultural and sports associations such as the Hottingen reading circle or the Grasshopper Club. Craftsmen made up the majority of city population until equality of city and countryside, abolition of privileges by ending the guild system in 1837, and industrialization undermined their economic basis."
doc_translated_mmd_zurich_historic_en,date_late_19th_century_1867_1900,MENTIONS_DATE,"Society, economy, and culture in the 19th and 20th centuries",Social structure and social change,"In the early 19th century, politically and economically, the minority of old Zurich families who had belonged to the regime before 1798 dominated. They long distinguished themselves from the advancing bourgeoisie until distinctions began to blur in the late 19th century. This upper class met in partly exclusive clubs such as Schildner zum Schneggen, Bogenschützen (archers), the old Zurich club ""zur weißen Rose"", or Reitclub Zurich. More middle-class oriented were the guilds and some cultural and sports associations such as the Hottingen reading circle or the Grasshopper Club. Craftsmen made up the majority of city population until equality of city and countryside, abolition of privileges by ending the guild system in 1837, and industrialization undermined their economic basis."
doc_translated_mmd_zurich_historic_en,date_1837_1837_1837,MENTIONS_DATE,"Society, economy, and culture in the 19th and 20th centuries",Social structure and social change,"In the early 19th century, politically and economically, the minority of old Zurich families who had belonged to the regime before 1798 dominated. They long distinguished themselves from the advancing bourgeoisie until distinctions began to blur in the late 19th century. This upper class met in partly exclusive clubs such as Schildner zum Schneggen, Bogenschützen (archers), the old Zurich club ""zur weißen Rose"", or Reitclub Zurich. More middle-class oriented were the guilds and some cultural and sports associations such as the Hottingen reading circle or the Grasshopper Club. Craftsmen made up the majority of city population until equality of city and countryside, abolition of privileges by ending the guild system in 1837, and industrialization undermined their economic basis."
doc_translated_mmd_zurich_historic_en,date_1836_2010_1836_2010,MENTIONS_DATE,"Society, economy, and culture in the 19th and 20th centuries",Social structure and social change,Population development of the city of Zurich 1836-2010
doc_translated_mmd_zurich_historic_en,date_around_1800_1795_1805,MENTIONS_DATE,"Society, economy, and culture in the 19th and 20th centuries",Social structure and social change,"Industrialization and immigration radically changed the population structure. The share of citizens in the city population was still 55.9% around 1800. By 1836, residents had the majority. Immigration from Inner and Eastern Switzerland, southern Germany, Austria, later from Italy and other Mediterranean countries, turned Zurich, which was purely Reformed until 1798, into a mixed-denomination city. The composition of nationalities changed radically as well. Germans arrived from about 1830 as academics or skilled workers, some as political refugees to Zurich, where they founded a support association in 1856. Around 1900, immigrant workers from Germany were mostly female. Italians immigrated from the 1880s mainly from northern rural Italy, were mainly employed in construction and gradually organized in workers' associations."
doc_translated_mmd_zurich_historic_en,date_by_1836_1836_1836,MENTIONS_DATE,"Society, economy, and culture in the 19th and 20th centuries",Social structure and social change,"Industrialization and immigration radically changed the population structure. The share of citizens in the city population was still 55.9% around 1800. By 1836, residents had the majority. Immigration from Inner and Eastern Switzerland, southern Germany, Austria, later from Italy and other Mediterranean countries, turned Zurich, which was purely Reformed until 1798, into a mixed-denomination city. The composition of nationalities changed radically as well. Germans arrived from about 1830 as academics or skilled workers, some as political refugees to Zurich, where they founded a support association in 1856. Around 1900, immigrant workers from Germany were mostly female. Italians immigrated from the 1880s mainly from northern rural Italy, were mainly employed in construction and gradually organized in workers' associations."
doc_translated_mmd_zurich_historic_en,date_from_about_1830_1828_1832,MENTIONS_DATE,"Society, economy, and culture in the 19th and 20th centuries",Social structure and social change,"Industrialization and immigration radically changed the population structure. The share of citizens in the city population was still 55.9% around 1800. By 1836, residents had the majority. Immigration from Inner and Eastern Switzerland, southern Germany, Austria, later from Italy and other Mediterranean countries, turned Zurich, which was purely Reformed until 1798, into a mixed-denomination city. The composition of nationalities changed radically as well. Germans arrived from about 1830 as academics or skilled workers, some as political refugees to Zurich, where they founded a support association in 1856. Around 1900, immigrant workers from Germany were mostly female. Italians immigrated from the 1880s mainly from northern rural Italy, were mainly employed in construction and gradually organized in workers' associations."
doc_translated_mmd_zurich_historic_en,date_1856_1856_1856,MENTIONS_DATE,"Society, economy, and culture in the 19th and 20th centuries",Social structure and social change,"Industrialization and immigration radically changed the population structure. The share of citizens in the city population was still 55.9% around 1800. By 1836, residents had the majority. Immigration from Inner and Eastern Switzerland, southern Germany, Austria, later from Italy and other Mediterranean countries, turned Zurich, which was purely Reformed until 1798, into a mixed-denomination city. The composition of nationalities changed radically as well. Germans arrived from about 1830 as academics or skilled workers, some as political refugees to Zurich, where they founded a support association in 1856. Around 1900, immigrant workers from Germany were mostly female. Italians immigrated from the 1880s mainly from northern rural Italy, were mainly employed in construction and gradually organized in workers' associations."
doc_translated_mmd_zurich_historic_en,date_around_1900_1895_1905,MENTIONS_DATE,"Society, economy, and culture in the 19th and 20th centuries",Social structure and social change,"Industrialization and immigration radically changed the population structure. The share of citizens in the city population was still 55.9% around 1800. By 1836, residents had the majority. Immigration from Inner and Eastern Switzerland, southern Germany, Austria, later from Italy and other Mediterranean countries, turned Zurich, which was purely Reformed until 1798, into a mixed-denomination city. The composition of nationalities changed radically as well. Germans arrived from about 1830 as academics or skilled workers, some as political refugees to Zurich, where they founded a support association in 1856. Around 1900, immigrant workers from Germany were mostly female. Italians immigrated from the 1880s mainly from northern rural Italy, were mainly employed in construction and gradually organized in workers' associations."
doc_translated_mmd_zurich_historic_en,date_from_the_1880s_1880_1889,MENTIONS_DATE,"Society, economy, and culture in the 19th and 20th centuries",Social structure and social change,"Industrialization and immigration radically changed the population structure. The share of citizens in the city population was still 55.9% around 1800. By 1836, residents had the majority. Immigration from Inner and Eastern Switzerland, southern Germany, Austria, later from Italy and other Mediterranean countries, turned Zurich, which was purely Reformed until 1798, into a mixed-denomination city. The composition of nationalities changed radically as well. Germans arrived from about 1830 as academics or skilled workers, some as political refugees to Zurich, where they founded a support association in 1856. Around 1900, immigrant workers from Germany were mostly female. Italians immigrated from the 1880s mainly from northern rural Italy, were mainly employed in construction and gradually organized in workers' associations."
doc_translated_mmd_zurich_historic_en,date_1871_1871_1871,MENTIONS_DATE,"Society, economy, and culture in the 19th and 20th centuries",Social structure and social change,"Economic and demographic upheavals also caused social tensions that erupted in 1871 in the Tonhalle riots and 1896 in the Italian riots. Already before, social conflicts manifested despite the cantonal ban on trade unions from 1844-1869 in first strikes by shoemakers, tinsmiths, locksmiths, carpenters, and stonemasons, reaching a first peak in 1870. More than 50 strikes took place in Zurich in 1906-1907. The painters' and locksmiths' strike led in 1912 to the general strike. The worsening living conditions in World War I radicalized workers and fostered revolutionary and pacifist ideas culminating in the November riots of 1917 and the national strike of 1918. From 1914, the number of foreigners decreased continuously until after World War II, although Zurich especially from 1933 was a destination for political and artistic refugees from Germany."
doc_translated_mmd_zurich_historic_en,date_1896_1896_1896,MENTIONS_DATE,"Society, economy, and culture in the 19th and 20th centuries",Social structure and social change,"Economic and demographic upheavals also caused social tensions that erupted in 1871 in the Tonhalle riots and 1896 in the Italian riots. Already before, social conflicts manifested despite the cantonal ban on trade unions from 1844-1869 in first strikes by shoemakers, tinsmiths, locksmiths, carpenters, and stonemasons, reaching a first peak in 1870. More than 50 strikes took place in Zurich in 1906-1907. The painters' and locksmiths' strike led in 1912 to the general strike. The worsening living conditions in World War I radicalized workers and fostered revolutionary and pacifist ideas culminating in the November riots of 1917 and the national strike of 1918. From 1914, the number of foreigners decreased continuously until after World War II, although Zurich especially from 1933 was a destination for political and artistic refugees from Germany."
doc_translated_mmd_zurich_historic_en,date_1844_1869_1844_1869,MENTIONS_DATE,"Society, economy, and culture in the 19th and 20th centuries",Social structure and social change,"Economic and demographic upheavals also caused social tensions that erupted in 1871 in the Tonhalle riots and 1896 in the Italian riots. Already before, social conflicts manifested despite the cantonal ban on trade unions from 1844-1869 in first strikes by shoemakers, tinsmiths, locksmiths, carpenters, and stonemasons, reaching a first peak in 1870. More than 50 strikes took place in Zurich in 1906-1907. The painters' and locksmiths' strike led in 1912 to the general strike. The worsening living conditions in World War I radicalized workers and fostered revolutionary and pacifist ideas culminating in the November riots of 1917 and the national strike of 1918. From 1914, the number of foreigners decreased continuously until after World War II, although Zurich especially from 1933 was a destination for political and artistic refugees from Germany."
doc_translated_mmd_zurich_historic_en,date_1870_1870_1870,MENTIONS_DATE,"Society, economy, and culture in the 19th and 20th centuries",Social structure and social change,"Economic and demographic upheavals also caused social tensions that erupted in 1871 in the Tonhalle riots and 1896 in the Italian riots. Already before, social conflicts manifested despite the cantonal ban on trade unions from 1844-1869 in first strikes by shoemakers, tinsmiths, locksmiths, carpenters, and stonemasons, reaching a first peak in 1870. More than 50 strikes took place in Zurich in 1906-1907. The painters' and locksmiths' strike led in 1912 to the general strike. The worsening living conditions in World War I radicalized workers and fostered revolutionary and pacifist ideas culminating in the November riots of 1917 and the national strike of 1918. From 1914, the number of foreigners decreased continuously until after World War II, although Zurich especially from 1933 was a destination for political and artistic refugees from Germany."
doc_translated_mmd_zurich_historic_en,date_1906_1907_1906_1907,MENTIONS_DATE,"Society, economy, and culture in the 19th and 20th centuries",Social structure and social change,"Economic and demographic upheavals also caused social tensions that erupted in 1871 in the Tonhalle riots and 1896 in the Italian riots. Already before, social conflicts manifested despite the cantonal ban on trade unions from 1844-1869 in first strikes by shoemakers, tinsmiths, locksmiths, carpenters, and stonemasons, reaching a first peak in 1870. More than 50 strikes took place in Zurich in 1906-1907. The painters' and locksmiths' strike led in 1912 to the general strike. The worsening living conditions in World War I radicalized workers and fostered revolutionary and pacifist ideas culminating in the November riots of 1917 and the national strike of 1918. From 1914, the number of foreigners decreased continuously until after World War II, although Zurich especially from 1933 was a destination for political and artistic refugees from Germany."
doc_translated_mmd_zurich_historic_en,date_1912_1912_1912,MENTIONS_DATE,"Society, economy, and culture in the 19th and 20th centuries",Social structure and social change,"Economic and demographic upheavals also caused social tensions that erupted in 1871 in the Tonhalle riots and 1896 in the Italian riots. Already before, social conflicts manifested despite the cantonal ban on trade unions from 1844-1869 in first strikes by shoemakers, tinsmiths, locksmiths, carpenters, and stonemasons, reaching a first peak in 1870. More than 50 strikes took place in Zurich in 1906-1907. The painters' and locksmiths' strike led in 1912 to the general strike. The worsening living conditions in World War I radicalized workers and fostered revolutionary and pacifist ideas culminating in the November riots of 1917 and the national strike of 1918. From 1914, the number of foreigners decreased continuously until after World War II, although Zurich especially from 1933 was a destination for political and artistic refugees from Germany."
doc_translated_mmd_zurich_historic_en,date_world_war_i_1914_1918,MENTIONS_DATE,"Society, economy, and culture in the 19th and 20th centuries",Social structure and social change,"Economic and demographic upheavals also caused social tensions that erupted in 1871 in the Tonhalle riots and 1896 in the Italian riots. Already before, social conflicts manifested despite the cantonal ban on trade unions from 1844-1869 in first strikes by shoemakers, tinsmiths, locksmiths, carpenters, and stonemasons, reaching a first peak in 1870. More than 50 strikes took place in Zurich in 1906-1907. The painters' and locksmiths' strike led in 1912 to the general strike. The worsening living conditions in World War I radicalized workers and fostered revolutionary and pacifist ideas culminating in the November riots of 1917 and the national strike of 1918. From 1914, the number of foreigners decreased continuously until after World War II, although Zurich especially from 1933 was a destination for political and artistic refugees from Germany."
doc_translated_mmd_zurich_historic_en,date_november_1917_1917_1917,MENTIONS_DATE,"Society, economy, and culture in the 19th and 20th centuries",Social structure and social change,"Economic and demographic upheavals also caused social tensions that erupted in 1871 in the Tonhalle riots and 1896 in the Italian riots. Already before, social conflicts manifested despite the cantonal ban on trade unions from 1844-1869 in first strikes by shoemakers, tinsmiths, locksmiths, carpenters, and stonemasons, reaching a first peak in 1870. More than 50 strikes took place in Zurich in 1906-1907. The painters' and locksmiths' strike led in 1912 to the general strike. The worsening living conditions in World War I radicalized workers and fostered revolutionary and pacifist ideas culminating in the November riots of 1917 and the national strike of 1918. From 1914, the number of foreigners decreased continuously until after World War II, although Zurich especially from 1933 was a destination for political and artistic refugees from Germany."
doc_translated_mmd_zurich_historic_en,date_1918_1918_1918,MENTIONS_DATE,"Society, economy, and culture in the 19th and 20th centuries",Social structure and social change,"Economic and demographic upheavals also caused social tensions that erupted in 1871 in the Tonhalle riots and 1896 in the Italian riots. Already before, social conflicts manifested despite the cantonal ban on trade unions from 1844-1869 in first strikes by shoemakers, tinsmiths, locksmiths, carpenters, and stonemasons, reaching a first peak in 1870. More than 50 strikes took place in Zurich in 1906-1907. The painters' and locksmiths' strike led in 1912 to the general strike. The worsening living conditions in World War I radicalized workers and fostered revolutionary and pacifist ideas culminating in the November riots of 1917 and the national strike of 1918. From 1914, the number of foreigners decreased continuously until after World War II, although Zurich especially from 1933 was a destination for political and artistic refugees from Germany."
doc_translated_mmd_zurich_historic_en,date_from_1914_1914_1945,MENTIONS_DATE,"Society, economy, and culture in the 19th and 20th centuries",Social structure and social change,"Economic and demographic upheavals also caused social tensions that erupted in 1871 in the Tonhalle riots and 1896 in the Italian riots. Already before, social conflicts manifested despite the cantonal ban on trade unions from 1844-1869 in first strikes by shoemakers, tinsmiths, locksmiths, carpenters, and stonemasons, reaching a first peak in 1870. More than 50 strikes took place in Zurich in 1906-1907. The painters' and locksmiths' strike led in 1912 to the general strike. The worsening living conditions in World War I radicalized workers and fostered revolutionary and pacifist ideas culminating in the November riots of 1917 and the national strike of 1918. From 1914, the number of foreigners decreased continuously until after World War II, although Zurich especially from 1933 was a destination for political and artistic refugees from Germany."
doc_translated_mmd_zurich_historic_en,date_1933_1933_1933,MENTIONS_DATE,"Society, economy, and culture in the 19th and 20th centuries",Social structure and social change,"Economic and demographic upheavals also caused social tensions that erupted in 1871 in the Tonhalle riots and 1896 in the Italian riots. Already before, social conflicts manifested despite the cantonal ban on trade unions from 1844-1869 in first strikes by shoemakers, tinsmiths, locksmiths, carpenters, and stonemasons, reaching a first peak in 1870. More than 50 strikes took place in Zurich in 1906-1907. The painters' and locksmiths' strike led in 1912 to the general strike. The worsening living conditions in World War I radicalized workers and fostered revolutionary and pacifist ideas culminating in the November riots of 1917 and the national strike of 1918. From 1914, the number of foreigners decreased continuously until after World War II, although Zurich especially from 1933 was a destination for political and artistic refugees from Germany."
doc_translated_mmd_zurich_historic_en,date_after_world_war_ii_1945_1949,MENTIONS_DATE,"Society, economy, and culture in the 19th and 20th centuries",Social structure and social change,"The economic upswing after World War II largely dissolved social milieus, which had lived through dense networks of clubs, meeting places, newspapers and publishers, sports clubs and festivals. They were replaced by lifestyles. In social topography, the Zurichberg-Aussersihl/Industriequartier contrast was increasingly replaced by center-periphery contrast. From 1950, a second Italian labor immigration began; in the 1970s, this was replaced by migration from further Mediterranean countries. A renewed significant influx of immigrants from EU states, especially Germany, started after Switzerland concluded bilateral agreements with the EU in 2002."
doc_translated_mmd_zurich_historic_en,date_from_1950_1950_1950,MENTIONS_DATE,"Society, economy, and culture in the 19th and 20th centuries",Social structure and social change,"The economic upswing after World War II largely dissolved social milieus, which had lived through dense networks of clubs, meeting places, newspapers and publishers, sports clubs and festivals. They were replaced by lifestyles. In social topography, the Zurichberg-Aussersihl/Industriequartier contrast was increasingly replaced by center-periphery contrast. From 1950, a second Italian labor immigration began; in the 1970s, this was replaced by migration from further Mediterranean countries. A renewed significant influx of immigrants from EU states, especially Germany, started after Switzerland concluded bilateral agreements with the EU in 2002."
doc_translated_mmd_zurich_historic_en,date_in_the_1970s_1970_1979,MENTIONS_DATE,"Society, economy, and culture in the 19th and 20th centuries",Social structure and social change,"The economic upswing after World War II largely dissolved social milieus, which had lived through dense networks of clubs, meeting places, newspapers and publishers, sports clubs and festivals. They were replaced by lifestyles. In social topography, the Zurichberg-Aussersihl/Industriequartier contrast was increasingly replaced by center-periphery contrast. From 1950, a second Italian labor immigration began; in the 1970s, this was replaced by migration from further Mediterranean countries. A renewed significant influx of immigrants from EU states, especially Germany, started after Switzerland concluded bilateral agreements with the EU in 2002."
doc_translated_mmd_zurich_historic_en,date_after_switzerland_concluded_bilateral_agreements_with_the_eu_in_2002_2002_2002,MENTIONS_DATE,"Society, economy, and culture in the 19th and 20th centuries",Social structure and social change,"The economic upswing after World War II largely dissolved social milieus, which had lived through dense networks of clubs, meeting places, newspapers and publishers, sports clubs and festivals. They were replaced by lifestyles. In social topography, the Zurichberg-Aussersihl/Industriequartier contrast was increasingly replaced by center-periphery contrast. From 1950, a second Italian labor immigration began; in the 1970s, this was replaced by migration from further Mediterranean countries. A renewed significant influx of immigrants from EU states, especially Germany, started after Switzerland concluded bilateral agreements with the EU in 2002."
doc_translated_mmd_zurich_historic_en,date_until_1798_none_1798,MENTIONS_DATE,"Society, economy, and culture in the 19th and 20th centuries",Churches and religious life,"Until 1798, only Reformed lived in Zurich, divided into four church parishes Grossmünster, Fraumünster, St. Peter and Prediger. In 2013, there were 34. The first of today's 23 Catholic parishes emerged in 1807. The parish church was initially the St. Anna Chapel, from 1833 the Fraumünster, and from 1842-1873 the Augustiner church, which during the culture struggle was given to the newly formed Christian Catholic community. In 1874, St. Peter and Paul in Aussersihl was consecrated."
doc_translated_mmd_zurich_historic_en,date_2013_2013_2013,MENTIONS_DATE,"Society, economy, and culture in the 19th and 20th centuries",Churches and religious life,"Until 1798, only Reformed lived in Zurich, divided into four church parishes Grossmünster, Fraumünster, St. Peter and Prediger. In 2013, there were 34. The first of today's 23 Catholic parishes emerged in 1807. The parish church was initially the St. Anna Chapel, from 1833 the Fraumünster, and from 1842-1873 the Augustiner church, which during the culture struggle was given to the newly formed Christian Catholic community. In 1874, St. Peter and Paul in Aussersihl was consecrated."
doc_translated_mmd_zurich_historic_en,date_1807_1807_1807,MENTIONS_DATE,"Society, economy, and culture in the 19th and 20th centuries",Churches and religious life,"Until 1798, only Reformed lived in Zurich, divided into four church parishes Grossmünster, Fraumünster, St. Peter and Prediger. In 2013, there were 34. The first of today's 23 Catholic parishes emerged in 1807. The parish church was initially the St. Anna Chapel, from 1833 the Fraumünster, and from 1842-1873 the Augustiner church, which during the culture struggle was given to the newly formed Christian Catholic community. In 1874, St. Peter and Paul in Aussersihl was consecrated."
doc_translated_mmd_zurich_historic_en,date_1833_1833_1833,MENTIONS_DATE,"Society, economy, and culture in the 19th and 20th centuries",Churches and religious life,"Until 1798, only Reformed lived in Zurich, divided into four church parishes Grossmünster, Fraumünster, St. Peter and Prediger. In 2013, there were 34. The first of today's 23 Catholic parishes emerged in 1807. The parish church was initially the St. Anna Chapel, from 1833 the Fraumünster, and from 1842-1873 the Augustiner church, which during the culture struggle was given to the newly formed Christian Catholic community. In 1874, St. Peter and Paul in Aussersihl was consecrated."
doc_translated_mmd_zurich_historic_en,date_1842_1873_1842_1873,MENTIONS_DATE,"Society, economy, and culture in the 19th and 20th centuries",Churches and religious life,"Until 1798, only Reformed lived in Zurich, divided into four church parishes Grossmünster, Fraumünster, St. Peter and Prediger. In 2013, there were 34. The first of today's 23 Catholic parishes emerged in 1807. The parish church was initially the St. Anna Chapel, from 1833 the Fraumünster, and from 1842-1873 the Augustiner church, which during the culture struggle was given to the newly formed Christian Catholic community. In 1874, St. Peter and Paul in Aussersihl was consecrated."
doc_translated_mmd_zurich_historic_en,date_1874_1874_1874,MENTIONS_DATE,"Society, economy, and culture in the 19th and 20th centuries",Churches and religious life,"Until 1798, only Reformed lived in Zurich, divided into four church parishes Grossmünster, Fraumünster, St. Peter and Prediger. In 2013, there were 34. The first of today's 23 Catholic parishes emerged in 1807. The parish church was initially the St. Anna Chapel, from 1833 the Fraumünster, and from 1842-1873 the Augustiner church, which during the culture struggle was given to the newly formed Christian Catholic community. In 1874, St. Peter and Paul in Aussersihl was consecrated."
doc_translated_mmd_zurich_historic_en,date_1862_1862_1862,MENTIONS_DATE,"Society, economy, and culture in the 19th and 20th centuries",Churches and religious life,"Before permanent settlement freedom was granted in 1862, Jews, mainly from Endingen, Lengnau (AG), southern Germany and Alsace, were only tolerated. In the same year, some of these immigrants, including members of the Ris family, founded the Israelite Cultus Community. Eastern European immigration began in the 1870s. The Israelite Religious Community formed in 1895, Agudas Achim in 1912 and Or Chadasch in 1978. Altogether, Jewish communities never had substantially more than 6,000 members. Anti-Semitic prejudices against poor East European Jewish immigrants led in 1910 to extended residence requirements and in 1920 to a criterion aimed especially at Orthodox Jews of adequate assimilation in naturalizations. In 1963, the first mosque in Switzerland, the Mahmoud Mosque, was opened in Zurich. The growth of Muslims of various faiths mainly stems from immigration of laborers and political refugees from former Yugoslavia and Turkey."
doc_translated_mmd_zurich_historic_en,date_1870s_1870_1879,MENTIONS_DATE,"Society, economy, and culture in the 19th and 20th centuries",Churches and religious life,"Before permanent settlement freedom was granted in 1862, Jews, mainly from Endingen, Lengnau (AG), southern Germany and Alsace, were only tolerated. In the same year, some of these immigrants, including members of the Ris family, founded the Israelite Cultus Community. Eastern European immigration began in the 1870s. The Israelite Religious Community formed in 1895, Agudas Achim in 1912 and Or Chadasch in 1978. Altogether, Jewish communities never had substantially more than 6,000 members. Anti-Semitic prejudices against poor East European Jewish immigrants led in 1910 to extended residence requirements and in 1920 to a criterion aimed especially at Orthodox Jews of adequate assimilation in naturalizations. In 1963, the first mosque in Switzerland, the Mahmoud Mosque, was opened in Zurich. The growth of Muslims of various faiths mainly stems from immigration of laborers and political refugees from former Yugoslavia and Turkey."
doc_translated_mmd_zurich_historic_en,date_1895_1895_1895,MENTIONS_DATE,"Society, economy, and culture in the 19th and 20th centuries",Churches and religious life,"Before permanent settlement freedom was granted in 1862, Jews, mainly from Endingen, Lengnau (AG), southern Germany and Alsace, were only tolerated. In the same year, some of these immigrants, including members of the Ris family, founded the Israelite Cultus Community. Eastern European immigration began in the 1870s. The Israelite Religious Community formed in 1895, Agudas Achim in 1912 and Or Chadasch in 1978. Altogether, Jewish communities never had substantially more than 6,000 members. Anti-Semitic prejudices against poor East European Jewish immigrants led in 1910 to extended residence requirements and in 1920 to a criterion aimed especially at Orthodox Jews of adequate assimilation in naturalizations. In 1963, the first mosque in Switzerland, the Mahmoud Mosque, was opened in Zurich. The growth of Muslims of various faiths mainly stems from immigration of laborers and political refugees from former Yugoslavia and Turkey."
doc_translated_mmd_zurich_historic_en,date_1912_1912_1912,MENTIONS_DATE,"Society, economy, and culture in the 19th and 20th centuries",Churches and religious life,"Before permanent settlement freedom was granted in 1862, Jews, mainly from Endingen, Lengnau (AG), southern Germany and Alsace, were only tolerated. In the same year, some of these immigrants, including members of the Ris family, founded the Israelite Cultus Community. Eastern European immigration began in the 1870s. The Israelite Religious Community formed in 1895, Agudas Achim in 1912 and Or Chadasch in 1978. Altogether, Jewish communities never had substantially more than 6,000 members. Anti-Semitic prejudices against poor East European Jewish immigrants led in 1910 to extended residence requirements and in 1920 to a criterion aimed especially at Orthodox Jews of adequate assimilation in naturalizations. In 1963, the first mosque in Switzerland, the Mahmoud Mosque, was opened in Zurich. The growth of Muslims of various faiths mainly stems from immigration of laborers and political refugees from former Yugoslavia and Turkey."
doc_translated_mmd_zurich_historic_en,date_1978_1978_1978,MENTIONS_DATE,"Society, economy, and culture in the 19th and 20th centuries",Churches and religious life,"Before permanent settlement freedom was granted in 1862, Jews, mainly from Endingen, Lengnau (AG), southern Germany and Alsace, were only tolerated. In the same year, some of these immigrants, including members of the Ris family, founded the Israelite Cultus Community. Eastern European immigration began in the 1870s. The Israelite Religious Community formed in 1895, Agudas Achim in 1912 and Or Chadasch in 1978. Altogether, Jewish communities never had substantially more than 6,000 members. Anti-Semitic prejudices against poor East European Jewish immigrants led in 1910 to extended residence requirements and in 1920 to a criterion aimed especially at Orthodox Jews of adequate assimilation in naturalizations. In 1963, the first mosque in Switzerland, the Mahmoud Mosque, was opened in Zurich. The growth of Muslims of various faiths mainly stems from immigration of laborers and political refugees from former Yugoslavia and Turkey."
doc_translated_mmd_zurich_historic_en,date_1910_1910_1910,MENTIONS_DATE,"Society, economy, and culture in the 19th and 20th centuries",Churches and religious life,"Before permanent settlement freedom was granted in 1862, Jews, mainly from Endingen, Lengnau (AG), southern Germany and Alsace, were only tolerated. In the same year, some of these immigrants, including members of the Ris family, founded the Israelite Cultus Community. Eastern European immigration began in the 1870s. The Israelite Religious Community formed in 1895, Agudas Achim in 1912 and Or Chadasch in 1978. Altogether, Jewish communities never had substantially more than 6,000 members. Anti-Semitic prejudices against poor East European Jewish immigrants led in 1910 to extended residence requirements and in 1920 to a criterion aimed especially at Orthodox Jews of adequate assimilation in naturalizations. In 1963, the first mosque in Switzerland, the Mahmoud Mosque, was opened in Zurich. The growth of Muslims of various faiths mainly stems from immigration of laborers and political refugees from former Yugoslavia and Turkey."
doc_translated_mmd_zurich_historic_en,date_1920_1920_1920,MENTIONS_DATE,"Society, economy, and culture in the 19th and 20th centuries",Churches and religious life,"Before permanent settlement freedom was granted in 1862, Jews, mainly from Endingen, Lengnau (AG), southern Germany and Alsace, were only tolerated. In the same year, some of these immigrants, including members of the Ris family, founded the Israelite Cultus Community. Eastern European immigration began in the 1870s. The Israelite Religious Community formed in 1895, Agudas Achim in 1912 and Or Chadasch in 1978. Altogether, Jewish communities never had substantially more than 6,000 members. Anti-Semitic prejudices against poor East European Jewish immigrants led in 1910 to extended residence requirements and in 1920 to a criterion aimed especially at Orthodox Jews of adequate assimilation in naturalizations. In 1963, the first mosque in Switzerland, the Mahmoud Mosque, was opened in Zurich. The growth of Muslims of various faiths mainly stems from immigration of laborers and political refugees from former Yugoslavia and Turkey."
doc_translated_mmd_zurich_historic_en,date_1963_1963_1963,MENTIONS_DATE,"Society, economy, and culture in the 19th and 20th centuries",Churches and religious life,"Before permanent settlement freedom was granted in 1862, Jews, mainly from Endingen, Lengnau (AG), southern Germany and Alsace, were only tolerated. In the same year, some of these immigrants, including members of the Ris family, founded the Israelite Cultus Community. Eastern European immigration began in the 1870s. The Israelite Religious Community formed in 1895, Agudas Achim in 1912 and Or Chadasch in 1978. Altogether, Jewish communities never had substantially more than 6,000 members. Anti-Semitic prejudices against poor East European Jewish immigrants led in 1910 to extended residence requirements and in 1920 to a criterion aimed especially at Orthodox Jews of adequate assimilation in naturalizations. In 1963, the first mosque in Switzerland, the Mahmoud Mosque, was opened in Zurich. The growth of Muslims of various faiths mainly stems from immigration of laborers and political refugees from former Yugoslavia and Turkey."
doc_translated_mmd_zurich_historic_en,date_1831_1833_1831_1833,MENTIONS_DATE,"Society, economy, and culture in the 19th and 20th centuries",Education,"From 1831-1833, liberals comprehensively reformed the cantonal school system and integrated the existing city educational institutions into the new system. The university opened in 1833, allowing women to study from 1840, and the Polytechnic (Federal Institutes of Technology) founded in 1855 were strongly influenced by professors from neighboring countries in the 19th century and gave impulses to the city’s cultural life. They produced some Nobel Prize winners and made Zurich a research site. Private associations such as the Antiquarian Society founded in 1832, the Museum Society founded in 1834 and the Scholars Society founded in 1837, were important research and educational institutions until the 20th century. In 1976, the city’s Higher Daughters’ School (founded in 1875) was transferred to the canton; in 1988, the canton took over the vocational school (founded in 1873) and the School of Applied Arts (founded in 1878). The latter was transformed into the School of Design and Art in 1998 and integrated into the University of the Arts in 2007."
doc_translated_mmd_zurich_historic_en,date_1833_1833_1833,MENTIONS_DATE,"Society, economy, and culture in the 19th and 20th centuries",Education,"From 1831-1833, liberals comprehensively reformed the cantonal school system and integrated the existing city educational institutions into the new system. The university opened in 1833, allowing women to study from 1840, and the Polytechnic (Federal Institutes of Technology) founded in 1855 were strongly influenced by professors from neighboring countries in the 19th century and gave impulses to the city’s cultural life. They produced some Nobel Prize winners and made Zurich a research site. Private associations such as the Antiquarian Society founded in 1832, the Museum Society founded in 1834 and the Scholars Society founded in 1837, were important research and educational institutions until the 20th century. In 1976, the city’s Higher Daughters’ School (founded in 1875) was transferred to the canton; in 1988, the canton took over the vocational school (founded in 1873) and the School of Applied Arts (founded in 1878). The latter was transformed into the School of Design and Art in 1998 and integrated into the University of the Arts in 2007."
doc_translated_mmd_zurich_historic_en,date_1840_1840_1840,MENTIONS_DATE,"Society, economy, and culture in the 19th and 20th centuries",Education,"From 1831-1833, liberals comprehensively reformed the cantonal school system and integrated the existing city educational institutions into the new system. The university opened in 1833, allowing women to study from 1840, and the Polytechnic (Federal Institutes of Technology) founded in 1855 were strongly influenced by professors from neighboring countries in the 19th century and gave impulses to the city’s cultural life. They produced some Nobel Prize winners and made Zurich a research site. Private associations such as the Antiquarian Society founded in 1832, the Museum Society founded in 1834 and the Scholars Society founded in 1837, were important research and educational institutions until the 20th century. In 1976, the city’s Higher Daughters’ School (founded in 1875) was transferred to the canton; in 1988, the canton took over the vocational school (founded in 1873) and the School of Applied Arts (founded in 1878). The latter was transformed into the School of Design and Art in 1998 and integrated into the University of the Arts in 2007."
doc_translated_mmd_zurich_historic_en,date_1855_1855_1855,MENTIONS_DATE,"Society, economy, and culture in the 19th and 20th centuries",Education,"From 1831-1833, liberals comprehensively reformed the cantonal school system and integrated the existing city educational institutions into the new system. The university opened in 1833, allowing women to study from 1840, and the Polytechnic (Federal Institutes of Technology) founded in 1855 were strongly influenced by professors from neighboring countries in the 19th century and gave impulses to the city’s cultural life. They produced some Nobel Prize winners and made Zurich a research site. Private associations such as the Antiquarian Society founded in 1832, the Museum Society founded in 1834 and the Scholars Society founded in 1837, were important research and educational institutions until the 20th century. In 1976, the city’s Higher Daughters’ School (founded in 1875) was transferred to the canton; in 1988, the canton took over the vocational school (founded in 1873) and the School of Applied Arts (founded in 1878). The latter was transformed into the School of Design and Art in 1998 and integrated into the University of the Arts in 2007."
doc_translated_mmd_zurich_historic_en,date_1832_1832_1832,MENTIONS_DATE,"Society, economy, and culture in the 19th and 20th centuries",Education,"From 1831-1833, liberals comprehensively reformed the cantonal school system and integrated the existing city educational institutions into the new system. The university opened in 1833, allowing women to study from 1840, and the Polytechnic (Federal Institutes of Technology) founded in 1855 were strongly influenced by professors from neighboring countries in the 19th century and gave impulses to the city’s cultural life. They produced some Nobel Prize winners and made Zurich a research site. Private associations such as the Antiquarian Society founded in 1832, the Museum Society founded in 1834 and the Scholars Society founded in 1837, were important research and educational institutions until the 20th century. In 1976, the city’s Higher Daughters’ School (founded in 1875) was transferred to the canton; in 1988, the canton took over the vocational school (founded in 1873) and the School of Applied Arts (founded in 1878). The latter was transformed into the School of Design and Art in 1998 and integrated into the University of the Arts in 2007."
doc_translated_mmd_zurich_historic_en,date_1834_1834_1834,MENTIONS_DATE,"Society, economy, and culture in the 19th and 20th centuries",Education,"From 1831-1833, liberals comprehensively reformed the cantonal school system and integrated the existing city educational institutions into the new system. The university opened in 1833, allowing women to study from 1840, and the Polytechnic (Federal Institutes of Technology) founded in 1855 were strongly influenced by professors from neighboring countries in the 19th century and gave impulses to the city’s cultural life. They produced some Nobel Prize winners and made Zurich a research site. Private associations such as the Antiquarian Society founded in 1832, the Museum Society founded in 1834 and the Scholars Society founded in 1837, were important research and educational institutions until the 20th century. In 1976, the city’s Higher Daughters’ School (founded in 1875) was transferred to the canton; in 1988, the canton took over the vocational school (founded in 1873) and the School of Applied Arts (founded in 1878). The latter was transformed into the School of Design and Art in 1998 and integrated into the University of the Arts in 2007."
doc_translated_mmd_zurich_historic_en,date_1837_1837_1837,MENTIONS_DATE,"Society, economy, and culture in the 19th and 20th centuries",Education,"From 1831-1833, liberals comprehensively reformed the cantonal school system and integrated the existing city educational institutions into the new system. The university opened in 1833, allowing women to study from 1840, and the Polytechnic (Federal Institutes of Technology) founded in 1855 were strongly influenced by professors from neighboring countries in the 19th century and gave impulses to the city’s cultural life. They produced some Nobel Prize winners and made Zurich a research site. Private associations such as the Antiquarian Society founded in 1832, the Museum Society founded in 1834 and the Scholars Society founded in 1837, were important research and educational institutions until the 20th century. In 1976, the city’s Higher Daughters’ School (founded in 1875) was transferred to the canton; in 1988, the canton took over the vocational school (founded in 1873) and the School of Applied Arts (founded in 1878). The latter was transformed into the School of Design and Art in 1998 and integrated into the University of the Arts in 2007."
doc_translated_mmd_zurich_historic_en,date_1976_1976_1976,MENTIONS_DATE,"Society, economy, and culture in the 19th and 20th centuries",Education,"From 1831-1833, liberals comprehensively reformed the cantonal school system and integrated the existing city educational institutions into the new system. The university opened in 1833, allowing women to study from 1840, and the Polytechnic (Federal Institutes of Technology) founded in 1855 were strongly influenced by professors from neighboring countries in the 19th century and gave impulses to the city’s cultural life. They produced some Nobel Prize winners and made Zurich a research site. Private associations such as the Antiquarian Society founded in 1832, the Museum Society founded in 1834 and the Scholars Society founded in 1837, were important research and educational institutions until the 20th century. In 1976, the city’s Higher Daughters’ School (founded in 1875) was transferred to the canton; in 1988, the canton took over the vocational school (founded in 1873) and the School of Applied Arts (founded in 1878). The latter was transformed into the School of Design and Art in 1998 and integrated into the University of the Arts in 2007."
doc_translated_mmd_zurich_historic_en,date_1875_1875_1875,MENTIONS_DATE,"Society, economy, and culture in the 19th and 20th centuries",Education,"From 1831-1833, liberals comprehensively reformed the cantonal school system and integrated the existing city educational institutions into the new system. The university opened in 1833, allowing women to study from 1840, and the Polytechnic (Federal Institutes of Technology) founded in 1855 were strongly influenced by professors from neighboring countries in the 19th century and gave impulses to the city’s cultural life. They produced some Nobel Prize winners and made Zurich a research site. Private associations such as the Antiquarian Society founded in 1832, the Museum Society founded in 1834 and the Scholars Society founded in 1837, were important research and educational institutions until the 20th century. In 1976, the city’s Higher Daughters’ School (founded in 1875) was transferred to the canton; in 1988, the canton took over the vocational school (founded in 1873) and the School of Applied Arts (founded in 1878). The latter was transformed into the School of Design and Art in 1998 and integrated into the University of the Arts in 2007."
doc_translated_mmd_zurich_historic_en,date_1988_1988_1988,MENTIONS_DATE,"Society, economy, and culture in the 19th and 20th centuries",Education,"From 1831-1833, liberals comprehensively reformed the cantonal school system and integrated the existing city educational institutions into the new system. The university opened in 1833, allowing women to study from 1840, and the Polytechnic (Federal Institutes of Technology) founded in 1855 were strongly influenced by professors from neighboring countries in the 19th century and gave impulses to the city’s cultural life. They produced some Nobel Prize winners and made Zurich a research site. Private associations such as the Antiquarian Society founded in 1832, the Museum Society founded in 1834 and the Scholars Society founded in 1837, were important research and educational institutions until the 20th century. In 1976, the city’s Higher Daughters’ School (founded in 1875) was transferred to the canton; in 1988, the canton took over the vocational school (founded in 1873) and the School of Applied Arts (founded in 1878). The latter was transformed into the School of Design and Art in 1998 and integrated into the University of the Arts in 2007."
doc_translated_mmd_zurich_historic_en,date_1873_1873_1873,MENTIONS_DATE,"Society, economy, and culture in the 19th and 20th centuries",Education,"From 1831-1833, liberals comprehensively reformed the cantonal school system and integrated the existing city educational institutions into the new system. The university opened in 1833, allowing women to study from 1840, and the Polytechnic (Federal Institutes of Technology) founded in 1855 were strongly influenced by professors from neighboring countries in the 19th century and gave impulses to the city’s cultural life. They produced some Nobel Prize winners and made Zurich a research site. Private associations such as the Antiquarian Society founded in 1832, the Museum Society founded in 1834 and the Scholars Society founded in 1837, were important research and educational institutions until the 20th century. In 1976, the city’s Higher Daughters’ School (founded in 1875) was transferred to the canton; in 1988, the canton took over the vocational school (founded in 1873) and the School of Applied Arts (founded in 1878). The latter was transformed into the School of Design and Art in 1998 and integrated into the University of the Arts in 2007."
doc_translated_mmd_zurich_historic_en,date_1878_1878_1878,MENTIONS_DATE,"Society, economy, and culture in the 19th and 20th centuries",Education,"From 1831-1833, liberals comprehensively reformed the cantonal school system and integrated the existing city educational institutions into the new system. The university opened in 1833, allowing women to study from 1840, and the Polytechnic (Federal Institutes of Technology) founded in 1855 were strongly influenced by professors from neighboring countries in the 19th century and gave impulses to the city’s cultural life. They produced some Nobel Prize winners and made Zurich a research site. Private associations such as the Antiquarian Society founded in 1832, the Museum Society founded in 1834 and the Scholars Society founded in 1837, were important research and educational institutions until the 20th century. In 1976, the city’s Higher Daughters’ School (founded in 1875) was transferred to the canton; in 1988, the canton took over the vocational school (founded in 1873) and the School of Applied Arts (founded in 1878). The latter was transformed into the School of Design and Art in 1998 and integrated into the University of the Arts in 2007."
doc_translated_mmd_zurich_historic_en,date_1998_1998_1998,MENTIONS_DATE,"Society, economy, and culture in the 19th and 20th centuries",Education,"From 1831-1833, liberals comprehensively reformed the cantonal school system and integrated the existing city educational institutions into the new system. The university opened in 1833, allowing women to study from 1840, and the Polytechnic (Federal Institutes of Technology) founded in 1855 were strongly influenced by professors from neighboring countries in the 19th century and gave impulses to the city’s cultural life. They produced some Nobel Prize winners and made Zurich a research site. Private associations such as the Antiquarian Society founded in 1832, the Museum Society founded in 1834 and the Scholars Society founded in 1837, were important research and educational institutions until the 20th century. In 1976, the city’s Higher Daughters’ School (founded in 1875) was transferred to the canton; in 1988, the canton took over the vocational school (founded in 1873) and the School of Applied Arts (founded in 1878). The latter was transformed into the School of Design and Art in 1998 and integrated into the University of the Arts in 2007."
doc_translated_mmd_zurich_historic_en,date_2007_2007_2007,MENTIONS_DATE,"Society, economy, and culture in the 19th and 20th centuries",Education,"From 1831-1833, liberals comprehensively reformed the cantonal school system and integrated the existing city educational institutions into the new system. The university opened in 1833, allowing women to study from 1840, and the Polytechnic (Federal Institutes of Technology) founded in 1855 were strongly influenced by professors from neighboring countries in the 19th century and gave impulses to the city’s cultural life. They produced some Nobel Prize winners and made Zurich a research site. Private associations such as the Antiquarian Society founded in 1832, the Museum Society founded in 1834 and the Scholars Society founded in 1837, were important research and educational institutions until the 20th century. In 1976, the city’s Higher Daughters’ School (founded in 1875) was transferred to the canton; in 1988, the canton took over the vocational school (founded in 1873) and the School of Applied Arts (founded in 1878). The latter was transformed into the School of Design and Art in 1998 and integrated into the University of the Arts in 2007."
doc_translated_mmd_zurich_historic_en,date_18th_and_19th_centuries_1701_1900,MENTIONS_DATE,"Society, economy, and culture in the 19th and 20th centuries","Music, theater and visual arts – festivals and performances","While music life flourished in the 18th and 19th centuries—the three music societies merged in 1812 into the General Music Society—church circles prevented theater until the 1830s. In 1834, the speech and music stage of the Aktie Theater was established, directed by Charlotte Birch-Pfeiffer from 1837-1843, lasting until 1890. Richard Wagner also gave concerts at the casino on Hirschengraben (1806-1874). The Tonhalle in the Kornhaus at Bellevue opened provisionally in 1867 for the Swiss Music Festival and definitely with the founding of the Tonhalle Society a year later. The director of the Tonhalle Orchestra, Friedrich Hegar, was also co-initiator of the Zurich Music School (from 1907 Conservatory) founded in 1876. After the Aktie Theater burned down, the city theater at Bellevue was built in 1891, renamed Opera House in 1964. The new Tonhalle built in 1895 replaced the Tonhalle in the Kornhaus demolished in 1897; in 1937, it was integrated into the Congress House. Director Ferdinand Rieser turned the Volkstheater at Pfauen founded in 1892 into the Schauspielhaus, which from 1933 became the most important independent stage in the German-speaking world. The Neue Schauspiel AG, founded in 1938, also plays the Schiffbauhalle in Zurich-West since 2000."
doc_translated_mmd_zurich_historic_en,date_1812_1812_1812,MENTIONS_DATE,"Society, economy, and culture in the 19th and 20th centuries","Music, theater and visual arts – festivals and performances","While music life flourished in the 18th and 19th centuries—the three music societies merged in 1812 into the General Music Society—church circles prevented theater until the 1830s. In 1834, the speech and music stage of the Aktie Theater was established, directed by Charlotte Birch-Pfeiffer from 1837-1843, lasting until 1890. Richard Wagner also gave concerts at the casino on Hirschengraben (1806-1874). The Tonhalle in the Kornhaus at Bellevue opened provisionally in 1867 for the Swiss Music Festival and definitely with the founding of the Tonhalle Society a year later. The director of the Tonhalle Orchestra, Friedrich Hegar, was also co-initiator of the Zurich Music School (from 1907 Conservatory) founded in 1876. After the Aktie Theater burned down, the city theater at Bellevue was built in 1891, renamed Opera House in 1964. The new Tonhalle built in 1895 replaced the Tonhalle in the Kornhaus demolished in 1897; in 1937, it was integrated into the Congress House. Director Ferdinand Rieser turned the Volkstheater at Pfauen founded in 1892 into the Schauspielhaus, which from 1933 became the most important independent stage in the German-speaking world. The Neue Schauspiel AG, founded in 1938, also plays the Schiffbauhalle in Zurich-West since 2000."
doc_translated_mmd_zurich_historic_en,date_1830s_1830_1839,MENTIONS_DATE,"Society, economy, and culture in the 19th and 20th centuries","Music, theater and visual arts – festivals and performances","While music life flourished in the 18th and 19th centuries—the three music societies merged in 1812 into the General Music Society—church circles prevented theater until the 1830s. In 1834, the speech and music stage of the Aktie Theater was established, directed by Charlotte Birch-Pfeiffer from 1837-1843, lasting until 1890. Richard Wagner also gave concerts at the casino on Hirschengraben (1806-1874). The Tonhalle in the Kornhaus at Bellevue opened provisionally in 1867 for the Swiss Music Festival and definitely with the founding of the Tonhalle Society a year later. The director of the Tonhalle Orchestra, Friedrich Hegar, was also co-initiator of the Zurich Music School (from 1907 Conservatory) founded in 1876. After the Aktie Theater burned down, the city theater at Bellevue was built in 1891, renamed Opera House in 1964. The new Tonhalle built in 1895 replaced the Tonhalle in the Kornhaus demolished in 1897; in 1937, it was integrated into the Congress House. Director Ferdinand Rieser turned the Volkstheater at Pfauen founded in 1892 into the Schauspielhaus, which from 1933 became the most important independent stage in the German-speaking world. The Neue Schauspiel AG, founded in 1938, also plays the Schiffbauhalle in Zurich-West since 2000."
doc_translated_mmd_zurich_historic_en,date_1834_1834_1834,MENTIONS_DATE,"Society, economy, and culture in the 19th and 20th centuries","Music, theater and visual arts – festivals and performances","While music life flourished in the 18th and 19th centuries—the three music societies merged in 1812 into the General Music Society—church circles prevented theater until the 1830s. In 1834, the speech and music stage of the Aktie Theater was established, directed by Charlotte Birch-Pfeiffer from 1837-1843, lasting until 1890. Richard Wagner also gave concerts at the casino on Hirschengraben (1806-1874). The Tonhalle in the Kornhaus at Bellevue opened provisionally in 1867 for the Swiss Music Festival and definitely with the founding of the Tonhalle Society a year later. The director of the Tonhalle Orchestra, Friedrich Hegar, was also co-initiator of the Zurich Music School (from 1907 Conservatory) founded in 1876. After the Aktie Theater burned down, the city theater at Bellevue was built in 1891, renamed Opera House in 1964. The new Tonhalle built in 1895 replaced the Tonhalle in the Kornhaus demolished in 1897; in 1937, it was integrated into the Congress House. Director Ferdinand Rieser turned the Volkstheater at Pfauen founded in 1892 into the Schauspielhaus, which from 1933 became the most important independent stage in the German-speaking world. The Neue Schauspiel AG, founded in 1938, also plays the Schiffbauhalle in Zurich-West since 2000."
doc_translated_mmd_zurich_historic_en,date_1837_1843_1837_1843,MENTIONS_DATE,"Society, economy, and culture in the 19th and 20th centuries","Music, theater and visual arts – festivals and performances","While music life flourished in the 18th and 19th centuries—the three music societies merged in 1812 into the General Music Society—church circles prevented theater until the 1830s. In 1834, the speech and music stage of the Aktie Theater was established, directed by Charlotte Birch-Pfeiffer from 1837-1843, lasting until 1890. Richard Wagner also gave concerts at the casino on Hirschengraben (1806-1874). The Tonhalle in the Kornhaus at Bellevue opened provisionally in 1867 for the Swiss Music Festival and definitely with the founding of the Tonhalle Society a year later. The director of the Tonhalle Orchestra, Friedrich Hegar, was also co-initiator of the Zurich Music School (from 1907 Conservatory) founded in 1876. After the Aktie Theater burned down, the city theater at Bellevue was built in 1891, renamed Opera House in 1964. The new Tonhalle built in 1895 replaced the Tonhalle in the Kornhaus demolished in 1897; in 1937, it was integrated into the Congress House. Director Ferdinand Rieser turned the Volkstheater at Pfauen founded in 1892 into the Schauspielhaus, which from 1933 became the most important independent stage in the German-speaking world. The Neue Schauspiel AG, founded in 1938, also plays the Schiffbauhalle in Zurich-West since 2000."
doc_translated_mmd_zurich_historic_en,date_1806_1874_1806_1874,MENTIONS_DATE,"Society, economy, and culture in the 19th and 20th centuries","Music, theater and visual arts – festivals and performances","While music life flourished in the 18th and 19th centuries—the three music societies merged in 1812 into the General Music Society—church circles prevented theater until the 1830s. In 1834, the speech and music stage of the Aktie Theater was established, directed by Charlotte Birch-Pfeiffer from 1837-1843, lasting until 1890. Richard Wagner also gave concerts at the casino on Hirschengraben (1806-1874). The Tonhalle in the Kornhaus at Bellevue opened provisionally in 1867 for the Swiss Music Festival and definitely with the founding of the Tonhalle Society a year later. The director of the Tonhalle Orchestra, Friedrich Hegar, was also co-initiator of the Zurich Music School (from 1907 Conservatory) founded in 1876. After the Aktie Theater burned down, the city theater at Bellevue was built in 1891, renamed Opera House in 1964. The new Tonhalle built in 1895 replaced the Tonhalle in the Kornhaus demolished in 1897; in 1937, it was integrated into the Congress House. Director Ferdinand Rieser turned the Volkstheater at Pfauen founded in 1892 into the Schauspielhaus, which from 1933 became the most important independent stage in the German-speaking world. The Neue Schauspiel AG, founded in 1938, also plays the Schiffbauhalle in Zurich-West since 2000."
doc_translated_mmd_zurich_historic_en,date_1867_1867_1867,MENTIONS_DATE,"Society, economy, and culture in the 19th and 20th centuries","Music, theater and visual arts – festivals and performances","While music life flourished in the 18th and 19th centuries—the three music societies merged in 1812 into the General Music Society—church circles prevented theater until the 1830s. In 1834, the speech and music stage of the Aktie Theater was established, directed by Charlotte Birch-Pfeiffer from 1837-1843, lasting until 1890. Richard Wagner also gave concerts at the casino on Hirschengraben (1806-1874). The Tonhalle in the Kornhaus at Bellevue opened provisionally in 1867 for the Swiss Music Festival and definitely with the founding of the Tonhalle Society a year later. The director of the Tonhalle Orchestra, Friedrich Hegar, was also co-initiator of the Zurich Music School (from 1907 Conservatory) founded in 1876. After the Aktie Theater burned down, the city theater at Bellevue was built in 1891, renamed Opera House in 1964. The new Tonhalle built in 1895 replaced the Tonhalle in the Kornhaus demolished in 1897; in 1937, it was integrated into the Congress House. Director Ferdinand Rieser turned the Volkstheater at Pfauen founded in 1892 into the Schauspielhaus, which from 1933 became the most important independent stage in the German-speaking world. The Neue Schauspiel AG, founded in 1938, also plays the Schiffbauhalle in Zurich-West since 2000."
doc_translated_mmd_zurich_historic_en,date_1868_1868_1868,MENTIONS_DATE,"Society, economy, and culture in the 19th and 20th centuries","Music, theater and visual arts – festivals and performances","While music life flourished in the 18th and 19th centuries—the three music societies merged in 1812 into the General Music Society—church circles prevented theater until the 1830s. In 1834, the speech and music stage of the Aktie Theater was established, directed by Charlotte Birch-Pfeiffer from 1837-1843, lasting until 1890. Richard Wagner also gave concerts at the casino on Hirschengraben (1806-1874). The Tonhalle in the Kornhaus at Bellevue opened provisionally in 1867 for the Swiss Music Festival and definitely with the founding of the Tonhalle Society a year later. The director of the Tonhalle Orchestra, Friedrich Hegar, was also co-initiator of the Zurich Music School (from 1907 Conservatory) founded in 1876. After the Aktie Theater burned down, the city theater at Bellevue was built in 1891, renamed Opera House in 1964. The new Tonhalle built in 1895 replaced the Tonhalle in the Kornhaus demolished in 1897; in 1937, it was integrated into the Congress House. Director Ferdinand Rieser turned the Volkstheater at Pfauen founded in 1892 into the Schauspielhaus, which from 1933 became the most important independent stage in the German-speaking world. The Neue Schauspiel AG, founded in 1938, also plays the Schiffbauhalle in Zurich-West since 2000."
doc_translated_mmd_zurich_historic_en,date_1876_1876_1876,MENTIONS_DATE,"Society, economy, and culture in the 19th and 20th centuries","Music, theater and visual arts – festivals and performances","While music life flourished in the 18th and 19th centuries—the three music societies merged in 1812 into the General Music Society—church circles prevented theater until the 1830s. In 1834, the speech and music stage of the Aktie Theater was established, directed by Charlotte Birch-Pfeiffer from 1837-1843, lasting until 1890. Richard Wagner also gave concerts at the casino on Hirschengraben (1806-1874). The Tonhalle in the Kornhaus at Bellevue opened provisionally in 1867 for the Swiss Music Festival and definitely with the founding of the Tonhalle Society a year later. The director of the Tonhalle Orchestra, Friedrich Hegar, was also co-initiator of the Zurich Music School (from 1907 Conservatory) founded in 1876. After the Aktie Theater burned down, the city theater at Bellevue was built in 1891, renamed Opera House in 1964. The new Tonhalle built in 1895 replaced the Tonhalle in the Kornhaus demolished in 1897; in 1937, it was integrated into the Congress House. Director Ferdinand Rieser turned the Volkstheater at Pfauen founded in 1892 into the Schauspielhaus, which from 1933 became the most important independent stage in the German-speaking world. The Neue Schauspiel AG, founded in 1938, also plays the Schiffbauhalle in Zurich-West since 2000."
doc_translated_mmd_zurich_historic_en,date_1890_1890_1890,MENTIONS_DATE,"Society, economy, and culture in the 19th and 20th centuries","Music, theater and visual arts – festivals and performances","While music life flourished in the 18th and 19th centuries—the three music societies merged in 1812 into the General Music Society—church circles prevented theater until the 1830s. In 1834, the speech and music stage of the Aktie Theater was established, directed by Charlotte Birch-Pfeiffer from 1837-1843, lasting until 1890. Richard Wagner also gave concerts at the casino on Hirschengraben (1806-1874). The Tonhalle in the Kornhaus at Bellevue opened provisionally in 1867 for the Swiss Music Festival and definitely with the founding of the Tonhalle Society a year later. The director of the Tonhalle Orchestra, Friedrich Hegar, was also co-initiator of the Zurich Music School (from 1907 Conservatory) founded in 1876. After the Aktie Theater burned down, the city theater at Bellevue was built in 1891, renamed Opera House in 1964. The new Tonhalle built in 1895 replaced the Tonhalle in the Kornhaus demolished in 1897; in 1937, it was integrated into the Congress House. Director Ferdinand Rieser turned the Volkstheater at Pfauen founded in 1892 into the Schauspielhaus, which from 1933 became the most important independent stage in the German-speaking world. The Neue Schauspiel AG, founded in 1938, also plays the Schiffbauhalle in Zurich-West since 2000."
doc_translated_mmd_zurich_historic_en,date_1891_1891_1891,MENTIONS_DATE,"Society, economy, and culture in the 19th and 20th centuries","Music, theater and visual arts – festivals and performances","While music life flourished in the 18th and 19th centuries—the three music societies merged in 1812 into the General Music Society—church circles prevented theater until the 1830s. In 1834, the speech and music stage of the Aktie Theater was established, directed by Charlotte Birch-Pfeiffer from 1837-1843, lasting until 1890. Richard Wagner also gave concerts at the casino on Hirschengraben (1806-1874). The Tonhalle in the Kornhaus at Bellevue opened provisionally in 1867 for the Swiss Music Festival and definitely with the founding of the Tonhalle Society a year later. The director of the Tonhalle Orchestra, Friedrich Hegar, was also co-initiator of the Zurich Music School (from 1907 Conservatory) founded in 1876. After the Aktie Theater burned down, the city theater at Bellevue was built in 1891, renamed Opera House in 1964. The new Tonhalle built in 1895 replaced the Tonhalle in the Kornhaus demolished in 1897; in 1937, it was integrated into the Congress House. Director Ferdinand Rieser turned the Volkstheater at Pfauen founded in 1892 into the Schauspielhaus, which from 1933 became the most important independent stage in the German-speaking world. The Neue Schauspiel AG, founded in 1938, also plays the Schiffbauhalle in Zurich-West since 2000."
doc_translated_mmd_zurich_historic_en,date_1892_1892_1892,MENTIONS_DATE,"Society, economy, and culture in the 19th and 20th centuries","Music, theater and visual arts – festivals and performances","While music life flourished in the 18th and 19th centuries—the three music societies merged in 1812 into the General Music Society—church circles prevented theater until the 1830s. In 1834, the speech and music stage of the Aktie Theater was established, directed by Charlotte Birch-Pfeiffer from 1837-1843, lasting until 1890. Richard Wagner also gave concerts at the casino on Hirschengraben (1806-1874). The Tonhalle in the Kornhaus at Bellevue opened provisionally in 1867 for the Swiss Music Festival and definitely with the founding of the Tonhalle Society a year later. The director of the Tonhalle Orchestra, Friedrich Hegar, was also co-initiator of the Zurich Music School (from 1907 Conservatory) founded in 1876. After the Aktie Theater burned down, the city theater at Bellevue was built in 1891, renamed Opera House in 1964. The new Tonhalle built in 1895 replaced the Tonhalle in the Kornhaus demolished in 1897; in 1937, it was integrated into the Congress House. Director Ferdinand Rieser turned the Volkstheater at Pfauen founded in 1892 into the Schauspielhaus, which from 1933 became the most important independent stage in the German-speaking world. The Neue Schauspiel AG, founded in 1938, also plays the Schiffbauhalle in Zurich-West since 2000."
doc_translated_mmd_zurich_historic_en,date_1895_1895_1895,MENTIONS_DATE,"Society, economy, and culture in the 19th and 20th centuries","Music, theater and visual arts – festivals and performances","While music life flourished in the 18th and 19th centuries—the three music societies merged in 1812 into the General Music Society—church circles prevented theater until the 1830s. In 1834, the speech and music stage of the Aktie Theater was established, directed by Charlotte Birch-Pfeiffer from 1837-1843, lasting until 1890. Richard Wagner also gave concerts at the casino on Hirschengraben (1806-1874). The Tonhalle in the Kornhaus at Bellevue opened provisionally in 1867 for the Swiss Music Festival and definitely with the founding of the Tonhalle Society a year later. The director of the Tonhalle Orchestra, Friedrich Hegar, was also co-initiator of the Zurich Music School (from 1907 Conservatory) founded in 1876. After the Aktie Theater burned down, the city theater at Bellevue was built in 1891, renamed Opera House in 1964. The new Tonhalle built in 1895 replaced the Tonhalle in the Kornhaus demolished in 1897; in 1937, it was integrated into the Congress House. Director Ferdinand Rieser turned the Volkstheater at Pfauen founded in 1892 into the Schauspielhaus, which from 1933 became the most important independent stage in the German-speaking world. The Neue Schauspiel AG, founded in 1938, also plays the Schiffbauhalle in Zurich-West since 2000."
doc_translated_mmd_zurich_historic_en,date_1897_1897_1897,MENTIONS_DATE,"Society, economy, and culture in the 19th and 20th centuries","Music, theater and visual arts – festivals and performances","While music life flourished in the 18th and 19th centuries—the three music societies merged in 1812 into the General Music Society—church circles prevented theater until the 1830s. In 1834, the speech and music stage of the Aktie Theater was established, directed by Charlotte Birch-Pfeiffer from 1837-1843, lasting until 1890. Richard Wagner also gave concerts at the casino on Hirschengraben (1806-1874). The Tonhalle in the Kornhaus at Bellevue opened provisionally in 1867 for the Swiss Music Festival and definitely with the founding of the Tonhalle Society a year later. The director of the Tonhalle Orchestra, Friedrich Hegar, was also co-initiator of the Zurich Music School (from 1907 Conservatory) founded in 1876. After the Aktie Theater burned down, the city theater at Bellevue was built in 1891, renamed Opera House in 1964. The new Tonhalle built in 1895 replaced the Tonhalle in the Kornhaus demolished in 1897; in 1937, it was integrated into the Congress House. Director Ferdinand Rieser turned the Volkstheater at Pfauen founded in 1892 into the Schauspielhaus, which from 1933 became the most important independent stage in the German-speaking world. The Neue Schauspiel AG, founded in 1938, also plays the Schiffbauhalle in Zurich-West since 2000."
doc_translated_mmd_zurich_historic_en,date_1907_1907_1907,MENTIONS_DATE,"Society, economy, and culture in the 19th and 20th centuries","Music, theater and visual arts – festivals and performances","While music life flourished in the 18th and 19th centuries—the three music societies merged in 1812 into the General Music Society—church circles prevented theater until the 1830s. In 1834, the speech and music stage of the Aktie Theater was established, directed by Charlotte Birch-Pfeiffer from 1837-1843, lasting until 1890. Richard Wagner also gave concerts at the casino on Hirschengraben (1806-1874). The Tonhalle in the Kornhaus at Bellevue opened provisionally in 1867 for the Swiss Music Festival and definitely with the founding of the Tonhalle Society a year later. The director of the Tonhalle Orchestra, Friedrich Hegar, was also co-initiator of the Zurich Music School (from 1907 Conservatory) founded in 1876. After the Aktie Theater burned down, the city theater at Bellevue was built in 1891, renamed Opera House in 1964. The new Tonhalle built in 1895 replaced the Tonhalle in the Kornhaus demolished in 1897; in 1937, it was integrated into the Congress House. Director Ferdinand Rieser turned the Volkstheater at Pfauen founded in 1892 into the Schauspielhaus, which from 1933 became the most important independent stage in the German-speaking world. The Neue Schauspiel AG, founded in 1938, also plays the Schiffbauhalle in Zurich-West since 2000."
doc_translated_mmd_zurich_historic_en,date_1933_1933_1933,MENTIONS_DATE,"Society, economy, and culture in the 19th and 20th centuries","Music, theater and visual arts – festivals and performances","While music life flourished in the 18th and 19th centuries—the three music societies merged in 1812 into the General Music Society—church circles prevented theater until the 1830s. In 1834, the speech and music stage of the Aktie Theater was established, directed by Charlotte Birch-Pfeiffer from 1837-1843, lasting until 1890. Richard Wagner also gave concerts at the casino on Hirschengraben (1806-1874). The Tonhalle in the Kornhaus at Bellevue opened provisionally in 1867 for the Swiss Music Festival and definitely with the founding of the Tonhalle Society a year later. The director of the Tonhalle Orchestra, Friedrich Hegar, was also co-initiator of the Zurich Music School (from 1907 Conservatory) founded in 1876. After the Aktie Theater burned down, the city theater at Bellevue was built in 1891, renamed Opera House in 1964. The new Tonhalle built in 1895 replaced the Tonhalle in the Kornhaus demolished in 1897; in 1937, it was integrated into the Congress House. Director Ferdinand Rieser turned the Volkstheater at Pfauen founded in 1892 into the Schauspielhaus, which from 1933 became the most important independent stage in the German-speaking world. The Neue Schauspiel AG, founded in 1938, also plays the Schiffbauhalle in Zurich-West since 2000."
doc_translated_mmd_zurich_historic_en,date_1937_1937_1937,MENTIONS_DATE,"Society, economy, and culture in the 19th and 20th centuries","Music, theater and visual arts – festivals and performances","While music life flourished in the 18th and 19th centuries—the three music societies merged in 1812 into the General Music Society—church circles prevented theater until the 1830s. In 1834, the speech and music stage of the Aktie Theater was established, directed by Charlotte Birch-Pfeiffer from 1837-1843, lasting until 1890. Richard Wagner also gave concerts at the casino on Hirschengraben (1806-1874). The Tonhalle in the Kornhaus at Bellevue opened provisionally in 1867 for the Swiss Music Festival and definitely with the founding of the Tonhalle Society a year later. The director of the Tonhalle Orchestra, Friedrich Hegar, was also co-initiator of the Zurich Music School (from 1907 Conservatory) founded in 1876. After the Aktie Theater burned down, the city theater at Bellevue was built in 1891, renamed Opera House in 1964. The new Tonhalle built in 1895 replaced the Tonhalle in the Kornhaus demolished in 1897; in 1937, it was integrated into the Congress House. Director Ferdinand Rieser turned the Volkstheater at Pfauen founded in 1892 into the Schauspielhaus, which from 1933 became the most important independent stage in the German-speaking world. The Neue Schauspiel AG, founded in 1938, also plays the Schiffbauhalle in Zurich-West since 2000."
doc_translated_mmd_zurich_historic_en,date_1938_1938_1938,MENTIONS_DATE,"Society, economy, and culture in the 19th and 20th centuries","Music, theater and visual arts – festivals and performances","While music life flourished in the 18th and 19th centuries—the three music societies merged in 1812 into the General Music Society—church circles prevented theater until the 1830s. In 1834, the speech and music stage of the Aktie Theater was established, directed by Charlotte Birch-Pfeiffer from 1837-1843, lasting until 1890. Richard Wagner also gave concerts at the casino on Hirschengraben (1806-1874). The Tonhalle in the Kornhaus at Bellevue opened provisionally in 1867 for the Swiss Music Festival and definitely with the founding of the Tonhalle Society a year later. The director of the Tonhalle Orchestra, Friedrich Hegar, was also co-initiator of the Zurich Music School (from 1907 Conservatory) founded in 1876. After the Aktie Theater burned down, the city theater at Bellevue was built in 1891, renamed Opera House in 1964. The new Tonhalle built in 1895 replaced the Tonhalle in the Kornhaus demolished in 1897; in 1937, it was integrated into the Congress House. Director Ferdinand Rieser turned the Volkstheater at Pfauen founded in 1892 into the Schauspielhaus, which from 1933 became the most important independent stage in the German-speaking world. The Neue Schauspiel AG, founded in 1938, also plays the Schiffbauhalle in Zurich-West since 2000."
doc_translated_mmd_zurich_historic_en,date_1964_1964_1964,MENTIONS_DATE,"Society, economy, and culture in the 19th and 20th centuries","Music, theater and visual arts – festivals and performances","While music life flourished in the 18th and 19th centuries—the three music societies merged in 1812 into the General Music Society—church circles prevented theater until the 1830s. In 1834, the speech and music stage of the Aktie Theater was established, directed by Charlotte Birch-Pfeiffer from 1837-1843, lasting until 1890. Richard Wagner also gave concerts at the casino on Hirschengraben (1806-1874). The Tonhalle in the Kornhaus at Bellevue opened provisionally in 1867 for the Swiss Music Festival and definitely with the founding of the Tonhalle Society a year later. The director of the Tonhalle Orchestra, Friedrich Hegar, was also co-initiator of the Zurich Music School (from 1907 Conservatory) founded in 1876. After the Aktie Theater burned down, the city theater at Bellevue was built in 1891, renamed Opera House in 1964. The new Tonhalle built in 1895 replaced the Tonhalle in the Kornhaus demolished in 1897; in 1937, it was integrated into the Congress House. Director Ferdinand Rieser turned the Volkstheater at Pfauen founded in 1892 into the Schauspielhaus, which from 1933 became the most important independent stage in the German-speaking world. The Neue Schauspiel AG, founded in 1938, also plays the Schiffbauhalle in Zurich-West since 2000."
doc_translated_mmd_zurich_historic_en,date_2000_2000_2000,MENTIONS_DATE,"Society, economy, and culture in the 19th and 20th centuries","Music, theater and visual arts – festivals and performances","While music life flourished in the 18th and 19th centuries—the three music societies merged in 1812 into the General Music Society—church circles prevented theater until the 1830s. In 1834, the speech and music stage of the Aktie Theater was established, directed by Charlotte Birch-Pfeiffer from 1837-1843, lasting until 1890. Richard Wagner also gave concerts at the casino on Hirschengraben (1806-1874). The Tonhalle in the Kornhaus at Bellevue opened provisionally in 1867 for the Swiss Music Festival and definitely with the founding of the Tonhalle Society a year later. The director of the Tonhalle Orchestra, Friedrich Hegar, was also co-initiator of the Zurich Music School (from 1907 Conservatory) founded in 1876. After the Aktie Theater burned down, the city theater at Bellevue was built in 1891, renamed Opera House in 1964. The new Tonhalle built in 1895 replaced the Tonhalle in the Kornhaus demolished in 1897; in 1937, it was integrated into the Congress House. Director Ferdinand Rieser turned the Volkstheater at Pfauen founded in 1892 into the Schauspielhaus, which from 1933 became the most important independent stage in the German-speaking world. The Neue Schauspiel AG, founded in 1938, also plays the Schiffbauhalle in Zurich-West since 2000."
doc_translated_mmd_zurich_historic_en,date_1787_1787_1787,MENTIONS_DATE,"Society, economy, and culture in the 19th and 20th centuries","Music, theater and visual arts – festivals and performances","On the initiative of the Art Society, which itself emerged from the Zurich Artists' Society founded in 1787, the Kunsthaus was founded in 1910. It gained international importance only after World War II thanks to numerous donations. In the second half of the 20th century, important collections came to Zurich, such as Baron Eduard von der Heydt's collection of non-European art in the city Museum Rietberg opened in 1952, the collection of the Migros cooperative federation in the Museum of Contemporary Art opened in 1996 in Löwenbräu area, or the collection of the foundation for constructive and concrete art founded in 1986 in Haus Konstruktiv (EWZ substation Selnau) opened in 2001. They brought Zurich into focus of leading international art galleries."
doc_translated_mmd_zurich_historic_en,date_1910_1910_1910,MENTIONS_DATE,"Society, economy, and culture in the 19th and 20th centuries","Music, theater and visual arts – festivals and performances","On the initiative of the Art Society, which itself emerged from the Zurich Artists' Society founded in 1787, the Kunsthaus was founded in 1910. It gained international importance only after World War II thanks to numerous donations. In the second half of the 20th century, important collections came to Zurich, such as Baron Eduard von der Heydt's collection of non-European art in the city Museum Rietberg opened in 1952, the collection of the Migros cooperative federation in the Museum of Contemporary Art opened in 1996 in Löwenbräu area, or the collection of the foundation for constructive and concrete art founded in 1986 in Haus Konstruktiv (EWZ substation Selnau) opened in 2001. They brought Zurich into focus of leading international art galleries."
doc_translated_mmd_zurich_historic_en,date_world_war_ii_1939_1945,MENTIONS_DATE,"Society, economy, and culture in the 19th and 20th centuries","Music, theater and visual arts – festivals and performances","On the initiative of the Art Society, which itself emerged from the Zurich Artists' Society founded in 1787, the Kunsthaus was founded in 1910. It gained international importance only after World War II thanks to numerous donations. In the second half of the 20th century, important collections came to Zurich, such as Baron Eduard von der Heydt's collection of non-European art in the city Museum Rietberg opened in 1952, the collection of the Migros cooperative federation in the Museum of Contemporary Art opened in 1996 in Löwenbräu area, or the collection of the foundation for constructive and concrete art founded in 1986 in Haus Konstruktiv (EWZ substation Selnau) opened in 2001. They brought Zurich into focus of leading international art galleries."
doc_translated_mmd_zurich_historic_en,date_1952_1952_1952,MENTIONS_DATE,"Society, economy, and culture in the 19th and 20th centuries","Music, theater and visual arts – festivals and performances","On the initiative of the Art Society, which itself emerged from the Zurich Artists' Society founded in 1787, the Kunsthaus was founded in 1910. It gained international importance only after World War II thanks to numerous donations. In the second half of the 20th century, important collections came to Zurich, such as Baron Eduard von der Heydt's collection of non-European art in the city Museum Rietberg opened in 1952, the collection of the Migros cooperative federation in the Museum of Contemporary Art opened in 1996 in Löwenbräu area, or the collection of the foundation for constructive and concrete art founded in 1986 in Haus Konstruktiv (EWZ substation Selnau) opened in 2001. They brought Zurich into focus of leading international art galleries."
doc_translated_mmd_zurich_historic_en,date_1986_1986_1986,MENTIONS_DATE,"Society, economy, and culture in the 19th and 20th centuries","Music, theater and visual arts – festivals and performances","On the initiative of the Art Society, which itself emerged from the Zurich Artists' Society founded in 1787, the Kunsthaus was founded in 1910. It gained international importance only after World War II thanks to numerous donations. In the second half of the 20th century, important collections came to Zurich, such as Baron Eduard von der Heydt's collection of non-European art in the city Museum Rietberg opened in 1952, the collection of the Migros cooperative federation in the Museum of Contemporary Art opened in 1996 in Löwenbräu area, or the collection of the foundation for constructive and concrete art founded in 1986 in Haus Konstruktiv (EWZ substation Selnau) opened in 2001. They brought Zurich into focus of leading international art galleries."
doc_translated_mmd_zurich_historic_en,date_1996_1996_1996,MENTIONS_DATE,"Society, economy, and culture in the 19th and 20th centuries","Music, theater and visual arts – festivals and performances","On the initiative of the Art Society, which itself emerged from the Zurich Artists' Society founded in 1787, the Kunsthaus was founded in 1910. It gained international importance only after World War II thanks to numerous donations. In the second half of the 20th century, important collections came to Zurich, such as Baron Eduard von der Heydt's collection of non-European art in the city Museum Rietberg opened in 1952, the collection of the Migros cooperative federation in the Museum of Contemporary Art opened in 1996 in Löwenbräu area, or the collection of the foundation for constructive and concrete art founded in 1986 in Haus Konstruktiv (EWZ substation Selnau) opened in 2001. They brought Zurich into focus of leading international art galleries."
doc_translated_mmd_zurich_historic_en,date_2001_2001_2001,MENTIONS_DATE,"Society, economy, and culture in the 19th and 20th centuries","Music, theater and visual arts – festivals and performances","On the initiative of the Art Society, which itself emerged from the Zurich Artists' Society founded in 1787, the Kunsthaus was founded in 1910. It gained international importance only after World War II thanks to numerous donations. In the second half of the 20th century, important collections came to Zurich, such as Baron Eduard von der Heydt's collection of non-European art in the city Museum Rietberg opened in 1952, the collection of the Migros cooperative federation in the Museum of Contemporary Art opened in 1996 in Löwenbräu area, or the collection of the foundation for constructive and concrete art founded in 1986 in Haus Konstruktiv (EWZ substation Selnau) opened in 2001. They brought Zurich into focus of leading international art galleries."
doc_translated_mmd_zurich_historic_en,date_1883_1883_1883,MENTIONS_DATE,"Society, economy, and culture in the 19th and 20th centuries","Music, theater and visual arts – festivals and performances","Besides traditional festivals Sechseläuten and Knabenschiessen, several national singing, gymnastic and shooting festivals took place in Zurich, the national exhibitions of 1883 and 1939, and the Saffa in 1958. The Dada movement was founded in Zurich in 1916. Since 1936, June Festival Weeks (from 1997 Zurich Festival), since 1951 the Zurich Fest, since 1980 the Zurich Theater Spectacle, since 1991 the Street Parade, and since 2005 the Zurich Film Festival have been held."
doc_translated_mmd_zurich_historic_en,date_1939_1939_1939,MENTIONS_DATE,"Society, economy, and culture in the 19th and 20th centuries","Music, theater and visual arts – festivals and performances","Besides traditional festivals Sechseläuten and Knabenschiessen, several national singing, gymnastic and shooting festivals took place in Zurich, the national exhibitions of 1883 and 1939, and the Saffa in 1958. The Dada movement was founded in Zurich in 1916. Since 1936, June Festival Weeks (from 1997 Zurich Festival), since 1951 the Zurich Fest, since 1980 the Zurich Theater Spectacle, since 1991 the Street Parade, and since 2005 the Zurich Film Festival have been held."
doc_translated_mmd_zurich_historic_en,date_1958_1958_1958,MENTIONS_DATE,"Society, economy, and culture in the 19th and 20th centuries","Music, theater and visual arts – festivals and performances","Besides traditional festivals Sechseläuten and Knabenschiessen, several national singing, gymnastic and shooting festivals took place in Zurich, the national exhibitions of 1883 and 1939, and the Saffa in 1958. The Dada movement was founded in Zurich in 1916. Since 1936, June Festival Weeks (from 1997 Zurich Festival), since 1951 the Zurich Fest, since 1980 the Zurich Theater Spectacle, since 1991 the Street Parade, and since 2005 the Zurich Film Festival have been held."
doc_translated_mmd_zurich_historic_en,date_1916_1916_1916,MENTIONS_DATE,"Society, economy, and culture in the 19th and 20th centuries","Music, theater and visual arts – festivals and performances","Besides traditional festivals Sechseläuten and Knabenschiessen, several national singing, gymnastic and shooting festivals took place in Zurich, the national exhibitions of 1883 and 1939, and the Saffa in 1958. The Dada movement was founded in Zurich in 1916. Since 1936, June Festival Weeks (from 1997 Zurich Festival), since 1951 the Zurich Fest, since 1980 the Zurich Theater Spectacle, since 1991 the Street Parade, and since 2005 the Zurich Film Festival have been held."
doc_translated_mmd_zurich_historic_en,date_1936_1936_1936,MENTIONS_DATE,"Society, economy, and culture in the 19th and 20th centuries","Music, theater and visual arts – festivals and performances","Besides traditional festivals Sechseläuten and Knabenschiessen, several national singing, gymnastic and shooting festivals took place in Zurich, the national exhibitions of 1883 and 1939, and the Saffa in 1958. The Dada movement was founded in Zurich in 1916. Since 1936, June Festival Weeks (from 1997 Zurich Festival), since 1951 the Zurich Fest, since 1980 the Zurich Theater Spectacle, since 1991 the Street Parade, and since 2005 the Zurich Film Festival have been held."
doc_translated_mmd_zurich_historic_en,date_1997_1997_1997,MENTIONS_DATE,"Society, economy, and culture in the 19th and 20th centuries","Music, theater and visual arts – festivals and performances","Besides traditional festivals Sechseläuten and Knabenschiessen, several national singing, gymnastic and shooting festivals took place in Zurich, the national exhibitions of 1883 and 1939, and the Saffa in 1958. The Dada movement was founded in Zurich in 1916. Since 1936, June Festival Weeks (from 1997 Zurich Festival), since 1951 the Zurich Fest, since 1980 the Zurich Theater Spectacle, since 1991 the Street Parade, and since 2005 the Zurich Film Festival have been held."
doc_translated_mmd_zurich_historic_en,date_1951_1951_1951,MENTIONS_DATE,"Society, economy, and culture in the 19th and 20th centuries","Music, theater and visual arts – festivals and performances","Besides traditional festivals Sechseläuten and Knabenschiessen, several national singing, gymnastic and shooting festivals took place in Zurich, the national exhibitions of 1883 and 1939, and the Saffa in 1958. The Dada movement was founded in Zurich in 1916. Since 1936, June Festival Weeks (from 1997 Zurich Festival), since 1951 the Zurich Fest, since 1980 the Zurich Theater Spectacle, since 1991 the Street Parade, and since 2005 the Zurich Film Festival have been held."
doc_translated_mmd_zurich_historic_en,date_1980_1980_1980,MENTIONS_DATE,"Society, economy, and culture in the 19th and 20th centuries","Music, theater and visual arts – festivals and performances","Besides traditional festivals Sechseläuten and Knabenschiessen, several national singing, gymnastic and shooting festivals took place in Zurich, the national exhibitions of 1883 and 1939, and the Saffa in 1958. The Dada movement was founded in Zurich in 1916. Since 1936, June Festival Weeks (from 1997 Zurich Festival), since 1951 the Zurich Fest, since 1980 the Zurich Theater Spectacle, since 1991 the Street Parade, and since 2005 the Zurich Film Festival have been held."
doc_translated_mmd_zurich_historic_en,date_1991_1991_1991,MENTIONS_DATE,"Society, economy, and culture in the 19th and 20th centuries","Music, theater and visual arts – festivals and performances","Besides traditional festivals Sechseläuten and Knabenschiessen, several national singing, gymnastic and shooting festivals took place in Zurich, the national exhibitions of 1883 and 1939, and the Saffa in 1958. The Dada movement was founded in Zurich in 1916. Since 1936, June Festival Weeks (from 1997 Zurich Festival), since 1951 the Zurich Fest, since 1980 the Zurich Theater Spectacle, since 1991 the Street Parade, and since 2005 the Zurich Film Festival have been held."
doc_translated_mmd_zurich_historic_en,date_2005_2005_2005,MENTIONS_DATE,"Society, economy, and culture in the 19th and 20th centuries","Music, theater and visual arts – festivals and performances","Besides traditional festivals Sechseläuten and Knabenschiessen, several national singing, gymnastic and shooting festivals took place in Zurich, the national exhibitions of 1883 and 1939, and the Saffa in 1958. The Dada movement was founded in Zurich in 1916. Since 1936, June Festival Weeks (from 1997 Zurich Festival), since 1951 the Zurich Fest, since 1980 the Zurich Theater Spectacle, since 1991 the Street Parade, and since 2005 the Zurich Film Festival have been held."
doc_translated_mmd_zurich_historic_en,date_1408_1408_1408,MENTIONS_DATE,,,"Year: Inhabitants. 1408: approx. 5,700. 1467: approx. 4,750. 1529: approx. 5,100. 1637: 8,621. 1671: 9,590. 1682: 11,110. 1762: 11,452. 1792: 10,734. 1812: 9,715. 1836: 14,243"
doc_translated_mmd_zurich_historic_en,date_1467_1467_1467,MENTIONS_DATE,,,"Year: Inhabitants. 1408: approx. 5,700. 1467: approx. 4,750. 1529: approx. 5,100. 1637: 8,621. 1671: 9,590. 1682: 11,110. 1762: 11,452. 1792: 10,734. 1812: 9,715. 1836: 14,243"
doc_translated_mmd_zurich_historic_en,date_1529_1529_1529,MENTIONS_DATE,,,"Year: Inhabitants. 1408: approx. 5,700. 1467: approx. 4,750. 1529: approx. 5,100. 1637: 8,621. 1671: 9,590. 1682: 11,110. 1762: 11,452. 1792: 10,734. 1812: 9,715. 1836: 14,243"
doc_translated_mmd_zurich_historic_en,date_1637_1637_1637,MENTIONS_DATE,,,"Year: Inhabitants. 1408: approx. 5,700. 1467: approx. 4,750. 1529: approx. 5,100. 1637: 8,621. 1671: 9,590. 1682: 11,110. 1762: 11,452. 1792: 10,734. 1812: 9,715. 1836: 14,243"
doc_translated_mmd_zurich_historic_en,date_1671_1671_1671,MENTIONS_DATE,,,"Year: Inhabitants. 1408: approx. 5,700. 1467: approx. 4,750. 1529: approx. 5,100. 1637: 8,621. 1671: 9,590. 1682: 11,110. 1762: 11,452. 1792: 10,734. 1812: 9,715. 1836: 14,243"
doc_translated_mmd_zurich_historic_en,date_1682_1682_1682,MENTIONS_DATE,,,"Year: Inhabitants. 1408: approx. 5,700. 1467: approx. 4,750. 1529: approx. 5,100. 1637: 8,621. 1671: 9,590. 1682: 11,110. 1762: 11,452. 1792: 10,734. 1812: 9,715. 1836: 14,243"
doc_translated_mmd_zurich_historic_en,date_1762_1762_1762,MENTIONS_DATE,,,"Year: Inhabitants. 1408: approx. 5,700. 1467: approx. 4,750. 1529: approx. 5,100. 1637: 8,621. 1671: 9,590. 1682: 11,110. 1762: 11,452. 1792: 10,734. 1812: 9,715. 1836: 14,243"
doc_translated_mmd_zurich_historic_en,date_1792_1792_1792,MENTIONS_DATE,,,"Year: Inhabitants. 1408: approx. 5,700. 1467: approx. 4,750. 1529: approx. 5,100. 1637: 8,621. 1671: 9,590. 1682: 11,110. 1762: 11,452. 1792: 10,734. 1812: 9,715. 1836: 14,243"
doc_translated_mmd_zurich_historic_en,date_1812_1812_1812,MENTIONS_DATE,,,"Year: Inhabitants. 1408: approx. 5,700. 1467: approx. 4,750. 1529: approx. 5,100. 1637: 8,621. 1671: 9,590. 1682: 11,110. 1762: 11,452. 1792: 10,734. 1812: 9,715. 1836: 14,243"
doc_translated_mmd_zurich_historic_en,date_1836_1836_1836,MENTIONS_DATE,,,"Year: Inhabitants. 1408: approx. 5,700. 1467: approx. 4,750. 1529: approx. 5,100. 1637: 8,621. 1671: 9,590. 1682: 11,110. 1762: 11,452. 1792: 10,734. 1812: 9,715. 1836: 14,243"
doc_translated_mmd_zurich_historic_en,date_1850_1850_1850,MENTIONS_DATE,,,"Year: Inhabitants. 1850: 41,585. 1870 b: 65,668. 1888: 103,862. 1900: 168,021. 1910: 215,488. 1930: 290,937. 1950: 390,020. 1970: 422,640. 1990: 365,043. 2000: 363,273"
doc_translated_mmd_zurich_historic_en,date_1870_1870_1870,MENTIONS_DATE,,,"Year: Inhabitants. 1850: 41,585. 1870 b: 65,668. 1888: 103,862. 1900: 168,021. 1910: 215,488. 1930: 290,937. 1950: 390,020. 1970: 422,640. 1990: 365,043. 2000: 363,273"
doc_translated_mmd_zurich_historic_en,date_1888_1888_1888,MENTIONS_DATE,,,"Year: Inhabitants. 1850: 41,585. 1870 b: 65,668. 1888: 103,862. 1900: 168,021. 1910: 215,488. 1930: 290,937. 1950: 390,020. 1970: 422,640. 1990: 365,043. 2000: 363,273"
doc_translated_mmd_zurich_historic_en,date_1900_1900_1900,MENTIONS_DATE,,,"Year: Inhabitants. 1850: 41,585. 1870 b: 65,668. 1888: 103,862. 1900: 168,021. 1910: 215,488. 1930: 290,937. 1950: 390,020. 1970: 422,640. 1990: 365,043. 2000: 363,273"
doc_translated_mmd_zurich_historic_en,date_1910_1910_1910,MENTIONS_DATE,,,"Year: Inhabitants. 1850: 41,585. 1870 b: 65,668. 1888: 103,862. 1900: 168,021. 1910: 215,488. 1930: 290,937. 1950: 390,020. 1970: 422,640. 1990: 365,043. 2000: 363,273"
doc_translated_mmd_zurich_historic_en,date_1930_1930_1930,MENTIONS_DATE,,,"Year: Inhabitants. 1850: 41,585. 1870 b: 65,668. 1888: 103,862. 1900: 168,021. 1910: 215,488. 1930: 290,937. 1950: 390,020. 1970: 422,640. 1990: 365,043. 2000: 363,273"
doc_translated_mmd_zurich_historic_en,date_1950_1950_1950,MENTIONS_DATE,,,"Year: Inhabitants. 1850: 41,585. 1870 b: 65,668. 1888: 103,862. 1900: 168,021. 1910: 215,488. 1930: 290,937. 1950: 390,020. 1970: 422,640. 1990: 365,043. 2000: 363,273"
doc_translated_mmd_zurich_historic_en,date_1970_1970_1970,MENTIONS_DATE,,,"Year: Inhabitants. 1850: 41,585. 1870 b: 65,668. 1888: 103,862. 1900: 168,021. 1910: 215,488. 1930: 290,937. 1950: 390,020. 1970: 422,640. 1990: 365,043. 2000: 363,273"
doc_translated_mmd_zurich_historic_en,date_1990_1990_1990,MENTIONS_DATE,,,"Year: Inhabitants. 1850: 41,585. 1870 b: 65,668. 1888: 103,862. 1900: 168,021. 1910: 215,488. 1930: 290,937. 1950: 390,020. 1970: 422,640. 1990: 365,043. 2000: 363,273"
doc_translated_mmd_zurich_historic_en,date_2000_2000_2000,MENTIONS_DATE,,,"Year: Inhabitants. 1850: 41,585. 1870 b: 65,668. 1888: 103,862. 1900: 168,021. 1910: 215,488. 1930: 290,937. 1950: 390,020. 1970: 422,640. 1990: 365,043. 2000: 363,273"
doc_translated_mmd_zurich_historic_en,date_1850_1850_1850,MENTIONS_DATE,,,Year: Share of cantonal population. 1850: 16.6%. 1870 b: 23.1%. 1888: 30.8%. 1900: 39.0%. 1910: 42.8%. 1930: 47.1%. 1950: 50.2%. 1970: 38.2%. 1990: 31.0%. 2000: 29.1%
doc_translated_mmd_zurich_historic_en,date_1870_1870_1870,MENTIONS_DATE,,,Year: Share of cantonal population. 1850: 16.6%. 1870 b: 23.1%. 1888: 30.8%. 1900: 39.0%. 1910: 42.8%. 1930: 47.1%. 1950: 50.2%. 1970: 38.2%. 1990: 31.0%. 2000: 29.1%
doc_translated_mmd_zurich_historic_en,date_1888_1888_1888,MENTIONS_DATE,,,Year: Share of cantonal population. 1850: 16.6%. 1870 b: 23.1%. 1888: 30.8%. 1900: 39.0%. 1910: 42.8%. 1930: 47.1%. 1950: 50.2%. 1970: 38.2%. 1990: 31.0%. 2000: 29.1%
doc_translated_mmd_zurich_historic_en,date_1900_1900_1900,MENTIONS_DATE,,,Year: Share of cantonal population. 1850: 16.6%. 1870 b: 23.1%. 1888: 30.8%. 1900: 39.0%. 1910: 42.8%. 1930: 47.1%. 1950: 50.2%. 1970: 38.2%. 1990: 31.0%. 2000: 29.1%
doc_translated_mmd_zurich_historic_en,date_1910_1910_1910,MENTIONS_DATE,,,Year: Share of cantonal population. 1850: 16.6%. 1870 b: 23.1%. 1888: 30.8%. 1900: 39.0%. 1910: 42.8%. 1930: 47.1%. 1950: 50.2%. 1970: 38.2%. 1990: 31.0%. 2000: 29.1%
doc_translated_mmd_zurich_historic_en,date_1930_1930_1930,MENTIONS_DATE,,,Year: Share of cantonal population. 1850: 16.6%. 1870 b: 23.1%. 1888: 30.8%. 1900: 39.0%. 1910: 42.8%. 1930: 47.1%. 1950: 50.2%. 1970: 38.2%. 1990: 31.0%. 2000: 29.1%
doc_translated_mmd_zurich_historic_en,date_1950_1950_1950,MENTIONS_DATE,,,Year: Share of cantonal population. 1850: 16.6%. 1870 b: 23.1%. 1888: 30.8%. 1900: 39.0%. 1910: 42.8%. 1930: 47.1%. 1950: 50.2%. 1970: 38.2%. 1990: 31.0%. 2000: 29.1%
doc_translated_mmd_zurich_historic_en,date_1970_1970_1970,MENTIONS_DATE,,,Year: Share of cantonal population. 1850: 16.6%. 1870 b: 23.1%. 1888: 30.8%. 1900: 39.0%. 1910: 42.8%. 1930: 47.1%. 1950: 50.2%. 1970: 38.2%. 1990: 31.0%. 2000: 29.1%
doc_translated_mmd_zurich_historic_en,date_1990_1990_1990,MENTIONS_DATE,,,Year: Share of cantonal population. 1850: 16.6%. 1870 b: 23.1%. 1888: 30.8%. 1900: 39.0%. 1910: 42.8%. 1930: 47.1%. 1950: 50.2%. 1970: 38.2%. 1990: 31.0%. 2000: 29.1%
doc_translated_mmd_zurich_historic_en,date_2000_2000_2000,MENTIONS_DATE,,,Year: Share of cantonal population. 1850: 16.6%. 1870 b: 23.1%. 1888: 30.8%. 1900: 39.0%. 1910: 42.8%. 1930: 47.1%. 1950: 50.2%. 1970: 38.2%. 1990: 31.0%. 2000: 29.1%
doc_translated_mmd_zurich_historic_en,date_1850_1850_1850,MENTIONS_DATE,,,"Year: German. 1850: 100,220. 1870 b: 157,554. 1888: 195,371. 1900: 268,737. 1910: 355,471. 1930: 349,375. 1950: 281,317. 1970: 282,277"
doc_translated_mmd_zurich_historic_en,date_1870_1870_1870,MENTIONS_DATE,,,"Year: German. 1850: 100,220. 1870 b: 157,554. 1888: 195,371. 1900: 268,737. 1910: 355,471. 1930: 349,375. 1950: 281,317. 1970: 282,277"
doc_translated_mmd_zurich_historic_en,date_1888_1888_1888,MENTIONS_DATE,,,"Year: German. 1850: 100,220. 1870 b: 157,554. 1888: 195,371. 1900: 268,737. 1910: 355,471. 1930: 349,375. 1950: 281,317. 1970: 282,277"
doc_translated_mmd_zurich_historic_en,date_1900_1900_1900,MENTIONS_DATE,,,"Year: German. 1850: 100,220. 1870 b: 157,554. 1888: 195,371. 1900: 268,737. 1910: 355,471. 1930: 349,375. 1950: 281,317. 1970: 282,277"
doc_translated_mmd_zurich_historic_en,date_1910_1910_1910,MENTIONS_DATE,,,"Year: German. 1850: 100,220. 1870 b: 157,554. 1888: 195,371. 1900: 268,737. 1910: 355,471. 1930: 349,375. 1950: 281,317. 1970: 282,277"
doc_translated_mmd_zurich_historic_en,date_1930_1930_1930,MENTIONS_DATE,,,"Year: German. 1850: 100,220. 1870 b: 157,554. 1888: 195,371. 1900: 268,737. 1910: 355,471. 1930: 349,375. 1950: 281,317. 1970: 282,277"
doc_translated_mmd_zurich_historic_en,date_1950_1950_1950,MENTIONS_DATE,,,"Year: German. 1850: 100,220. 1870 b: 157,554. 1888: 195,371. 1900: 268,737. 1910: 355,471. 1930: 349,375. 1950: 281,317. 1970: 282,277"
doc_translated_mmd_zurich_historic_en,date_1970_1970_1970,MENTIONS_DATE,,,"Year: German. 1850: 100,220. 1870 b: 157,554. 1888: 195,371. 1900: 268,737. 1910: 355,471. 1930: 349,375. 1950: 281,317. 1970: 282,277"
doc_translated_mmd_zurich_historic_en,date_1850_1850_1850,MENTIONS_DATE,,,"Year: Italian. 1850: 1,164. 1870 b: 5,443. 1888: 11,861. 1900: 10,639. 1910: 15,121. 1930: 37,776. 1950: 24,948. 1970: 17,063"
doc_translated_mmd_zurich_historic_en,date_1870_1870_1870,MENTIONS_DATE,,,"Year: Italian. 1850: 1,164. 1870 b: 5,443. 1888: 11,861. 1900: 10,639. 1910: 15,121. 1930: 37,776. 1950: 24,948. 1970: 17,063"
doc_translated_mmd_zurich_historic_en,date_1888_1888_1888,MENTIONS_DATE,,,"Year: Italian. 1850: 1,164. 1870 b: 5,443. 1888: 11,861. 1900: 10,639. 1910: 15,121. 1930: 37,776. 1950: 24,948. 1970: 17,063"
doc_translated_mmd_zurich_historic_en,date_1900_1900_1900,MENTIONS_DATE,,,"Year: Italian. 1850: 1,164. 1870 b: 5,443. 1888: 11,861. 1900: 10,639. 1910: 15,121. 1930: 37,776. 1950: 24,948. 1970: 17,063"
doc_translated_mmd_zurich_historic_en,date_1910_1910_1910,MENTIONS_DATE,,,"Year: Italian. 1850: 1,164. 1870 b: 5,443. 1888: 11,861. 1900: 10,639. 1910: 15,121. 1930: 37,776. 1950: 24,948. 1970: 17,063"
doc_translated_mmd_zurich_historic_en,date_1930_1930_1930,MENTIONS_DATE,,,"Year: Italian. 1850: 1,164. 1870 b: 5,443. 1888: 11,861. 1900: 10,639. 1910: 15,121. 1930: 37,776. 1950: 24,948. 1970: 17,063"
doc_translated_mmd_zurich_historic_en,date_1950_1950_1950,MENTIONS_DATE,,,"Year: Italian. 1850: 1,164. 1870 b: 5,443. 1888: 11,861. 1900: 10,639. 1910: 15,121. 1930: 37,776. 1950: 24,948. 1970: 17,063"
doc_translated_mmd_zurich_historic_en,date_1970_1970_1970,MENTIONS_DATE,,,"Year: Italian. 1850: 1,164. 1870 b: 5,443. 1888: 11,861. 1900: 10,639. 1910: 15,121. 1930: 37,776. 1950: 24,948. 1970: 17,063"
doc_translated_mmd_zurich_historic_en,date_1850_1850_1850,MENTIONS_DATE,,,"Year: French. 1850: 1,386. 1870 b: 2,745. 1888: 3,752. 1900: 7,163. 1910: 12,063. 1930: 10,091. 1950: 7,953. 1970: 7,746"
doc_translated_mmd_zurich_historic_en,date_1870_1870_1870,MENTIONS_DATE,,,"Year: French. 1850: 1,386. 1870 b: 2,745. 1888: 3,752. 1900: 7,163. 1910: 12,063. 1930: 10,091. 1950: 7,953. 1970: 7,746"
doc_translated_mmd_zurich_historic_en,date_1888_1888_1888,MENTIONS_DATE,,,"Year: French. 1850: 1,386. 1870 b: 2,745. 1888: 3,752. 1900: 7,163. 1910: 12,063. 1930: 10,091. 1950: 7,953. 1970: 7,746"
doc_translated_mmd_zurich_historic_en,date_1900_1900_1900,MENTIONS_DATE,,,"Year: French. 1850: 1,386. 1870 b: 2,745. 1888: 3,752. 1900: 7,163. 1910: 12,063. 1930: 10,091. 1950: 7,953. 1970: 7,746"
doc_translated_mmd_zurich_historic_en,date_1910_1910_1910,MENTIONS_DATE,,,"Year: French. 1850: 1,386. 1870 b: 2,745. 1888: 3,752. 1900: 7,163. 1910: 12,063. 1930: 10,091. 1950: 7,953. 1970: 7,746"
doc_translated_mmd_zurich_historic_en,date_1930_1930_1930,MENTIONS_DATE,,,"Year: French. 1850: 1,386. 1870 b: 2,745. 1888: 3,752. 1900: 7,163. 1910: 12,063. 1930: 10,091. 1950: 7,953. 1970: 7,746"
doc_translated_mmd_zurich_historic_en,date_1950_1950_1950,MENTIONS_DATE,,,"Year: French. 1850: 1,386. 1870 b: 2,745. 1888: 3,752. 1900: 7,163. 1910: 12,063. 1930: 10,091. 1950: 7,953. 1970: 7,746"
doc_translated_mmd_zurich_historic_en,date_1970_1970_1970,MENTIONS_DATE,,,"Year: French. 1850: 1,386. 1870 b: 2,745. 1888: 3,752. 1900: 7,163. 1910: 12,063. 1930: 10,091. 1950: 7,953. 1970: 7,746"
doc_translated_mmd_zurich_historic_en,date_1850_1850_1850,MENTIONS_DATE,,,"Year: Other. 1850: 1,188. 1870 b: 2,279. 1888: 4,504. 1900: 4,398. 1910: 7,365. 1930: 25,398. 1950: 50,825. 1970: 56,187"
doc_translated_mmd_zurich_historic_en,date_1870_1870_1870,MENTIONS_DATE,,,"Year: Other. 1850: 1,188. 1870 b: 2,279. 1888: 4,504. 1900: 4,398. 1910: 7,365. 1930: 25,398. 1950: 50,825. 1970: 56,187"
doc_translated_mmd_zurich_historic_en,date_1888_1888_1888,MENTIONS_DATE,,,"Year: Other. 1850: 1,188. 1870 b: 2,279. 1888: 4,504. 1900: 4,398. 1910: 7,365. 1930: 25,398. 1950: 50,825. 1970: 56,187"
doc_translated_mmd_zurich_historic_en,date_1900_1900_1900,MENTIONS_DATE,,,"Year: Other. 1850: 1,188. 1870 b: 2,279. 1888: 4,504. 1900: 4,398. 1910: 7,365. 1930: 25,398. 1950: 50,825. 1970: 56,187"
doc_translated_mmd_zurich_historic_en,date_1910_1910_1910,MENTIONS_DATE,,,"Year: Other. 1850: 1,188. 1870 b: 2,279. 1888: 4,504. 1900: 4,398. 1910: 7,365. 1930: 25,398. 1950: 50,825. 1970: 56,187"
doc_translated_mmd_zurich_historic_en,date_1930_1930_1930,MENTIONS_DATE,,,"Year: Other. 1850: 1,188. 1870 b: 2,279. 1888: 4,504. 1900: 4,398. 1910: 7,365. 1930: 25,398. 1950: 50,825. 1970: 56,187"
doc_translated_mmd_zurich_historic_en,date_1950_1950_1950,MENTIONS_DATE,,,"Year: Other. 1850: 1,188. 1870 b: 2,279. 1888: 4,504. 1900: 4,398. 1910: 7,365. 1930: 25,398. 1950: 50,825. 1970: 56,187"
doc_translated_mmd_zurich_historic_en,date_1970_1970_1970,MENTIONS_DATE,,,"Year: Other. 1850: 1,188. 1870 b: 2,279. 1888: 4,504. 1900: 4,398. 1910: 7,365. 1930: 25,398. 1950: 50,825. 1970: 56,187"
doc_translated_mmd_zurich_historic_en,date_1850_1850_1850,MENTIONS_DATE,,,"Year: Protestant. 1850: 38,890. 1870 b: 55,827. 1888: 79,603. 1900: 116,502. 1910: 139,649. 1930: 189,773. 1950: 253,224. 1970: 232,080. 1990: 148,820. 2000: 116,630"
doc_translated_mmd_zurich_historic_en,date_1870_1870_1870,MENTIONS_DATE,,,"Year: Protestant. 1850: 38,890. 1870 b: 55,827. 1888: 79,603. 1900: 116,502. 1910: 139,649. 1930: 189,773. 1950: 253,224. 1970: 232,080. 1990: 148,820. 2000: 116,630"
doc_translated_mmd_zurich_historic_en,date_1888_1888_1888,MENTIONS_DATE,,,"Year: Protestant. 1850: 38,890. 1870 b: 55,827. 1888: 79,603. 1900: 116,502. 1910: 139,649. 1930: 189,773. 1950: 253,224. 1970: 232,080. 1990: 148,820. 2000: 116,630"
doc_translated_mmd_zurich_historic_en,date_1900_1900_1900,MENTIONS_DATE,,,"Year: Protestant. 1850: 38,890. 1870 b: 55,827. 1888: 79,603. 1900: 116,502. 1910: 139,649. 1930: 189,773. 1950: 253,224. 1970: 232,080. 1990: 148,820. 2000: 116,630"
doc_translated_mmd_zurich_historic_en,date_1910_1910_1910,MENTIONS_DATE,,,"Year: Protestant. 1850: 38,890. 1870 b: 55,827. 1888: 79,603. 1900: 116,502. 1910: 139,649. 1930: 189,773. 1950: 253,224. 1970: 232,080. 1990: 148,820. 2000: 116,630"
doc_translated_mmd_zurich_historic_en,date_1930_1930_1930,MENTIONS_DATE,,,"Year: Protestant. 1850: 38,890. 1870 b: 55,827. 1888: 79,603. 1900: 116,502. 1910: 139,649. 1930: 189,773. 1950: 253,224. 1970: 232,080. 1990: 148,820. 2000: 116,630"
doc_translated_mmd_zurich_historic_en,date_1950_1950_1950,MENTIONS_DATE,,,"Year: Protestant. 1850: 38,890. 1870 b: 55,827. 1888: 79,603. 1900: 116,502. 1910: 139,649. 1930: 189,773. 1950: 253,224. 1970: 232,080. 1990: 148,820. 2000: 116,630"
doc_translated_mmd_zurich_historic_en,date_1970_1970_1970,MENTIONS_DATE,,,"Year: Protestant. 1850: 38,890. 1870 b: 55,827. 1888: 79,603. 1900: 116,502. 1910: 139,649. 1930: 189,773. 1950: 253,224. 1970: 232,080. 1990: 148,820. 2000: 116,630"
doc_translated_mmd_zurich_historic_en,date_1990_1990_1990,MENTIONS_DATE,,,"Year: Protestant. 1850: 38,890. 1870 b: 55,827. 1888: 79,603. 1900: 116,502. 1910: 139,649. 1930: 189,773. 1950: 253,224. 1970: 232,080. 1990: 148,820. 2000: 116,630"
doc_translated_mmd_zurich_historic_en,date_2000_2000_2000,MENTIONS_DATE,,,"Year: Protestant. 1850: 38,890. 1870 b: 55,827. 1888: 79,603. 1900: 116,502. 1910: 139,649. 1930: 189,773. 1950: 253,224. 1970: 232,080. 1990: 148,820. 2000: 116,630"
doc_translated_mmd_zurich_historic_en,date_c_1850_1845_1855,MENTIONS_DATE,,,"Year: Catholic c. 1850: 2,744. 1870 b: 8,807. 1888: 21,680. 1900: 47,200. 1910: 65,938. 1930: 86,411. 1950: 117,376. 1970: 167,374. 1990: 141,190. 2000: 120,853"
doc_translated_mmd_zurich_historic_en,date_1870_1870_1870,MENTIONS_DATE,,,"Year: Catholic c. 1850: 2,744. 1870 b: 8,807. 1888: 21,680. 1900: 47,200. 1910: 65,938. 1930: 86,411. 1950: 117,376. 1970: 167,374. 1990: 141,190. 2000: 120,853"
doc_translated_mmd_zurich_historic_en,date_1888_1888_1888,MENTIONS_DATE,,,"Year: Catholic c. 1850: 2,744. 1870 b: 8,807. 1888: 21,680. 1900: 47,200. 1910: 65,938. 1930: 86,411. 1950: 117,376. 1970: 167,374. 1990: 141,190. 2000: 120,853"
doc_translated_mmd_zurich_historic_en,date_1900_1900_1900,MENTIONS_DATE,,,"Year: Catholic c. 1850: 2,744. 1870 b: 8,807. 1888: 21,680. 1900: 47,200. 1910: 65,938. 1930: 86,411. 1950: 117,376. 1970: 167,374. 1990: 141,190. 2000: 120,853"
doc_translated_mmd_zurich_historic_en,date_1910_1910_1910,MENTIONS_DATE,,,"Year: Catholic c. 1850: 2,744. 1870 b: 8,807. 1888: 21,680. 1900: 47,200. 1910: 65,938. 1930: 86,411. 1950: 117,376. 1970: 167,374. 1990: 141,190. 2000: 120,853"
doc_translated_mmd_zurich_historic_en,date_1930_1930_1930,MENTIONS_DATE,,,"Year: Catholic c. 1850: 2,744. 1870 b: 8,807. 1888: 21,680. 1900: 47,200. 1910: 65,938. 1930: 86,411. 1950: 117,376. 1970: 167,374. 1990: 141,190. 2000: 120,853"
doc_translated_mmd_zurich_historic_en,date_1950_1950_1950,MENTIONS_DATE,,,"Year: Catholic c. 1850: 2,744. 1870 b: 8,807. 1888: 21,680. 1900: 47,200. 1910: 65,938. 1930: 86,411. 1950: 117,376. 1970: 167,374. 1990: 141,190. 2000: 120,853"
doc_translated_mmd_zurich_historic_en,date_1970_1970_1970,MENTIONS_DATE,,,"Year: Catholic c. 1850: 2,744. 1870 b: 8,807. 1888: 21,680. 1900: 47,200. 1910: 65,938. 1930: 86,411. 1950: 117,376. 1970: 167,374. 1990: 141,190. 2000: 120,853"
doc_translated_mmd_zurich_historic_en,date_1990_1990_1990,MENTIONS_DATE,,,"Year: Catholic c. 1850: 2,744. 1870 b: 8,807. 1888: 21,680. 1900: 47,200. 1910: 65,938. 1930: 86,411. 1950: 117,376. 1970: 167,374. 1990: 141,190. 2000: 120,853"
doc_translated_mmd_zurich_historic_en,date_2000_2000_2000,MENTIONS_DATE,,,"Year: Catholic c. 1850: 2,744. 1870 b: 8,807. 1888: 21,680. 1900: 47,200. 1910: 65,938. 1930: 86,411. 1950: 117,376. 1970: 167,374. 1990: 141,190. 2000: 120,853"
doc_translated_mmd_zurich_historic_en,date_1850_1850_1850,MENTIONS_DATE,,,"Year: Other. 1850: 56. 1870 b: 1,654. 1888: 2,675. 1900: 4,319. 1910: 9,901. 1930: 14,753. 1950: 19,420. 1970: 23,186. 1990: 75,033. 2000: 125,790"
doc_translated_mmd_zurich_historic_en,date_1870_1870_1870,MENTIONS_DATE,,,"Year: Other. 1850: 56. 1870 b: 1,654. 1888: 2,675. 1900: 4,319. 1910: 9,901. 1930: 14,753. 1950: 19,420. 1970: 23,186. 1990: 75,033. 2000: 125,790"
doc_translated_mmd_zurich_historic_en,date_1888_1888_1888,MENTIONS_DATE,,,"Year: Other. 1850: 56. 1870 b: 1,654. 1888: 2,675. 1900: 4,319. 1910: 9,901. 1930: 14,753. 1950: 19,420. 1970: 23,186. 1990: 75,033. 2000: 125,790"
doc_translated_mmd_zurich_historic_en,date_1900_1900_1900,MENTIONS_DATE,,,"Year: Other. 1850: 56. 1870 b: 1,654. 1888: 2,675. 1900: 4,319. 1910: 9,901. 1930: 14,753. 1950: 19,420. 1970: 23,186. 1990: 75,033. 2000: 125,790"
doc_translated_mmd_zurich_historic_en,date_1910_1910_1910,MENTIONS_DATE,,,"Year: Other. 1850: 56. 1870 b: 1,654. 1888: 2,675. 1900: 4,319. 1910: 9,901. 1930: 14,753. 1950: 19,420. 1970: 23,186. 1990: 75,033. 2000: 125,790"
doc_translated_mmd_zurich_historic_en,date_1930_1930_1930,MENTIONS_DATE,,,"Year: Other. 1850: 56. 1870 b: 1,654. 1888: 2,675. 1900: 4,319. 1910: 9,901. 1930: 14,753. 1950: 19,420. 1970: 23,186. 1990: 75,033. 2000: 125,790"
doc_translated_mmd_zurich_historic_en,date_1950_1950_1950,MENTIONS_DATE,,,"Year: Other. 1850: 56. 1870 b: 1,654. 1888: 2,675. 1900: 4,319. 1910: 9,901. 1930: 14,753. 1950: 19,420. 1970: 23,186. 1990: 75,033. 2000: 125,790"
doc_translated_mmd_zurich_historic_en,date_1970_1970_1970,MENTIONS_DATE,,,"Year: Other. 1850: 56. 1870 b: 1,654. 1888: 2,675. 1900: 4,319. 1910: 9,901. 1930: 14,753. 1950: 19,420. 1970: 23,186. 1990: 75,033. 2000: 125,790"
doc_translated_mmd_zurich_historic_en,date_1990_1990_1990,MENTIONS_DATE,,,"Year: Other. 1850: 56. 1870 b: 1,654. 1888: 2,675. 1900: 4,319. 1910: 9,901. 1930: 14,753. 1950: 19,420. 1970: 23,186. 1990: 75,033. 2000: 125,790"
doc_translated_mmd_zurich_historic_en,date_2000_2000_2000,MENTIONS_DATE,,,"Year: Other. 1850: 56. 1870 b: 1,654. 1888: 2,675. 1900: 4,319. 1910: 9,901. 1930: 14,753. 1950: 19,420. 1970: 23,186. 1990: 75,033. 2000: 125,790"
doc_translated_mmd_zurich_historic_en,date_1850_1850_1850,MENTIONS_DATE,,,"Year: Swiss. 1850: 38,459. 1870 b: 56,509. 1888: 82,130. 1900: 121,612. 1910: 145,159. 1930: 247,128. 1950: 357,843. 1970: 348,643. 1990: 276,496. 2000: 256,887"
doc_translated_mmd_zurich_historic_en,date_1870_1870_1870,MENTIONS_DATE,,,"Year: Swiss. 1850: 38,459. 1870 b: 56,509. 1888: 82,130. 1900: 121,612. 1910: 145,159. 1930: 247,128. 1950: 357,843. 1970: 348,643. 1990: 276,496. 2000: 256,887"
doc_translated_mmd_zurich_historic_en,date_1888_1888_1888,MENTIONS_DATE,,,"Year: Swiss. 1850: 38,459. 1870 b: 56,509. 1888: 82,130. 1900: 121,612. 1910: 145,159. 1930: 247,128. 1950: 357,843. 1970: 348,643. 1990: 276,496. 2000: 256,887"
doc_translated_mmd_zurich_historic_en,date_1900_1900_1900,MENTIONS_DATE,,,"Year: Swiss. 1850: 38,459. 1870 b: 56,509. 1888: 82,130. 1900: 121,612. 1910: 145,159. 1930: 247,128. 1950: 357,843. 1970: 348,643. 1990: 276,496. 2000: 256,887"
doc_translated_mmd_zurich_historic_en,date_1910_1910_1910,MENTIONS_DATE,,,"Year: Swiss. 1850: 38,459. 1870 b: 56,509. 1888: 82,130. 1900: 121,612. 1910: 145,159. 1930: 247,128. 1950: 357,843. 1970: 348,643. 1990: 276,496. 2000: 256,887"
doc_translated_mmd_zurich_historic_en,date_1930_1930_1930,MENTIONS_DATE,,,"Year: Swiss. 1850: 38,459. 1870 b: 56,509. 1888: 82,130. 1900: 121,612. 1910: 145,159. 1930: 247,128. 1950: 357,843. 1970: 348,643. 1990: 276,496. 2000: 256,887"
doc_translated_mmd_zurich_historic_en,date_1950_1950_1950,MENTIONS_DATE,,,"Year: Swiss. 1850: 38,459. 1870 b: 56,509. 1888: 82,130. 1900: 121,612. 1910: 145,159. 1930: 247,128. 1950: 357,843. 1970: 348,643. 1990: 276,496. 2000: 256,887"
doc_translated_mmd_zurich_historic_en,date_1970_1970_1970,MENTIONS_DATE,,,"Year: Swiss. 1850: 38,459. 1870 b: 56,509. 1888: 82,130. 1900: 121,612. 1910: 145,159. 1930: 247,128. 1950: 357,843. 1970: 348,643. 1990: 276,496. 2000: 256,887"
doc_translated_mmd_zurich_historic_en,date_1990_1990_1990,MENTIONS_DATE,,,"Year: Swiss. 1850: 38,459. 1870 b: 56,509. 1888: 82,130. 1900: 121,612. 1910: 145,159. 1930: 247,128. 1950: 357,843. 1970: 348,643. 1990: 276,496. 2000: 256,887"
doc_translated_mmd_zurich_historic_en,date_2000_2000_2000,MENTIONS_DATE,,,"Year: Swiss. 1850: 38,459. 1870 b: 56,509. 1888: 82,130. 1900: 121,612. 1910: 145,159. 1930: 247,128. 1950: 357,843. 1970: 348,643. 1990: 276,496. 2000: 256,887"
doc_translated_mmd_zurich_historic_en,date_1850_1850_1850,MENTIONS_DATE,,,"Year: Foreigners. 1850: 3,231. 1870 b: 9,779. 1888: 21,828. 1900: 46,409. 1910: 70,329. 1930: 43,809. 1950: 32,177. 1970: 73,997. 1990: 88,547. 2000: 106,386"
doc_translated_mmd_zurich_historic_en,date_1870_1870_1870,MENTIONS_DATE,,,"Year: Foreigners. 1850: 3,231. 1870 b: 9,779. 1888: 21,828. 1900: 46,409. 1910: 70,329. 1930: 43,809. 1950: 32,177. 1970: 73,997. 1990: 88,547. 2000: 106,386"
doc_translated_mmd_zurich_historic_en,date_1888_1888_1888,MENTIONS_DATE,,,"Year: Foreigners. 1850: 3,231. 1870 b: 9,779. 1888: 21,828. 1900: 46,409. 1910: 70,329. 1930: 43,809. 1950: 32,177. 1970: 73,997. 1990: 88,547. 2000: 106,386"
doc_translated_mmd_zurich_historic_en,date_1900_1900_1900,MENTIONS_DATE,,,"Year: Foreigners. 1850: 3,231. 1870 b: 9,779. 1888: 21,828. 1900: 46,409. 1910: 70,329. 1930: 43,809. 1950: 32,177. 1970: 73,997. 1990: 88,547. 2000: 106,386"
doc_translated_mmd_zurich_historic_en,date_1910_1910_1910,MENTIONS_DATE,,,"Year: Foreigners. 1850: 3,231. 1870 b: 9,779. 1888: 21,828. 1900: 46,409. 1910: 70,329. 1930: 43,809. 1950: 32,177. 1970: 73,997. 1990: 88,547. 2000: 106,386"
doc_translated_mmd_zurich_historic_en,date_1930_1930_1930,MENTIONS_DATE,,,"Year: Foreigners. 1850: 3,231. 1870 b: 9,779. 1888: 21,828. 1900: 46,409. 1910: 70,329. 1930: 43,809. 1950: 32,177. 1970: 73,997. 1990: 88,547. 2000: 106,386"
doc_translated_mmd_zurich_historic_en,date_1950_1950_1950,MENTIONS_DATE,,,"Year: Foreigners. 1850: 3,231. 1870 b: 9,779. 1888: 21,828. 1900: 46,409. 1910: 70,329. 1930: 43,809. 1950: 32,177. 1970: 73,997. 1990: 88,547. 2000: 106,386"
doc_translated_mmd_zurich_historic_en,date_1970_1970_1970,MENTIONS_DATE,,,"Year: Foreigners. 1850: 3,231. 1870 b: 9,779. 1888: 21,828. 1900: 46,409. 1910: 70,329. 1930: 43,809. 1950: 32,177. 1970: 73,997. 1990: 88,547. 2000: 106,386"
doc_translated_mmd_zurich_historic_en,date_1990_1990_1990,MENTIONS_DATE,,,"Year: Foreigners. 1850: 3,231. 1870 b: 9,779. 1888: 21,828. 1900: 46,409. 1910: 70,329. 1930: 43,809. 1950: 32,177. 1970: 73,997. 1990: 88,547. 2000: 106,386"
doc_translated_mmd_zurich_historic_en,date_2000_2000_2000,MENTIONS_DATE,,,"Year: Foreigners. 1850: 3,231. 1870 b: 9,779. 1888: 21,828. 1900: 46,409. 1910: 70,329. 1930: 43,809. 1950: 32,177. 1970: 73,997. 1990: 88,547. 2000: 106,386"
