START_ID,END_ID,TYPE
date_1908_1908_1908,fact_date_date_1908_1908_1908_the_magnetic_declination_in_1908_was_11½_w,HAS_FACT
date_1893_1893_1893,fact_date_date_1893_1893_1893_the_outer_municipalities_were_united_with_the_old_town_of_zurich_since_1893,HAS_FACT
date_1882_83_1882_1883,fact_date_date_1882_83_1882_1883_the_quaibrücke_was_built_in_1882_83_from_coarse_black_forest_granite,HAS_FACT
date_1885_1885_1885,fact_date_date_1885_1885_1885_the_zwingli_monument_was_built_in_1885,HAS_FACT
date_1519_1531_1519_1531,fact_date_date_1519_1531_1519_1531_zwingli_s_activity_at_the_grossmünster_took_place_from_1519_to_1531,HAS_FACT
date_1078_1078_1078,fact_date_date_1078_1078_1078_the_grossmünster_was_built_in_romanesque_style_in_1078_on_the_site_of_an_older_burnt_church,HAS_FACT
date_1400_1400_1400,fact_date_date_1400_1400_1400_the_large_town_hall_was_wooden_at_least_toward_the_small_left_bank_city_in_1400,HAS_FACT
date_1502_1502_1502,fact_date_date_1502_1502_1502_the_large_town_hall_was_wooden_until_1502,HAS_FACT
date_1504_1504_1504,fact_date_date_1504_1504_1504_in_1504_the_town_hall_received_glass_windows_previously_only_covered_with_cloth,HAS_FACT
date_1694_1694_1694,fact_date_date_1694_1694_1694_the_previous_town_hall_building_was_demolished_in_1694,HAS_FACT
date_1846_1846_1846,fact_date_date_1846_1846_1846_meyer_von_knonau_wrote_about_the_tribune_for_the_listeners_in_1846,HAS_FACT
date_853_853_853,fact_date_date_853_853_853_the_fraumünster_church_was_founded_by_ludwig_the_german_in_853,HAS_FACT
date_mid_16th_century_1550_1560,fact_date_date_mid_16th_century_1550_1560_until_about_the_mid_16th_century_the_clock_faces_of_st_peter_s_church_were_the_only_public_clock_in_zurich,HAS_FACT
date_1838_1838_1838,fact_date_date_1838_1838_1838_the_münsterbrücke_was_inaugurated_in_1838,HAS_FACT
date_1892_98_1892_1898,fact_date_date_1892_98_1892_1898_the_swiss_national_museum_was_built_from_1892_to_1898,HAS_FACT
date_1489_1489_1489,fact_date_date_1489_1489_1489_three_gothic_rooms_from_fraumünster_abbey_zurich_date_from_1489,HAS_FACT
date_1507_1507_1507,fact_date_date_1507_1507_1507_three_gothic_rooms_from_fraumünster_abbey_zurich_date_from_1507,HAS_FACT
date_1891_1891_1891,fact_date_date_1891_1891_1891_the_national_museum_was_founded_in_1891_by_the_confederation,HAS_FACT
date_june_25_1898_1898_1898,fact_date_date_june_25_1898_1898_1898_the_national_museum_was_solemnly_inaugurated_on_june_25_1898,HAS_FACT
date_1889_1889_1889,fact_date_date_1889_1889_1889_the_statue_of_alfred_escher_by_richard_kisling_was_erected_in_place_of_a_tall_fountain_in_1889,HAS_FACT
date_1877_80_1877_1880,fact_date_date_1877_80_1877_1880_the_stock_exchange_was_built_by_the_zurich_trade_society_from_1877_to_1880,HAS_FACT
date_1881_1881_1881,fact_date_date_1881_1881_1881_the_decision_to_create_the_parklands_along_the_alpenquai_was_made_in_1881,HAS_FACT
date_1887_1887_1887,fact_date_date_1887_1887_1887_the_parklands_along_the_alpenquai_were_inaugurated_in_1887,HAS_FACT
date_1895_1895_1895,fact_date_date_1895_1895_1895_the_zurich_trocadero_was_built_in_1895_by_viennese_architects_fellner_and_helmer,HAS_FACT
date_1901_1901_1901,fact_date_date_1901_1901_1901_st_jakob_s_church_was_built_in_1901,HAS_FACT
date_1855_1855_1855,fact_date_date_1855_1855_1855_the_swiss_federal_polytechnic_school_was_founded_in_1855,HAS_FACT
date_1861_64_1861_1864,fact_date_date_1861_64_1861_1864_the_main_building_was_built_according_to_plans_by_gottfried_semper_from_1861_to_1864,HAS_FACT
date_1864_1864_1864,fact_date_date_1864_1864_1864_the_main_building_has_been_fully_operational_since_1864,HAS_FACT
date_1899_1900_1899_1900,fact_date_date_1899_1900_1899_1900_the_federal_machine_laboratory_was_built_in_1899_1900,HAS_FACT
date_1899_1900_1899_1900,fact_date_date_1899_1900_1899_1900_the_laboratory_of_the_cantonal_chemist_and_dental_polyclinic_was_built_in_1899_1900,HAS_FACT
date_1886_1886_1886,fact_date_date_1886_1886_1886_the_federal_chemical_laboratories_were_occupied_in_1886,HAS_FACT
date_1874_1874_1874,fact_date_date_1874_1874_1874_the_agricultural_and_forestry_school_was_established_in_1874,HAS_FACT
date_1890_1890_1890,fact_date_date_1890_1890_1890_the_federal_physics_building_was_built_in_1890,HAS_FACT
date_spring_1909_1909_1909,fact_date_date_spring_1909_1909_1909_the_cantonal_chemical_laboratories_of_the_university_were_recently_opened_in_spring_1909,HAS_FACT
date_1839_42_1839_1842,fact_date_date_1839_42_1839_1842_the_old_cantonal_school_on_rämistrasse_was_built_in_1839_42_by_architect_wegmann,HAS_FACT
date_1832_1832_1832,fact_date_date_1832_1832_1832_the_pathological_institute_was_established_in_1832,HAS_FACT
date_1900_1902_1900_1902,fact_date_date_1900_1902_1900_1902_the_music_conservatory_in_florhofgasse_was_built_between_1900_and_1902,HAS_FACT
date_1893_1893_1893,fact_date_date_1893_1893_1893_the_city_unification_of_zurich_occurred_in_1893,HAS_FACT
date_1893_1893_1893,fact_date_date_1893_1893_1893_the_tall_school_palace_at_hirschengraben_was_built_in_1893,HAS_FACT
date_1821_1821_1821,fact_date_date_1821_1821_1821_the_plain_schoolhouse_at_badenerstrasse_was_occupied_in_1821,HAS_FACT
date_1889_1902_1889_1902,fact_date_date_1889_1902_1889_1902_construction_costs_for_school_buildings_were_calculated_for_the_period_1889_1902,HAS_FACT
date_autumn_1891_1891_1891,fact_date_date_autumn_1891_1891_1891_the_city_theater_was_inaugurated_in_autumn_1891,HAS_FACT
date_night_of_january_1_2_1890_1890_1890,fact_date_date_night_of_january_1_2_1890_1890_1890_the_old_theater_at_untern_zäune_burned_down_on_the_night_of_january_1_2_1890,HAS_FACT
date_1900_1900_1900,fact_date_date_1900_1900_1900_the_corso_theater_opened_in_1900,HAS_FACT
date_1836_1836_1836,fact_date_date_1836_1836_1836_the_botanical_garden_was_laid_out_in_1836,HAS_FACT
date_12th_and_13th_centuries_1101_1300,fact_date_date_12th_and_13th_centuries_1101_1300_in_the_12th_and_13th_centuries_houses_were_mostly_wooden_huts_about_two_storeys_high_with_one_room_shared_by_multiple_households,HAS_FACT
date_12th_and_13th_centuries_1101_1300,fact_date_date_12th_and_13th_centuries_1101_1300_stone_houses_were_rare_in_the_12th_and_13th_centuries_and_explicitly_named_in_documents,HAS_FACT
date_1313_1313_1313,fact_date_date_1313_1313_1313_after_the_terrible_fire_of_1313_that_consumed_more_than_half_of_the_small_city_an_ordinance_was_issued_that_every_rebuilt_house_should_have_at_least_one_floor_masonry,HAS_FACT
date_1901_1901_1901,fact_date_date_1901_1901_1901_heim_alb_created_a_panorama_from_the_alcohol_free_spa_on_the_zurichberg_in_1901,HAS_FACT
date_1907_1907_1907,fact_date_date_1907_1907_1907_annual_report_of_the_city_council_for_1907_was_published_in_zurich_in_1908,HAS_FACT
date_1908_1908_1908,fact_date_date_1908_1908_1908_annual_report_of_the_city_council_for_1907_was_published_in_zurich_in_1908,HAS_FACT
date_1908_1908_1908,fact_date_date_1908_1908_1908_schinz_h_wrote_a_guide_to_the_botanical_garden_of_the_university_of_zurich_in_1908,HAS_FACT
date_1905_1905_1905,fact_date_date_1905_1905_1905_commemorative_publication_for_the_50th_anniversary_of_the_polytechnic_was_published_in_zurich_in_1905,HAS_FACT
date_1902_03_1902_1903,fact_date_date_1902_03_1902_1903_bär_e_wrote_about_the_women_s_monastery_st_verena_in_zurich_in_1902_03,HAS_FACT
date_1897_1897_1897,fact_date_date_1897_1897_1897_wehrli_leo_wrote_what_the_stones_in_zurich_tell_us_in_1897,HAS_FACT
date_1898_1898_1898,fact_date_date_1898_1898_1898_künzli_e_wrote_the_stones_of_the_quays_guide_through_the_quays_in_zurich_in_1898,HAS_FACT
date_1900_1900_1900,fact_date_date_1900_1900_1900_the_federal_census_of_1900_recorded_the_population_and_demographic_details_of_zurich,HAS_FACT
date_1893_1893_1893,fact_date_date_1893_1893_1893_after_the_city_unification_in_1893_the_population_increased_rapidly,HAS_FACT
date_1899_1900_1899_1900,fact_date_date_1899_1900_1899_1900_the_economic_downturn_of_1899_1900_brought_a_period_of_decrease,HAS_FACT
date_1902_1902_1902,fact_date_date_1902_1902_1902_since_1902_the_number_has_been_rising_again_albeit_more_slowly,HAS_FACT
date_end_of_1906_1906_1906,fact_date_date_end_of_1906_1906_1906_the_estimated_population_at_the_end_of_1906_was_172_855,HAS_FACT
date_end_of_1907_1907_1907,fact_date_date_end_of_1907_1907_1907_the_estimated_population_at_the_end_of_1907_was_177_437,HAS_FACT
date_end_of_1908_1908_1908,fact_date_date_end_of_1908_1908_1908_the_estimated_population_at_the_end_of_1908_was_180_224,HAS_FACT
date_1907_1907_1907,fact_date_date_1907_1907_1907_the_residential_population_increased_by_4_582_persons_in_1907,HAS_FACT
date_1907_1907_1907,fact_date_date_1907_1907_1907_the_residential_population_increased_by_2_65_in_1907,HAS_FACT
date_around_1912_or_1913_1912_1913,fact_date_date_around_1912_or_1913_1912_1913_the_population_should_reach_about_200_000_around_1912_or_1913_if_the_increase_continues_evenly,HAS_FACT
date_1907_1907_1907,fact_date_date_1907_1907_1907_number_of_births_was_4_921_in_1907,HAS_FACT
date_1907_1907_1907,fact_date_date_1907_1907_1907_number_of_deaths_was_2_710_in_1907,HAS_FACT
date_1907_1907_1907,fact_date_date_1907_1907_1907_number_of_marriages_was_1_674_in_1907,HAS_FACT
date_1907_1907_1907,fact_date_date_1907_1907_1907_number_of_divorces_was_212_in_1907,HAS_FACT
date_1907_1907_1907,fact_date_date_1907_1907_1907_number_of_naturalizations_was_1_397_in_1907,HAS_FACT
date_1898_1898_1898,fact_date_date_1898_1898_1898_the_marriage_rate_in_zurich_in_1898_was_1_816,HAS_FACT
date_1903_1903_1903,fact_date_date_1903_1903_1903_the_marriage_rate_in_zurich_in_1903_was_1_417,HAS_FACT
date_1899_1899_1899,fact_date_date_1899_1899_1899_the_surplus_of_births_in_zurich_in_1899_was_2_702,HAS_FACT
date_1901_1901_1901,fact_date_date_1901_1901_1901_the_surplus_of_births_in_zurich_began_falling_continuously_since_1901,HAS_FACT
date_1901_1901_1901,fact_date_date_1901_1901_1901_the_live_birth_rate_in_zurich_in_1901_was_32_84_of_the_mid_year_population,HAS_FACT
date_1905_1905_1905,fact_date_date_1905_1905_1905_the_surplus_of_births_in_zurich_in_1905_was_1_919_despite_the_rising_population,HAS_FACT
date_1906_1906_1906,fact_date_date_1906_1906_1906_the_live_birth_rate_in_zurich_in_1906_was_25_23_of_the_mid_year_population,HAS_FACT
date_1907_1907_1907,fact_date_date_1907_1907_1907_the_live_birth_rate_in_zurich_in_1907_was_23_25_of_the_mid_year_population,HAS_FACT
date_1907_1907_1907,fact_date_date_1907_1907_1907_in_1907_zurich_had_a_population_of_81_531_taxpayers,HAS_FACT
date_1907_1907_1907,fact_date_date_1907_1907_1907_in_1907_only_1_678_taxpayers_in_zurich_declared_an_income_of_5_100_fr_and_more_including_cantonal_and_municipal_officials,HAS_FACT
date_1907_1907_1907,fact_date_date_1907_1907_1907_in_1907_only_1_026_taxpayers_in_zurich_declared_an_income_over_6_100_fr,HAS_FACT
date_1907_1907_1907,fact_date_date_1907_1907_1907_in_1907_only_298_taxpayers_in_zurich_declared_an_income_over_10_100_fr,HAS_FACT
date_1907_1907_1907,fact_date_date_1907_1907_1907_in_1907_only_1_532_taxpayers_in_zurich_had_assets_over_100_000_fr,HAS_FACT
date_1906_1906_1906,fact_date_date_1906_1906_1906_the_mutation_amounts_arise_in_the_resident_population_corresponding_to_the_normal_year_1906,HAS_FACT
date_1895_1895_1895,fact_date_date_1895_1895_1895_district_i_had_29_500_inhabitants_in_1895,HAS_FACT
date_end_of_1900_1900_1900,fact_date_date_end_of_1900_1900_1900_district_i_had_25_900_inhabitants_at_the_end_of_1900,HAS_FACT
date_1906_1906_1906,fact_date_date_1906_1906_1906_district_i_had_20_000_inhabitants_in_1906_the_same_as_early_as_1860,HAS_FACT
date_early_as_1860_1860_1860,fact_date_date_early_as_1860_1860_1860_district_i_had_20_000_inhabitants_in_1906_the_same_as_early_as_1860,HAS_FACT
date_1893_1893_1893,fact_date_date_1893_1893_1893_immigration_amounted_to_27_100_persons_in_1893,HAS_FACT
date_1905_1905_1905,fact_date_date_1905_1905_1905_immigration_amounted_to_40_300_persons_in_1905,HAS_FACT
date_1908_1908_1908,fact_date_date_1908_1908_1908_the_year_1908_showed_a_migration_gain_of_only_913_persons,HAS_FACT
date_1908_1908_1908,fact_date_date_1908_1908_1908_immigration_was_45_403_and_emigration_was_44_490_in_1908,HAS_FACT
date_1908_1908_1908,fact_date_date_1908_1908_1908_italian_immigration_fell_to_7_100_in_1908,HAS_FACT
date_1908_1908_1908,fact_date_date_1908_1908_1908_number_of_marriages_was_1_877_in_1908,HAS_FACT
date_1907_1907_1907,fact_date_date_1907_1907_1907_migration_gain_in_1907_was_2_735,HAS_FACT
date_1907_1907_1907,fact_date_date_1907_1907_1907_italian_immigration_was_8_200_in_1907,HAS_FACT
date_1902_1902_1902,fact_date_date_1902_1902_1902_the_migration_gain_in_1908_was_never_so_low_since_1902,HAS_FACT
date_1893_1893_1893,fact_date_date_1893_1893_1893_the_number_of_marriages_in_1908_was_the_maximum_since_1893,HAS_FACT
date_1901_1901_1901,fact_date_date_1901_1901_1901_for_the_first_time_since_1901_the_number_of_births_increased_to_4_246,HAS_FACT
date_1907_1907_1907,fact_date_date_1907_1907_1907_in_1907_foreigners_made_up_53_4_of_the_birth_surplus,HAS_FACT
date_1905_1905_1905,fact_date_date_1905_1905_1905_in_1905_zurich_had_40_289_immigrants,HAS_FACT
date_1905_1905_1905,fact_date_date_1905_1905_1905_in_1905_21_711_of_the_immigrants_in_zurich_were_foreigners,HAS_FACT
date_1905_1905_1905,fact_date_date_1905_1905_1905_in_1905_34_1_of_all_immigrants_to_zurich_came_from_a_distance_of_up_to_50_kilometers,HAS_FACT
date_1905_1905_1905,fact_date_date_1905_1905_1905_in_1905_19_5_of_all_immigrants_to_zurich_came_from_50_100_km_distance,HAS_FACT
date_1905_1905_1905,fact_date_date_1905_1905_1905_in_1905_23_1_of_all_immigrants_to_zurich_came_from_over_300_km_distance,HAS_FACT
date_1905_1905_1905,fact_date_date_1905_1905_1905_in_1905_16_of_all_immigrants_in_zurich_were_dependents,HAS_FACT
date_1905_1905_1905,fact_date_date_1905_1905_1905_in_1905_84_of_all_immigrants_in_zurich_were_self_employed,HAS_FACT
date_1906_07_1906_1907,fact_date_date_1906_07_1906_1907_the_average_room_price_was_279_fr_in_1906_07,HAS_FACT
date_june_1906_1906_1906,fact_date_date_june_1906_1906_1906_the_official_municipal_housing_register_has_been_in_operation_since_june_1906,HAS_FACT
date_1907_1907_1907,fact_date_date_1907_1907_1907_in_1907_a_total_of_213_new_buildings_were_built_with_696_apartments_and_insured_for_17_4_million_fr,HAS_FACT
date_1907_1907_1907,fact_date_date_1907_1907_1907_in_1907_zurich_counted_14_641_buildings,HAS_FACT
date_since_1899_1899_1907,fact_date_date_since_1899_1899_1907_750_buildings_have_been_added_since_1899,HAS_FACT
date_1833_1833_1833,fact_date_date_1833_1833_1833_since_the_general_removal_of_the_old_ramparts_and_leveling_of_their_ditches_in_1833_the_structural_development_of_the_city_has_thrived,HAS_FACT
date_1893_1893_1893,fact_date_date_1893_1893_1893_especially_through_the_city_unification_in_1893_it_took_a_tremendous_upswing,HAS_FACT
date_1893_1893_1893,fact_date_date_1893_1893_1893_a_new_building_law_for_localities_with_urban_conditions_1893_requires_greater_distance_of_houses_from_neighboring_plots_3_5_m,HAS_FACT
date_1770_1770_1770,fact_date_date_1770_1770_1770_in_1770_houses_were_on_average_2½_storeys_high,HAS_FACT
date_1901_1901_1901,fact_date_date_1901_1901_1901_in_1901_regulations_for_open_development_of_large_districts_were_added,HAS_FACT
date_before_1900_none_1899,fact_date_date_before_1900_none_1899_before_1900_single_family_houses_were_only_7_6_of_all_residential_buildings,HAS_FACT
date_afterwards_1900_none,fact_date_date_afterwards_1900_none_after_1900_single_family_houses_increased_to_19_8_of_all_residential_buildings,HAS_FACT
date_around_1900_1895_1905,fact_date_date_around_1900_1895_1905_around_1900_a_construction_and_real_estate_crisis_appeared,HAS_FACT
date_since_1809_1809_2024,fact_date_date_since_1809_1809_2024_since_1809_there_has_been_the_state_fire_insurance_with_model_registration_of_construction_activity,HAS_FACT
date_1906_1906_1906,fact_date_date_1906_1906_1906_the_total_insurance_value_of_private_buildings_with_and_without_apartments_and_public_buildings_was_in_1906_681_9_million_swiss_francs,HAS_FACT
date_1906_1906_1906,fact_date_date_1906_1906_1906_in_1906_there_were_a_total_of_35_900_apartments_in_the_city,HAS_FACT
date_1893_1906_1893_1906,fact_date_date_1893_1906_1893_1906_wolff_h_wrote_about_zurich_s_population_since_the_city_unification_1893_1906,HAS_FACT
date_1907_1907_1907,fact_date_date_1907_1907_1907_annual_report_of_the_city_council_for_1907,HAS_FACT
date_1908_1908_1908,fact_date_date_1908_1908_1908_wolff_h_gave_a_lecture_on_zurich_s_structural_development_in_january_1908,HAS_FACT
date_1344_1344_1344,fact_date_date_1344_1344_1344_in_1344_an_inundation_washed_away_the_house_zum_schwert_and_three_mills_whose_debris_destroyed_the_bridge_at_hardturm,HAS_FACT
date_1553_1553_1553,fact_date_date_1553_1553_1553_in_1553_one_could_paddle_around_fraumünster_in_a_canoe,HAS_FACT
date_1556_1556_1556,fact_date_date_1556_1556_1556_in_1556_the_limmat_flowed_over_the_mill_piers,HAS_FACT
date_1404_1404_1404,fact_date_date_1404_1404_1404_in_1404_one_could_walk_dryfoot_from_weinplatz_to_the_town_hall,HAS_FACT
date_1512_1512_1512,fact_date_date_1512_1512_1512_in_1512_one_could_walk_dryfoot_from_weinplatz_to_the_town_hall,HAS_FACT
date_1580_1580_1580,fact_date_date_1580_1580_1580_the_big_stone_below_the_lower_vegetable_bridge_was_dry_in_1580,HAS_FACT
date_1585_1585_1585,fact_date_date_1585_1585_1585_the_big_stone_below_the_lower_vegetable_bridge_was_dry_in_1585,HAS_FACT
date_1654_1654_1654,fact_date_date_1654_1654_1654_the_big_stone_below_the_lower_vegetable_bridge_was_dry_in_1654,HAS_FACT
date_1740_1740_1740,fact_date_date_1740_1740_1740_the_big_stone_below_the_lower_vegetable_bridge_was_dry_in_1740,HAS_FACT
date_1814_1814_1814,fact_date_date_1814_1814_1814_the_big_stone_below_the_lower_vegetable_bridge_was_dry_in_1814,HAS_FACT
date_1908_1908_1908,fact_date_date_1908_1908_1908_in_1908_water_levels_were_very_low_but_caused_no_further_major_disadvantages,HAS_FACT
date_july_8_1817_1817_1817,fact_date_date_july_8_1817_1817_1817_the_highest_lake_level_reached_was_411_00_m_on_july_8_1817,HAS_FACT
date_january_29_1854_1854_1854,fact_date_date_january_29_1854_1854_1854_the_lowest_lake_level_recorded_was_408_50_m_on_january_29_1854,HAS_FACT
date_february_25_1882_1882_1882,fact_date_date_february_25_1882_1882_1882_the_lowest_lake_level_recorded_was_408_56_m_on_february_25_1882,HAS_FACT
date_february_25_1891_1891_1891,fact_date_date_february_25_1891_1891_1891_the_lowest_lake_level_recorded_was_408_60_m_on_february_25_1891,HAS_FACT
date_february_25_1891_1891_1891,fact_date_date_february_25_1891_1891_1891_minimum_discharge_was_15_5_m³_s_on_february_25_1891,HAS_FACT
date_march_1909_1909_1909,fact_date_date_march_1909_1909_1909_the_zero_point_of_lake_and_limmat_gauges_was_411_28_m_in_march_1909,HAS_FACT
date_june_15_1876_1876_1876,fact_date_date_june_15_1876_1876_1876_maximum_discharge_was_350_m³_s_on_june_15_1876,HAS_FACT
date_1907_1907_1907,fact_date_date_1907_1907_1907_in_1907_bad_summer_289_077_paying_visitors_were_recorded_at_the_bathhouses,HAS_FACT
date_1906_1906_1906,fact_date_date_1906_1906_1906_in_1906_343_816_paying_visitors_were_recorded_at_the_bathhouses,HAS_FACT
date_may_24_1908_1908_1908,fact_date_date_may_24_1908_1908_1908_a_large_part_of_the_facilities_were_damaged_on_may_24_1908_by_unusual_snow_load_on_the_young_leafy_branches,HAS_FACT
date_1905_1905_1905,fact_date_date_1905_1905_1905_there_were_4_000_street_trees_in_the_city_alleys_in_1905,HAS_FACT
date_early_1870s_1870_1873,fact_date_date_early_1870s_1870_1873_the_beautification_association_of_zurich_and_surroundings_was_founded_in_the_early_1870s,HAS_FACT
date_1799_1799_1799,fact_date_date_1799_1799_1799_the_battle_memorial_dates_from_1799,HAS_FACT
date_1907_1907_1907,fact_date_date_1907_1907_1907_garbage_collected_in_zurich_in_1907_was_58_390_m³_equal_to_21_293_t_of_which_20_231_t_were_incinerated,HAS_FACT
date_1907_1907_1907,fact_date_date_1907_1907_1907_in_1907_7_848_m³_of_excretions_were_collected_in_10_441_buckets_with_218_502_exchanges_in_zurich,HAS_FACT
date_1909_1909_1909,fact_date_date_1909_1909_1909_a_large_municipal_slaughterhouse_in_zurich_will_be_completed_in_1909,HAS_FACT
date_1907_1907_1907,fact_date_date_1907_1907_1907_in_1907_various_types_of_animals_were_slaughtered_in_zurich_with_a_total_weight_of_7_687_787_kg,HAS_FACT
date_1907_1907_1907,fact_date_date_1907_1907_1907_meat_imports_including_poultry_and_fish_in_zurich_amounted_to_3_954_903_kg_totaling_11_642_690_kg,HAS_FACT
date_1907_1907_1907,fact_date_date_1907_1907_1907_the_daily_meat_consumption_per_head_of_population_in_zurich_was_173_g_in_1907,HAS_FACT
date_1906_1906_1906,fact_date_date_1906_1906_1906_the_daily_meat_consumption_per_head_of_population_in_zurich_was_169_g_in_1906,HAS_FACT
date_1906_1906_1906,fact_date_date_1906_1906_1906_meat_prices_per_half_kilo_in_1906_are_given_for_various_types_of_meat,HAS_FACT
date_1907_1907_1907,fact_date_date_1907_1907_1907_in_1907_119_700_liters_of_milk_were_imported_daily_at_a_selling_price_of_23_cents,HAS_FACT
date_1907_1907_1907,fact_date_date_1907_1907_1907_on_average_there_were_5_4_controls_per_seller_in_the_year,HAS_FACT
date_tuesdays_and_fridays_none_none,fact_date_date_tuesdays_and_fridays_none_none_the_market_with_vegetables_fruits_and_other_foodstuffs_is_held_twice_weekly_on_tuesdays_and_fridays_throughout_the_year,HAS_FACT
date_1907_1907_1907,fact_date_date_1907_1907_1907_the_domestic_products_market_on_bahnhofstrasse_regularly_had_727_vendors_in_1907,HAS_FACT
date_1907_1907_1907,fact_date_date_1907_1907_1907_in_1907_the_following_quantities_were_imported_3_000_q_of_apples_few_pears_120_q_of_plums_and_316_q_of_potatoes,HAS_FACT
date_1907_1907_1907,fact_date_date_1907_1907_1907_in_1907_about_1_700_fir_trees_were_sold,HAS_FACT
date_mid_september_to_mid_november_none_none,fact_date_date_mid_september_to_mid_november_none_none_in_autumn_from_mid_september_to_mid_november_there_is_a_wholesale_market_for_fruit_and_potatoes_at_uraniastrasse_and_hirschengraben,HAS_FACT
date_at_the_end_of_1907_1907_1907,fact_date_date_at_the_end_of_1907_1907_1907_at_the_end_of_1907_zurich_had_1_061_inns_including_85_hotels,HAS_FACT
date_at_the_end_of_1907_1907_1907,fact_date_date_at_the_end_of_1907_1907_1907_at_the_end_of_1907_zurich_had_about_1_000_small_retail_outlets_for_spirits,HAS_FACT
date_12_years_ago_2012_2012,fact_date_date_12_years_ago_2012_2012_the_association_s_businesses_began_12_years_ago,HAS_FACT
date_1430_1430_1430,fact_date_date_1430_1430_1430_the_first_pipe_well_was_built_in_1430_at_rennweg,HAS_FACT
date_middle_of_the_19th_century_1840_1860,fact_date_date_middle_of_the_19th_century_1840_1860_around_the_middle_of_the_19th_century_seven_wellworks_supplied_the_city_with_110_plus_7_in_the_city_district_itself_mostly_wooden_capped_springs,HAS_FACT
date_1844_1844_1844,fact_date_date_1844_1844_1844_there_were_pumping_stations_in_the_limmat_in_the_schipfe_and_at_the_schanzengraben_g_meyer_von_knonau_der_kanton_zürich_1844,HAS_FACT
date_1860_onwards_1860_none,fact_date_date_1860_onwards_1860_none_from_1860_onwards_systematic_investigations_for_a_rational_water_supply_were_carried_out,HAS_FACT
date_1867_1867_1867,fact_date_date_1867_1867_1867_based_on_a_1867_report_by_bürkli_it_was_fundamentally_decided_that_the_existing_springs_were_to_be_refitted_and_a_new_30_hp_pumping_station_from_the_limmat_for_service_wa,HAS_FACT
date_1868_1868_1868,fact_date_date_1868_1868_1868_construction_began_in_1868,HAS_FACT
date_1872_1872_1872,fact_date_date_1872_1872_1872_already_in_1872_there_was_too_little_service_water,HAS_FACT
date_1870_1870_1870,fact_date_date_1870_1870_1870_the_pumping_station_at_platzspitz_was_completed_in_1870,HAS_FACT
date_1875_1875_1875,fact_date_date_1875_1875_1875_in_1875_the_construction_of_a_definitive_water_plant_at_the_letten_was_decided,HAS_FACT
date_1879_1879_1879,fact_date_date_1879_1879_1879_the_plant_was_completed_in_1879,HAS_FACT
date_1884_1884_1884,fact_date_date_1884_1884_1884_a_severe_typhus_epidemic_broke_out_in_zurich_in_1884,HAS_FACT
date_1885_1885_1885,fact_date_date_1885_1885_1885_construction_work_began_in_1885,HAS_FACT
date_1886_1886_1886,fact_date_date_1886_1886_1886_the_new_filter_plant_was_put_into_operation_in_1886,HAS_FACT
date_1905_1905_1905,fact_date_date_1905_1905_1905_in_1905_the_average_water_consumption_per_capita_per_day_was_given_as_220_liters_with_a_maximum_of_315_liters,HAS_FACT
date_from_1907_onward_1907_none,fact_date_date_from_1907_onward_1907_none_from_1907_onward_much_of_the_richly_productive_sihl_and_lorze_springs_began_to_be_supplied,HAS_FACT
date_1st_ice_age_115000_11000,fact_date_date_1st_ice_age_115000_11000_they_arise_on_blue_sticky_tough_basic_moraine_clay_of_the_1st_ice_age,HAS_FACT
date_normal_rainfall_year_1905_1905_1905,fact_date_date_normal_rainfall_year_1905_1905_1905_in_the_normal_rainfall_year_1905_about_20_400_liters_per_minute_of_water_were_distributed_from_the_reservoir,HAS_FACT
date_1905_1905_1905,fact_date_date_1905_1905_1905_in_1905_the_water_showed_temperatures_of_8_6_c_in_january_and_10_9_c_in_september,HAS_FACT
date_1905_1905_1905,fact_date_date_1905_1905_1905_in_1905_the_water_had_a_bacterial_count_of_0_37,HAS_FACT
date_december_4_1902_1902_1902,fact_date_date_december_4_1902_1902_1902_the_sihl_valley_springs_have_supplied_the_city_since_december_4_1902,HAS_FACT
date_november_25_1902_1902_1902,fact_date_date_november_25_1902_1902_1902_the_lorze_valley_springs_have_supplied_the_city_since_november_25_1902,HAS_FACT
date_october_1_1906_to_september_30_1907_1906_1907,fact_date_date_october_1_1906_to_september_30_1907_1906_1907_the_total_city_water_consumption_from_october_1_1906_to_september_30_1907_amounted_to_14_700_098_m³,HAS_FACT
date_october_1_1906_to_september_30_1907_1906_1907,fact_date_date_october_1_1906_to_september_30_1907_1906_1907_the_pipeline_network_length_and_revenue_data_refer_to_the_period_ending_in_1907,HAS_FACT
date_1867_1867_1867,fact_date_date_1867_1867_1867_the_expansion_of_the_sewer_system_with_the_bucket_system_started_in_1867,HAS_FACT
date_1867_1867_1867,fact_date_date_1867_1867_1867_cholera_last_affected_zurich_in_1867,HAS_FACT
date_1884_1884_1884,fact_date_date_1884_1884_1884_the_last_typhus_epidemic_in_zurich_in_1884_led_to_thorough_sanitation_of_the_drinking_water_supply,HAS_FACT
date_1907_1907_1907,fact_date_date_1907_1907_1907_in_1907_462_scarlet_fever_cases_and_417_diphtheria_cases_in_zurich_led_to_1_265_school_exclusions,HAS_FACT
date_1906_1906_1906,fact_date_date_1906_1906_1906_the_scarlet_fever_frequency_in_zurich_in_1906_was_505,HAS_FACT
date_1905_1905_1905,fact_date_date_1905_1905_1905_the_scarlet_fever_frequency_in_zurich_in_1905_was_1_050,HAS_FACT
date_1904_1904_1904,fact_date_date_1904_1904_1904_the_scarlet_fever_frequency_in_zurich_in_1904_was_961,HAS_FACT
date_1903_1903_1903,fact_date_date_1903_1903_1903_the_scarlet_fever_frequency_in_zurich_in_1903_was_1_174,HAS_FACT
date_1903_1903_1903,fact_date_date_1903_1903_1903_in_1903_there_were_238_cases_of_diphtheria_in_zurich,HAS_FACT
date_1903_1903_1903,fact_date_date_1903_1903_1903_in_1903_there_were_21_cases_of_measles_in_zurich,HAS_FACT
date_1903_1903_1903,fact_date_date_1903_1903_1903_in_1903_there_were_41_cases_of_typhus_in_zurich,HAS_FACT
date_1904_1904_1904,fact_date_date_1904_1904_1904_in_1904_there_were_344_cases_of_diphtheria_in_zurich,HAS_FACT
date_1904_1904_1904,fact_date_date_1904_1904_1904_in_1904_there_were_1_234_cases_of_measles_in_zurich,HAS_FACT
date_1904_1904_1904,fact_date_date_1904_1904_1904_in_1904_there_were_83_cases_of_typhus_in_zurich,HAS_FACT
date_1905_1905_1905,fact_date_date_1905_1905_1905_in_1905_there_were_427_cases_of_diphtheria_in_zurich,HAS_FACT
date_1905_1905_1905,fact_date_date_1905_1905_1905_in_1905_there_were_60_cases_of_measles_in_zurich,HAS_FACT
date_1905_1905_1905,fact_date_date_1905_1905_1905_in_1905_there_were_59_cases_of_typhus_in_zurich,HAS_FACT
date_1906_1906_1906,fact_date_date_1906_1906_1906_in_1906_there_were_467_cases_of_diphtheria_in_zurich,HAS_FACT
date_1906_1906_1906,fact_date_date_1906_1906_1906_in_1906_there_were_1_217_cases_of_measles_in_zurich,HAS_FACT
date_1906_1906_1906,fact_date_date_1906_1906_1906_in_1906_there_were_47_cases_of_typhus_in_zurich,HAS_FACT
date_1907_1907_1907,fact_date_date_1907_1907_1907_in_1907_there_were_no_cases_of_smallpox_in_zurich,HAS_FACT
date_1907_1907_1907,fact_date_date_1907_1907_1907_in_1907_there_were_16_cases_of_tetanus_in_zurich,HAS_FACT
date_1907_1907_1907,fact_date_date_1907_1907_1907_in_1907_there_were_215_cases_of_measles_in_zurich,HAS_FACT
date_1907_1907_1907,fact_date_date_1907_1907_1907_in_1907_there_were_46_cases_of_typhus_in_zurich,HAS_FACT
date_1907_1907_1907,fact_date_date_1907_1907_1907_in_1907_there_were_23_cases_of_puerperal_fever_in_zurich,HAS_FACT
date_1907_1907_1907,fact_date_date_1907_1907_1907_in_1907_there_were_120_cases_of_other_infectious_diseases_in_zurich,HAS_FACT
date_1907_1907_1907,fact_date_date_1907_1907_1907_in_1907_there_was_a_total_of_1_511_infectious_disease_cases_in_zurich,HAS_FACT
date_1907_1907_1907,fact_date_date_1907_1907_1907_in_1907_503_children_including_499_girls_or_1_99_of_the_student_body_were_ordered_to_undergo_cleaning,HAS_FACT
date_1905_1905_1905,fact_date_date_1905_1905_1905_in_1905_2_9_of_the_student_body_were_ordered_to_undergo_cleaning,HAS_FACT
date_1903_1903_1903,fact_date_date_1903_1903_1903_in_1903_11_7_of_the_student_body_were_ordered_to_undergo_cleaning,HAS_FACT
date_1907_1907_1907,fact_date_date_1907_1907_1907_in_1907_1_614_burials_were_carried_out_at_a_daily_maximum_of_16,HAS_FACT
date_1907_1907_1907,fact_date_date_1907_1907_1907_number_of_cremations_in_the_central_cemetery_crematorium_in_1907_was_232,HAS_FACT
date_1907_1907_1907,fact_date_date_1907_1907_1907_131_corpses_were_brought_in_from_outside_to_the_central_cemetery_crematorium_in_1907,HAS_FACT
date_1844_1844_1844,fact_date_date_1844_1844_1844_der_kanton_zürich_vol_1_by_meyer_von_knonau_was_published_in_1844,HAS_FACT
date_1900_1900_1900,fact_date_date_1900_1900_1900_mountain_views_from_stadthausquai_and_anlage_enge_were_documented_in_1900,HAS_FACT
date_1902_1902_1902,fact_date_date_1902_1902_1902_the_2nd_edition_of_maps_of_zurichberg_adlisberg_and_uetliberg_was_published_in_1902,HAS_FACT
date_1905_1905_1905,fact_date_date_1905_1905_1905_the_2nd_edition_of_maps_of_zurichberg_adlisberg_and_uetliberg_was_published_in_1905,HAS_FACT
date_1905_1905_1905,fact_date_date_1905_1905_1905_peter_h_wrote_about_water_supply_in_1905,HAS_FACT
date_1906_1906_1906,fact_date_date_1906_1906_1906_an_excursion_map_of_the_albiskette_was_published_in_zurich_in_1906,HAS_FACT
date_1906_1906_1906,fact_date_date_1906_1906_1906_peter_h_reported_on_the_construction_of_the_spring_water_supply_from_sihl_and_lorze_valleys_in_1906,HAS_FACT
date_1871_1871_1871,fact_date_date_1871_1871_1871_reports_on_the_water_conditions_of_the_city_of_zurich_were_published_in_1871,HAS_FACT
date_1903_1903_1903,fact_date_date_1903_1903_1903_the_industrial_enterprises_of_the_city_of_zurich_were_documented_in_1903,HAS_FACT
date_1907_1907_1907,fact_date_date_1907_1907_1907_annual_report_of_the_city_council_and_central_school_board_for_1907_was_published,HAS_FACT
date_1908_1908_1908,fact_date_date_1908_1908_1908_annual_report_of_the_city_council_and_central_school_board_for_1907_was_published_in_1908,HAS_FACT
date_1908_1908_1908,fact_date_date_1908_1908_1908_pflüger_p_wrote_a_memorandum_on_municipal_socialism_of_zurich_in_1908,HAS_FACT
date_february_1909_1909_1909,fact_date_date_february_1909_1909_1909_boos_jegher_submitted_a_report_to_the_cantonal_council_and_government_council_zurich_in_february_1909,HAS_FACT
date_1909_1909_1909,fact_date_date_1909_1909_1909_erismann_f_published_a_commemorative_publication_on_the_health_and_welfare_care_of_the_city_of_zurich_in_1909,HAS_FACT
date_1875_1875_1875,fact_date_date_1875_1875_1875_the_uetliberg_railway_was_opened_in_1875,HAS_FACT
date_august_9_1847_1847_1847,fact_date_date_august_9_1847_1847_1847_the_first_railway_line_from_zurich_to_baden_opened_on_august_9_1847,HAS_FACT
date_may_16_1855_1855_1855,fact_date_date_may_16_1855_1855_1855_the_second_railway_line_from_zurich_to_winterthur_opened_on_may_16_1855,HAS_FACT
date_august_1_1856_1856_1856,fact_date_date_august_1_1856_1856_1856_a_railway_line_from_zurich_to_uster_opened_on_august_1_1856,HAS_FACT
date_june_1_1864_1864_1864,fact_date_date_june_1_1864_1864_1864_a_railway_line_from_zurich_to_zug_opened_on_june_1_1864,HAS_FACT
date_may_19_1835_1835_1835,fact_date_date_may_19_1835_1835_1835_the_first_steamship_on_lake_zurich_ran_on_may_19_1835,HAS_FACT
date_1891_1891_1891,fact_date_date_1891_1891_1891_in_1891_local_traffic_on_lake_zurich_was_significantly_promoted_by_the_introduction_of_dampfschwalben,HAS_FACT
date_september_24_1882_1882_1882,fact_date_date_september_24_1882_1882_1882_the_first_line_was_opened_as_a_private_horse_tramway_on_september_24_1882,HAS_FACT
date_1898_1898_1898,fact_date_date_1898_1898_1898_in_1898_the_power_plant_connected_with_the_pumping_station_in_letten_became_operational_so_that_the_entire_tramway_network_could_be_placed_in_municipal_electric_operation,HAS_FACT
date_end_of_1907_1907_1907,fact_date_date_end_of_1907_1907_1907_the_total_length_of_the_municipal_streetcar_network_was_29_8_km_at_the_end_of_1907,HAS_FACT
date_end_of_1907_1907_1907,fact_date_date_end_of_1907_1907_1907_daily_frequency_in_1907_was_62_136_persons,HAS_FACT
date_1907_1907_1907,fact_date_date_1907_1907_1907_zurich_counted_941_streets_and_squares_in_1907,HAS_FACT
date_1856_1856_1856,fact_date_date_1856_1856_1856_gas_lighting_was_introduced_by_a_private_company_in_1856,HAS_FACT
date_1886_1886_1886,fact_date_date_1886_1886_1886_in_1886_the_city_took_over_the_task_of_gas_lighting,HAS_FACT
date_december_1908_1908_1908,fact_date_date_december_1908_1908_1908_in_december_1908_the_municipal_gasworks_delivered_105_000_to_106_000_m³_of_gas_daily_with_a_daily_coal_consumption_of_35_wagons,HAS_FACT
date_1898_1898_1898,fact_date_date_1898_1898_1898_the_first_construction_with_a_parallel_plant_was_opened_in_1898,HAS_FACT
date_1907_1907_1907,fact_date_date_1907_1907_1907_annual_output_in_1907_was_26_640_200_m³,HAS_FACT
date_1907_1907_1907,fact_date_date_1907_1907_1907_private_consumption_and_gas_delivery_to_adjacent_municipalities_in_1907_accounted_for_22_162_889_m³,HAS_FACT
date_1907_1907_1907,fact_date_date_1907_1907_1907_gas_consumption_per_capita_per_year_for_city_of_zurich_and_adjacent_municipalities_was_114_02_m³,HAS_FACT
date_1907_1907_1907,fact_date_date_1907_1907_1907_number_of_flames_on_30_november_1907_totaled_330_130,HAS_FACT
date_1906_to_1907_1906_1907,fact_date_date_1906_to_1907_1906_1907_gas_output_increased_by_over_12_from_1906_to_1907,HAS_FACT
date_1909_1909_1909,fact_date_date_1909_1909_1909_newspapers_and_periodicals_currently_1909_appear_in_zurich_numbering_about_160,HAS_FACT
date_1666_1666_1666,fact_date_date_1666_1666_1666_already_in_1666_a_weekly_paper_appeared,HAS_FACT
date_1673_1673_1673,fact_date_date_1673_1673_1673_the_friday_weekly_today_zürcher_freitagszeitung_dates_back_to_1673_and_is_probably_the_oldest_swiss_newspaper,HAS_FACT
date_january_12_1780_1780_1780,fact_date_date_january_12_1780_1780_1780_the_zürcher_zeitung_was_first_published_on_january_12_1780,HAS_FACT
date_1821_1821_1821,fact_date_date_1821_1821_1821_since_1821_the_zürcher_zeitung_has_been_called_neue_zürcher_zeitung,HAS_FACT
date_1843_1843_1843,fact_date_date_1843_1843_1843_the_neue_zürcher_zeitung_appeared_daily_since_1843_for_several_years_thrice_daily,HAS_FACT
date_1801_1801_1801,fact_date_date_1801_1801_1801_as_early_as_1801_the_paper_must_have_been_very_loyal_to_the_government_because_its_publisher_then_asked_the_government_governor_to_partially_exempt_it_from_censorship,HAS_FACT
date_1837_1837_1837,fact_date_date_1837_1837_1837_the_city_zurich_daily_official_gazette_circulation_27_000_has_existed_since_1837,HAS_FACT
date_1874_1874_1874,fact_date_date_1874_1874_1874_the_nebelspalter_is_a_permanent_weekly_political_satirical_paper_appearing_in_zurich_since_1874,HAS_FACT
date_1747_1747_1747,fact_date_date_1747_1747_1747_the_natural_science_society_was_founded_by_johann_gessner_in_1747,HAS_FACT
date_1834_1834_1834,fact_date_date_1834_1834_1834_the_museum_society_was_founded_in_1834,HAS_FACT
date_1907_1907_1907,fact_date_date_1907_1907_1907_the_pestalozzi_society_reported_210_000_visitors_in_1907,HAS_FACT
date_1907_1907_1907,fact_date_date_1907_1907_1907_expenses_in_1907_were_nearly_45_000_francs_of_which_the_city_contributed_21_000_francs,HAS_FACT
date_1908_09_1908_1909,fact_date_date_1908_09_1908_1909_in_1908_09_the_singers_association_harmonie_held_concerts_for_the_fire_victims_of_bonaduz,HAS_FACT
date_1908_09_1908_1909,fact_date_date_1908_09_1908_1909_the_men_s_choir_zurich_held_concerts_for_farmers_affected_by_snow_damage_in_may_1908_09,HAS_FACT
date_1908_09_1908_1909,fact_date_date_1908_09_1908_1909_the_natural_science_society_held_a_town_hall_lecture_for_the_earthquake_victims_in_messina_in_1908_09,HAS_FACT
date_1893_1893_1893,fact_date_date_1893_1893_1893_the_unification_of_zurich_with_its_suburbs_occurred_in_1893,HAS_FACT
date_1893_1893_1893,fact_date_date_1893_1893_1893_since_1893_the_administrative_organization_of_the_city_of_zurich_has_differed_from_that_of_other_zurich_municipalities,HAS_FACT
date_1893_1893_1893,fact_date_date_1893_1893_1893_the_communal_assembly_in_the_form_of_a_traditional_landsgemeinde_ceased_to_exist_in_zurich_from_1893,HAS_FACT
date_1893_1893_1893,fact_date_date_1893_1893_1893_the_unification_of_the_old_town_with_the_suburbs_in_zurich_occurred_in_1893,HAS_FACT
date_three_years_none_none,fact_date_date_three_years_none_none_the_large_city_council_is_elected_for_a_term_of_three_years,HAS_FACT
date_1907_1907_1907,fact_date_date_1907_1907_1907_the_city_of_zurich_s_ordinary_expenses_amounted_to_about_16_million_fr_in_1907,HAS_FACT
date_1907_1907_1907,fact_date_date_1907_1907_1907_extraordinary_expenses_of_4_8_million_fr_were_incurred_in_1907,HAS_FACT
date_end_of_1907_1907_1907,fact_date_date_end_of_1907_1907_1907_at_the_end_of_1907_about_4½_million_fr_were_held_in_city_administration_in_general_funds_and_foundations,HAS_FACT
date_end_of_1907_1907_1907,fact_date_date_end_of_1907_1907_1907_at_the_end_of_1907_the_assets_of_the_civic_funds_and_foundations_in_zurich_amounted_to_14_3_million_fr,HAS_FACT
date_1893_1893_1893,fact_date_date_1893_1893_1893_in_1893_the_revenues_of_the_foundation_of_the_municipal_usufruct_fund_were_intended_in_perpetuity_for_science_art_charity_and_youth_welfare_purposes_at_the_time_of_the_un,HAS_FACT
date_april_1907_1907_1907,fact_date_date_april_1907_1907_1907_in_april_1907_the_municipality_approved_2_5_million_fr_for_the_construction_of_housing_by_the_city,HAS_FACT
date_1907_1907_1907,fact_date_date_1907_1907_1907_around_24_000_fr_were_spent_in_1907_for_outpatient_treatment_of_poor_residents_in_zurich,HAS_FACT
date_1893_1893_1893,fact_date_date_1893_1893_1893_mortality_conditions_in_zurich_have_continued_to_improve_since_the_year_1893_unification_with_outer_municipalities,HAS_FACT
date_1906_1907_1906_1907,fact_date_date_1906_1907_1906_1907_in_1906_1907_the_unemployment_commission_supported_298_unemployed_persons_with_a_total_of_28_388_fr,HAS_FACT
date_april_21_1907_1907_1907,fact_date_date_april_21_1907_1907_1907_by_municipal_resolution_of_april_21_1907_construction_of_housing_by_the_city_was_started,HAS_FACT
date_1907_1907_1907,fact_date_date_1907_1907_1907_about_47_000_fr_was_spent_on_school_meals_in_1907,HAS_FACT
date_neolithic_period_4500_2000,fact_date_date_neolithic_period_4500_2000_the_area_of_the_city_of_zurich_was_continuously_inhabited_since_the_neolithic_period,HAS_FACT
date_younger_stone_age_3300_2200,fact_date_date_younger_stone_age_3300_2200_numerous_individual_finds_from_the_younger_stone_age_were_found_in_the_city_area,HAS_FACT
date_end_of_the_bronze_age_1200_800,fact_date_date_end_of_the_bronze_age_1200_800_all_these_settlements_persisted_until_the_end_of_the_bronze_age,HAS_FACT
date_bronze_age_2200_800,fact_date_date_bronze_age_2200_800_the_haumesser_pile_dwelling_near_wollishofen_developed_especially_in_the_bronze_age,HAS_FACT
date_bronze_age_2200_800,fact_date_date_bronze_age_2200_800_even_then_people_already_lived_on_solid_land_and_a_refuge_arose_on_the_uetliberg,HAS_FACT
date_iron_age_800_15,fact_date_date_iron_age_800_15_in_the_iron_age_the_pile_dwellings_near_zurich_were_abandoned,HAS_FACT
date_iron_age_800_15,fact_date_date_iron_age_800_15_the_fortified_lindenhof_was_densely_populated_in_the_iron_age,HAS_FACT
date_iron_age_800_15,fact_date_date_iron_age_800_15_the_uetliberg_refuge_was_richly_equipped_with_ramparts_and_ditches_in_the_iron_age,HAS_FACT
date_2nd_iron_age_la_tène_period_450_1,fact_date_date_2nd_iron_age_la_tène_period_450_1_graves_assigned_to_the_2nd_iron_age_la_tène_period_were_found_in_multiple_locations_in_zurich,HAS_FACT
date_7th_century_bc_700_601,fact_date_date_7th_century_bc_700_601_a_golden_bowl_probably_comes_from_a_princely_grave_of_the_7th_century_bc,HAS_FACT
date_roman_times_1_400,fact_date_date_roman_times_1_400_zurich_was_a_customs_station_in_roman_times,HAS_FACT
date_1747_1747_1747,fact_date_date_1747_1747_1747_a_roman_inscription_stone_was_found_on_the_lindenhof_in_1747,HAS_FACT
date_8th_and_9th_centuries_701_900,fact_date_date_8th_and_9th_centuries_701_900_farms_near_the_lindenhof_were_cited_in_documents_in_the_8th_and_9th_centuries,HAS_FACT
date_early_christian_times_300_700,fact_date_date_early_christian_times_300_700_new_centers_had_formed_in_early_christian_times_around_the_gross_and_fraumünster,HAS_FACT
date_until_about_the_10th_century_900_999,fact_date_date_until_about_the_10th_century_900_999_until_about_the_10th_century_all_three_were_enclosed_by_a_wall_into_a_city,HAS_FACT
date_alemannic_frankish_times_500_800,fact_date_date_alemannic_frankish_times_500_800_the_graves_from_alemannic_frankish_times_are_interesting,HAS_FACT
date_alemannic_times_500_700,fact_date_date_alemannic_times_500_700_an_alemannic_cemetery_was_almost_simultaneously_discovered_at_entibühl_above_balgrist_yielding_finds_from_alemannic_times_including_jewelry_and_weapons,HAS_FACT
date_last_decade_2014_2024,fact_date_date_last_decade_2014_2024_in_the_last_decade_two_new_alemannic_cemeteries_could_be_investigated_the_one_at_rebhügel_wiedikon_and_the_large_cemetery_at_bäckerstrasse_in_zurich_iii,HAS_FACT
date_march_12_1909_1909_1909,fact_date_date_march_12_1909_1909_1909_the_lowest_water_level_with_the_ephemeral_island_east_of_the_stäfner_stone_was_recorded_on_march_12_1909,HAS_FACT
date_8th_century_701_800,fact_date_date_8th_century_701_800_the_earliest_mention_of_lake_zurich_is_found_in_the_vita_st_galli_of_the_8th_century,HAS_FACT
date_1250_1250_1250,fact_date_date_1250_1250_1250_in_1250_the_lake_was_called_lacus_turicinus,HAS_FACT
date_1286_1286_1286,fact_date_date_1286_1286_1286_as_early_as_1286_the_name_zürichse_appeared_for_the_first_time,HAS_FACT
date_1538_1538_1538,fact_date_date_1538_1538_1538_the_oldest_depiction_of_lake_zurich_is_found_on_the_swiss_map_of_tschudi_1538,HAS_FACT
date_1566_1566_1566,fact_date_date_1566_1566_1566_the_delineation_on_the_map_of_the_zurich_region_by_joost_murer_1566_is_better_than_the_tschudi_map,HAS_FACT
date_1667_1667_1667,fact_date_date_1667_1667_1667_the_gyger_map_1667_provides_a_much_more_precise_representation_of_lake_zurich_at_the_scale_of_1_32_000,HAS_FACT
date_1834_1864_1834_1864,fact_date_date_1834_1864_1834_1864_the_dufour_map_1834_1864_offers_an_even_model_representation_of_lake_zurich_at_the_scale_1_100_000,HAS_FACT
date_1843_1851_1843_1851,fact_date_date_1843_1851_1843_1851_surveys_for_the_dufour_map_were_done_in_the_lake_area_from_1843_1851_by_engineer_j_wild,HAS_FACT
date_1850_52_1850_1852,fact_date_date_1850_52_1850_1852_the_most_precise_lake_shore_map_was_compiled_by_the_zurich_government_in_1850_52_at_1_1_000_scale,HAS_FACT
date_1896_1896_1896,fact_date_date_1896_1896_1896_cattle,HAS_FACT
date_1901_1901_1901,fact_date_date_1901_1901_1901_7059,HAS_FACT
date_1906_1906_1906,fact_date_date_1906_1906_1906_6798,HAS_FACT
date_1896_1896_1896,fact_date_date_1896_1896_1896_in_1896_the_number_of_horses_was_recorded,HAS_FACT
date_1901_1901_1901,fact_date_date_1901_1901_1901_in_1901_the_number_recorded_was_3316,HAS_FACT
date_1906_1906_1906,fact_date_date_1906_1906_1906_in_1906_the_number_recorded_was_3269,HAS_FACT
date_column_4_none_none,fact_date_date_column_4_none_none_column_4_shows_the_number_3192,HAS_FACT
date_1896_1896_1896,fact_date_date_1896_1896_1896_pigs,HAS_FACT
date_1901_1901_1901,fact_date_date_1901_1901_1901_1824,HAS_FACT
date_1906_1906_1906,fact_date_date_1906_1906_1906_1669,HAS_FACT
date_1896_1896_1896,fact_date_date_1896_1896_1896_sheep,HAS_FACT
date_1901_1901_1901,fact_date_date_1901_1901_1901_201,HAS_FACT
date_1906_1906_1906,fact_date_date_1906_1906_1906_684,HAS_FACT
date_1896_1896_1896,fact_date_date_1896_1896_1896_goats,HAS_FACT
date_1901_1901_1901,fact_date_date_1901_1901_1901_1182,HAS_FACT
date_1906_1906_1906,fact_date_date_1906_1906_1906_1177,HAS_FACT
date_column_4_1315_1315_1315,fact_date_date_column_4_1315_1315_1315_column_4_1315,HAS_FACT
date_1896_1896_1896,fact_date_date_1896_1896_1896_1896_beehives,HAS_FACT
date_1901_1901_1901,fact_date_date_1901_1901_1901_1901_1979,HAS_FACT
date_1906_1906_1906,fact_date_date_1906_1906_1906_1906_2038,HAS_FACT
date_1357_1357_1357,fact_date_date_1357_1357_1357_the_year_mentioned_is_1357,HAS_FACT
date_1374_1374_1374,fact_date_date_1374_1374_1374_the_year_mentioned_is_1374,HAS_FACT
date_1410_1410_1410,fact_date_date_1410_1410_1410_the_year_mentioned_is_1410,HAS_FACT
date_1467_1467_1467,fact_date_date_1467_1467_1467_the_population_of_zurich_was_4_713_in_the_year_1467,HAS_FACT
date_1634_1634_1634,fact_date_date_1634_1634_1634_population_was_8_222_in_1634,HAS_FACT
date_1671_1671_1671,fact_date_date_1671_1671_1671_year_mentioned_is_1671,HAS_FACT
date_1769_1769_1769,fact_date_date_1769_1769_1769_the_population_was_10_579_in_1769,HAS_FACT
date_1836_1836_1836,fact_date_date_1836_1836_1836_population_was_14_243_in_zurich_in_1836,HAS_FACT
date_1836_1836_1836,fact_date_date_1836_1836_1836_population_including_outer_municipalities_was_27_376_in_zurich_in_1836,HAS_FACT
date_1860_1860_1860,fact_date_date_1860_1860_1860_the_population_of_zurich_in_1860_was_19_758,HAS_FACT
date_1870_1870_1870,fact_date_date_1870_1870_1870_year_mentioned_is_1870,HAS_FACT
date_1870_1870_1870,fact_date_date_1870_1870_1870_population_was_20_780_in_1870,HAS_FACT
date_1880_1880_1880,fact_date_date_1880_1880_1880_the_population_was_21_453_in_1880,HAS_FACT
date_1888_1888_1888,fact_date_date_1888_1888_1888_the_population_was_28_225_in_1888,HAS_FACT
date_1888_1888_1888,fact_date_date_1888_1888_1888_including_outer_municipalities_the_population_was_91_227_in_1888,HAS_FACT
date_1894_1894_1894,fact_date_date_1894_1894_1894_the_population_of_zurich_was_121_057_in_1894,HAS_FACT
date_1894_1894_1894,fact_date_date_1894_1894_1894_the_9_outer_municipalities_and_the_municipalities_wollishofen_and_wipkingen_were_united_with_zurich_in_1894,HAS_FACT
date_1862_1862_1862,fact_date_date_1862_1862_1862_year_mentioned_is_1862,HAS_FACT
date_1862_1862_1862,fact_date_date_1862_1862_1862_number_of_residential_houses_was_3514_in_1862,HAS_FACT
date_1862_1862_1862,fact_date_date_1862_1862_1862_insurance_value_was_140_million_fr_in_1862,HAS_FACT
date_1892_1892_1892,fact_date_date_1892_1892_1892_year_mentioned_is_1892,HAS_FACT
date_1892_1892_1892,fact_date_date_1892_1892_1892_number_of_residential_houses_was_7338,HAS_FACT
date_1892_1892_1892,fact_date_date_1892_1892_1892_insurance_value_was_359_million_fr,HAS_FACT
date_1900_1900_1900,fact_date_date_1900_1900_1900_year_is_1900,HAS_FACT
date_1900_1900_1900,fact_date_date_1900_1900_1900_residential_houses_numbered_9867_in_1900,HAS_FACT
date_1900_1900_1900,fact_date_date_1900_1900_1900_insurance_value_was_552_million_fr_in_1900,HAS_FACT
date_1906_1906_1906,fact_date_date_1906_1906_1906_in_1906_there_were_10_122_residential_houses,HAS_FACT
date_1906_1906_1906,fact_date_date_1906_1906_1906_in_1906_the_insurance_value_was_597_million_fr,HAS_FACT
date_before_1863_none_1862,fact_date_date_before_1863_none_1862_the_data_refers_to_a_time_before_1863,HAS_FACT
date_1863_1892_1863_1892,fact_date_date_1863_1892_1863_1892_the_buildings_were_constructed_between_1863_and_1892,HAS_FACT
date_1893_1900_1893_1900,fact_date_date_1893_1900_1893_1900_the_buildings_were_constructed_between_1893_and_1900,HAS_FACT
date_1901_1906_1901_1906,fact_date_date_1901_1906_1901_1906_the_buildings_were_constructed_between_1901_and_1906,HAS_FACT
date_end_of_1862_1862_1862,fact_date_date_end_of_1862_1862_1862_residential_houses_end_of_1862,HAS_FACT
date_end_of_1862_1862_1862,fact_date_date_end_of_1862_1862_1862_population_3514,HAS_FACT
date_end_of_1892_1892_1892,fact_date_date_end_of_1892_1892_1892_residential_houses_counted_at_the_end_of_1892,HAS_FACT
date_end_of_1900_1900_1900,fact_date_date_end_of_1900_1900_1900_residential_houses_end_of_1900,HAS_FACT
date_end_of_1900_1900_1900,fact_date_date_end_of_1900_1900_1900_population_9867,HAS_FACT
date_end_of_1906_1906_1906,fact_date_date_end_of_1906_1906_1906_residential_houses_end_of_1906,HAS_FACT
date_end_of_1906_1906_1906,fact_date_date_end_of_1906_1906_1906_population_10_427,HAS_FACT
date_1893_1893_1893,fact_date_date_1893_1893_1893_total_deaths_in_1893_were_18_37,HAS_FACT
date_1893_1893_1893,fact_date_date_1893_1893_1893_deaths_from_pulmonary_tuberculosis_in_1893_were_2_23,HAS_FACT
date_1894_1894_1894,fact_date_date_1894_1894_1894_total_deaths_in_1894_were_17_46,HAS_FACT
date_1894_1894_1894,fact_date_date_1894_1894_1894_deaths_from_pulmonary_tuberculosis_in_1894_were_2_22,HAS_FACT
date_1895_1895_1895,fact_date_date_1895_1895_1895_total_deaths_in_1895_were_17_38,HAS_FACT
date_1895_1895_1895,fact_date_date_1895_1895_1895_deaths_from_pulmonary_tuberculosis_in_1895_were_2_04,HAS_FACT
date_1896_1896_1896,fact_date_date_1896_1896_1896_total_deaths_in_1896_were_16_71,HAS_FACT
date_1896_1896_1896,fact_date_date_1896_1896_1896_deaths_from_pulmonary_tuberculosis_in_1896_were_1_94,HAS_FACT
date_1897_1897_1897,fact_date_date_1897_1897_1897_total_deaths_in_1897_were_16_50,HAS_FACT
date_1897_1897_1897,fact_date_date_1897_1897_1897_deaths_from_pulmonary_tuberculosis_in_1897_were_2_04,HAS_FACT
date_1898_1898_1898,fact_date_date_1898_1898_1898_total_deaths_in_1898_were_17_33,HAS_FACT
date_1898_1898_1898,fact_date_date_1898_1898_1898_deaths_from_pulmonary_tuberculosis_in_1898_were_2_14,HAS_FACT
date_1899_1899_1899,fact_date_date_1899_1899_1899_total_deaths_in_1899_were_15_42,HAS_FACT
date_1899_1899_1899,fact_date_date_1899_1899_1899_deaths_from_pulmonary_tuberculosis_in_1899_were_2_09,HAS_FACT
date_1900_1900_1900,fact_date_date_1900_1900_1900_total_deaths_were_18_65_in_1900,HAS_FACT
date_1900_1900_1900,fact_date_date_1900_1900_1900_deaths_from_pulmonary_tuberculosis_were_2_49_in_1900,HAS_FACT
date_1901_1901_1901,fact_date_date_1901_1901_1901_total_deaths_in_1901_were_15_32,HAS_FACT
date_1901_1901_1901,fact_date_date_1901_1901_1901_deaths_from_pulmonary_tuberculosis_in_1901_were_2_11,HAS_FACT
date_1902_1902_1902,fact_date_date_1902_1902_1902_total_deaths_in_1902_were_15_92,HAS_FACT
date_1902_1902_1902,fact_date_date_1902_1902_1902_deaths_from_pulmonary_tuberculosis_in_1902_were_1_87,HAS_FACT
date_1903_1903_1903,fact_date_date_1903_1903_1903_total_deaths_in_1903_were_14_74,HAS_FACT
date_1903_1903_1903,fact_date_date_1903_1903_1903_deaths_from_pulmonary_tuberculosis_in_1903_were_2_16,HAS_FACT
date_1904_1904_1904,fact_date_date_1904_1904_1904_total_deaths_in_1904_were_14_55,HAS_FACT
date_1904_1904_1904,fact_date_date_1904_1904_1904_deaths_from_pulmonary_tuberculosis_in_1904_were_1_96,HAS_FACT
date_1905_1905_1905,fact_date_date_1905_1905_1905_total_deaths_in_1905_were_14_41,HAS_FACT
date_1905_1905_1905,fact_date_date_1905_1905_1905_deaths_from_pulmonary_tuberculosis_in_1905_were_1_91,HAS_FACT
date_1906_1906_1906,fact_date_date_1906_1906_1906_total_deaths_in_1906_were_13_58,HAS_FACT
date_1906_1906_1906,fact_date_date_1906_1906_1906_deaths_from_pulmonary_tuberculosis_in_1906_were_1_74,HAS_FACT
date_1907_1907_1907,fact_date_date_1907_1907_1907_total_deaths_in_1907_were_12_74,HAS_FACT
date_1907_1907_1907,fact_date_date_1907_1907_1907_deaths_from_pulmonary_tuberculosis_in_1907_were_1_63,HAS_FACT
date_1908_1908_1908,fact_date_date_1908_1908_1908_the_magnetic_declination_in_zurich_in_1908_was_11½_w,HAS_FACT
date_around_1540_1535_1545,fact_date_date_around_1540_1535_1545_the_woodcut_was_created_around_1540,HAS_FACT
date_12th_century_1101_1200,fact_date_date_12th_century_1101_1200_the_settlement_cores_were_enclosed_by_an_extensive_city_wall_in_the_12th_century,HAS_FACT
date_13th_century_1201_1300,fact_date_date_13th_century_1201_1300_the_city_wall_was_newly_built_in_the_13th_century,HAS_FACT
date_17th_century_1601_1700,fact_date_date_17th_century_1601_1700_baroque_star_shaped_fortifications_were_constructed_in_the_17th_century_leading_to_an_expansion_of_the_fortified_settlement_area,HAS_FACT
date_1893_1893_1893,fact_date_date_1893_1893_1893_in_1893_several_municipalities_merged_into_zurich,HAS_FACT
date_1934_1934_1934,fact_date_date_1934_1934_1934_in_1934_additional_municipalities_became_part_of_zurich,HAS_FACT
date_1850_2000_1850_2000,fact_date_date_1850_2000_1850_2000_data_covers_the_years_1850_to_2000_according_to_the_territorial_status_of_2000,HAS_FACT
date_1888_1930_1888_1930,fact_date_date_1888_1930_1888_1930_population_data_from_1888_to_1930_includes_old_catholics,HAS_FACT
date_from_1950_1950_2000,fact_date_date_from_1950_1950_2000_from_1950_population_data_includes_roman_catholics,HAS_FACT
date_mesolithic_10000_4500,fact_date_date_mesolithic_10000_4500_flint_tools_from_the_mesolithic_were_found_at_katzensee,HAS_FACT
date_about_4300_to_800_bc_4300_800,fact_date_date_about_4300_to_800_bc_4300_800_numerous_finds_on_and_in_the_lower_lake_basin_testify_to_significant_settlement_during_the_neolithic_and_bronze_age_in_the_period_from_about_4300_to_800_bc,HAS_FACT
date_bronze_age_2200_800,fact_date_date_bronze_age_2200_800_numerous_finds_on_and_in_the_lower_lake_basin_testify_to_significant_settlement_during_the_bronze_age,HAS_FACT
date_hallstatt_period_800_450,fact_date_date_hallstatt_period_800_450_in_the_hallstatt_period_a_significant_central_settlement_was_located_on_the_uetliberg,HAS_FACT
date_early_la_tène_period_450_250,fact_date_date_early_la_tène_period_450_250_in_the_early_la_tène_period_a_significant_central_settlement_was_located_on_the_uetliberg,HAS_FACT
date_early_and_middle_la_tène_period_450_150,fact_date_date_early_and_middle_la_tène_period_450_150_from_the_early_and_middle_la_tène_period_sporadic_grave_finds_are_known_within_the_city_area,HAS_FACT
date_80_bc_onwards_80_none,fact_date_date_80_bc_onwards_80_none_a_celtic_oppidum_is_verifiable_from_80_bc_onwards_on_the_left_side_of_the_limmat,HAS_FACT
date_around_100_bc_100_100,fact_date_date_around_100_bc_100_100_a_lump_of_over_17_000_fused_celtic_coins_from_around_100_bc_was_uncovered_on_the_southern_bahnhofstrasse,HAS_FACT
date_6th_century_501_600,fact_date_date_6th_century_501_600_the_woman_s_grave_on_bäckerstrasse_dates_to_the_6th_century,HAS_FACT
date_16_15_bc_16_15,fact_date_date_16_15_bc_16_15_roman_military_stationing_occurred_during_the_alpine_campaign_16_15_bc,HAS_FACT
date_40_or_30_bc_40_30,fact_date_date_40_or_30_bc_40_30_roman_military_stationing_occurred_already_from_40_or_30_bc_in_the_existing_celtic_settlement,HAS_FACT
date_around_200_190_210,fact_date_date_around_200_190_210_a_gravestone_dated_around_200_names_the_statio_turicensis,HAS_FACT
date_1st_to_4th_centuries_1_400,fact_date_date_1st_to_4th_centuries_1_400_an_island_sanctuary_on_the_grosse_hafner_was_used_from_the_1st_to_4th_centuries,HAS_FACT
date_122_122_122,fact_date_date_122_122_122_the_island_sanctuary_on_the_grosse_hafner_was_newly_built_in_122_on_a_round_plan_with_wooden_posts,HAS_FACT
date_around_70_65_75,fact_date_date_around_70_65_75_the_transition_to_stone_construction_in_residential_buildings_can_be_observed_around_70,HAS_FACT
date_early_4th_century_301_330,fact_date_date_early_4th_century_301_330_in_late_roman_times_probably_in_the_early_4th_century_the_summit_of_the_lindenhof_hill_was_fortified_with_a_castellum,HAS_FACT
date_6th_century_501_600,fact_date_date_6th_century_501_600_the_burials_examined_in_the_bäckerstrasse_cemetery_from_the_6th_century_suggest_a_majority_roman_speaking_population,HAS_FACT
date_7th_century_601_700,fact_date_date_7th_century_601_700_building_techniques_introduced_in_roman_times_were_used_in_a_7th_century_cemetery_on_st_petershügel,HAS_FACT
date_7th_and_8th_centuries_601_800,fact_date_date_7th_and_8th_centuries_601_800_within_the_castellum_several_stone_buildings_were_erected_in_the_7th_and_8th_centuries_after_terrain_works,HAS_FACT
date_7th_and_8th_centuries_601_800,fact_date_date_7th_and_8th_centuries_601_800_remains_of_wooden_houses_from_the_same_time_were_found_in_niederdorf,HAS_FACT
date_8th_and_9th_centuries_701_900,fact_date_date_8th_and_9th_centuries_701_900_zurich_was_the_center_of_an_extensive_carolingian_imperial_estate_complex_in_the_8th_and_9th_centuries,HAS_FACT
date_around_760_760_760,fact_date_date_around_760_760_760_the_fiscus_zurich_was_created_around_760_establishing_an_administrative_organization,HAS_FACT
date_853_853_853,fact_date_date_853_853_853_ludwig_the_german_equipped_the_fraumünster_monastery_with_the_estate_in_a_deed_of_donation_in_853,HAS_FACT
date_10th_century_901_1000,fact_date_date_10th_century_901_1000_in_the_10th_century_dukes_of_swabia_were_appointed_as_bailiffs_for_the_royal_property_in_zurich,HAS_FACT
date_11th_and_12th_centuries_1001_1200,fact_date_date_11th_and_12th_centuries_1001_1200_in_the_11th_and_12th_centuries_zurich_had_economic_relations_up_to_the_baltic_sea_area,HAS_FACT
date_after_1000_1001_1500,fact_date_date_after_1000_1001_1500_royal_visits_to_zurich_resumed_after_1000,HAS_FACT
date_1045_1055_1045_1055,fact_date_date_1045_1055_1045_1055_henry_iii_stayed_six_times_in_the_palace_on_lindenhof_between_1045_1055,HAS_FACT
date_1045_1055_1045_1055,fact_date_date_1045_1055_1045_1055_the_palace_on_lindenhof_was_expanded_into_a_residence_with_a_two_story_hall_and_chapel_during_this_period,HAS_FACT
date_mid_12th_century_1140_1160,fact_date_date_mid_12th_century_1140_1160_otto_of_freising_described_zurich_as_the_most_distinguished_city_of_swabia_in_the_mid_12th_century,HAS_FACT
date_1098_1098_1098,fact_date_date_1098_1098_1098_in_the_staufer_zähringer_compromise_of_1098_zurich_left_the_domain_of_the_staufer_dukes,HAS_FACT
date_1098_1098_1098,fact_date_date_1098_1098_1098_the_counts_of_lenzburg_were_confirmed_and_the_dukes_of_zähringen_were_appointed_holders_of_imperial_rights_in_1098,HAS_FACT
date_976_976_976,fact_date_date_976_976_976_the_counts_of_lenzburg_were_appointed_as_provosts_and_monastery_bailiffs_in_976,HAS_FACT
date_1173_to_1218_1173_1218,fact_date_date_1173_to_1218_1173_1218_the_zähringers_were_the_sole_city_lords_from_1173_to_1218,HAS_FACT
date_10th_century_901_1000,fact_date_date_10th_century_901_1000_the_fraumünster_and_grossmünster_convents_formed_in_the_10th_century,HAS_FACT
date_10th_century_901_1000,fact_date_date_10th_century_901_1000_the_wasserkirche_and_the_parish_churches_of_st_peter_and_st_stephan_formed_an_exceptional_sacred_landscape_in_the_10th_century,HAS_FACT
date_9th_century_801_900,fact_date_date_9th_century_801_900_the_oldest_archaeologically_proven_church_of_the_benedictine_nunnery_fraumünster_is_a_large_hall_church_of_the_9th_century,HAS_FACT
date_end_of_the_8th_century_780_799,fact_date_date_end_of_the_8th_century_780_799_the_passion_story_written_down_at_the_end_of_the_8th_century_reports_miracles_at_the_graves_of_the_city_saints,HAS_FACT
date_between_1100_and_1230_1100_1230,fact_date_date_between_1100_and_1230_1100_1230_the_grossmünster_church_was_rebuilt_in_late_romanesque_style_between_1100_and_1230_replacing_a_predecessor_building,HAS_FACT
date_1000_1000_1000,fact_date_date_1000_1000_1000_the_oldest_predecessor_of_the_wasserkirche_can_be_dated_to_1000,HAS_FACT
date_857_857_857,fact_date_date_857_857_857_the_church_of_st_peter_was_first_mentioned_in_857,HAS_FACT
date_12th_century_1101_1200,fact_date_date_12th_century_1101_1200_st_peter_is_attested_as_a_parish_church_from_the_12th_century,HAS_FACT
date_1127_1127_1127,fact_date_date_1127_1127_1127_the_augustinian_canons_monastery_of_st_martin_was_founded_on_zurichberg_in_1127,HAS_FACT
date_8th_century_701_800,fact_date_date_8th_century_701_800_written_sources_from_the_8th_century_provide_clues_about_the_settlement_s_topography,HAS_FACT
date_carolingian_times_750_900,fact_date_date_carolingian_times_750_900_wooden_buildings_near_fraumünster_and_embankments_at_the_eastern_limmat_bank_date_from_carolingian_times,HAS_FACT
date_10th_11th_century_901_1100,fact_date_date_10th_11th_century_901_1100_the_expanded_defensive_ditch_of_lindenhof_at_upper_rennweg_is_dated_to_the_10th_11th_century,HAS_FACT
date_12th_century_1101_1200,fact_date_date_12th_century_1101_1200_the_intensive_building_activity_of_the_12th_century_was_recorded_in_written_sources,HAS_FACT
date_12th_century_1101_1200,fact_date_date_12th_century_1101_1200_the_first_extensive_city_wall_and_a_bossed_square_stone_wall_on_the_limmat_shore_are_evidenced_archaeologically,HAS_FACT
date_12th_century_1101_1200,fact_date_date_12th_century_1101_1200_the_four_story_core_building_of_the_guild_house_of_the_carpenters_is_dendro_dated_to_1156,HAS_FACT
date_1156_1156_1156,fact_date_date_1156_1156_1156_the_four_story_core_building_of_the_guild_house_of_the_carpenters_is_dendro_dated_to_1156,HAS_FACT
date_1098_1098_1098,fact_date_date_1098_1098_1098_the_imperial_bailiwick_zurich_was_assigned_in_1098_to_the_dukes_of_zähringen,HAS_FACT
date_1218_1218_1218,fact_date_date_1218_1218_1218_the_dukes_of_zähringen_became_extinct_in_1218,HAS_FACT
date_early_13th_century_1201_1233,fact_date_date_early_13th_century_1201_1233_the_old_center_of_power_on_lindenhof_must_have_been_destroyed_by_citizens_in_the_early_13th_century,HAS_FACT
date_1271_1271_1271,fact_date_date_1271_1271_1271_the_destruction_of_lindenhof_occurred_long_before_1271_according_to_written_records,HAS_FACT
date_until_1512_none_1512,fact_date_date_until_1512_none_1512_the_imperial_immediacy_of_the_city_was_certified_several_times_until_1512_by_emperor_and_empire,HAS_FACT
date_1234_1234_1234,fact_date_date_1234_1234_1234_the_abbess_attained_the_rank_of_imperial_princess_attested_from_1234,HAS_FACT
date_late_13th_century_1275_1299,fact_date_date_late_13th_century_1275_1299_from_the_late_13th_century_the_manorial_rights_and_prerogatives_of_the_abbey_increasingly_came_under_the_influence_of_the_bourgeoisie,HAS_FACT
date_1433_1433_1433,fact_date_date_1433_1433_1433_in_1433_emperor_sigismund_allowed_the_citizenry_to_change_legal_texts_independently,HAS_FACT
date_late_middle_ages_1300_1500,fact_date_date_late_middle_ages_1300_1500_due_to_economic_decline_the_city_increasingly_intervened_in_monastery_affairs_in_the_late_middle_ages,HAS_FACT
date_1524_1524_1524,fact_date_date_1524_1524_1524_the_monastery_was_dissolved_in_the_reformation_in_1524_and_its_property_confiscated,HAS_FACT
date_1533_1533_1533,fact_date_date_1533_1533_1533_the_office_of_obmann_was_established_in_1533_to_manage_the_former_monastery_s_assets,HAS_FACT
date_1347_1347_1347,fact_date_date_1347_1347_1347_the_oldest_seal_stamp_of_the_city_of_zurich_dates_to_1347,HAS_FACT
date_1220_1220_1220,fact_date_date_1220_1220_1220_a_council_is_attested_in_zurich_from_1220,HAS_FACT
date_mid_13th_century_1240_1260,fact_date_date_mid_13th_century_1240_1260_until_the_mid_13th_century_the_exact_competences_of_the_council_are_not_known,HAS_FACT
date_1250_1250_1250,fact_date_date_1250_1250_1250_from_1250_the_council_is_better_traceable_through_council_lists,HAS_FACT
date_1250_1250_1250,fact_date_date_1250_1250_1250_the_judge_s_letter_was_first_drafted_around_1250,HAS_FACT
date_1252_1252_1252,fact_date_date_1252_1252_1252_council_lists_are_fully_mentioned_in_1252,HAS_FACT
date_1252_1252_1252,fact_date_date_1252_1252_1252_the_town_hall_is_first_mentioned_in_1252_as_the_place_where_a_document_was_issued,HAS_FACT
date_1304_1304_1304,fact_date_date_1304_1304_1304_the_renewed_version_of_the_judge_s_letter_in_1304_forbade_the_formation_of_guilds_as_political_groups,HAS_FACT
date_1292_1292_1292,fact_date_date_1292_1292_1292_after_the_failed_attack_on_winterthur_in_1292_the_bourgeois_commercial_patriciate_increasingly_displaced_the_knights_from_the_council,HAS_FACT
date_1336_1336_1336,fact_date_date_1336_1336_1336_the_rise_of_the_patricians_was_halted_in_1336_by_the_brun_guild_revolution,HAS_FACT
date_1350_1350_1350,fact_date_date_1350_1350_1350_the_zurich_murder_night_occurred_in_1350,HAS_FACT
date_1798_1798_1798,fact_date_date_1798_1798_1798_the_guild_constitution_remained_in_a_modified_form_until_1798,HAS_FACT
date_1373_1373_1373,fact_date_date_1373_1373_1373_the_second_sworn_letter_dates_from_1373,HAS_FACT
date_1373_1373_1373,fact_date_date_1373_1373_1373_in_1373_the_mayor_s_powers_were_curtailed_and_his_term_restricted_to_the_six_month_council_cycle_in_zurich,HAS_FACT
date_1393_1393_1393,fact_date_date_1393_1393_1393_in_1393_the_third_sworn_letter_sanctioned_the_election_of_guild_members_among_the_consules_and_made_the_great_council_and_small_council_the_supreme_state_authority_in_zur,HAS_FACT
date_1401_1401_1401,fact_date_date_1401_1401_1401_after_the_pogroms_against_jews_in_1401_the_great_council_in_zurich_defended_its_right_to_self_appointment_and_elected_guild_superiors,HAS_FACT
date_15th_century_1401_1500,fact_date_date_15th_century_1401_1500_from_the_15th_century_the_guild_masters_college_took_control_over_council_and_guilds_in_zurich,HAS_FACT
date_1489_1489_1489,fact_date_date_1489_1489_1489_hans_waldmann_was_overthrown_in_1489_leading_to_a_limitation_of_guild_powers_to_trade_rights_in_zurich,HAS_FACT
date_1498_1498_1498,fact_date_date_1498_1498_1498_the_fourth_or_fifth_sworn_letter_of_1498_allowed_free_guild_choice_for_professional_groups_in_zurich,HAS_FACT
date_1490_1490_1490,fact_date_date_1490_1490_1490_from_1490_hintersassen_were_included_in_the_konstaffel_in_zurich,HAS_FACT
date_late_15th_century_1471_1500,fact_date_date_late_15th_century_1471_1500_the_great_council_or_council_of_two_hundred_consisted_from_the_late_15th_century_of_both_mayors_48_members_of_the_old_and_new_small_councils_144_zwölfer_and_,HAS_FACT
date_1633_1633_1633,fact_date_date_1633_1633_1633_the_secret_council_was_permanently_established_from_1633,HAS_FACT
date_1654_1654_1654,fact_date_date_1654_1654_1654_the_sixth_sworn_letter_of_1654_confirmed_the_free_guild_choice_of_merchants,HAS_FACT
date_1712_1713_1712_1713,fact_date_date_1712_1713_1712_1713_the_seventh_sworn_letter_was_enacted_in_response_to_the_civil_unrest_of_1712_1713,HAS_FACT
date_1599_1599_1599,fact_date_date_1599_1599_1599_the_share_of_merchants_in_the_citizenry_was_3_in_1599,HAS_FACT
date_1790_1790_1790,fact_date_date_1790_1790_1790_the_share_of_merchants_in_the_citizenry_rose_to_12_in_1790,HAS_FACT
date_late_15th_century_1475_1500,fact_date_date_late_15th_century_1475_1500_already_from_the_late_15th_century_aristocratization_and_intensification_of_absolutist_state_developed_in_zurich,HAS_FACT
date_mid_16th_century_1540_1560,fact_date_date_mid_16th_century_1540_1560_the_closure_of_citizenship_rights_was_strengthened_from_mid_16th_century_in_zurich,HAS_FACT
date_late_18th_century_1775_1800,fact_date_date_late_18th_century_1775_1800_by_the_late_18th_century_the_guilds_as_corporations_mainly_had_organizational_roles_in_zurich,HAS_FACT
date_late_18th_century_1775_1800,fact_date_date_late_18th_century_1775_1800_political_authority_was_led_by_the_elite_of_merchants_and_city_nobility_by_the_late_18th_century_in_zurich,HAS_FACT
date_13th_century_1201_1300,fact_date_date_13th_century_1201_1300_fortifications_were_built_in_the_13th_century_following_an_older_city_wall,HAS_FACT
date_13th_century_1201_1300,fact_date_date_13th_century_1201_1300_the_political_center_shifted_from_lindenhof_to_the_limmat_in_the_13th_century,HAS_FACT
date_13th_century_1201_1300,fact_date_date_13th_century_1201_1300_the_two_bridges_rathausbrücke_and_münsterbrücke_arose_in_the_first_half_of_the_13th_century,HAS_FACT
date_13th_century_1201_1300,fact_date_date_13th_century_1201_1300_the_oetenbach_monastery_and_rennweg_were_established_during_the_related_city_expansion_in_the_13th_century,HAS_FACT
date_first_half_of_the_13th_century_1201_1250,fact_date_date_first_half_of_the_13th_century_1201_1250_the_two_bridges_rathausbrücke_and_münsterbrücke_arose_in_the_first_half_of_the_13th_century,HAS_FACT
date_1642_to_the_18th_century_1642_1799,fact_date_date_1642_to_the_18th_century_1642_1799_a_star_shaped_fortification_was_built_from_1642_to_the_18th_century_doubling_the_walled_area,HAS_FACT
date_1770_1770_1770,fact_date_date_1770_1770_1770_the_copper_engraving_dates_from_1770,HAS_FACT
date_14th_and_15th_centuries_1301_1500,fact_date_date_14th_and_15th_centuries_1301_1500_closed_alleys_emerged_from_the_14th_and_15th_centuries,HAS_FACT
date_late_13th_century_1275_1300,fact_date_date_late_13th_century_1275_1300_the_kornhaus_at_weinplatz_was_set_up_in_the_late_13th_century_for_grain_trade,HAS_FACT
date_17th_century_1601_1700,fact_date_date_17th_century_1601_1700_the_kornhaus_was_relocated_to_the_upper_bridge_in_the_17th_century,HAS_FACT
date_1397_1397_1397,fact_date_date_1397_1397_1397_a_second_town_hall_was_built_from_1397_at_the_same_place_as_the_first,HAS_FACT
date_1694_1698_1694_1698,fact_date_date_1694_1698_1694_1698_from_1694_1698_the_still_existing_town_hall_building_was_constructed_on_the_right_limmat_bank,HAS_FACT
date_around_1468_1465_1470,fact_date_date_around_1468_1465_1470_the_courthouse_later_main_guard_was_built_around_1468_on_the_limmat,HAS_FACT
date_1253_1253_1253,fact_date_date_1253_1253_1253_the_helmhaus_was_mentioned_in_1253_on_the_gable_side_of_the_wasserkirche,HAS_FACT
date_1412_1412_1412,fact_date_date_1412_1412_1412_the_hottinger_tower_with_kaufhaus_was_built_from_1412_and_later_served_as_a_salt_house,HAS_FACT
date_16th_century_1501_1600,fact_date_date_16th_century_1501_1600_the_bauhaus_in_the_kratz_quarter_was_the_most_important_representative_building_of_the_16th_century,HAS_FACT
date_1436_1436_1436,fact_date_date_1436_1436_1436_the_jewish_community_was_expelled_in_1436,HAS_FACT
date_1633_to_1639_1633_1639,fact_date_date_1633_to_1639_1633_1639_the_secularized_wasserkirche_was_converted_into_a_citizen_library_with_art_chamber_from_1633_to_1639,HAS_FACT
date_17th_and_18th_centuries_1601_1800,fact_date_date_17th_and_18th_centuries_1601_1800_important_secular_buildings_include_extended_or_newly_built_guild_houses_and_several_houses_from_the_17th_and_18th_centuries,HAS_FACT
date_13th_century_1201_1300,fact_date_date_13th_century_1201_1300_the_silk_trade_was_documented_from_the_13th_century_in_zurich,HAS_FACT
date_1336_1336_1336,fact_date_date_1336_1336_1336_the_brun_s_revolt_occurred_in_1336,HAS_FACT
date_1350_1350_1350,fact_date_date_1350_1350_1350_the_plague_year_of_1350_caused_a_decline_in_textile_trades_and_long_distance_trade,HAS_FACT
date_around_1330_1325_1335,fact_date_date_around_1330_1325_1335_the_coat_of_arms_frieze_in_the_painted_festival_hall_dates_to_around_1330,HAS_FACT
date_first_half_of_the_16th_century_1501_1550,fact_date_date_first_half_of_the_16th_century_1501_1550_in_the_first_half_of_the_16th_century_only_cloth_production_had_supra_regional_importance_in_zurich_s_textile_trade,HAS_FACT
date_mid_century_1550_1550,fact_date_date_mid_century_1550_1550_from_the_mid_16th_century_protestant_refugees_gave_new_impetus_to_the_textile_industry_in_zurich,HAS_FACT
date_from_1620_1620_1620,fact_date_date_from_1620_1620_1620_from_1620_the_number_of_textile_publishers_in_zurich_clearly_increased_with_some_fluctuations,HAS_FACT
date_1662_1662_1662,fact_date_date_1662_1662_1662_the_commercial_directorate_was_formed_in_zurich_in_1662_to_defend_merchant_publishers_interests,HAS_FACT
date_1755_1755_1755,fact_date_date_1755_1755_1755_the_state_owned_interest_commission_was_founded_in_zurich_in_1755_which_later_became_bank_leu,HAS_FACT
date_mid_19th_century_1851_1875,fact_date_date_mid_19th_century_1851_1875_zurich_lagged_behind_basel_geneva_and_st_gallen_as_a_financial_and_trading_center_until_the_mid_19th_century,HAS_FACT
date_between_the_9th_and_12th_centuries_801_1200,fact_date_date_between_the_9th_and_12th_centuries_801_1200_between_the_9th_and_12th_centuries_three_social_groups_are_recognizable_among_zurich_s_lay_population,HAS_FACT
date_first_half_of_the_12th_century_1101_1150,fact_date_date_first_half_of_the_12th_century_1101_1150_in_the_first_half_of_the_12th_century_the_differentiation_among_social_groups_disappeared_in_favor_of_uniform_designations_for_city_inhabitants,HAS_FACT
date_late_middle_ages_1300_1500,fact_date_date_late_middle_ages_1300_1500_in_the_late_middle_ages_knights_and_bourgeois_patriciate_formed_the_upper_class_most_craftsmen_the_middle_class_and_penniless_craftsmen_journeymen_and_many_si,HAS_FACT
date_18th_century_1701_1800,fact_date_date_18th_century_1701_1800_the_sechseläuten_festival_developed_in_the_18th_century,HAS_FACT
date_1818_1818_1818,fact_date_date_1818_1818_1818_the_first_parades_of_the_sechseläuten_festival_took_place_from_1818,HAS_FACT
date_thirty_years_war_1618_1648,fact_date_date_thirty_years_war_1618_1648_the_boy_shooting_dates_back_to_the_thirty_years_war,HAS_FACT
date_1809_1809_1809,fact_date_date_1809_1809_1809_the_boy_shooting_was_institutionalized_in_1809,HAS_FACT
date_late_middle_ages_1300_1500,fact_date_date_late_middle_ages_1300_1500_in_the_late_middle_ages_diverse_religious_life_prevailed_in_zurich,HAS_FACT
date_late_middle_ages_1300_1500,fact_date_date_late_middle_ages_1300_1500_the_cult_of_felix_and_regula_played_a_central_identity_shaping_role_in_zurich,HAS_FACT
date_13th_century_1201_1300,fact_date_date_13th_century_1201_1300_in_the_13th_century_the_women_s_monasteries_oetenbach_st_verena_and_selnau_were_founded_in_zurich,HAS_FACT
date_13th_century_1201_1300,fact_date_date_13th_century_1201_1300_mendicant_order_monasteries_of_augustinian_hermits_franciscans_and_preachers_were_founded_in_zurich,HAS_FACT
date_1525_1525_1525,fact_date_date_1525_1525_1525_in_1525_a_civil_ecclesiastical_marriage_court_was_introduced,HAS_FACT
date_17th_century_1601_1700,fact_date_date_17th_century_1601_1700_in_the_17th_century_a_dogmatic_church_dominated_city_public_life,HAS_FACT
date_1685_1685_1685,fact_date_date_1685_1685_1685_in_1685_a_french_church_was_established_for_protestant_refugees,HAS_FACT
date_1799_1799_1799,fact_date_date_1799_1799_1799_catholic_mass_was_celebrated_again_for_the_first_time_only_in_1799,HAS_FACT
date_from_the_17th_century_1601_1700,fact_date_date_from_the_17th_century_1601_1700_the_highest_level_was_the_prophezei_from_the_17th_century_carolinum,HAS_FACT
date_from_the_17th_century_1601_1700,fact_date_date_from_the_17th_century_1601_1700_the_first_newspapers_appeared_from_the_first_half_of_the_17th_century,HAS_FACT
date_from_the_17th_century_1601_1700,fact_date_date_from_the_17th_century_1601_1700_in_the_17th_century_first_societies_emerged_among_them_the_collegium_insulanum_founded_in_1679_and_the_collegium_anatomicum_of_1685,HAS_FACT
date_1679_1679_1679,fact_date_date_1679_1679_1679_the_collegium_insulanum_was_founded_in_1679,HAS_FACT
date_1685_1685_1685,fact_date_date_1685_1685_1685_the_collegium_anatomicum_was_founded_in_1685,HAS_FACT
date_18th_century_1701_1800,fact_date_date_18th_century_1701_1800_in_the_18th_century_among_others_the_physical_society_founded_in_1746_and_the_mathematical_military_society_founded_in_1765,HAS_FACT
date_1746_1746_1746,fact_date_date_1746_1746_1746_the_physical_society_was_founded_in_1746,HAS_FACT
date_1765_1765_1765,fact_date_date_1765_1765_1765_the_mathematical_military_society_was_founded_in_1765,HAS_FACT
date_1774_1774_1774,fact_date_date_1774_1774_1774_in_1774_the_art_school_was_opened,HAS_FACT
date_1782_1782_1782,fact_date_date_1782_1782_1782_in_1782_the_medical_surgical_institute_was_opened,HAS_FACT
date_from_1645_1645_1645,fact_date_date_from_1645_1645_1645_from_1645_the_citizens_library_published_new_year_s_leaflets_for_educating_zurich_youth,HAS_FACT
date_1613_1613_1613,fact_date_date_1613_1613_1613_the_society_at_the_music_hall_was_founded_in_1613,HAS_FACT
date_16th_century_1501_1600,fact_date_date_16th_century_1501_1600_in_the_16th_century_plays_were_performed_on_münsterhof_involving_the_whole_city,HAS_FACT
date_1624_1624_1624,fact_date_date_1624_1624_1624_theater_life_ceased_completely_in_1624_under_antistes_johann_jakob_breitinger_due_to_puritan_rigorism,HAS_FACT
date_1575_1645_1575_1645,fact_date_date_1575_1645_1575_1645_antistes_johann_jakob_breitinger_lived_from_1575_to_1645,HAS_FACT
date_18th_century_1701_1800,fact_date_date_18th_century_1701_1800_zurich_became_a_center_of_german_language_literature_in_the_18th_century_thanks_to_johann_jakob_bodmer_and_johann_jakob_breitinger,HAS_FACT
date_1701_1776_1701_1776,fact_date_date_1701_1776_1701_1776_johann_jakob_breitinger_lived_from_1701_to_1776,HAS_FACT
date_1798_1798_1798,fact_date_date_1798_1798_1798_after_the_helvetic_revolution_of_1798_the_helvetic_unitary_state_and_its_cantonal_administrative_units_succeeded_the_old_city_state_legal_system,HAS_FACT
date_1799_1799_1799,fact_date_date_1799_1799_1799_in_1799_the_citizen_community_joined_the_political_municipality,HAS_FACT
date_1803_1803_1803,fact_date_date_1803_1803_1803_the_community_assembly_elected_a_15_member_city_council_according_to_the_cantonal_municipality_law_of_1803,HAS_FACT
date_1803_1803_1803,fact_date_date_1803_1803_1803_the_poor_and_citizen_community_existed_since_1803_as_a_territorial_corporation,HAS_FACT
date_mediation_period_1803_1814,fact_date_date_mediation_period_1803_1814_during_the_mediation_period_the_community_assembly_elected_a_15_member_city_council,HAS_FACT
date_1816_1816_1816,fact_date_date_1816_1816_1816_in_1816_the_cantonal_great_council_enacted_an_organizational_law_for_the_city_council_based_on_the_restoration_constitution,HAS_FACT
date_restoration_constitution_1814_1830,fact_date_date_restoration_constitution_1814_1830_the_organizational_law_for_the_city_council_was_based_on_the_restoration_constitution,HAS_FACT
date_1831_1831_1831,fact_date_date_1831_1831_1831_the_regeneration_constitution_of_1831_granted_municipalities_the_right_to_enact_own_municipal_regulations,HAS_FACT
date_1831_1831_1831,fact_date_date_1831_1831_1831_the_first_zurich_municipality_ordinance_of_1831_established_a_small_city_council_and_a_60_member_large_city_council,HAS_FACT
date_1838_1838_1838,fact_date_date_1838_1838_1838_the_election_guilds_were_abolished_at_cantonal_level_in_1838,HAS_FACT
date_1866_1866_1866,fact_date_date_1866_1866_1866_the_large_city_council_was_elected_by_election_guilds_until_1866,HAS_FACT
date_1875_1875_1875,fact_date_date_1875_1875_1875_in_1875_the_poor_and_citizen_community_was_abolished_and_converted_into_a_personal_association_of_city_citizens_living_in_zurich,HAS_FACT
date_1881_1881_1881,fact_date_date_1881_1881_1881_in_1881_small_and_large_city_councils_were_separated_personnel_wise_and_elected_at_ballot_box,HAS_FACT
date_1891_1891_1891,fact_date_date_1891_1891_1891_the_community_assembly_was_abolished_in_1891_and_municipal_initiative_and_referendum_were_introduced,HAS_FACT
date_1892_1892_1892,fact_date_date_1892_1892_1892_the_municipality_ordinance_of_1892_increased_the_number_of_city_councilors_from_seven_to_nine,HAS_FACT
date_1913_1913_1913,fact_date_date_1913_1913_1913_since_1913_the_large_city_council_has_been_elected_proportionally,HAS_FACT
date_1933_1933_1933,fact_date_date_1933_1933_1933_the_1933_municipality_ordinance_renamed_the_parliament_to_municipal_council,HAS_FACT
date_1969_1969_1969,fact_date_date_1969_1969_1969_municipal_women_s_suffrage_was_introduced_in_1969,HAS_FACT
date_1970_until_2010_1970_2010,fact_date_date_1970_until_2010_1970_2010_from_1970_until_2010_44_partial_revisions_of_the_municipality_ordinance_took_place,HAS_FACT
date_1798_1798_1798,fact_date_date_1798_1798_1798_in_1798_the_city_was_divided_into_three_sections_oberdorf_niederdorf_and_kleine_stadt,HAS_FACT
date_19th_century_1801_1900,fact_date_date_19th_century_1801_1900_the_strong_immigration_in_the_19th_century_mainly_affected_suburbs_and_financially_overwhelmed_them,HAS_FACT
date_1885_1885_1885,fact_date_date_1885_1885_1885_the_first_incorporation_of_1893_was_prompted_by_the_aussersihl_petition_of_1885,HAS_FACT
date_1891_1891_1891,fact_date_date_1891_1891_1891_the_1891_cantonal_allocation_law_fixed_the_division_into_five_zurich_districts_then_still_numbered_with_roman_numerals,HAS_FACT
date_1893_1893_1893,fact_date_date_1893_1893_1893_the_first_incorporation_of_1893_made_zurich_the_largest_swiss_city,HAS_FACT
date_1913_1913_1913,fact_date_date_1913_1913_1913_in_1913_the_number_of_zurich_districts_was_increased_to_eight,HAS_FACT
date_1933_1933_1933,fact_date_date_1933_1933_1933_the_1933_municipality_ordinance_divided_zurich_into_eleven_precincts_before_the_second_incorporation_of_1934,HAS_FACT
date_1934_1934_1934,fact_date_date_1934_1934_1934_the_second_incorporation_of_zurich_occurred_in_1934,HAS_FACT
date_1970_1970_1970,fact_date_date_1970_1970_1970_since_1970_schwamendingen_forms_district_12,HAS_FACT
date_1883_1883_1883,fact_date_date_1883_1883_1883_the_national_exhibition_commemorated_by_the_sheet_took_place_in_1883,HAS_FACT
date_1799_to_mid_19th_century_1799_1850,fact_date_date_1799_to_mid_19th_century_1799_1850_from_1799_to_mid_19th_century_conservatives_dominated_city_politics,HAS_FACT
date_1830_1830_1830,fact_date_date_1830_1830_1830_urban_liberals_played_a_mainly_cantonal_role_from_1830,HAS_FACT
date_after_1845_1846_1900,fact_date_date_after_1845_1846_1900_after_their_return_to_power_in_the_canton_liberals_began_to_dominate_city_politics_after_1845,HAS_FACT
date_1860s_1860_1869,fact_date_date_1860s_1860_1869_in_the_1860s_conservatives_arranged_with_liberals_and_joined_them_politically,HAS_FACT
date_mid_19th_century_1840_1860,fact_date_date_mid_19th_century_1840_1860_strong_immigration_from_mid_19th_century_favored_the_rise_of_the_democratic_movement_anchored_mainly_in_winterthur_and_rural_areas,HAS_FACT
date_1866_1866_1866,fact_date_date_1866_1866_1866_in_1866_the_first_non_citizen_tinsmith_jakob_schnurrenberger_was_elected_to_the_small_city_council,HAS_FACT
date_1875_1875_1875,fact_date_date_1875_1875_1875_the_citizen_community_fell_with_the_municipality_law_of_1875_which_made_naturalization_of_swiss_citizens_easier,HAS_FACT
date_1928_1928_1928,fact_date_date_1928_1928_1928_the_poster_of_the_free_democratic_party_for_city_and_municipal_council_elections_was_created_in_1928,HAS_FACT
date_1931_1931_1931,fact_date_date_1931_1931_1931_the_election_poster_was_designed_in_1931,HAS_FACT
date_1917_1917_1917,fact_date_date_1917_1917_1917_the_liberal_party_became_fdp_in_1917,HAS_FACT
date_1907_1907_1907,fact_date_date_1907_1907_1907_the_liberal_party_dominated_until_1907,HAS_FACT
date_1907_1907_1907,fact_date_date_1907_1907_1907_the_sp_took_over_after_1907,HAS_FACT
date_1907_1907_1907,fact_date_date_1907_1907_1907_the_cvp_founded_a_city_party_section_as_christian_social_party_in_1907,HAS_FACT
date_1928_1938_1928_1938,fact_date_date_1928_1938_1928_1938_from_1928_1938_red_zurich_had_an_absolute_parliamentary_majority,HAS_FACT
date_1938_1938_1938,fact_date_date_1938_1938_1938_in_1938_the_national_ring_of_independents_ldu_entered_the_municipal_council,HAS_FACT
date_late_1970s_1977_1979,fact_date_date_late_1970s_1977_1979_the_political_center_was_formed_until_the_late_1970s,HAS_FACT
date_2002_2002_2002,fact_date_date_2002_2002_2002_in_2002_the_svp_replaced_the_fdp_as_the_strongest_bourgeois_force,HAS_FACT
date_1892_1901_1892_1901,fact_date_date_1892_1901_1892_1901_the_democratic_party_dominated_the_executive_city_council_with_five_of_nine_seats_from_1892_to_1901,HAS_FACT
date_1907_1907_1907,fact_date_date_1907_1907_1907_from_1907_the_sp_held_four_seats_in_the_executive_city_council,HAS_FACT
date_1928_1928_1928,fact_date_date_1928_1928_1928_from_1928_the_sp_held_five_seats_in_the_executive_city_council,HAS_FACT
date_1949_1949_1949,fact_date_date_1949_1949_1949_red_zurich_ended_in_1949_with_the_death_of_city_president_adolf_lüchinger,HAS_FACT
date_1950_1950_1950,fact_date_date_1950_1950_1950_from_1950_the_sp_generally_held_four_seats_in_the_executive_city_council,HAS_FACT
date_1950_1950_1950,fact_date_date_1950_1950_1950_from_1950_the_fdp_and_the_dissolved_ldu_each_held_one_to_two_seats_in_the_executive_city_council,HAS_FACT
date_1970_1970_1970,fact_date_date_1970_1970_1970_in_1970_emilie_lieberherr_sp_became_the_first_woman_elected_to_the_city_council,HAS_FACT
date_1990_1990_1990,fact_date_date_1990_1990_1990_in_1990_the_sp_became_the_strongest_party_again_in_the_city_council,HAS_FACT
date_1990_1990_1990,fact_date_date_1990_1990_1990_in_1990_the_svp_exited_the_city_council,HAS_FACT
date_1994_1994_1994,fact_date_date_1994_1994_1994_since_1994_a_red_green_majority_has_governed_the_city_council,HAS_FACT
date_1798_1798_1798,fact_date_date_1798_1798_1798_the_helvetic_republic_provisionally_left_properties_to_the_city_in_1798,HAS_FACT
date_1803_1803_1803,fact_date_date_1803_1803_1803_the_1803_mediation_act_secured_assets_covering_costs_for_school_poor_relief_church_and_construction,HAS_FACT
date_1802_1802_1802,fact_date_date_1802_1802_1802_from_1802_the_city_charged_billeting_fees_per_household,HAS_FACT
date_1833_1833_1833,fact_date_date_1833_1833_1833_from_1833_residents_were_taxed_for_police_school_church_and_road_construction,HAS_FACT
date_1855_1855_1855,fact_date_date_1855_1855_1855_the_1855_municipality_law_equated_residents_and_citizens_tax_wise,HAS_FACT
date_1855_1855_1855,fact_date_date_1855_1855_1855_direct_municipal_taxes_were_introduced_but_did_not_yet_affect_poor_relief,HAS_FACT
date_1891_1891_1891,fact_date_date_1891_1891_1891_the_1891_allocation_law_introduced_a_modern_municipal_tax_system,HAS_FACT
date_until_1835_none_1835,fact_date_date_until_1835_none_1835_until_1835_church_communities_were_responsible_for_poor_relief_in_zurich,HAS_FACT
date_19th_century_1801_1900,fact_date_date_19th_century_1801_1900_rising_mobility_in_the_19th_century_made_the_voluntary_and_resident_poor_relief_of_the_city_of_zurich_necessary,HAS_FACT
date_1878_1929_1878_1929,fact_date_date_1878_1929_1878_1929_the_voluntary_and_resident_poor_relief_of_the_city_of_zurich_operated_from_1878_to_1929,HAS_FACT
date_since_1907_1907_none,fact_date_date_since_1907_1907_none_since_1907_the_city_of_zurich_supports_housing_construction_via_cooperative_support,HAS_FACT
date_1778_1778_1778,fact_date_date_1778_1778_1778_street_lighting_was_introduced_privately_in_1778,HAS_FACT
date_1855_1855_1855,fact_date_date_1855_1855_1855_street_lighting_became_a_public_task_in_1855,HAS_FACT
date_1886_1886_1886,fact_date_date_1886_1886_1886_the_gasworks_was_operated_by_the_municipality_from_1886,HAS_FACT
date_1867_1867_1867,fact_date_date_1867_1867_1867_the_gasworks_was_located_at_platzspitz_until_1867,HAS_FACT
date_1898_1898_1898,fact_date_date_1898_1898_1898_the_gasworks_was_located_in_schlieren_from_1898,HAS_FACT
date_1974_1974_1974,fact_date_date_1974_1974_1974_conversion_to_natural_gas_happened_in_1974,HAS_FACT
date_1885_1885_1885,fact_date_date_1885_1885_1885_the_photograph_of_the_zurich_water_supply_pipeline_construction_was_taken_in_1885_by_eduard_schucht,HAS_FACT
date_1867_1867_1867,fact_date_date_1867_1867_1867_sewer_reform_took_place_in_1867,HAS_FACT
date_1855_1855_1855,fact_date_date_1855_1855_1855_after_the_cholera_epidemic_of_1855_criticism_of_hygienic_conditions_in_waste_disposal_arose,HAS_FACT
date_1860_1873_1860_1873,fact_date_date_1860_1873_1860_1873_from_1860_1873_the_sewage_system_was_built,HAS_FACT
date_1867_1867_1867,fact_date_date_1867_1867_1867_the_sewer_reform_followed_in_1867,HAS_FACT
date_1868_1868_1868,fact_date_date_1868_1868_1868_in_1868_drinking_water_supply_was_improved_to_provide_public_fountains_with_spring_water_and_households_with_process_water_from_the_limmat,HAS_FACT
date_1884_1884_1884,fact_date_date_1884_1884_1884_after_a_typhus_epidemic_in_1884_water_was_taken_from_the_lake,HAS_FACT
date_1895_1895_1895,fact_date_date_1895_1895_1895_since_1895_spring_water_from_the_sihl_and_lorze_valleys_was_used,HAS_FACT
date_1904_1904_1904,fact_date_date_1904_1904_1904_in_1904_the_waste_incineration_plant_opened,HAS_FACT
date_1923_1923_1923,fact_date_date_1923_1923_1923_in_1923_the_construction_of_the_sewage_treatment_plant_and_combined_sewer_system_was_decided,HAS_FACT
date_1892_1892_1892,fact_date_date_1892_1892_1892_the_municipal_letten_power_plant_began_operation_in_1892,HAS_FACT
date_1888_1888_1888,fact_date_date_1888_1888_1888_the_private_rösslitram_opened_in_1888,HAS_FACT
date_1894_1894_1894,fact_date_date_1894_1894_1894_the_rösslitram_was_municipalized_in_1894,HAS_FACT
date_1900_1900_1900,fact_date_date_1900_1900_1900_the_rösslitram_was_electrified_in_1900,HAS_FACT
date_1931_1931_1931,fact_date_date_1931_1931_1931_by_1931_the_municipal_tramway_zurich_vbz_from_1950_took_over_all_private_tram_companies,HAS_FACT
date_1990_1990_1990,fact_date_date_1990_1990_1990_the_zurich_transport_network_began_operation_together_with_the_s_bahn_in_1990,HAS_FACT
date_until_1830_none_1830,fact_date_date_until_1830_none_1830_until_1830_only_the_core_city_was_densely_built,HAS_FACT
date_from_1780_1780_none,fact_date_date_from_1780_1780_none_from_1780_deconstruction_of_the_medieval_city_wall_began,HAS_FACT
date_from_1833_1833_none,fact_date_date_from_1833_1833_none_from_1833_the_canton_started_demolishing_fortifications_creating_space_for_public_buildings_and_roads,HAS_FACT
date_from_1835_1835_none,fact_date_date_from_1835_1835_none_with_the_construction_of_münster_bridge_and_limmatquai_from_1835_zurich_oriented_itself_from_the_limmat_towards_the_lake,HAS_FACT
date_1847_1847_1847,fact_date_date_1847_1847_1847_the_station_outside_the_old_town_opened_in_1847_sparking_a_large_construction_phase_from_1860_to_1890,HAS_FACT
date_from_1860_to_1890_1860_1890,fact_date_date_from_1860_to_1890_1860_1890_the_station_opening_in_1847_sparked_a_large_construction_phase_from_1860_to_1890,HAS_FACT
date_by_1859_none_1859,fact_date_date_by_1859_none_1859_by_1859_the_limmatquai_was_built,HAS_FACT
date_from_1861_1863_1861_1863,fact_date_date_from_1861_1863_1861_1863_from_1861_to_1863_the_bahnhofbrücke_was_built,HAS_FACT
date_1864_1869_1864_1869,fact_date_date_1864_1869_1864_1869_from_1864_to_1869_the_zeughaus_was_built,HAS_FACT
date_1873_1875_1873_1875,fact_date_date_1873_1875_1873_1875_from_1873_to_1875_a_barracks_was_built_in_aussersihl,HAS_FACT
date_1873_1875_1873_1875,fact_date_date_1873_1875_1873_1875_from_1873_to_1875_the_schweizerische_kreditanstalt_at_paradeplatz_was_built,HAS_FACT
date_from_1864_1864_none,fact_date_date_from_1864_1864_none_from_1864_bahnhofstrasse_was_constructed,HAS_FACT
date_from_1867_1867_none,fact_date_date_from_1867_1867_none_from_1867_the_bahnhof_district_was_developed,HAS_FACT
date_1861_1864_1861_1864,fact_date_date_1861_1864_1861_1864_from_1861_to_1864_the_polytechnical_school_was_built,HAS_FACT
date_1865_1871_1865_1871,fact_date_date_1865_1871_1865_1871_from_1865_to_1871_the_new_main_train_station_was_constructed,HAS_FACT
date_from_1875_1875_none,fact_date_date_from_1875_1875_none_zurich_laid_out_the_fraumünster_district_from_1875,HAS_FACT
date_1876_1878_1876_1878,fact_date_date_1876_1878_1876_1878_zurich_laid_out_the_prediger_district_from_1876_to_1878,HAS_FACT
date_1877_1880_1877_1880,fact_date_date_1877_1880_1877_1880_zurich_laid_out_the_industriequartier_in_aussersihl_from_1877_to_1880,HAS_FACT
date_1880_1890_1880_1890,fact_date_date_1880_1890_1880_1890_from_1880_to_1890_the_stock_exchange_upper_bahnhofstrasse_lake_promenade_and_quaibrücke_were_built,HAS_FACT
date_1899_1899_1899,fact_date_date_1899_1899_1899_the_structure_of_the_main_road_network_goes_back_to_the_general_development_plan_of_1899,HAS_FACT
date_1915_1918_1915_1918,fact_date_date_1915_1918_1915_1918_the_international_competition_for_a_development_plan_for_zurich_and_its_suburbs_1915_1918_strongly_shaped_future_development,HAS_FACT
date_1850_2000_1850_2000,fact_date_date_1850_2000_1850_2000_the_urban_development_of_zurich_is_covered_for_the_period_1850_to_2000,HAS_FACT
date_since_1930_1930_2024,fact_date_date_since_1930_1930_2024_the_development_of_the_zurich_agglomeration_has_been_ongoing_since_1930,HAS_FACT
date_1930_1930_1930,fact_date_date_1930_1930_1930_from_1930_the_city_acquired_houses_for_old_town_renovation,HAS_FACT
date_1962_1962_1962,fact_date_date_1962_1962_1962_in_1962_the_old_town_was_placed_under_city_protection,HAS_FACT
date_1962_1962_1962,fact_date_date_1962_1962_1962_an_underground_or_deep_tram_was_rejected_in_the_1962_referendum,HAS_FACT
date_1955_1955_1955,fact_date_date_1955_1955_1955_the_high_performance_road_around_the_old_town_was_planned_in_the_1955_general_traffic_plan,HAS_FACT
date_1973_1973_1973,fact_date_date_1973_1973_1973_an_underground_railway_was_rejected_in_1973,HAS_FACT
date_1972_1972_1972,fact_date_date_1972_1972_1972_the_opening_of_the_provisional_western_tangent_in_1972_led_to_a_rethink,HAS_FACT
date_1970s_1970_1979,fact_date_date_1970s_1970_1979_the_deindustrialization_from_the_1970s_caused_a_financial_crisis_in_the_1990s_and_created_free_spaces,HAS_FACT
date_1990s_1990_1999,fact_date_date_1990s_1990_1999_the_deindustrialization_from_the_1970s_caused_a_financial_crisis_in_the_1990s,HAS_FACT
date_beginning_of_the_19th_century_1801_1833,fact_date_date_beginning_of_the_19th_century_1801_1833_at_the_beginning_of_the_19th_century_cotton_and_silk_industries_dominated_city_economy,HAS_FACT
date_1805_1805_1805,fact_date_date_1805_1805_1805_in_1805_the_mechanical_cotton_spinning_mill_later_escher_wyss_cie_machine_factory_was_founded_at_neumühlequai,HAS_FACT
date_1895_1895_1895,fact_date_date_1895_1895_1895_mills_on_the_limmat_were_converted_into_textile_factories_by_1895,HAS_FACT
date_1847_1847_1847,fact_date_date_1847_1847_1847_construction_of_the_railway_from_1847_enabled_zurich_s_development_as_an_industrial_center_and_transport_hub,HAS_FACT
date_1856_1856_1856,fact_date_date_1856_1856_1856_with_schweizerische_kreditanstalt_created_in_1856_to_finance_the_textile_industry_and_railway_construction_zurich_became_a_banking_center,HAS_FACT
date_1857_1857_1857,fact_date_date_1857_1857_1857_schweizerische_rentenanstalt_1857_founded_the_insurance_sector_in_zurich,HAS_FACT
date_1863_1863_1863,fact_date_date_1863_1863_1863_schweizerische_rückversicherungsanstalt_1863_founded_the_insurance_sector_in_zurich,HAS_FACT
date_end_of_the_19th_century_1884_1900,fact_date_date_end_of_the_19th_century_1884_1900_towards_the_end_of_the_19th_century_heavy_industry_shifted_from_the_center_to_outskirts_in_aussersihl_and_oerlikon,HAS_FACT
date_1930_1930_1930,fact_date_date_1930_1930_1930_by_1930_the_textile_industry_lost_its_leading_role_to_metal_machinery_and_electrical_industries,HAS_FACT
date_1929_1929_1929,fact_date_date_1929_1929_1929_in_1929_a_quarter_of_all_bank_employees_and_a_third_of_all_insurance_employees_in_switzerland_worked_in_zurich,HAS_FACT
date_1980s_and_1990s_1980_1999,fact_date_date_1980s_and_1990s_1980_1999_in_the_1980s_and_1990s_financial_institutions_outsourced_parts_of_their_jobs_to_suburbs_and_the_zurich_region_became_one_of_the_world_s_ten_largest_financial_c,HAS_FACT
date_second_half_of_the_20th_century_1951_2000,fact_date_date_second_half_of_the_20th_century_1951_2000_in_the_second_half_of_the_20th_century_the_city_also_became_switzerland_s_media_center,HAS_FACT
date_early_19th_century_1801_1833,fact_date_date_early_19th_century_1801_1833_in_the_early_19th_century_the_minority_of_old_zurich_families_who_had_belonged_to_the_regime_before_1798_dominated_politically_and_economically,HAS_FACT
date_before_1798_none_1797,fact_date_date_before_1798_none_1797_the_minority_of_old_zurich_families_had_belonged_to_the_regime_before_1798,HAS_FACT
date_late_19th_century_1867_1900,fact_date_date_late_19th_century_1867_1900_distinctions_between_the_old_zurich_families_and_the_advancing_bourgeoisie_began_to_blur_in_the_late_19th_century,HAS_FACT
date_1837_1837_1837,fact_date_date_1837_1837_1837_the_guild_system_ended_in_1837_abolishing_privileges_in_zurich,HAS_FACT
date_1836_2010_1836_2010,fact_date_date_1836_2010_1836_2010_the_population_development_covers_the_period_from_1836_to_2010,HAS_FACT
date_around_1800_1795_1805,fact_date_date_around_1800_1795_1805_the_share_of_citizens_in_the_city_population_was_still_55_9_around_1800,HAS_FACT
date_by_1836_1836_1836,fact_date_date_by_1836_1836_1836_by_1836_residents_had_the_majority_in_zurich,HAS_FACT
date_from_about_1830_1828_1832,fact_date_date_from_about_1830_1828_1832_germans_arrived_in_zurich_from_about_1830_as_academics_or_skilled_workers_and_some_as_political_refugees,HAS_FACT
date_1856_1856_1856,fact_date_date_1856_1856_1856_a_support_association_for_german_refugees_was_founded_in_zurich_in_1856,HAS_FACT
date_around_1900_1895_1905,fact_date_date_around_1900_1895_1905_around_1900_immigrant_workers_from_germany_in_zurich_were_mostly_female,HAS_FACT
date_from_the_1880s_1880_1889,fact_date_date_from_the_1880s_1880_1889_italians_immigrated_to_zurich_from_the_1880s_mainly_from_northern_rural_italy,HAS_FACT
date_1871_1871_1871,fact_date_date_1871_1871_1871_social_tensions_erupted_in_1871_in_the_tonhalle_riots,HAS_FACT
date_1896_1896_1896,fact_date_date_1896_1896_1896_social_tensions_erupted_in_1896_in_the_italian_riots,HAS_FACT
date_1844_1869_1844_1869,fact_date_date_1844_1869_1844_1869_there_was_a_cantonal_ban_on_trade_unions_from_1844_to_1869,HAS_FACT
date_1870_1870_1870,fact_date_date_1870_1870_1870_social_conflicts_reached_a_first_peak_in_1870,HAS_FACT
date_1906_1907_1906_1907,fact_date_date_1906_1907_1906_1907_more_than_50_strikes_took_place_in_zurich_in_1906_1907,HAS_FACT
date_1912_1912_1912,fact_date_date_1912_1912_1912_the_painters_and_locksmiths_strike_led_in_1912_to_the_general_strike,HAS_FACT
date_world_war_i_1914_1918,fact_date_date_world_war_i_1914_1918_the_worsening_living_conditions_in_world_war_i_radicalized_workers_and_fostered_revolutionary_and_pacifist_ideas,HAS_FACT
date_november_1917_1917_1917,fact_date_date_november_1917_1917_1917_revolutionary_and_pacifist_ideas_culminated_in_the_november_riots_of_1917,HAS_FACT
date_1918_1918_1918,fact_date_date_1918_1918_1918_the_national_strike_took_place_in_1918,HAS_FACT
date_from_1914_1914_1945,fact_date_date_from_1914_1914_1945_from_1914_the_number_of_foreigners_decreased_continuously_until_after_world_war_ii,HAS_FACT
date_1933_1933_1933,fact_date_date_1933_1933_1933_zurich_was_a_destination_for_political_and_artistic_refugees_from_germany_especially_from_1933,HAS_FACT
date_after_world_war_ii_1945_1949,fact_date_date_after_world_war_ii_1945_1949_the_economic_upswing_after_world_war_ii_largely_dissolved_social_milieus,HAS_FACT
date_from_1950_1950_1950,fact_date_date_from_1950_1950_1950_from_1950_a_second_italian_labor_immigration_began,HAS_FACT
date_in_the_1970s_1970_1979,fact_date_date_in_the_1970s_1970_1979_in_the_1970s_italian_labor_immigration_was_replaced_by_migration_from_further_mediterranean_countries,HAS_FACT
date_after_switzerland_concluded_bilateral_agreements_with_the_eu_in_2002_2002_2002,fact_date_date_after_switzerland_concluded_bilateral_agreements_with_the_eu_in_2002_2002_2002_a_renewed_significant_influx_of_immigrants_from_eu_states_especially_germany_started_after_switzerland_con,HAS_FACT
date_until_1798_none_1798,fact_date_date_until_1798_none_1798_until_1798_only_reformed_lived_in_zurich,HAS_FACT
date_2013_2013_2013,fact_date_date_2013_2013_2013_in_2013_there_were_34_parishes_in_zurich,HAS_FACT
date_1807_1807_1807,fact_date_date_1807_1807_1807_the_first_of_today_s_23_catholic_parishes_emerged_in_1807,HAS_FACT
date_1833_1833_1833,fact_date_date_1833_1833_1833_from_1833_the_fraumünster_was_the_parish_church_for_catholics,HAS_FACT
date_1842_1873_1842_1873,fact_date_date_1842_1873_1842_1873_from_1842_1873_the_augustiner_church_was_the_parish_church,HAS_FACT
date_1874_1874_1874,fact_date_date_1874_1874_1874_in_1874_st_peter_and_paul_in_aussersihl_was_consecrated,HAS_FACT
date_1862_1862_1862,fact_date_date_1862_1862_1862_permanent_settlement_freedom_was_granted_to_jews_in_1862,HAS_FACT
date_1862_1862_1862,fact_date_date_1862_1862_1862_in_1862_some_immigrants_founded_the_israelite_cultus_community,HAS_FACT
date_1870s_1870_1879,fact_date_date_1870s_1870_1879_eastern_european_immigration_began_in_the_1870s,HAS_FACT
date_1895_1895_1895,fact_date_date_1895_1895_1895_the_israelite_religious_community_formed_in_1895,HAS_FACT
date_1912_1912_1912,fact_date_date_1912_1912_1912_agudas_achim_was_formed_in_1912,HAS_FACT
date_1978_1978_1978,fact_date_date_1978_1978_1978_or_chadasch_was_formed_in_1978,HAS_FACT
date_1910_1910_1910,fact_date_date_1910_1910_1910_in_1910_anti_semitic_prejudices_led_to_extended_residence_requirements,HAS_FACT
date_1920_1920_1920,fact_date_date_1920_1920_1920_in_1920_a_criterion_aimed_especially_at_orthodox_jews_of_adequate_assimilation_in_naturalizations_was_introduced,HAS_FACT
date_1963_1963_1963,fact_date_date_1963_1963_1963_in_1963_the_first_mosque_in_switzerland_the_mahmoud_mosque_was_opened_in_zurich,HAS_FACT
date_1831_1833_1831_1833,fact_date_date_1831_1833_1831_1833_liberals_comprehensively_reformed_the_cantonal_school_system_and_integrated_the_existing_city_educational_institutions_into_the_new_system_from_1831_to_1833,HAS_FACT
date_1833_1833_1833,fact_date_date_1833_1833_1833_the_university_opened_in_1833,HAS_FACT
date_1840_1840_1840,fact_date_date_1840_1840_1840_women_were_allowed_to_study_at_the_university_from_1840,HAS_FACT
date_1855_1855_1855,fact_date_date_1855_1855_1855_the_polytechnic_federal_institutes_of_technology_was_founded_in_1855,HAS_FACT
date_1832_1832_1832,fact_date_date_1832_1832_1832_the_antiquarian_society_was_founded_in_1832,HAS_FACT
date_1837_1837_1837,fact_date_date_1837_1837_1837_the_scholars_society_was_founded_in_1837,HAS_FACT
date_1976_1976_1976,fact_date_date_1976_1976_1976_the_city_s_higher_daughters_school_was_transferred_to_the_canton_in_1976,HAS_FACT
date_1875_1875_1875,fact_date_date_1875_1875_1875_the_city_s_higher_daughters_school_was_founded_in_1875,HAS_FACT
date_1988_1988_1988,fact_date_date_1988_1988_1988_the_canton_took_over_the_vocational_school_and_the_school_of_applied_arts_in_1988,HAS_FACT
date_1873_1873_1873,fact_date_date_1873_1873_1873_the_vocational_school_was_founded_in_1873,HAS_FACT
date_1878_1878_1878,fact_date_date_1878_1878_1878_the_school_of_applied_arts_was_founded_in_1878,HAS_FACT
date_1998_1998_1998,fact_date_date_1998_1998_1998_the_school_of_applied_arts_was_transformed_into_the_school_of_design_and_art_in_1998,HAS_FACT
date_2007_2007_2007,fact_date_date_2007_2007_2007_the_school_of_design_and_art_was_integrated_into_the_university_of_the_arts_in_2007,HAS_FACT
date_18th_and_19th_centuries_1701_1900,fact_date_date_18th_and_19th_centuries_1701_1900_music_life_flourished_in_the_18th_and_19th_centuries,HAS_FACT
date_1812_1812_1812,fact_date_date_1812_1812_1812_the_three_music_societies_merged_in_1812_into_the_general_music_society,HAS_FACT
date_1830s_1830_1839,fact_date_date_1830s_1830_1839_church_circles_prevented_theater_until_the_1830s,HAS_FACT
date_1834_1834_1834,fact_date_date_1834_1834_1834_the_speech_and_music_stage_of_the_aktie_theater_was_established_in_1834,HAS_FACT
date_1837_1843_1837_1843,fact_date_date_1837_1843_1837_1843_charlotte_birch_pfeiffer_directed_the_aktie_theater_from_1837_to_1843,HAS_FACT
date_1806_1874_1806_1874,fact_date_date_1806_1874_1806_1874_richard_wagner_gave_concerts_at_the_casino_on_hirschengraben_1806_1874,HAS_FACT
date_1867_1867_1867,fact_date_date_1867_1867_1867_the_tonhalle_in_the_kornhaus_at_bellevue_opened_provisionally_in_1867_for_the_swiss_music_festival,HAS_FACT
date_1868_1868_1868,fact_date_date_1868_1868_1868_the_tonhalle_in_the_kornhaus_at_bellevue_opened_definitely_with_the_founding_of_the_tonhalle_society_in_1868,HAS_FACT
date_1876_1876_1876,fact_date_date_1876_1876_1876_the_zurich_music_school_was_founded_in_1876,HAS_FACT
date_1890_1890_1890,fact_date_date_1890_1890_1890_the_aktie_theater_lasted_until_1890,HAS_FACT
date_1891_1891_1891,fact_date_date_1891_1891_1891_the_city_theater_at_bellevue_was_built_in_1891_after_the_aktie_theater_burned_down,HAS_FACT
date_1892_1892_1892,fact_date_date_1892_1892_1892_the_volkstheater_at_pfauen_was_founded_in_1892,HAS_FACT
date_1895_1895_1895,fact_date_date_1895_1895_1895_the_new_tonhalle_was_built_in_1895_replacing_the_tonhalle_in_the_kornhaus,HAS_FACT
date_1897_1897_1897,fact_date_date_1897_1897_1897_the_tonhalle_in_the_kornhaus_was_demolished_in_1897,HAS_FACT
date_1907_1907_1907,fact_date_date_1907_1907_1907_from_1907_the_zurich_music_school_was_known_as_the_conservatory,HAS_FACT
date_1933_1933_1933,fact_date_date_1933_1933_1933_from_1933_the_schauspielhaus_became_the_most_important_independent_stage_in_the_german_speaking_world,HAS_FACT
date_1937_1937_1937,fact_date_date_1937_1937_1937_in_1937_the_new_tonhalle_was_integrated_into_the_congress_house,HAS_FACT
date_1938_1938_1938,fact_date_date_1938_1938_1938_the_neue_schauspiel_ag_was_founded_in_1938,HAS_FACT
date_1964_1964_1964,fact_date_date_1964_1964_1964_the_city_theater_at_bellevue_was_renamed_opera_house_in_1964,HAS_FACT
date_2000_2000_2000,fact_date_date_2000_2000_2000_the_neue_schauspiel_ag_plays_the_schiffbauhalle_in_zurich_west_since_2000,HAS_FACT
date_1787_1787_1787,fact_date_date_1787_1787_1787_the_zurich_artists_society_was_founded_in_1787,HAS_FACT
date_1910_1910_1910,fact_date_date_1910_1910_1910_the_kunsthaus_was_founded_in_1910,HAS_FACT
date_world_war_ii_1939_1945,fact_date_date_world_war_ii_1939_1945_the_kunsthaus_gained_international_importance_only_after_world_war_ii_thanks_to_numerous_donations,HAS_FACT
date_1952_1952_1952,fact_date_date_1952_1952_1952_the_city_museum_rietberg_opened_in_1952,HAS_FACT
date_1986_1986_1986,fact_date_date_1986_1986_1986_the_foundation_for_constructive_and_concrete_art_was_founded_in_1986,HAS_FACT
date_1996_1996_1996,fact_date_date_1996_1996_1996_the_museum_of_contemporary_art_opened_in_1996_in_the_löwenbräu_area,HAS_FACT
date_2001_2001_2001,fact_date_date_2001_2001_2001_haus_konstruktiv_opened_in_2001_in_the_ewz_substation_selnau,HAS_FACT
date_1883_1883_1883,fact_date_date_1883_1883_1883_the_national_exhibition_of_1883_took_place_in_zurich,HAS_FACT
date_1939_1939_1939,fact_date_date_1939_1939_1939_the_national_exhibition_of_1939_took_place_in_zurich,HAS_FACT
date_1958_1958_1958,fact_date_date_1958_1958_1958_the_saffa_in_1958_took_place_in_zurich,HAS_FACT
date_1916_1916_1916,fact_date_date_1916_1916_1916_the_dada_movement_was_founded_in_zurich_in_1916,HAS_FACT
date_1936_1936_1936,fact_date_date_1936_1936_1936_since_1936_june_festival_weeks_have_been_held_in_zurich,HAS_FACT
date_1997_1997_1997,fact_date_date_1997_1997_1997_from_1997_june_festival_weeks_became_the_zurich_festival,HAS_FACT
date_1951_1951_1951,fact_date_date_1951_1951_1951_since_1951_the_zurich_fest_has_been_held_in_zurich,HAS_FACT
date_1980_1980_1980,fact_date_date_1980_1980_1980_since_1980_the_zurich_theater_spectacle_has_been_held_in_zurich,HAS_FACT
date_1991_1991_1991,fact_date_date_1991_1991_1991_since_1991_the_street_parade_has_been_held_in_zurich,HAS_FACT
date_2005_2005_2005,fact_date_date_2005_2005_2005_since_2005_the_zurich_film_festival_has_been_held_in_zurich,HAS_FACT
date_1408_1408_1408,fact_date_date_1408_1408_1408_in_1408_zurich_had_approximately_5_700_inhabitants,HAS_FACT
date_1467_1467_1467,fact_date_date_1467_1467_1467_in_1467_zurich_had_approximately_4_750_inhabitants,HAS_FACT
date_1529_1529_1529,fact_date_date_1529_1529_1529_in_1529_zurich_had_approximately_5_100_inhabitants,HAS_FACT
date_1637_1637_1637,fact_date_date_1637_1637_1637_in_1637_zurich_had_8_621_inhabitants,HAS_FACT
date_1671_1671_1671,fact_date_date_1671_1671_1671_in_1671_zurich_had_9_590_inhabitants,HAS_FACT
date_1682_1682_1682,fact_date_date_1682_1682_1682_in_1682_zurich_had_11_110_inhabitants,HAS_FACT
date_1762_1762_1762,fact_date_date_1762_1762_1762_in_1762_zurich_had_11_452_inhabitants,HAS_FACT
date_1792_1792_1792,fact_date_date_1792_1792_1792_in_1792_zurich_had_10_734_inhabitants,HAS_FACT
date_1812_1812_1812,fact_date_date_1812_1812_1812_in_1812_zurich_had_9_715_inhabitants,HAS_FACT
date_1836_1836_1836,fact_date_date_1836_1836_1836_in_1836_zurich_had_14_243_inhabitants,HAS_FACT
date_1850_1850_1850,fact_date_date_1850_1850_1850_in_1850_zurich_had_41_585_inhabitants,HAS_FACT
date_1870_1870_1870,fact_date_date_1870_1870_1870_in_1870_zurich_had_65_668_inhabitants,HAS_FACT
date_1888_1888_1888,fact_date_date_1888_1888_1888_in_1888_zurich_had_103_862_inhabitants,HAS_FACT
date_1900_1900_1900,fact_date_date_1900_1900_1900_in_1900_zurich_had_168_021_inhabitants,HAS_FACT
date_1910_1910_1910,fact_date_date_1910_1910_1910_in_1910_zurich_had_215_488_inhabitants,HAS_FACT
date_1930_1930_1930,fact_date_date_1930_1930_1930_in_1930_zurich_had_290_937_inhabitants,HAS_FACT
date_1950_1950_1950,fact_date_date_1950_1950_1950_in_1950_zurich_had_390_020_inhabitants,HAS_FACT
date_1970_1970_1970,fact_date_date_1970_1970_1970_in_1970_zurich_had_422_640_inhabitants,HAS_FACT
date_1990_1990_1990,fact_date_date_1990_1990_1990_in_1990_zurich_had_365_043_inhabitants,HAS_FACT
date_2000_2000_2000,fact_date_date_2000_2000_2000_in_2000_zurich_had_363_273_inhabitants,HAS_FACT
date_1850_1850_1850,fact_date_date_1850_1850_1850_share_of_cantonal_population_was_16_6,HAS_FACT
date_1870_1870_1870,fact_date_date_1870_1870_1870_share_of_cantonal_population_was_23_1,HAS_FACT
date_1888_1888_1888,fact_date_date_1888_1888_1888_share_of_cantonal_population_was_30_8,HAS_FACT
date_1900_1900_1900,fact_date_date_1900_1900_1900_share_of_cantonal_population_was_39_0,HAS_FACT
date_1910_1910_1910,fact_date_date_1910_1910_1910_share_of_cantonal_population_was_42_8,HAS_FACT
date_1930_1930_1930,fact_date_date_1930_1930_1930_share_of_cantonal_population_was_47_1,HAS_FACT
date_1950_1950_1950,fact_date_date_1950_1950_1950_share_of_cantonal_population_was_50_2,HAS_FACT
date_1970_1970_1970,fact_date_date_1970_1970_1970_share_of_cantonal_population_was_38_2,HAS_FACT
date_1990_1990_1990,fact_date_date_1990_1990_1990_share_of_cantonal_population_was_31_0,HAS_FACT
date_2000_2000_2000,fact_date_date_2000_2000_2000_share_of_cantonal_population_was_29_1,HAS_FACT
date_1850_1850_1850,fact_date_date_1850_1850_1850_population_of_zurich_was_100_220_in_1850,HAS_FACT
date_1870_1870_1870,fact_date_date_1870_1870_1870_population_of_zurich_was_157_554_in_1870,HAS_FACT
date_1888_1888_1888,fact_date_date_1888_1888_1888_population_of_zurich_was_195_371_in_1888,HAS_FACT
date_1900_1900_1900,fact_date_date_1900_1900_1900_population_of_zurich_was_268_737_in_1900,HAS_FACT
date_1910_1910_1910,fact_date_date_1910_1910_1910_population_of_zurich_was_355_471_in_1910,HAS_FACT
date_1930_1930_1930,fact_date_date_1930_1930_1930_population_of_zurich_was_349_375_in_1930,HAS_FACT
date_1950_1950_1950,fact_date_date_1950_1950_1950_population_of_zurich_was_281_317_in_1950,HAS_FACT
date_1970_1970_1970,fact_date_date_1970_1970_1970_population_of_zurich_was_282_277_in_1970,HAS_FACT
date_1850_1850_1850,fact_date_date_1850_1850_1850_population_was_1_164_in_1850,HAS_FACT
date_1870_1870_1870,fact_date_date_1870_1870_1870_population_was_5_443_in_1870,HAS_FACT
date_1888_1888_1888,fact_date_date_1888_1888_1888_population_was_11_861_in_1888,HAS_FACT
date_1900_1900_1900,fact_date_date_1900_1900_1900_population_was_10_639_in_1900,HAS_FACT
date_1910_1910_1910,fact_date_date_1910_1910_1910_population_was_15_121_in_1910,HAS_FACT
date_1930_1930_1930,fact_date_date_1930_1930_1930_population_was_37_776_in_1930,HAS_FACT
date_1950_1950_1950,fact_date_date_1950_1950_1950_population_was_24_948_in_1950,HAS_FACT
date_1970_1970_1970,fact_date_date_1970_1970_1970_population_was_17_063_in_1970,HAS_FACT
date_1850_1850_1850,fact_date_date_1850_1850_1850_population_was_1_386_in_1850,HAS_FACT
date_1870_1870_1870,fact_date_date_1870_1870_1870_population_was_2_745_in_1870,HAS_FACT
date_1888_1888_1888,fact_date_date_1888_1888_1888_population_was_3_752_in_1888,HAS_FACT
date_1900_1900_1900,fact_date_date_1900_1900_1900_population_was_7_163_in_1900,HAS_FACT
date_1910_1910_1910,fact_date_date_1910_1910_1910_population_was_12_063_in_1910,HAS_FACT
date_1930_1930_1930,fact_date_date_1930_1930_1930_population_was_10_091_in_1930,HAS_FACT
date_1950_1950_1950,fact_date_date_1950_1950_1950_population_was_7_953_in_1950,HAS_FACT
date_1970_1970_1970,fact_date_date_1970_1970_1970_population_was_7_746_in_1970,HAS_FACT
date_1850_1850_1850,fact_date_date_1850_1850_1850_population_was_1_188_in_1850,HAS_FACT
date_1870_1870_1870,fact_date_date_1870_1870_1870_population_was_2_279_in_1870,HAS_FACT
date_1888_1888_1888,fact_date_date_1888_1888_1888_population_was_4_504_in_1888,HAS_FACT
date_1900_1900_1900,fact_date_date_1900_1900_1900_population_was_4_398_in_1900,HAS_FACT
date_1910_1910_1910,fact_date_date_1910_1910_1910_population_was_7_365_in_1910,HAS_FACT
date_1930_1930_1930,fact_date_date_1930_1930_1930_population_was_25_398_in_1930,HAS_FACT
date_1950_1950_1950,fact_date_date_1950_1950_1950_population_was_50_825_in_1950,HAS_FACT
date_1970_1970_1970,fact_date_date_1970_1970_1970_population_was_56_187_in_1970,HAS_FACT
date_1850_1850_1850,fact_date_date_1850_1850_1850_zurich_had_a_population_of_38_890_in_1850,HAS_FACT
date_1870_1870_1870,fact_date_date_1870_1870_1870_zurich_had_a_population_of_55_827_in_1870,HAS_FACT
date_1888_1888_1888,fact_date_date_1888_1888_1888_zurich_had_a_population_of_79_603_in_1888,HAS_FACT
date_1900_1900_1900,fact_date_date_1900_1900_1900_zurich_had_a_population_of_116_502_in_1900,HAS_FACT
date_1910_1910_1910,fact_date_date_1910_1910_1910_zurich_had_a_population_of_139_649_in_1910,HAS_FACT
date_1930_1930_1930,fact_date_date_1930_1930_1930_zurich_had_a_population_of_189_773_in_1930,HAS_FACT
date_1950_1950_1950,fact_date_date_1950_1950_1950_zurich_had_a_population_of_253_224_in_1950,HAS_FACT
date_1970_1970_1970,fact_date_date_1970_1970_1970_zurich_had_a_population_of_232_080_in_1970,HAS_FACT
date_1990_1990_1990,fact_date_date_1990_1990_1990_zurich_had_a_population_of_148_820_in_1990,HAS_FACT
date_2000_2000_2000,fact_date_date_2000_2000_2000_zurich_had_a_population_of_116_630_in_2000,HAS_FACT
date_c_1850_1845_1855,fact_date_date_c_1850_1845_1855_catholic_population_was_2_744_around_1850,HAS_FACT
date_1870_1870_1870,fact_date_date_1870_1870_1870_catholic_population_was_8_807_in_1870,HAS_FACT
date_1888_1888_1888,fact_date_date_1888_1888_1888_catholic_population_was_21_680_in_1888,HAS_FACT
date_1900_1900_1900,fact_date_date_1900_1900_1900_catholic_population_was_47_200_in_1900,HAS_FACT
date_1910_1910_1910,fact_date_date_1910_1910_1910_catholic_population_was_65_938_in_1910,HAS_FACT
date_1930_1930_1930,fact_date_date_1930_1930_1930_catholic_population_was_86_411_in_1930,HAS_FACT
date_1950_1950_1950,fact_date_date_1950_1950_1950_catholic_population_was_117_376_in_1950,HAS_FACT
date_1970_1970_1970,fact_date_date_1970_1970_1970_catholic_population_was_167_374_in_1970,HAS_FACT
date_1990_1990_1990,fact_date_date_1990_1990_1990_catholic_population_was_141_190_in_1990,HAS_FACT
date_2000_2000_2000,fact_date_date_2000_2000_2000_catholic_population_was_120_853_in_2000,HAS_FACT
date_1850_1850_1850,fact_date_date_1850_1850_1850_population_was_56_in_1850,HAS_FACT
date_1870_1870_1870,fact_date_date_1870_1870_1870_population_was_1_654_in_1870,HAS_FACT
date_1888_1888_1888,fact_date_date_1888_1888_1888_population_was_2_675_in_1888,HAS_FACT
date_1900_1900_1900,fact_date_date_1900_1900_1900_population_was_4_319_in_1900,HAS_FACT
date_1910_1910_1910,fact_date_date_1910_1910_1910_population_was_9_901_in_1910,HAS_FACT
date_1930_1930_1930,fact_date_date_1930_1930_1930_population_was_14_753_in_1930,HAS_FACT
date_1950_1950_1950,fact_date_date_1950_1950_1950_population_was_19_420_in_1950,HAS_FACT
date_1970_1970_1970,fact_date_date_1970_1970_1970_population_was_23_186_in_1970,HAS_FACT
date_1990_1990_1990,fact_date_date_1990_1990_1990_population_was_75_033_in_1990,HAS_FACT
date_2000_2000_2000,fact_date_date_2000_2000_2000_population_was_125_790_in_2000,HAS_FACT
date_1850_1850_1850,fact_date_date_1850_1850_1850_population_was_38_459_in_1850,HAS_FACT
date_1870_1870_1870,fact_date_date_1870_1870_1870_population_was_56_509_in_1870,HAS_FACT
date_1888_1888_1888,fact_date_date_1888_1888_1888_population_was_82_130_in_1888,HAS_FACT
date_1900_1900_1900,fact_date_date_1900_1900_1900_population_was_121_612_in_1900,HAS_FACT
date_1910_1910_1910,fact_date_date_1910_1910_1910_population_was_145_159_in_1910,HAS_FACT
date_1930_1930_1930,fact_date_date_1930_1930_1930_population_was_247_128_in_1930,HAS_FACT
date_1950_1950_1950,fact_date_date_1950_1950_1950_population_was_357_843_in_1950,HAS_FACT
date_1970_1970_1970,fact_date_date_1970_1970_1970_population_was_348_643_in_1970,HAS_FACT
date_1990_1990_1990,fact_date_date_1990_1990_1990_population_was_276_496_in_1990,HAS_FACT
date_2000_2000_2000,fact_date_date_2000_2000_2000_population_was_256_887_in_2000,HAS_FACT
date_1850_1850_1850,fact_date_date_1850_1850_1850_in_1850_the_number_of_foreigners_was_3_231,HAS_FACT
date_1870_1870_1870,fact_date_date_1870_1870_1870_in_1870_the_number_of_foreigners_was_9_779,HAS_FACT
date_1888_1888_1888,fact_date_date_1888_1888_1888_in_1888_the_number_of_foreigners_was_21_828,HAS_FACT
date_1900_1900_1900,fact_date_date_1900_1900_1900_in_1900_the_number_of_foreigners_was_46_409,HAS_FACT
date_1910_1910_1910,fact_date_date_1910_1910_1910_in_1910_the_number_of_foreigners_was_70_329,HAS_FACT
date_1930_1930_1930,fact_date_date_1930_1930_1930_in_1930_the_number_of_foreigners_was_43_809,HAS_FACT
date_1950_1950_1950,fact_date_date_1950_1950_1950_in_1950_the_number_of_foreigners_was_32_177,HAS_FACT
date_1970_1970_1970,fact_date_date_1970_1970_1970_in_1970_the_number_of_foreigners_was_73_997,HAS_FACT
date_1990_1990_1990,fact_date_date_1990_1990_1990_in_1990_the_number_of_foreigners_was_88_547,HAS_FACT
date_2000_2000_2000,fact_date_date_2000_2000_2000_in_2000_the_number_of_foreigners_was_106_386,HAS_FACT
date_around_1540_1535_1545,fact_date_date_around_1540_1535_1545_the_woodcut_of_zurich_was_created_around_1540,HAS_FACT
date_1770_1770_1770,fact_date_date_1770_1770_1770_the_city_view_is_from_the_year_1770,HAS_FACT
date_1928_1928_1928,fact_date_date_1928_1928_1928_the_free_democratic_party_poster_was_for_city_and_municipal_council_elections_in_1928,HAS_FACT
date_1885_1885_1885,fact_date_date_1885_1885_1885_the_photograph_of_the_construction_was_taken_by_eduard_schucht_in_1885,HAS_FACT
date_1867_1867_1867,fact_date_date_1867_1867_1867_the_sewer_reform_occurred_in_1867,HAS_FACT
date_1867_1867_1867,fact_date_date_1867_1867_1867_a_sample_plan_of_the_municipal_engineering_office_for_homeowners_dates_from_1867,HAS_FACT
